사고번호,사고일시,요일,시군구,사고내용,사망자수,중상자수,경상자수,부상신고자수,사고유형,법규위반,노면상태,기상상태,도로형태,가해운전자 차종,가해운전자 성별,가해운전자 연령,가해운전자 상해정도,피해운전자 차종,피해운전자 성별,피해운전자 연령,피해운전자 상해정도
2012011700100590,2012년 1월 17일 23시,화요일,부산광역시 부산진구 부전동,중상사고,0,4,0,0,차대차 - 기타,안전거리미확보,습기,비,단일로 - 기타,승용,남,23세,중상,승용,남,37세,상해없음
2012011700100591,2012년 1월 17일 23시,화요일,부산광역시 사상구 삼락동,경상사고,0,0,1,0,차대사람 - 보도통행중,신호위반,습기,비,단일로 - 횡단보도상,승용,남,66세,상해없음,보행자,남,34세,경상
2012011800100007,2012년 1월 18일 00시,수요일,부산광역시 동래구 수안동,경상사고,0,0,1,0,차대차 - 측면직각충돌,안전거리미확보,습기,비,기타 - 기타,승용,남,28세,상해없음,승용,남,34세,경상
2012011800100008,2012년 1월 18일 00시,수요일,부산광역시 부산진구 개금동,경상사고,0,0,1,0,차대차 - 기타,중앙선침범,습기,비,단일로 - 기타,승용,남,53세,상해없음,승용,남,28세,경상
2012011800100009,2012년 1월 18일 00시,수요일,부산광역시 금정구 구서동,경상사고,0,0,1,0,차대차 - 측면직각충돌,안전운전불이행,습기,비,단일로 - 기타,승용,남,54세,상해없음,승용,남,53세,경상
2012011800100031,2012년 1월 18일 01시,수요일,부산광역시 사상구 주례동,중상사고,0,1,0,0,차대차 - 측면직각충돌,신호위반,습기,비,교차로 - 교차로안,승용,남,52세,상해없음,승용,여,52세,중상
2012011800100048,2012년 1월 18일 02시,수요일,부산광역시 동래구 사직동,경상사고,0,0,1,0,차량단독 - 공작물충돌,안전운전불이행,습기,비,교차로 - 교차로부근,승용,남,36세,경상,,,,
2012011800100058,2012년 1월 18일 03시,수요일,부산광역시 동래구 수안동,경상사고,0,0,1,0,차대차 - 측면직각충돌,교차로운행방법위반,습기,비,교차로 - 교차로안,승용,남,25세,상해없음,승용,남,60세,경상
2012011800100063,2012년 1월 18일 04시,수요일,부산광역시 부산진구 초읍동,중상사고,0,2,0,0,차대차 - 기타,안전운전불이행,기타,맑음,단일로 - 기타,승용,남,23세,상해없음,승용,남,53세,중상
2012011800100070,2012년 1월 18일 05시,수요일,부산광역시 중구 영주동,중상사고,0,1,0,0,차대차 - 측면직각충돌,중앙선침범,습기,비,단일로 - 교량,승용,남,32세,상해없음,승용,남,66세,중상
2012011800100071,2012년 1월 18일 05시,수요일,부산광역시 중구 부평동3가,중상사고,0,1,0,0,차대사람 - 길가장자리구역통행중,안전운전불이행,건조,맑음,단일로 - 기타,화물,남,52세,상해없음,보행자,남,41세,중상
2012011800100072,2012년 1월 18일 05시,수요일,부산광역시 해운대구 우동,중상사고,0,1,0,0,차대사람 - 길가장자리구역통행중,안전운전불이행,습기,흐림,단일로 - 기타,화물,남,70세,상해없음,보행자,남,29세,중상
2012011800100083,2012년 1월 18일 06시,수요일,부산광역시 금정구 구서동,사망사고,1,0,0,0,차량단독 - 공작물충돌,안전운전불이행,습기,흐림,단일로 - 기타,승용,남,42세,사망,,,,
2012011800100084,2012년 1월 18일 06시,수요일,부산광역시 사상구 감전동,중상사고,0,1,0,0,차대사람 - 횡단중,안전운전불이행,건조,맑음,단일로 - 기타,승용,남,44세,상해없음,보행자,여,56세,중상
2012011800100085,2012년 1월 18일 06시,수요일,부산광역시 사상구 학장동,경상사고,0,0,1,0,차대차 - 추돌 - 진행중,안전운전불이행,습기,비,단일로 - 기타,승용,남,37세,상해없음,승용,남,51세,경상
2012011800100098,2012년 1월 18일 07시,수요일,부산광역시 금정구 금사동,중상사고,0,1,0,0,차대사람 - 횡단중,안전운전불이행,습기,흐림,단일로 - 기타,승용,남,47세,상해없음,보행자,여,59세,중상
2012011800100116,2012년 1월 18일 08시,수요일,부산광역시 해운대구 우동,경상사고,0,0,2,0,차대차 - 추돌 - 진행중,안전운전불이행,습기,흐림,단일로 - 기타,승용,남,55세,상해없음,승용,여,27세,경상
2012011800100146,2012년 1월 18일 09시,수요일,부산광역시 남구 우암동,중상사고,0,1,0,0,차대차 - 기타,안전거리미확보,건조,맑음,단일로 - 횡단보도상,승용,남,50세,상해없음,승용,남,41세,중상
2012011800100147,2012년 1월 18일 09시,수요일,부산광역시 연제구 거제동,중상사고,0,1,0,0,차대차 - 측면직각충돌,신호위반,건조,맑음,단일로 - 횡단보도상,승용,남,49세,상해없음,자전거,여,62세,중상
2012011800100171,2012년 1월 18일 10시,수요일,부산광역시 북구 화명동,경상사고,0,0,1,0,차대사람 - 길가장자리구역통행중,안전운전불이행,건조,맑음,단일로 - 기타,승용,남,45세,상해없음,보행자,남,32세,경상
2012011800100172,2012년 1월 18일 10시,수요일,부산광역시 부산진구 전포동,중상사고,0,1,0,0,차대차 - 기타,안전운전불이행,건조,맑음,기타 - 기타,승합,남,52세,상해없음,자전거,남,35세,중상
2012011800100189,2012년 1월 18일 11시,수요일,부산광역시 동구 범일동,경상사고,0,0,1,0,차대차 - 기타,안전운전불이행,습기,비,교차로 - 교차로안,승합,남,51세,상해없음,화물,여,51세,경상
2012011800100190,2012년 1월 18일 11시,수요일,부산광역시 동래구 온천동,중상사고,0,1,0,0,차량단독 - 도로외이탈 - 추락,기타,건조,맑음,단일로 - 기타,승합,여,47세,상해없음,,,,
2012011800100191,2012년 1월 18일 11시,수요일,부산광역시 사하구 신평동,중상사고,0,1,0,0,차대차 - 측면직각충돌,중앙선침범,건조,맑음,단일로 - 기타,화물,남,51세,상해없음,승용,남,42세,중상
2012011800100241,2012년 1월 18일 13시,수요일,부산광역시 남구 문현동,중상사고,0,1,0,0,차대차 - 측면직각충돌,신호위반,건조,맑음,단일로 - 기타,승용,남,50세,상해없음,자전거,남,68세,중상
2012011800100242,2012년 1월 18일 13시,수요일,부산광역시 사하구 당리동,경상사고,0,0,3,0,차대차 - 측면직각충돌,안전거리미확보,건조,맑음,교차로 - 교차로부근,승용,여,42세,상해없음,승용,남,61세,경상
2012011800100243,2012년 1월 18일 13시,수요일,부산광역시 강서구 대저2동,경상사고,0,0,2,0,차대차 - 기타,안전운전불이행,습기,비,교차로 - 교차로부근,화물,남,36세,상해없음,화물,남,59세,경상
2012011800100276,2012년 1월 18일 14시,수요일,부산광역시 서구 서대신동1가,경상사고,0,0,1,0,차대차 - 측면직각충돌,안전거리미확보,건조,맑음,단일로 - 기타,화물,남,43세,상해없음,화물,남,47세,경상
2012011800100297,2012년 1월 18일 15시,수요일,부산광역시 동래구 수안동,경상사고,0,0,1,0,차대사람 - 횡단중,안전운전불이행,습기,비,단일로 - 기타,승합,남,50세,상해없음,보행자,남,17세,경상
2012011800100298,2012년 1월 18일 15시,수요일,부산광역시 해운대구 반여동,경상사고,0,0,1,0,차량단독 - 기타,안전운전불이행,습기,비,단일로 - 기타,승합,남,49세,상해없음,,,,
2012011800100299,2012년 1월 18일 15시,수요일,부산광역시 강서구 송정동,경상사고,0,0,1,0,차대차 - 추돌 - 진행중,안전운전불이행,건조,맑음,단일로 - 기타,승용,남,62세,상해없음,화물,남,45세,경상
2012011800100321,2012년 1월 18일 16시,수요일,부산광역시 서구 서대신동1가,경상사고,0,0,1,0,차대차 - 측면직각충돌,차로위반,건조,맑음,단일로 - 기타,승용,남,56세,상해없음,승용,남,27세,경상
2012011800100322,2012년 1월 18일 16시,수요일,부산광역시 남구 감만동,중상사고,0,1,1,0,차대차 - 추돌 - 주정차중,안전거리미확보,건조,맑음,교차로 - 교차로부근,화물,남,50세,상해없음,화물,남,61세,중상
2012011800100355,2012년 1월 18일 17시,수요일,부산광역시 사상구 감전동,중상사고,0,1,0,0,차대차 - 기타,신호위반,습기,비,교차로 - 교차로안,승용,남,64세,상해없음,이륜,남,26세,중상
2012011800100384,2012년 1월 18일 18시,수요일,부산광역시 남구 대연동,중상사고,0,1,0,0,차대차 - 기타,안전운전불이행,건조,맑음,단일로 - 기타,승용,여,44세,상해없음,이륜,남,21세,중상
2012011800100385,2012년 1월 18일 18시,수요일,부산광역시 부산진구 가야동,중상사고,0,1,0,0,차대사람 - 기타,안전운전불이행,습기,흐림,기타 - 기타,승용,여,57세,상해없음,보행자,여,44세,중상
2012011800100386,2012년 1월 18일 18시,수요일,부산광역시 사하구 괴정동,경상사고,0,0,1,0,차대차 - 추돌 - 주정차중,안전운전불이행,건조,맑음,교차로 - 교차로부근,승용,여,56세,상해없음,승용,여,36세,상해없음
2012011800100387,2012년 1월 18일 18시,수요일,부산광역시 사상구 감전동,경상사고,0,0,1,0,차대사람 - 횡단중,신호위반,건조,맑음,교차로 - 교차로부근,화물,남,55세,상해없음,보행자,여,23세,경상
2012011800100443,2012년 1월 18일 19시,수요일,부산광역시 서구 서대신동1가,중상사고,0,1,0,0,차대사람 - 횡단중,안전운전불이행,습기,비,단일로 - 횡단보도부근,승용,남,55세,상해없음,보행자,남,68세,중상
2012011800100444,2012년 1월 18일 19시,수요일,부산광역시 해운대구 우동,경상사고,0,0,1,0,차대차 - 추돌 - 진행중,안전운전불이행,습기,비,교차로 - 교차로부근,승용,남,50세,기타불명,승용,여,37세,경상
2012011800100446,2012년 1월 18일 19시,수요일,부산광역시 강서구 대저1동,중상사고,0,2,1,0,차대차 - 추돌 - 주정차중,안전운전불이행,습기,비,단일로 - 기타,승용,여,57세,상해없음,승용,남,64세,중상
2012011800100491,2012년 1월 18일 20시,수요일,부산광역시 동구 범일동,경상사고,0,0,1,0,차대차 - 기타,신호위반,습기,비,교차로 - 교차로안,승용,남,55세,상해없음,승용,남,37세,경상
2012011800100492,2012년 1월 18일 20시,수요일,부산광역시 북구 덕천동,경상사고,0,0,1,0,차대사람 - 기타,안전운전불이행,습기,흐림,기타 - 기타,승용,남,31세,상해없음,보행자,남,66세,경상
2012011800100511,2012년 1월 18일 21시,수요일,부산광역시 북구 만덕동,중상사고,0,3,1,0,차대차 - 추돌 - 진행중,안전거리미확보,습기,비,단일로 - 기타,승용,남,35세,중상,승용,여,50세,경상
2012011800100512,2012년 1월 18일 21시,수요일,부산광역시 금정구 금사동,중상사고,0,1,0,0,차대사람 - 차도통행중,안전운전불이행,습기,비,교차로 - 교차로안,화물,남,44세,상해없음,보행자,여,56세,중상
2012011800100536,2012년 1월 18일 22시,수요일,부산광역시 수영구 광안동,중상사고,0,1,0,0,차대사람 - 횡단중,보행자보호의무위반,습기,비,단일로 - 횡단보도상,승합,남,44세,상해없음,보행자,남,48세,중상
2012011800100537,2012년 1월 18일 22시,수요일,부산광역시 부산진구 전포동,중상사고,0,1,0,0,차대사람 - 횡단중,안전운전불이행,건조,맑음,단일로 - 기타,승용,여,43세,상해없음,보행자,남,56세,중상
2012011800100538,2012년 1월 18일 22시,수요일,부산광역시 금정구 장전동,경상사고,0,0,1,0,차대차 - 기타,안전운전불이행,습기,비,교차로 - 교차로부근,승용,남,16세,상해없음,승용,여,33세,경상
2012011800100569,2012년 1월 18일 23시,수요일,부산광역시 동구 범일동,중상사고,0,2,3,0,차대차 - 기타,신호위반,습기,비,교차로 - 교차로안,승용,남,67세,상해없음,승용,남,65세,중상
2012011800100570,2012년 1월 18일 23시,수요일,부산광역시 동구 초량동,중상사고,0,1,0,0,차대사람 - 기타,안전운전불이행,습기,비,교차로 - 교차로부근,승용,남,56세,상해없음,보행자,남,51세,중상
2012011800100571,2012년 1월 18일 23시,수요일,부산광역시 남구 대연동,경상사고,0,0,2,0,차대차 - 측면직각충돌,교차로운행방법위반,건조,맑음,교차로 - 교차로안,승용,기타불명,기타불명,기타불명,승용,남,26세,경상
2012011800100572,2012년 1월 18일 23시,수요일,부산광역시 북구 구포동,경상사고,0,0,3,1,차대차 - 측면직각충돌,중앙선침범,습기,비,단일로 - 기타,승용,남,34세,상해없음,승용,남,36세,경상
2012011800100573,2012년 1월 18일 23시,수요일,부산광역시 해운대구 우동,경상사고,0,0,1,0,차대차 - 추돌 - 진행중,안전운전불이행,습기,비,단일로 - 기타,승용,남,24세,상해없음,승용,여,31세,상해없음
2012011800100574,2012년 1월 18일 23시,수요일,부산광역시 해운대구 송정동,경상사고,0,0,1,0,차대차 - 추돌 - 주정차중,안전운전불이행,습기,비,교차로 - 교차로부근,승용,남,31세,상해없음,승용,여,31세,경상
2012011900100006,2012년 1월 19일 00시,목요일,부산광역시 남구 대연동,중상사고,0,1,1,0,차대사람 - 차도통행중,안전운전불이행,습기,비,교차로 - 교차로안,승용,남,44세,상해없음,보행자,남,33세,중상
2012011900100007,2012년 1월 19일 00시,목요일,부산광역시 해운대구 중동,부상신고사고,0,0,0,1,차대차 - 기타,안전운전불이행,습기,비,교차로 - 교차로부근,승용,남,26세,부상신고,승용,남,37세,상해없음
2012011900100009,2012년 1월 19일 00시,목요일,부산광역시 연제구 연산동,중상사고,0,1,0,0,차대사람 - 횡단중,보행자보호의무위반,습기,비,단일로 - 횡단보도상,승용,남,43세,상해없음,보행자,남,36세,중상
2012011900100029,2012년 1월 19일 01시,목요일,부산광역시 부산진구 범천동,경상사고,0,0,1,0,차대사람 - 기타,보행자보호의무위반,기타,맑음,기타 - 기타,승용,남,53세,상해없음,보행자,여,40세,경상
2012011900100043,2012년 1월 19일 02시,목요일,부산광역시 중구 남포동2가,사망사고,1,0,0,0,차대사람 - 횡단중,과속,습기,비,단일로 - 기타,승용,남,58세,상해없음,보행자,남,25세,사망
2012011900100061,2012년 1월 19일 04시,목요일,부산광역시 해운대구 우동,경상사고,0,0,1,0,차대차 - 추돌 - 주정차중,안전운전불이행,건조,흐림,단일로 - 기타,승용,남,41세,상해없음,승용,남,37세,경상
2012011900100067,2012년 1월 19일 05시,목요일,부산광역시 동래구 낙민동,경상사고,0,0,1,0,차대차 - 측면직각충돌,안전거리미확보,습기,비,단일로 - 기타,화물,남,37세,상해없음,승용,남,68세,경상
2012011900100083,2012년 1월 19일 06시,목요일,부산광역시 해운대구 반여동,중상사고,0,1,0,0,차대사람 - 기타,안전운전불이행,습기,비,교차로 - 교차로안,승용,남,49세,상해없음,보행자,남,50세,중상
2012011900100084,2012년 1월 19일 06시,목요일,부산광역시 해운대구 반여동,중상사고,0,1,0,0,차대차 - 추돌 - 진행중,안전거리미확보,습기,비,단일로 - 기타,화물,남,52세,상해없음,승용,남,59세,중상
2012011900100086,2012년 1월 19일 06시,목요일,부산광역시 부산진구 부전동,중상사고,0,1,1,0,차대차 - 기타,중앙선침범,건조,맑음,단일로 - 기타,화물,남,31세,상해없음,승용,남,27세,중상
2012011900100087,2012년 1월 19일 06시,목요일,부산광역시 금정구 부곡동,중상사고,0,1,0,0,차대사람 - 기타,보행자보호의무위반,습기,흐림,단일로 - 횡단보도상,승용,남,67세,상해없음,보행자,여,68세,중상
2012011900100088,2012년 1월 19일 06시,목요일,부산광역시 연제구 연산동,중상사고,0,1,0,0,차대차 - 기타,안전운전불이행,습기,비,교차로 - 교차로안,승용,남,34세,상해없음,자전거,여,65세,중상
2012011900100089,2012년 1월 19일 06시,목요일,부산광역시 사상구 엄궁동,중상사고,0,1,0,0,차대사람 - 횡단중,신호위반,습기,비,단일로 - 횡단보도상,승합,남,64세,상해없음,보행자,남,52세,중상
2012011900100106,2012년 1월 19일 07시,목요일,부산광역시 남구 문현동,중상사고,0,1,0,0,차대사람 - 횡단중,안전운전불이행,건조,맑음,교차로 - 교차로부근,화물,남,55세,상해없음,보행자,여,58세,중상
2012011900100107,2012년 1월 19일 07시,목요일,부산광역시 금정구 장전동,경상사고,0,0,1,1,차대차 - 추돌 - 진행중,중앙선침범,습기,비,단일로 - 기타,화물,남,37세,부상신고,승용,남,54세,경상
2012011900100165,2012년 1월 19일 09시,목요일,부산광역시 동구 초량동,경상사고,0,0,2,0,차대차 - 측면직각충돌,신호위반,건조,맑음,교차로 - 교차로안,승용,남,49세,상해없음,승용,남,38세,경상
2012011900100166,2012년 1월 19일 09시,목요일,부산광역시 금정구 장전동,경상사고,0,0,1,0,차대사람 - 횡단중,안전운전불이행,습기,비,단일로 - 기타,승용,남,37세,상해없음,보행자,남,23세,경상
2012011900100184,2012년 1월 19일 10시,목요일,부산광역시 동래구 온천동,경상사고,0,0,2,0,차대차 - 측면직각충돌,안전거리미확보,건조,맑음,단일로 - 기타,승용,남,59세,상해없음,승용,남,64세,경상
2012011900100185,2012년 1월 19일 10시,목요일,부산광역시 해운대구 반송동,경상사고,0,0,1,0,차대차 - 기타,기타,습기,비,단일로 - 기타,승용,여,51세,상해없음,화물,남,45세,경상
2012011900100186,2012년 1월 19일 10시,목요일,부산광역시 부산진구 양정동,경상사고,0,0,1,0,차대차 - 추돌 - 진행중,안전운전불이행,습기,비,교차로 - 교차로안,승용,남,59세,상해없음,승용,여,45세,경상
2012011900100187,2012년 1월 19일 10시,목요일,부산광역시 부산진구 연지동,중상사고,0,1,0,0,차대차 - 측면직각충돌,교차로운행방법위반,습기,비,교차로 - 교차로안,승용,남,25세,상해없음,승용,여,48세,중상
2012011900100209,2012년 1월 19일 11시,목요일,부산광역시 동구 범일동,경상사고,0,0,1,1,차대차 - 추돌 - 주정차중,안전거리미확보,건조,맑음,단일로 - 기타,승용,여,50세,상해없음,승용,여,52세,경상
2012011900100239,2012년 1월 19일 12시,목요일,부산광역시 부산진구 초읍동,경상사고,0,0,1,0,차대차 - 기타,안전운전불이행,건조,맑음,단일로 - 기타,승용,남,51세,상해없음,승용,여,54세,경상
2012011900100265,2012년 1월 19일 13시,목요일,부산광역시 부산진구 범천동,중상사고,0,1,0,0,차대차 - 측면직각충돌,안전거리미확보,건조,맑음,단일로 - 교량,화물,남,43세,상해없음,화물,남,34세,중상
2012011900100266,2012년 1월 19일 13시,목요일,부산광역시 강서구 송정동,경상사고,0,0,1,0,차대차 - 측면직각충돌,신호위반,습기,비,교차로 - 교차로안,화물,남,56세,상해없음,승용,남,57세,경상
2012011900100294,2012년 1월 19일 14시,목요일,부산광역시 해운대구 재송동,경상사고,0,0,1,0,차대차 - 추돌 - 진행중,안전운전불이행,습기,비,단일로 - 횡단보도부근,승용,여,46세,상해없음,승용,여,55세,경상
2012011900100360,2012년 1월 19일 16시,목요일,부산광역시 중구 남포동6가,부상신고사고,0,0,0,1,차대사람 - 길가장자리구역통행중,안전운전불이행,건조,맑음,단일로 - 기타,승용,남,56세,상해없음,보행자,남,62세,부상신고
2012011900100388,2012년 1월 19일 17시,목요일,부산광역시 서구 서대신동3가,중상사고,0,1,0,0,차대차 - 추돌 - 진행중,안전거리미확보,습기,비,교차로 - 교차로부근,화물,남,34세,상해없음,화물,남,39세,상해없음
2012011900100421,2012년 1월 19일 18시,목요일,부산광역시 서구 암남동,중상사고,0,1,1,0,차대사람 - 보도통행중,보행자보호의무위반,건조,맑음,단일로 - 횡단보도상,승용,남,54세,상해없음,보행자,여,25세,경상
2012011900100422,2012년 1월 19일 18시,목요일,부산광역시 동래구 온천동,중상사고,0,1,1,0,차대차 - 측면직각충돌,안전거리미확보,건조,맑음,단일로 - 기타,승용,남,49세,상해없음,승용,남,22세,중상
2012011900100423,2012년 1월 19일 18시,목요일,부산광역시 부산진구 부전동,경상사고,0,0,1,0,차대사람 - 기타,안전운전불이행,건조,맑음,단일로 - 기타,화물,남,52세,상해없음,보행자,여,24세,경상
2012011900100485,2012년 1월 19일 19시,목요일,부산광역시 동구 수정동,중상사고,0,1,0,0,차대사람 - 횡단중,안전운전불이행,건조,맑음,교차로 - 교차로안,승용,남,57세,상해없음,보행자,여,22세,중상
2012011900100486,2012년 1월 19일 19시,목요일,부산광역시 금정구 노포동,중상사고,0,1,0,0,차대차 - 측면직각충돌,차로위반,습기,비,단일로 - 기타,승합,남,57세,상해없음,승용,여,31세,중상
2012011900100487,2012년 1월 19일 19시,목요일,부산광역시 사하구 괴정동,사망사고,1,0,0,0,차대사람 - 기타,안전운전불이행,건조,맑음,단일로 - 기타,승용,남,41세,상해없음,보행자,남,50세,사망
2012011900100548,2012년 1월 19일 20시,목요일,부산광역시 해운대구 우동,경상사고,0,0,2,0,차대차 - 추돌 - 주정차중,안전거리미확보,습기,비,단일로 - 횡단보도부근,승용,여,59세,상해없음,승용,여,41세,경상
2012011900100582,2012년 1월 19일 21시,목요일,부산광역시 서구 아미동2가,경상사고,0,0,1,0,차대차 - 측면직각충돌,교차로운행방법위반,건조,맑음,교차로 - 교차로안,승용,남,68세,상해없음,승용,남,59세,상해없음
2012011900100583,2012년 1월 19일 21시,목요일,부산광역시 수영구 광안동,경상사고,0,0,1,0,차대사람 - 길가장자리구역통행중,안전운전불이행,습기,비,단일로 - 기타,승용,여,39세,기타불명,보행자,남,36세,경상
2012011900100614,2012년 1월 19일 22시,목요일,부산광역시 남구 대연동,중상사고,0,1,3,0,차대차 - 측면직각충돌,신호위반,습기,비,교차로 - 교차로안,승용,남,34세,상해없음,승용,남,56세,중상
2012011900100615,2012년 1월 19일 22시,목요일,부산광역시 부산진구 부전동,경상사고,0,0,1,0,차대차 - 기타,차로위반,습기,비,단일로 - 기타,승용,남,64세,상해없음,승용,여,34세,경상
2012011900100616,2012년 1월 19일 22시,목요일,부산광역시 금정구 남산동,경상사고,0,0,1,0,차대차 - 추돌 - 주정차중,안전운전불이행,습기,비,단일로 - 횡단보도부근,승용,남,57세,상해없음,승용,남,33세,경상
2012011900100617,2012년 1월 19일 22시,목요일,부산광역시 사하구 감천동,경상사고,0,0,1,0,차대사람 - 횡단중,안전운전불이행,습기,비,단일로 - 기타,승용,남,54세,상해없음,보행자,남,53세,경상
2012011900100661,2012년 1월 19일 23시,목요일,부산광역시 중구 중앙동4가,경상사고,0,0,2,0,차대차 - 추돌 - 진행중,안전운전불이행,습기,비,단일로 - 기타,승용,남,57세,상해없음,승용,남,35세,경상
2012011900100662,2012년 1월 19일 23시,목요일,부산광역시 해운대구 반송동,부상신고사고,0,0,0,1,차대차 - 측면직각충돌,중앙선침범,습기,비,단일로 - 횡단보도부근,화물,남,63세,상해없음,화물,남,55세,부상신고
2012012000100007,2012년 1월 20일 00시,금요일,부산광역시 해운대구 좌동,중상사고,0,1,0,0,차대사람 - 기타,안전운전불이행,건조,흐림,단일로 - 횡단보도부근,승용,남,41세,상해없음,보행자,남,37세,중상
2012012000100008,2012년 1월 20일 00시,금요일,부산광역시 부산진구 부전동,경상사고,0,0,1,0,차대차 - 기타,안전운전불이행,기타,맑음,기타 - 기타,승용,남,49세,상해없음,승용,남,60세,경상
2012012000100009,2012년 1월 20일 00시,금요일,부산광역시 기장군 기장읍,중상사고,0,1,0,0,차대사람 - 횡단중,안전운전불이행,습기,비,단일로 - 횡단보도상,승용,남,66세,상해없음,보행자,남,49세,중상
2012012000100046,2012년 1월 20일 01시,금요일,부산광역시 서구 서대신동1가,부상신고사고,0,0,0,2,차대차 - 추돌 - 주정차중,안전거리미확보,습기,비,교차로 - 교차로안,승용,남,31세,상해없음,승용,여,45세,부상신고
2012012000100048,2012년 1월 20일 01시,금요일,부산광역시 동래구 안락동,중상사고,0,2,0,0,차대차 - 측면직각충돌,신호위반,습기,비,교차로 - 교차로안,승용,남,56세,상해없음,승용,남,59세,중상
2012012000100084,2012년 1월 20일 03시,금요일,부산광역시 부산진구 가야동,경상사고,0,0,1,0,차대차 - 기타,안전운전불이행,기타,맑음,교차로 - 교차로안,승용,여,45세,상해없음,승용,남,22세,경상
2012012000100085,2012년 1월 20일 03시,금요일,부산광역시 사하구 하단동,경상사고,0,0,1,0,차대사람 - 기타,안전운전불이행,습기,비,교차로 - 교차로안,승용,남,41세,상해없음,보행자,남,21세,경상
2012012000100095,2012년 1월 20일 04시,금요일,부산광역시 사하구 하단동,경상사고,0,0,2,0,차대차 - 추돌 - 진행중,안전거리미확보,습기,비,교차로 - 교차로부근,승용,남,37세,상해없음,승용,남,33세,경상
2012012000100124,2012년 1월 20일 06시,금요일,부산광역시 동구 초량동,경상사고,0,0,1,0,차대사람 - 횡단중,안전운전불이행,건조,맑음,단일로 - 횡단보도부근,승용,남,30세,상해없음,보행자,남,69세,경상
2012012000100125,2012년 1월 20일 06시,금요일,부산광역시 사상구 괘법동,중상사고,0,1,0,0,차대사람 - 횡단중,안전운전불이행,습기,비,단일로 - 기타,화물,남,66세,상해없음,보행자,남,19세,중상
2012012000100142,2012년 1월 20일 07시,금요일,부산광역시 북구 구포동,경상사고,0,0,2,0,차대차 - 측면직각충돌,교차로운행방법위반,습기,흐림,교차로 - 교차로부근,승용,남,51세,상해없음,승용,남,22세,경상
2012012000100143,2012년 1월 20일 07시,금요일,부산광역시 강서구 봉림동,중상사고,0,2,1,0,차대차 - 측면직각충돌,중앙선침범,습기,흐림,단일로 - 교량,건설기계,남,49세,상해없음,화물,남,42세,중상
2012012000100158,2012년 1월 20일 08시,금요일,부산광역시 사하구 신평동,중상사고,0,1,0,0,차대차 - 기타,신호위반,건조,맑음,교차로 - 교차로안,승용,남,38세,상해없음,이륜,여,43세,중상
2012012000100159,2012년 1월 20일 08시,금요일,부산광역시 연제구 연산동,중상사고,0,2,3,0,차대차 - 측면직각충돌,안전거리미확보,건조,맑음,교차로 - 교차로부근,승용,여,43세,중상,승용,남,36세,경상
2012012000100217,2012년 1월 20일 10시,금요일,부산광역시 강서구 죽림동,경상사고,0,0,1,0,차대차 - 추돌 - 주정차중,안전거리미확보,습기,흐림,교차로 - 교차로안,승용,남,39세,상해없음,화물,남,30세,경상
2012012000100218,2012년 1월 20일 10시,금요일,부산광역시 사상구 주례동,중상사고,0,1,0,0,차대차 - 측면직각충돌,안전운전불이행,건조,맑음,교차로 - 교차로부근,이륜,여,63세,중상,승용,남,38세,상해없음
2012012000100244,2012년 1월 20일 11시,금요일,부산광역시 남구 대연동,중상사고,0,1,0,0,차량단독 - 기타,기타,건조,맑음,단일로 - 기타,승합,남,47세,상해없음,,,,
2012012000100245,2012년 1월 20일 11시,금요일,부산광역시 부산진구 가야동,부상신고사고,0,0,0,1,차대차 - 측면직각충돌,안전운전불이행,건조,맑음,교차로 - 교차로안,승용,기타불명,기타불명,기타불명,이륜,여,47세,부상신고
2012012000100275,2012년 1월 20일 12시,금요일,부산광역시 연제구 연산동,중상사고,0,1,0,0,차대차 - 측면직각충돌,안전운전불이행,기타,맑음,단일로 - 기타,승합,남,52세,상해없음,이륜,남,77세,중상
2012012000100301,2012년 1월 20일 13시,금요일,부산광역시 남구 대연동,경상사고,0,0,1,0,차대차 - 추돌 - 진행중,안전거리미확보,건조,맑음,단일로 - 터널,승용,여,33세,상해없음,승합,남,41세,상해없음
2012012000100329,2012년 1월 20일 14시,금요일,부산광역시 북구 화명동,중상사고,0,1,0,0,차대사람 - 횡단중,신호위반,건조,흐림,단일로 - 횡단보도상,이륜,남,23세,상해없음,보행자,남,15세,중상
2012012000100330,2012년 1월 20일 14시,금요일,부산광역시 동래구 사직동,경상사고,0,0,1,0,차대차 - 추돌 - 진행중,안전운전불이행,건조,맑음,교차로 - 교차로부근,승용,기타불명,기타불명,기타불명,승용,남,46세,상해없음
2012012000100331,2012년 1월 20일 14시,금요일,부산광역시 해운대구 재송동,부상신고사고,0,0,0,1,차대차 - 기타,안전운전불이행,습기,비,단일로 - 기타,이륜,남,17세,부상신고,승용,남,69세,상해없음
2012012000100332,2012년 1월 20일 14시,금요일,부산광역시 강서구 대저2동,경상사고,0,0,4,1,차대차 - 추돌 - 진행중,안전운전불이행,건조,맑음,단일로 - 기타,화물,남,33세,상해없음,승용,남,56세,경상
2012012000100333,2012년 1월 20일 14시,금요일,부산광역시 강서구 송정동,중상사고,0,1,0,0,차대차 - 측면직각충돌,안전운전불이행,건조,맑음,단일로 - 기타,화물,남,50세,상해없음,승용,여,41세,중상