사고번호,사고일시,요일,시군구,사고내용,사망자수,중상자수,경상자수,부상신고자수,사고유형,법규위반,노면상태,기상상태,도로형태,가해운전자 차종,가해운전자 성별,가해운전자 연령,가해운전자 상해정도,피해운전자 차종,피해운전자 성별,피해운전자 연령,피해운전자 상해정도
2012012400100263,2012년 1월 24일 20시,화요일,부산광역시 사상구 모라동,중상사고,0,1,0,0,차대차 - 추돌 - 주정차중,안전운전불이행,건조,맑음,교차로 - 교차로부근,승용,남,50세,상해없음,승용,남,29세,중상
2012012400100282,2012년 1월 24일 21시,화요일,부산광역시 남구 대연동,중상사고,0,1,0,0,차대차 - 측면직각충돌,안전거리미확보,건조,맑음,단일로 - 기타,승용,남,30세,상해없음,원동기,남,16세,중상
2012012400100283,2012년 1월 24일 21시,화요일,부산광역시 남구 문현동,경상사고,0,0,1,0,차대사람 - 기타,안전운전불이행,건조,맑음,단일로 - 기타,승용,남,57세,상해없음,보행자,남,49세,경상
2012012400100284,2012년 1월 24일 21시,화요일,부산광역시 북구 구포동,경상사고,0,0,1,0,차대차 - 측면직각충돌,신호위반,건조,맑음,교차로 - 교차로안,승용,남,51세,기타불명,승용,남,28세,경상
2012012400100329,2012년 1월 24일 23시,화요일,부산광역시 해운대구 중동,경상사고,0,0,1,0,차대차 - 추돌 - 진행중,안전운전불이행,건조,맑음,교차로 - 교차로부근,승용,남,48세,상해없음,원동기,남,32세,경상
2012012500100060,2012년 1월 25일 04시,수요일,부산광역시 사하구 하단동,경상사고,0,0,1,0,차대차 - 측면직각충돌,신호위반,건조,맑음,교차로 - 교차로안,승용,남,32세,상해없음,승용,남,61세,경상
2012012500100064,2012년 1월 25일 05시,수요일,부산광역시 부산진구 개금동,중상사고,0,1,0,0,차대사람 - 횡단중,안전운전불이행,건조,맑음,교차로 - 교차로안,승용,기타불명,기타불명,기타불명,보행자,여,67세,중상
2012012500100071,2012년 1월 25일 06시,수요일,부산광역시 수영구 망미동,경상사고,0,0,2,0,차대차 - 추돌 - 진행중,안전거리미확보,건조,맑음,단일로 - 기타,승용,남,70세,상해없음,승용,남,41세,경상
2012012500100086,2012년 1월 25일 07시,수요일,부산광역시 북구 구포동,중상사고,0,1,0,0,차대차 - 측면직각충돌,신호위반,건조,맑음,단일로 - 기타,화물,여,42세,상해없음,원동기,남,26세,중상
2012012500100132,2012년 1월 25일 09시,수요일,부산광역시 강서구 대저2동,경상사고,0,0,1,0,차대차 - 추돌 - 진행중,안전거리미확보,건조,맑음,단일로 - 기타,승합,남,50세,경상,승용,여,34세,상해없음
2012012500100156,2012년 1월 25일 10시,수요일,부산광역시 기장군 기장읍,경상사고,0,0,6,0,차대차 - 측면직각충돌,교차로운행방법위반,건조,맑음,교차로 - 교차로안,화물,남,48세,경상,승용,남,51세,경상
2012012500100171,2012년 1월 25일 11시,수요일,부산광역시 강서구 명지동,경상사고,0,0,1,0,차대차 - 측면직각충돌,안전운전불이행,건조,맑음,단일로 - 기타,승용,남,65세,상해없음,승용,남,45세,경상
2012012500100209,2012년 1월 25일 12시,수요일,부산광역시 북구 덕천동,중상사고,0,1,0,0,차대사람 - 횡단중,안전운전불이행,건조,맑음,단일로 - 기타,승용,남,63세,상해없음,보행자,여,56세,중상
2012012500100210,2012년 1월 25일 12시,수요일,부산광역시 부산진구 개금동,중상사고,0,1,0,0,차대차 - 측면직각충돌,중앙선침범,건조,맑음,교차로 - 교차로부근,이륜,남,51세,상해없음,이륜,남,25세,중상
2012012500100211,2012년 1월 25일 12시,수요일,부산광역시 금정구 구서동,경상사고,0,0,1,0,차대차 - 기타,신호위반,건조,맑음,교차로 - 교차로안,승용,여,31세,상해없음,승용,남,31세,경상
2012012500100212,2012년 1월 25일 12시,수요일,부산광역시 연제구 연산동,경상사고,0,0,2,0,차대차 - 측면직각충돌,안전운전불이행,건조,맑음,단일로 - 기타,승용,남,25세,상해없음,승용,여,52세,경상
2012012500100243,2012년 1월 25일 13시,수요일,부산광역시 기장군 장안읍,경상사고,0,0,1,0,차대사람 - 길가장자리구역통행중,안전운전불이행,건조,맑음,단일로 - 기타,승용,남,29세,상해없음,보행자,남,7세,경상
2012012500100280,2012년 1월 25일 14시,수요일,부산광역시 북구 만덕동,중상사고,0,1,0,0,차대차 - 추돌 - 진행중,안전운전불이행,건조,맑음,단일로 - 기타,화물,남,55세,상해없음,승합,남,51세,중상
2012012500100281,2012년 1월 25일 14시,수요일,부산광역시 수영구 망미동,중상사고,0,2,4,0,차대차 - 추돌 - 진행중,안전거리미확보,건조,맑음,단일로 - 기타,승용,남,51세,상해없음,화물,남,35세,중상
2012012500100329,2012년 1월 25일 15시,수요일,부산광역시 금정구 금사동,중상사고,0,1,0,0,차대사람 - 길가장자리구역통행중,안전운전불이행,건조,맑음,단일로 - 기타,승용,여,42세,상해없음,보행자,여,68세,중상
2012012500100330,2012년 1월 25일 15시,수요일,부산광역시 기장군 정관면,경상사고,0,0,1,0,차대차 - 정면충돌,중앙선침범,건조,맑음,단일로 - 기타,화물,남,57세,상해없음,원동기,남,34세,경상
2012012500100365,2012년 1월 25일 16시,수요일,부산광역시 금정구 장전동,경상사고,0,0,1,0,차대차 - 측면직각충돌,직진우회전진행방해,건조,맑음,단일로 - 기타,승용,남,70세,상해없음,이륜,남,28세,경상
2012012500100439,2012년 1월 25일 18시,수요일,부산광역시 동구 초량동,경상사고,0,0,1,0,차대차 - 추돌 - 진행중,안전운전불이행,건조,맑음,단일로 - 기타,기타불명,기타불명,기타불명,기타불명,승용,남,49세,경상
2012012500100440,2012년 1월 25일 18시,수요일,부산광역시 금정구 금사동,중상사고,0,1,0,0,차대사람 - 차도통행중,안전운전불이행,건조,맑음,교차로 - 교차로부근,승용,남,41세,상해없음,보행자,여,30세,중상
2012012500100473,2012년 1월 25일 19시,수요일,부산광역시 수영구 광안동,중상사고,0,1,0,0,차대차 - 측면직각충돌,안전운전불이행,건조,맑음,교차로 - 교차로안,승용,남,67세,상해없음,승용,여,54세,중상
2012012500100516,2012년 1월 25일 20시,수요일,부산광역시 북구 구포동,경상사고,0,0,2,0,차대차 - 측면직각충돌,중앙선침범,건조,맑음,기타 - 기타,승용,남,60세,상해없음,승용,남,66세,경상
2012012500100517,2012년 1월 25일 20시,수요일,부산광역시 해운대구 재송동,중상사고,0,1,0,0,차대차 - 정면충돌,신호위반,건조,맑음,교차로 - 교차로안,승용,남,29세,상해없음,원동기,남,27세,중상
2012012500100556,2012년 1월 25일 21시,수요일,부산광역시 수영구 망미동,경상사고,0,0,1,0,차대차 - 기타,안전거리미확보,건조,맑음,단일로 - 횡단보도부근,화물,남,49세,상해없음,승용,남,34세,경상
2012012500100557,2012년 1월 25일 21시,수요일,부산광역시 강서구 봉림동,경상사고,0,0,2,1,차대차 - 기타,신호위반,건조,맑음,교차로 - 교차로안,승용,남,35세,상해없음,승용,여,28세,경상
2012012500100595,2012년 1월 25일 22시,수요일,부산광역시 부산진구 부암동,경상사고,0,0,4,0,차대차 - 추돌 - 진행중,안전운전불이행,건조,맑음,기타 - 기타,승용,남,41세,상해없음,승용,남,59세,경상
2012012600100009,2012년 1월 26일 00시,목요일,부산광역시 부산진구 부전동,경상사고,0,0,1,0,차대차 - 추돌 - 주정차중,안전운전불이행,건조,맑음,단일로 - 기타,승용,남,20세,상해없음,승용,남,58세,경상
2012012600100010,2012년 1월 26일 00시,목요일,부산광역시 사하구 감천동,중상사고,0,1,0,0,차대차 - 추돌 - 주정차중,안전운전불이행,건조,맑음,단일로 - 기타,승용,여,44세,상해없음,화물,남,43세,상해없음
2012012600100011,2012년 1월 26일 00시,목요일,부산광역시 사하구 하단동,경상사고,0,0,1,0,차대차 - 측면직각충돌,안전운전불이행,건조,맑음,교차로 - 교차로안,승용,남,22세,상해없음,승용,남,41세,상해없음
2012012600100047,2012년 1월 26일 02시,목요일,부산광역시 해운대구 재송동,중상사고,0,1,0,0,차대차 - 측면직각충돌,신호위반,건조,맑음,교차로 - 교차로안,승용,남,52세,상해없음,원동기,남,25세,중상
2012012600100057,2012년 1월 26일 03시,목요일,부산광역시 부산진구 전포동,중상사고,0,2,0,0,차대차 - 측면직각충돌,교차로운행방법위반,건조,맑음,교차로 - 교차로안,승용,남,56세,상해없음,승용,남,54세,중상
2012012600100075,2012년 1월 26일 06시,목요일,부산광역시 남구 대연동,경상사고,0,0,1,0,차량단독 - 기타,안전운전불이행,건조,맑음,단일로 - 기타,승용,남,60세,상해없음,,,,
2012012600100085,2012년 1월 26일 07시,목요일,부산광역시 강서구 대저1동,중상사고,0,1,0,0,차대사람 - 횡단중,안전운전불이행,건조,맑음,단일로 - 횡단보도부근,승용,여,40세,상해없음,보행자,여,58세,중상
2012012600100105,2012년 1월 26일 08시,목요일,부산광역시 동래구 사직동,경상사고,0,0,1,0,차대차 - 추돌 - 진행중,안전거리미확보,건조,맑음,교차로 - 교차로부근,승용,남,48세,상해없음,승용,남,65세,경상
2012012600100106,2012년 1월 26일 08시,목요일,부산광역시 부산진구 전포동,경상사고,0,0,1,0,차대차 - 기타,안전운전불이행,건조,맑음,단일로 - 기타,승합,남,45세,상해없음,승합,여,45세,상해없음
2012012600100121,2012년 1월 26일 09시,목요일,부산광역시 남구 대연동,경상사고,0,0,2,0,차대차 - 기타,안전거리미확보,건조,맑음,단일로 - 기타,승용,남,52세,경상,승용,남,42세,경상
2012012600100122,2012년 1월 26일 09시,목요일,부산광역시 해운대구 재송동,경상사고,0,0,1,0,차대차 - 추돌 - 진행중,안전운전불이행,건조,맑음,단일로 - 기타,승용,남,28세,상해없음,승용,남,30세,상해없음
2012012600100123,2012년 1월 26일 09시,목요일,부산광역시 금정구 구서동,중상사고,0,1,0,0,차대사람 - 기타,안전운전불이행,건조,맑음,교차로 - 교차로안,화물,남,33세,상해없음,보행자,남,24세,중상
2012012600100124,2012년 1월 26일 09시,목요일,부산광역시 강서구 대저2동,중상사고,0,1,0,0,차대차 - 기타,안전운전불이행,건조,맑음,교차로 - 교차로부근,승용,남,38세,상해없음,승용,여,22세,중상
2012012600100145,2012년 1월 26일 10시,목요일,부산광역시 북구 덕천동,경상사고,0,0,1,0,차대차 - 측면직각충돌,안전운전불이행,건조,맑음,단일로 - 기타,화물,남,48세,상해없음,승용,남,46세,경상
2012012600100146,2012년 1월 26일 10시,목요일,부산광역시 수영구 망미동,경상사고,0,0,1,0,차대차 - 측면직각충돌,차로위반,건조,맑음,단일로 - 기타,화물,남,27세,상해없음,승용,남,49세,경상
2012012600100147,2012년 1월 26일 10시,목요일,부산광역시 사상구 학장동,경상사고,0,0,1,0,차대차 - 기타,안전거리미확보,건조,맑음,교차로 - 교차로안,승용,여,53세,경상,화물,남,71세,상해없음
2012012600100178,2012년 1월 26일 11시,목요일,부산광역시 남구 대연동,중상사고,0,1,0,0,차대차 - 측면직각충돌,신호위반,건조,맑음,단일로 - 기타,이륜,남,27세,중상,승용,남,48세,상해없음
2012012600100179,2012년 1월 26일 11시,목요일,부산광역시 사하구 하단동,중상사고,0,1,0,0,차대사람 - 횡단중,보행자보호의무위반,건조,맑음,단일로 - 기타,기타불명,기타불명,기타불명,기타불명,보행자,남,71세,중상
2012012600100180,2012년 1월 26일 11시,목요일,부산광역시 연제구 연산동,중상사고,0,1,0,0,차대차 - 측면직각충돌,차로위반,건조,맑음,교차로 - 교차로부근,화물,남,21세,상해없음,승용,남,56세,중상
2012012600100203,2012년 1월 26일 12시,목요일,부산광역시 동구 초량동,중상사고,0,1,0,0,차대사람 - 기타,안전운전불이행,건조,맑음,단일로 - 횡단보도상,화물,남,31세,상해없음,보행자,여,66세,중상
2012012600100204,2012년 1월 26일 12시,목요일,부산광역시 금정구 서동,경상사고,0,0,2,0,차대차 - 추돌 - 주정차중,안전거리미확보,건조,맑음,교차로 - 교차로부근,승용,남,46세,상해없음,승용,여,51세,경상
2012012600100205,2012년 1월 26일 12시,목요일,부산광역시 금정구 구서동,중상사고,0,1,2,0,차대차 - 측면직각충돌,안전거리미확보,건조,맑음,교차로 - 교차로부근,승용,여,50세,상해없음,승용,여,54세,중상
2012012600100206,2012년 1월 26일 12시,목요일,부산광역시 사상구 감전동,경상사고,0,0,1,0,차대차 - 기타,교차로운행방법위반,건조,맑음,교차로 - 교차로안,화물,남,42세,상해없음,승용,남,39세,경상
2012012600100241,2012년 1월 26일 13시,목요일,부산광역시 남구 문현동,경상사고,0,0,2,0,차대차 - 기타,직진우회전진행방해,건조,맑음,교차로 - 교차로안,승용,남,59세,상해없음,승용,남,48세,경상
2012012600100272,2012년 1월 26일 14시,목요일,부산광역시 사하구 장림동,경상사고,0,0,1,0,차대차 - 측면직각충돌,교차로운행방법위반,건조,맑음,단일로 - 기타,승용,여,29세,상해없음,화물,남,53세,경상
2012012600100273,2012년 1월 26일 14시,목요일,부산광역시 연제구 거제동,경상사고,0,0,1,0,차대차 - 추돌 - 진행중,안전운전불이행,건조,맑음,교차로 - 교차로안,승용,여,46세,상해없음,화물,남,27세,경상
2012012600100305,2012년 1월 26일 15시,목요일,부산광역시 동래구 온천동,중상사고,0,1,0,0,차대사람 - 횡단중,안전운전불이행,건조,맑음,단일로 - 횡단보도부근,승합,남,75세,상해없음,보행자,여,49세,중상
2012012600100342,2012년 1월 26일 16시,목요일,부산광역시 수영구 민락동,중상사고,0,2,2,0,차대차 - 측면직각충돌,직진우회전진행방해,건조,맑음,교차로 - 교차로안,승용,남,51세,상해없음,승용,여,61세,경상
2012012600100343,2012년 1월 26일 16시,목요일,부산광역시 부산진구 부전동,중상사고,0,1,0,1,차량단독 - 기타,기타,건조,맑음,단일로 - 기타,승합,남,54세,상해없음,,,,
2012012600100376,2012년 1월 26일 17시,목요일,부산광역시 사상구 모라동,중상사고,0,1,0,0,차대사람 - 기타,안전운전불이행,건조,맑음,단일로 - 횡단보도부근,승용,남,42세,상해없음,보행자,남,56세,중상
2012012600100408,2012년 1월 26일 18시,목요일,부산광역시 해운대구 석대동,중상사고,0,2,1,0,차대차 - 정면충돌,신호위반,건조,맑음,교차로 - 교차로안,화물,남,27세,상해없음,승용,남,26세,중상
2012012600100409,2012년 1월 26일 18시,목요일,부산광역시 사상구 감전동,중상사고,0,1,0,0,차대사람 - 횡단중,신호위반,건조,맑음,단일로 - 횡단보도상,승용,남,59세,상해없음,보행자,여,61세,중상
2012012600100451,2012년 1월 26일 19시,목요일,부산광역시 중구 대청동1가,중상사고,0,3,0,0,차대차 - 측면직각충돌,기타,건조,맑음,교차로 - 교차로부근,승용,남,29세,상해없음,승용,여,23세,중상
2012012600100452,2012년 1월 26일 19시,목요일,부산광역시 해운대구 재송동,경상사고,0,0,1,0,차대사람 - 기타,안전운전불이행,건조,맑음,교차로 - 교차로안,승용,기타불명,기타불명,기타불명,보행자,여,34세,경상
2012012600100453,2012년 1월 26일 19시,목요일,부산광역시 사하구 장림동,중상사고,0,1,0,0,차대차 - 정면충돌,중앙선침범,건조,맑음,단일로 - 기타,승용,여,45세,상해없음,원동기,남,46세,중상
2012012600100492,2012년 1월 26일 20시,목요일,부산광역시 중구 남포동2가,중상사고,0,1,0,0,차대사람 - 차도통행중,안전운전불이행,건조,맑음,단일로 - 기타,승용,남,51세,상해없음,보행자,여,51세,중상
2012012600100493,2012년 1월 26일 20시,목요일,부산광역시 사하구 하단동,중상사고,0,1,0,0,차량단독 - 공작물충돌,안전운전불이행,건조,맑음,단일로 - 기타,원동기,남,15세,상해없음,,,,
2012012600100523,2012년 1월 26일 21시,목요일,부산광역시 해운대구 반송동,중상사고,0,1,0,0,차량단독 - 공작물충돌,안전운전불이행,건조,맑음,교차로 - 교차로부근,승용,남,37세,상해없음,,,,
2012012600100524,2012년 1월 26일 21시,목요일,부산광역시 금정구 금사동,경상사고,0,0,1,0,차대차 - 측면직각충돌,교차로운행방법위반,건조,맑음,교차로 - 교차로안,승용,남,64세,상해없음,승합,남,55세,상해없음
2012012700100003,2012년 1월 27일 00시,금요일,부산광역시 동구 범일동,경상사고,0,0,1,0,차대차 - 기타,안전운전불이행,건조,맑음,교차로 - 교차로부근,화물,남,55세,상해없음,승용,남,57세,경상
2012012700100004,2012년 1월 27일 00시,금요일,부산광역시 사하구 당리동,경상사고,0,0,4,0,차대차 - 측면직각충돌,안전운전불이행,건조,맑음,단일로 - 기타,승용,남,52세,상해없음,승용,남,47세,상해없음
2012012700100050,2012년 1월 27일 03시,금요일,부산광역시 남구 용당동,중상사고,0,1,0,0,차량단독 - 공작물충돌,안전운전불이행,건조,맑음,교차로 - 교차로부근,이륜,남,19세,중상,,,,
2012012700100062,2012년 1월 27일 05시,금요일,부산광역시 해운대구 재송동,중상사고,0,1,0,0,차대사람 - 횡단중,신호위반,건조,맑음,단일로 - 횡단보도상,승용,남,35세,상해없음,보행자,여,41세,중상
2012012700100079,2012년 1월 27일 07시,금요일,부산광역시 강서구 송정동,경상사고,0,0,1,0,차대차 - 측면직각충돌,교차로운행방법위반,건조,맑음,교차로 - 교차로안,승용,남,51세,상해없음,승합,남,42세,상해없음
2012012700100080,2012년 1월 27일 07시,금요일,부산광역시 강서구 봉림동,경상사고,0,0,1,0,차대차 - 측면직각충돌,안전거리미확보,건조,맑음,단일로 - 기타,화물,남,43세,상해없음,승용,남,36세,경상
2012012700100093,2012년 1월 27일 08시,금요일,부산광역시 남구 용호동,경상사고,0,0,1,0,차대사람 - 횡단중,안전운전불이행,건조,맑음,단일로 - 기타,승합,남,57세,상해없음,보행자,여,82세,경상
2012012700100094,2012년 1월 27일 08시,금요일,부산광역시 동래구 온천동,경상사고,0,0,1,0,차량단독 - 기타,기타,건조,맑음,단일로 - 기타,승합,남,59세,상해없음,,,,
2012012700100128,2012년 1월 27일 09시,금요일,부산광역시 해운대구 좌동,경상사고,0,0,1,0,차대차 - 측면직각충돌,기타,건조,맑음,단일로 - 기타,승용,남,24세,상해없음,승용,남,46세,경상
2012012700100129,2012년 1월 27일 09시,금요일,부산광역시 금정구 장전동,경상사고,0,0,1,0,차대사람 - 차도통행중,안전운전불이행,건조,맑음,단일로 - 기타,승합,남,60세,상해없음,보행자,여,48세,경상
2012012700100171,2012년 1월 27일 11시,금요일,부산광역시 북구 화명동,중상사고,0,1,0,0,차대차 - 정면충돌,신호위반,건조,맑음,교차로 - 교차로안,승용,남,40세,상해없음,원동기,남,41세,중상
2012012700100172,2012년 1월 27일 11시,금요일,부산광역시 금정구 부곡동,경상사고,0,0,1,0,차대사람 - 차도통행중,안전운전불이행,건조,맑음,교차로 - 교차로안,승용,남,28세,상해없음,보행자,남,16세,경상
2012012700100201,2012년 1월 27일 12시,금요일,부산광역시 중구 영주동,경상사고,0,0,1,0,차대차 - 측면직각충돌,신호위반,건조,맑음,교차로 - 교차로안,승용,여,51세,상해없음,승용,남,52세,경상
2012012700100202,2012년 1월 27일 12시,금요일,부산광역시 사하구 장림동,중상사고,0,1,0,0,차대차 - 측면직각충돌,차로위반,건조,맑음,단일로 - 기타,승용,여,46세,상해없음,이륜,남,17세,중상
2012012700100203,2012년 1월 27일 12시,금요일,부산광역시 강서구 명지동,중상사고,0,3,1,0,차대차 - 기타,교차로운행방법위반,건조,맑음,교차로 - 교차로부근,기타불명,기타불명,기타불명,기타불명,화물,남,38세,중상
2012012700100332,2012년 1월 27일 16시,금요일,부산광역시 부산진구 부전동,경상사고,0,0,1,0,차대사람 - 기타,안전운전불이행,건조,맑음,교차로 - 교차로부근,화물,남,58세,상해없음,보행자,여,81세,경상
2012012700100389,2012년 1월 27일 18시,금요일,부산광역시 남구 대연동,중상사고,0,1,0,0,차대사람 - 기타,안전운전불이행,건조,맑음,교차로 - 교차로부근,승용,남,48세,상해없음,보행자,여,70세,중상
2012012700100390,2012년 1월 27일 18시,금요일,부산광역시 수영구 광안동,중상사고,0,1,0,0,차대사람 - 차도통행중,안전운전불이행,건조,맑음,교차로 - 교차로안,승용,남,43세,상해없음,보행자,남,44세,중상
2012012700100391,2012년 1월 27일 18시,금요일,부산광역시 기장군 기장읍,경상사고,0,0,2,0,차대차 - 측면직각충돌,신호위반,건조,맑음,교차로 - 교차로안,승용,여,64세,상해없음,승용,여,59세,경상
2012012700100437,2012년 1월 27일 19시,금요일,부산광역시 부산진구 개금동,중상사고,0,1,1,0,차대차 - 추돌 - 주정차중,안전운전불이행,건조,맑음,단일로 - 기타,승용,남,38세,상해없음,승용,남,54세,경상
2012012700100438,2012년 1월 27일 19시,금요일,부산광역시 사상구 모라동,중상사고,0,1,0,0,차대차 - 측면직각충돌,안전운전불이행,건조,맑음,단일로 - 기타,특수,남,63세,상해없음,승용,여,52세,중상
2012012700100480,2012년 1월 27일 20시,금요일,부산광역시 북구 덕천동,경상사고,0,0,1,0,차대차 - 측면직각충돌,안전운전불이행,건조,맑음,기타 - 기타,승용,남,51세,상해없음,승용,여,45세,경상
2012012700100511,2012년 1월 27일 21시,금요일,부산광역시 기장군 장안읍,부상신고사고,0,0,0,1,차량단독 - 전도전복,안전운전불이행,건조,맑음,교차로 - 교차로부근,화물,남,49세,부상신고,,,,
2012012700100542,2012년 1월 27일 22시,금요일,부산광역시 동래구 명장동,경상사고,0,0,1,0,차대차 - 추돌 - 주정차중,안전운전불이행,건조,맑음,단일로 - 기타,화물,남,47세,상해없음,승용,남,38세,경상
2012012700100575,2012년 1월 27일 23시,금요일,부산광역시 사하구 괴정동,경상사고,0,0,2,1,차대차 - 추돌 - 진행중,안전운전불이행,건조,맑음,단일로 - 횡단보도부근,승용,남,39세,상해없음,승용,남,56세,부상신고
2012012800100008,2012년 1월 28일 00시,토요일,부산광역시 서구 충무동1가,중상사고,0,1,0,0,차대사람 - 기타,안전운전불이행,건조,맑음,단일로 - 기타,승용,남,62세,상해없음,보행자,여,42세,중상
2012012800100009,2012년 1월 28일 00시,토요일,부산광역시 북구 만덕동,경상사고,0,0,2,0,차대차 - 측면직각충돌,안전운전불이행,건조,맑음,기타 - 기타,승합,여,47세,상해없음,승용,남,25세,경상
2012012800100010,2012년 1월 28일 00시,토요일,부산광역시 해운대구 좌동,중상사고,0,1,0,0,차대차 - 측면직각충돌,신호위반,건조,맑음,교차로 - 교차로안,승용,남,52세,상해없음,승용,여,32세,중상
2012012800100011,2012년 1월 28일 00시,토요일,부산광역시 연제구 연산동,경상사고,0,0,1,0,차대차 - 추돌 - 진행중,안전운전불이행,건조,맑음,교차로 - 교차로부근,승용,남,21세,상해없음,승용,남,28세,경상
2012012800100012,2012년 1월 28일 00시,토요일,부산광역시 사상구 모라동,중상사고,0,1,0,0,차대사람 - 기타,안전운전불이행,건조,맑음,단일로 - 기타,승용,남,52세,상해없음,보행자,남,53세,중상
2012012800100038,2012년 1월 28일 01시,토요일,부산광역시 동래구 온천동,경상사고,0,0,2,0,차대차 - 측면직각충돌,안전거리미확보,건조,맑음,단일로 - 기타,승용,남,19세,상해없음,승용,남,44세,경상
2012012800100039,2012년 1월 28일 01시,토요일,부산광역시 해운대구 우동,사망사고,1,8,2,0,차대차 - 정면충돌,중앙선침범,건조,흐림,단일로 - 기타,승용,남,30세,사망,화물,남,20세,중상
2012012800100040,2012년 1월 28일 01시,토요일,부산광역시 부산진구 부전동,중상사고,0,1,3,0,차대차 - 정면충돌,중앙선침범,건조,맑음,단일로 - 기타,승용,남,65세,상해없음,승용,남,23세,경상
2012012800100113,2012년 1월 28일 06시,토요일,부산광역시 동구 수정동,중상사고,0,1,0,0,차대사람 - 횡단중,안전운전불이행,건조,흐림,단일로 - 기타,승합,남,51세,상해없음,보행자,남,41세,중상
2012012800100114,2012년 1월 28일 06시,토요일,부산광역시 북구 덕천동,중상사고,0,1,0,0,차대사람 - 횡단중,신호위반,건조,맑음,단일로 - 기타,건설기계,남,36세,상해없음,보행자,남,22세,중상
2012012800100115,2012년 1월 28일 06시,토요일,부산광역시 사하구 신평동,경상사고,0,0,1,0,차대사람 - 횡단중,안전운전불이행,건조,맑음,교차로 - 교차로부근,승용,남,58세,상해없음,보행자,여,52세,경상
2012012800100168,2012년 1월 28일 09시,토요일,부산광역시 동구 범일동,경상사고,0,0,1,0,차대차 - 측면직각충돌,안전운전불이행,건조,맑음,단일로 - 기타,화물,남,50세,상해없음,승용,남,67세,경상
2012012800100169,2012년 1월 28일 09시,토요일,부산광역시 동래구 낙민동,경상사고,0,0,1,0,차대차 - 측면직각충돌,안전운전불이행,건조,맑음,교차로 - 교차로안,승용,여,44세,상해없음,승용,여,42세,경상
2012012800100185,2012년 1월 28일 10시,토요일,부산광역시 해운대구 중동,중상사고,0,1,0,0,차대차 - 측면직각충돌,중앙선침범,건조,맑음,교차로 - 교차로안,승용,남,45세,기타불명,승용,여,59세,중상
2012012800100212,2012년 1월 28일 11시,토요일,부산광역시 해운대구 우동,경상사고,0,0,2,0,차대차 - 측면직각충돌,교차로운행방법위반,건조,맑음,교차로 - 교차로안,승용,남,71세,상해없음,승용,남,27세,경상
2012012800100255,2012년 1월 28일 13시,토요일,부산광역시 중구 남포동4가,중상사고,0,1,0,0,차대사람 - 길가장자리구역통행중,안전운전불이행,건조,맑음,단일로 - 기타,이륜,남,37세,상해없음,보행자,여,59세,중상
2012012800100256,2012년 1월 28일 13시,토요일,부산광역시 부산진구 범전동,경상사고,0,0,1,0,차대차 - 정면충돌,안전운전불이행,건조,맑음,단일로 - 기타,화물,남,45세,상해없음,화물,여,56세,경상
2012012800100321,2012년 1월 28일 16시,토요일,부산광역시 연제구 연산동,경상사고,0,0,1,0,차대차 - 추돌 - 진행중,안전거리미확보,건조,맑음,교차로 - 교차로안,승용,남,32세,상해없음,승용,남,53세,상해없음
2012012800100322,2012년 1월 28일 16시,토요일,부산광역시 연제구 연산동,경상사고,0,0,2,0,차대차 - 기타,안전운전불이행,건조,맑음,교차로 - 교차로부근,승합,남,47세,상해없음,승용,남,35세,상해없음
2012012800100355,2012년 1월 28일 18시,토요일,부산광역시 금정구 회동동,경상사고,0,0,3,0,차대차 - 추돌 - 진행중,안전거리미확보,건조,맑음,단일로 - 기타,승용,남,31세,경상,승용,남,45세,경상
2012012800100356,2012년 1월 28일 18시,토요일,부산광역시 사하구 하단동,경상사고,0,0,1,0,차대사람 - 횡단중,보행자보호의무위반,건조,맑음,단일로 - 횡단보도상,기타불명,기타불명,기타불명,기타불명,보행자,여,44세,경상
2012012800100388,2012년 1월 28일 19시,토요일,부산광역시 중구 보수동1가,중상사고,0,1,0,0,차대사람 - 횡단중,안전운전불이행,건조,맑음,교차로 - 교차로부근,승용,남,59세,상해없음,보행자,남,72세,중상
2012012800100389,2012년 1월 28일 19시,토요일,부산광역시 동구 범일동,경상사고,0,0,1,0,차대차 - 측면직각충돌,교차로운행방법위반,건조,맑음,교차로 - 교차로안,승용,남,32세,상해없음,승용,여,53세,경상
2012012800100390,2012년 1월 28일 19시,토요일,부산광역시 사하구 하단동,중상사고,0,1,0,0,차대차 - 측면직각충돌,신호위반,건조,맑음,교차로 - 교차로안,승합,남,57세,상해없음,이륜,남,54세,중상
2012012800100414,2012년 1월 28일 20시,토요일,부산광역시 사하구 괴정동,경상사고,0,0,2,0,차대차 - 측면직각충돌,안전거리미확보,건조,맑음,교차로 - 교차로부근,승용,여,27세,상해없음,승용,남,50세,경상
2012012800100437,2012년 1월 28일 21시,토요일,부산광역시 북구 덕천동,중상사고,0,1,3,0,차대차 - 측면직각충돌,안전운전불이행,건조,맑음,교차로 - 교차로안,승용,여,45세,상해없음,승용,남,52세,경상
2012012800100466,2012년 1월 28일 22시,토요일,부산광역시 중구 중앙동2가,중상사고,0,1,0,0,차대사람 - 기타,신호위반,건조,맑음,단일로 - 기타,이륜,남,15세,상해없음,보행자,여,22세,중상
2012012800100481,2012년 1월 28일 23시,토요일,부산광역시 중구 중앙동4가,부상신고사고,0,0,0,1,차대차 - 정면충돌,중앙선침범,건조,맑음,단일로 - 기타,승용,남,29세,상해없음,승용,남,47세,부상신고