사고번호,사고일시,요일,시군구,사고내용,사망자수,중상자수,경상자수,부상신고자수,사고유형,법규위반,노면상태,기상상태,도로형태,가해운전자 차종,가해운전자 성별,가해운전자 연령,가해운전자 상해정도,피해운전자 차종,피해운전자 성별,피해운전자 연령,피해운전자 상해정도
2012012800100482,2012년 1월 28일 23시,토요일,부산광역시 중구 남포동3가,경상사고,0,0,1,1,차대차 - 기타,안전거리미확보,건조,맑음,단일로 - 기타,승용,남,59세,상해없음,승용,남,60세,부상신고
2012012800100483,2012년 1월 28일 23시,토요일,부산광역시 남구 용호동,경상사고,0,0,1,0,차대차 - 정면충돌,신호위반,건조,맑음,교차로 - 교차로안,원동기,남,22세,상해없음,승용,남,53세,경상
2012012800100484,2012년 1월 28일 23시,토요일,부산광역시 남구 대연동,중상사고,0,1,0,0,차대사람 - 기타,안전운전불이행,건조,맑음,단일로 - 기타,이륜,남,26세,상해없음,보행자,남,23세,중상
2012012900100006,2012년 1월 29일 00시,일요일,부산광역시 영도구 봉래동1가,중상사고,0,1,0,0,차대차 - 측면직각충돌,교차로운행방법위반,건조,맑음,교차로 - 교차로안,승용,남,56세,상해없음,승용,남,58세,중상
2012012900100007,2012년 1월 29일 00시,일요일,부산광역시 영도구 대교동1가,경상사고,0,0,1,1,차대차 - 측면직각충돌,안전거리미확보,건조,맑음,교차로 - 교차로부근,승합,남,51세,상해없음,승용,남,47세,상해없음
2012012900100008,2012년 1월 29일 00시,일요일,부산광역시 사상구 괘법동,중상사고,0,1,0,0,차대사람 - 횡단중,안전운전불이행,건조,맑음,단일로 - 기타,승용,남,66세,상해없음,보행자,남,36세,중상
2012012900100031,2012년 1월 29일 01시,일요일,부산광역시 해운대구 반여동,중상사고,0,1,0,0,차대차 - 추돌 - 진행중,안전운전불이행,건조,맑음,단일로 - 기타,승용,남,28세,상해없음,이륜,남,21세,중상
2012012900100032,2012년 1월 29일 01시,일요일,부산광역시 연제구 거제동,경상사고,0,0,1,0,차대차 - 추돌 - 주정차중,안전거리미확보,건조,맑음,단일로 - 기타,승용,여,48세,상해없음,승용,남,41세,상해없음
2012012900100033,2012년 1월 29일 01시,일요일,부산광역시 사상구 감전동,경상사고,0,0,1,0,차대사람 - 횡단중,안전운전불이행,건조,맑음,단일로 - 횡단보도부근,승용,남,58세,상해없음,보행자,남,59세,경상
2012012900100056,2012년 1월 29일 02시,일요일,부산광역시 동래구 명륜동,경상사고,0,0,1,0,차대차 - 추돌 - 주정차중,안전거리미확보,건조,맑음,단일로 - 기타,승용,남,56세,상해없음,승용,남,45세,경상
2012012900100075,2012년 1월 29일 04시,일요일,부산광역시 사하구 당리동,경상사고,0,0,1,0,차대사람 - 기타,안전운전불이행,건조,맑음,단일로 - 기타,기타불명,기타불명,기타불명,기타불명,보행자,여,16세,경상
2012012900100089,2012년 1월 29일 05시,일요일,부산광역시 동래구 안락동,경상사고,0,0,1,0,차대사람 - 횡단중,안전운전불이행,건조,맑음,단일로 - 기타,승용,남,44세,상해없음,보행자,남,46세,경상
2012012900100128,2012년 1월 29일 08시,일요일,부산광역시 사상구 학장동,중상사고,0,1,1,0,차대차 - 추돌 - 진행중,차로위반,건조,맑음,단일로 - 기타,승용,남,31세,중상,특수,남,47세,경상
2012012900100142,2012년 1월 29일 09시,일요일,부산광역시 북구 화명동,경상사고,0,0,2,0,차대차 - 측면직각충돌,신호위반,건조,맑음,교차로 - 교차로안,승용,남,50세,상해없음,승용,남,62세,경상
2012012900100156,2012년 1월 29일 10시,일요일,부산광역시 부산진구 부암동,경상사고,0,0,1,0,차대차 - 추돌 - 주정차중,안전거리미확보,건조,맑음,교차로 - 교차로부근,승용,남,78세,상해없음,승용,남,53세,경상
2012012900100157,2012년 1월 29일 10시,일요일,부산광역시 사상구 감전동,경상사고,0,0,4,1,차대차 - 기타,안전운전불이행,건조,맑음,단일로 - 기타,승용,남,25세,상해없음,승용,남,58세,경상
2012012900100168,2012년 1월 29일 11시,일요일,부산광역시 부산진구 연지동,경상사고,0,0,2,0,차대차 - 추돌 - 주정차중,안전운전불이행,건조,맑음,단일로 - 기타,승용,남,52세,상해없음,승용,남,68세,경상
2012012900100169,2012년 1월 29일 11시,일요일,부산광역시 사상구 엄궁동,중상사고,0,1,1,0,차대차 - 기타,안전운전불이행,건조,맑음,단일로 - 기타,화물,남,34세,상해없음,승용,남,55세,경상
2012012900100170,2012년 1월 29일 11시,일요일,부산광역시 사상구 주례동,경상사고,0,0,1,0,차대차 - 기타,안전운전불이행,건조,맑음,단일로 - 기타,승용,남,49세,상해없음,승용,여,26세,경상
2012012900100187,2012년 1월 29일 12시,일요일,부산광역시 북구 화명동,경상사고,0,0,1,0,차대사람 - 길가장자리구역통행중,안전운전불이행,건조,맑음,단일로 - 기타,원동기,남,47세,상해없음,보행자,여,25세,경상
2012012900100188,2012년 1월 29일 12시,일요일,부산광역시 동래구 온천동,중상사고,0,1,1,0,차대차 - 측면직각충돌,신호위반,건조,맑음,교차로 - 교차로안,이륜,남,32세,중상,승용,여,48세,상해없음
2012012900100222,2012년 1월 29일 14시,일요일,부산광역시 중구 남포동2가,중상사고,0,1,0,0,차대사람 - 차도통행중,안전운전불이행,건조,맑음,단일로 - 기타,승용,남,43세,상해없음,보행자,남,20세,중상
2012012900100223,2012년 1월 29일 14시,일요일,부산광역시 동래구 사직동,경상사고,0,0,1,0,차대차 - 측면직각충돌,직진우회전진행방해,건조,맑음,단일로 - 기타,승용,여,52세,상해없음,승용,남,43세,경상
2012012900100245,2012년 1월 29일 15시,일요일,부산광역시 북구 만덕동,경상사고,0,0,4,0,차대차 - 측면직각충돌,중앙선침범,건조,맑음,교차로 - 교차로부근,승용,남,27세,상해없음,승용,남,56세,경상
2012012900100246,2012년 1월 29일 15시,일요일,부산광역시 동래구 명륜동,중상사고,0,1,0,0,차대사람 - 차도통행중,안전운전불이행,건조,맑음,단일로 - 기타,승합,남,54세,상해없음,보행자,남,78세,중상
2012012900100264,2012년 1월 29일 16시,일요일,부산광역시 영도구 대교동1가,중상사고,0,1,0,0,차량단독 - 기타,기타,건조,맑음,기타 - 기타,승합,남,47세,상해없음,,,,
2012012900100265,2012년 1월 29일 16시,일요일,부산광역시 해운대구 우동,중상사고,0,1,4,0,차대차 - 측면직각충돌,교차로운행방법위반,건조,맑음,교차로 - 교차로안,승용,여,28세,상해없음,승용,남,41세,중상
2012012900100281,2012년 1월 29일 17시,일요일,부산광역시 수영구 광안동,경상사고,0,0,1,0,차대차 - 기타,안전운전불이행,건조,맑음,단일로 - 기타,승용,남,24세,상해없음,자전거,남,65세,경상
2012012900100282,2012년 1월 29일 17시,일요일,부산광역시 동래구 수안동,경상사고,0,0,1,0,차대차 - 측면직각충돌,교차로운행방법위반,건조,맑음,교차로 - 교차로안,승용,여,60세,상해없음,승용,남,35세,상해없음
2012012900100283,2012년 1월 29일 17시,일요일,부산광역시 영도구 남항동1가,중상사고,0,2,3,0,차대차 - 추돌 - 주정차중,안전운전불이행,건조,맑음,단일로 - 교량,화물,남,49세,상해없음,승용,남,28세,상해없음
2012012900100284,2012년 1월 29일 17시,일요일,부산광역시 부산진구 당감동,중상사고,0,1,0,0,차대사람 - 횡단중,안전운전불이행,건조,맑음,단일로 - 기타,승합,남,63세,상해없음,보행자,남,7세,중상
2012012900100285,2012년 1월 29일 17시,일요일,부산광역시 사하구 괴정동,중상사고,0,1,0,0,차대사람 - 횡단중,안전운전불이행,건조,맑음,단일로 - 기타,승용,남,47세,상해없음,보행자,남,6세,중상
2012012900100286,2012년 1월 29일 17시,일요일,부산광역시 연제구 연산동,경상사고,0,0,1,0,차대차 - 추돌 - 진행중,차로위반,건조,맑음,단일로 - 기타,승용,남,33세,상해없음,승용,남,31세,경상
2012012900100306,2012년 1월 29일 18시,일요일,부산광역시 동구 좌천동,중상사고,0,3,0,0,차대차 - 측면직각충돌,안전거리미확보,건조,맑음,단일로 - 기타,승용,남,65세,중상,승용,남,35세,중상
2012012900100307,2012년 1월 29일 18시,일요일,부산광역시 북구 화명동,경상사고,0,0,1,0,차대사람 - 횡단중,신호위반,건조,맑음,교차로 - 교차로부근,승용,남,60세,상해없음,보행자,여,70세,경상
2012012900100308,2012년 1월 29일 18시,일요일,부산광역시 북구 금곡동,경상사고,0,0,3,0,차대차 - 추돌 - 주정차중,안전운전불이행,건조,맑음,교차로 - 교차로부근,화물,남,45세,상해없음,승용,남,50세,경상
2012012900100309,2012년 1월 29일 18시,일요일,부산광역시 동래구 안락동,부상신고사고,0,0,0,1,차대차 - 추돌 - 진행중,안전운전불이행,건조,맑음,단일로 - 기타,이륜,남,17세,부상신고,승용,남,57세,상해없음
2012012900100310,2012년 1월 29일 18시,일요일,부산광역시 해운대구 재송동,중상사고,0,1,3,0,차대차 - 추돌 - 진행중,신호위반,건조,맑음,교차로 - 교차로안,승용,남,33세,상해없음,승용,여,49세,중상
2012012900100385,2012년 1월 29일 21시,일요일,부산광역시 북구 구포동,경상사고,0,0,1,0,차대차 - 측면직각충돌,신호위반,건조,맑음,교차로 - 교차로안,승용,남,50세,상해없음,원동기,남,18세,경상
2012012900100386,2012년 1월 29일 21시,일요일,부산광역시 사상구 주례동,경상사고,0,0,1,0,차대차 - 측면직각충돌,안전운전불이행,건조,맑음,교차로 - 교차로안,승용,여,32세,상해없음,승용,남,40세,경상
2012012900100411,2012년 1월 29일 22시,일요일,부산광역시 수영구 남천동,중상사고,0,1,2,0,차대차 - 측면직각충돌,신호위반,건조,맑음,교차로 - 교차로안,승용,여,27세,중상,승용,여,50세,경상
2012012900100412,2012년 1월 29일 22시,일요일,부산광역시 부산진구 부전동,중상사고,0,1,0,0,차대사람 - 기타,신호위반,건조,맑음,단일로 - 기타,승용,기타불명,기타불명,기타불명,보행자,여,31세,중상
2012012900100429,2012년 1월 29일 23시,일요일,부산광역시 연제구 연산동,경상사고,0,0,1,0,차대차 - 측면직각충돌,안전거리미확보,건조,맑음,단일로 - 기타,승용,남,58세,상해없음,승용,남,31세,경상
2012013000100010,2012년 1월 30일 01시,월요일,부산광역시 북구 금곡동,부상신고사고,0,0,0,1,차대사람 - 차도통행중,안전운전불이행,건조,맑음,기타 - 기타,기타불명,기타불명,기타불명,기타불명,보행자,남,54세,부상신고
2012013000100017,2012년 1월 30일 02시,월요일,부산광역시 사하구 신평동,경상사고,0,0,2,0,차대차 - 추돌 - 진행중,신호위반,건조,맑음,교차로 - 교차로안,승용,남,58세,상해없음,승용,여,27세,경상
2012013000100029,2012년 1월 30일 03시,월요일,부산광역시 수영구 남천동,경상사고,0,0,1,0,차량단독 - 공작물충돌,안전운전불이행,건조,맑음,단일로 - 기타,승용,남,48세,경상,,,,
2012013000100030,2012년 1월 30일 03시,월요일,부산광역시 강서구 대저1동,부상신고사고,0,0,0,1,차대차 - 추돌 - 진행중,안전운전불이행,건조,맑음,단일로 - 교량,승용,남,31세,상해없음,건설기계,남,52세,부상신고
2012013000100045,2012년 1월 30일 06시,월요일,부산광역시 부산진구 부전동,중상사고,0,1,0,0,차대차 - 측면직각충돌,안전운전불이행,건조,맑음,교차로 - 교차로안,승용,남,53세,상해없음,이륜,남,52세,중상
2012013000100056,2012년 1월 30일 07시,월요일,부산광역시 서구 서대신동2가,중상사고,0,1,0,0,차량단독 - 기타,기타,기타,맑음,단일로 - 기타,승합,남,55세,상해없음,,,,
2012013000100078,2012년 1월 30일 08시,월요일,부산광역시 동래구 온천동,경상사고,0,0,1,0,차대차 - 추돌 - 진행중,안전거리미확보,건조,맑음,단일로 - 터널,승용,남,30세,상해없음,승용,남,34세,경상
2012013000100079,2012년 1월 30일 08시,월요일,부산광역시 연제구 거제동,중상사고,0,1,0,0,차대사람 - 길가장자리구역통행중,안전운전불이행,건조,맑음,단일로 - 횡단보도상,승용,여,30세,상해없음,보행자,여,58세,중상
2012013000100109,2012년 1월 30일 09시,월요일,부산광역시 사하구 하단동,경상사고,0,0,1,0,차대차 - 측면직각충돌,신호위반,건조,맑음,교차로 - 교차로안,승용,남,28세,상해없음,승용,여,32세,경상
2012013000100110,2012년 1월 30일 09시,월요일,부산광역시 사상구 모라동,경상사고,0,0,2,0,차대차 - 기타,안전운전불이행,건조,맑음,단일로 - 기타,승용,여,33세,상해없음,승용,남,29세,경상
2012013000100156,2012년 1월 30일 11시,월요일,부산광역시 사상구 괘법동,경상사고,0,0,1,0,차대차 - 측면직각충돌,안전운전불이행,건조,맑음,단일로 - 기타,화물,남,38세,상해없음,승용,여,25세,경상
2012013000100205,2012년 1월 30일 13시,월요일,부산광역시 서구 암남동,중상사고,0,1,0,0,차대사람 - 횡단중,안전운전불이행,기타,맑음,단일로 - 횡단보도상,승용,남,59세,상해없음,보행자,남,8세,중상
2012013000100206,2012년 1월 30일 13시,월요일,부산광역시 수영구 광안동,중상사고,0,1,0,0,차대사람 - 기타,안전운전불이행,건조,맑음,단일로 - 기타,승용,남,53세,상해없음,보행자,여,63세,중상
2012013000100207,2012년 1월 30일 13시,월요일,부산광역시 동래구 온천동,중상사고,0,1,0,0,차대차 - 측면직각충돌,안전운전불이행,건조,맑음,교차로 - 교차로안,승용,남,34세,상해없음,이륜,남,20세,중상
2012013000100208,2012년 1월 30일 13시,월요일,부산광역시 부산진구 범천동,경상사고,0,0,1,0,차대사람 - 횡단중,보행자보호의무위반,건조,맑음,단일로 - 횡단보도상,화물,남,43세,상해없음,보행자,남,43세,경상
2012013000100209,2012년 1월 30일 13시,월요일,부산광역시 금정구 부곡동,경상사고,0,0,1,0,차대사람 - 길가장자리구역통행중,안전운전불이행,건조,맑음,단일로 - 기타,승용,여,18세,상해없음,보행자,여,12세,경상
2012013000100233,2012년 1월 30일 14시,월요일,부산광역시 금정구 장전동,중상사고,0,1,0,0,차대사람 - 횡단중,안전운전불이행,건조,맑음,단일로 - 기타,승용,여,58세,상해없음,보행자,여,34세,중상
2012013000100234,2012년 1월 30일 14시,월요일,부산광역시 사상구 학장동,경상사고,0,0,1,0,차대차 - 측면직각충돌,안전거리미확보,건조,맑음,단일로 - 기타,승용,남,53세,경상,특수,남,44세,상해없음
2012013000100313,2012년 1월 30일 17시,월요일,부산광역시 해운대구 반여동,중상사고,0,1,0,0,차대사람 - 횡단중,안전운전불이행,건조,맑음,단일로 - 기타,승용,여,26세,상해없음,보행자,여,13세,중상
2012013000100314,2012년 1월 30일 17시,월요일,부산광역시 금정구 장전동,경상사고,0,0,1,0,차대사람 - 기타,안전운전불이행,건조,맑음,단일로 - 기타,승용,남,31세,상해없음,보행자,남,26세,경상
2012013000100315,2012년 1월 30일 17시,월요일,부산광역시 사하구 하단동,중상사고,0,1,0,0,차대차 - 추돌 - 진행중,불법유턴,건조,맑음,단일로 - 기타,승용,남,53세,상해없음,이륜,남,17세,중상
2012013000100316,2012년 1월 30일 17시,월요일,부산광역시 강서구 명지동,경상사고,0,0,1,0,차대차 - 측면직각충돌,안전거리미확보,건조,맑음,단일로 - 기타,특수,남,47세,상해없음,화물,남,21세,경상
2012013000100342,2012년 1월 30일 18시,월요일,부산광역시 연제구 연산동,중상사고,0,1,0,0,차대차 - 추돌 - 진행중,안전운전불이행,건조,맑음,단일로 - 기타,승용,남,45세,상해없음,승용,여,33세,중상
2012013000100343,2012년 1월 30일 18시,월요일,부산광역시 연제구 연산동,경상사고,0,0,1,0,차대차 - 기타,안전거리미확보,건조,맑음,교차로 - 교차로부근,승용,여,32세,상해없음,승합,남,58세,경상
2012013000100383,2012년 1월 30일 19시,월요일,부산광역시 동구 초량동,경상사고,0,0,1,0,차대사람 - 차도통행중,안전운전불이행,건조,맑음,단일로 - 기타,원동기,남,17세,상해없음,보행자,여,38세,경상
2012013000100384,2012년 1월 30일 19시,월요일,부산광역시 서구 부민동1가,경상사고,0,0,2,0,차대차 - 추돌 - 진행중,신호위반,건조,맑음,교차로 - 교차로안,승용,남,59세,상해없음,승용,남,25세,경상
2012013000100415,2012년 1월 30일 20시,월요일,부산광역시 서구 충무동1가,경상사고,0,0,3,0,차대차 - 추돌 - 진행중,안전운전불이행,건조,맑음,단일로 - 기타,화물,남,68세,기타불명,승용,남,59세,경상
2012013000100416,2012년 1월 30일 20시,월요일,부산광역시 연제구 연산동,경상사고,0,0,2,0,차대차 - 추돌 - 주정차중,안전운전불이행,건조,맑음,교차로 - 교차로부근,화물,남,41세,상해없음,승용,남,58세,경상
2012013000100439,2012년 1월 30일 21시,월요일,부산광역시 동구 초량동,경상사고,0,0,1,0,차대사람 - 횡단중,보행자보호의무위반,건조,맑음,단일로 - 횡단보도상,승합,남,48세,상해없음,보행자,여,17세,경상
2012013000100440,2012년 1월 30일 21시,월요일,부산광역시 남구 문현동,경상사고,0,0,1,0,차대차 - 측면직각충돌,교차로운행방법위반,건조,맑음,교차로 - 교차로안,원동기,남,48세,경상,승용,여,29세,상해없음
2012013000100441,2012년 1월 30일 21시,월요일,부산광역시 수영구 수영동,경상사고,0,0,1,0,차대사람 - 차도통행중,안전운전불이행,건조,맑음,단일로 - 기타,승용,남,43세,상해없음,보행자,남,32세,경상
2012013000100458,2012년 1월 30일 22시,월요일,부산광역시 수영구 광안동,중상사고,0,1,0,0,차대차 - 기타,교차로운행방법위반,건조,맑음,교차로 - 교차로안,승용,남,42세,상해없음,이륜,남,16세,상해없음
2012013000100459,2012년 1월 30일 22시,월요일,부산광역시 사하구 하단동,중상사고,0,1,0,0,차대차 - 추돌 - 진행중,안전거리미확보,건조,맑음,단일로 - 기타,화물,남,31세,상해없음,승용,남,56세,중상
2012013100100025,2012년 1월 31일 01시,화요일,부산광역시 해운대구 중동,중상사고,0,1,0,0,차대차 - 추돌 - 주정차중,안전운전불이행,건조,맑음,단일로 - 기타,승용,여,34세,중상,원동기,남,58세,기타불명
2012013100100038,2012년 1월 31일 02시,화요일,부산광역시 사하구 장림동,경상사고,0,0,2,0,차대차 - 추돌 - 진행중,안전거리미확보,건조,맑음,교차로 - 교차로부근,승용,남,38세,상해없음,승용,남,42세,경상
2012013100100055,2012년 1월 31일 04시,화요일,부산광역시 사상구 엄궁동,중상사고,0,1,0,0,차대차 - 추돌 - 진행중,신호위반,건조,맑음,교차로 - 교차로안,승용,남,60세,상해없음,이륜,남,55세,중상
2012013100100086,2012년 1월 31일 07시,화요일,부산광역시 사하구 하단동,경상사고,0,0,1,0,차대차 - 측면직각충돌,안전거리미확보,건조,맑음,교차로 - 교차로부근,승용,여,49세,상해없음,승용,여,25세,경상
2012013100100107,2012년 1월 31일 08시,화요일,부산광역시 동구 초량동,부상신고사고,0,0,0,4,차대차 - 측면직각충돌,직진우회전진행방해,건조,맑음,교차로 - 교차로안,승용,남,56세,상해없음,승용,남,63세,부상신고
2012013100100172,2012년 1월 31일 11시,화요일,부산광역시 동래구 온천동,중상사고,0,1,0,0,차대차 - 측면직각충돌,교차로운행방법위반,건조,맑음,교차로 - 교차로안,승용,여,36세,상해없음,원동기,남,35세,중상
2012013100100173,2012년 1월 31일 11시,화요일,부산광역시 부산진구 부전동,중상사고,0,1,1,0,차대차 - 기타,안전운전불이행,건조,맑음,단일로 - 기타,승용,남,62세,상해없음,승합,남,46세,상해없음
2012013100100194,2012년 1월 31일 12시,화요일,부산광역시 동구 초량동,중상사고,0,1,0,0,차대사람 - 기타,안전운전불이행,건조,맑음,단일로 - 기타,승용,여,50세,상해없음,보행자,여,47세,중상
2012013100100210,2012년 1월 31일 13시,화요일,부산광역시 금정구 부곡동,경상사고,0,0,1,0,차대차 - 추돌 - 진행중,신호위반,건조,맑음,교차로 - 교차로안,화물,남,61세,상해없음,원동기,남,35세,경상
2012013100100234,2012년 1월 31일 14시,화요일,부산광역시 기장군 일광면,중상사고,0,2,0,0,차대차 - 추돌 - 주정차중,안전거리미확보,건조,맑음,단일로 - 기타,승용,남,71세,상해없음,승용,여,24세,중상
2012013100100268,2012년 1월 31일 15시,화요일,부산광역시 동래구 온천동,중상사고,0,1,0,0,차대사람 - 횡단중,안전운전불이행,건조,맑음,교차로 - 교차로부근,승용,남,67세,상해없음,보행자,여,69세,중상
2012013100100293,2012년 1월 31일 16시,화요일,부산광역시 동래구 온천동,경상사고,0,0,1,0,차대차 - 측면직각충돌,안전운전불이행,건조,맑음,단일로 - 기타,원동기,남,39세,상해없음,승용,남,30세,경상
2012013100100294,2012년 1월 31일 16시,화요일,부산광역시 금정구 금사동,중상사고,0,1,0,0,차대사람 - 차도통행중,안전운전불이행,건조,맑음,단일로 - 횡단보도부근,승용,남,36세,상해없음,보행자,남,69세,중상
2012013100100348,2012년 1월 31일 17시,화요일,부산광역시 해운대구 반여동,경상사고,0,0,1,0,차대차 - 추돌 - 주정차중,안전운전불이행,건조,기타,단일로 - 기타,승용,남,36세,상해없음,승용,남,27세,경상
2012013100100349,2012년 1월 31일 17시,화요일,부산광역시 금정구 장전동,경상사고,0,0,3,0,차대차 - 측면직각충돌,안전운전불이행,건조,맑음,교차로 - 교차로안,승용,남,28세,상해없음,승합,남,60세,상해없음
2012013100100350,2012년 1월 31일 17시,화요일,부산광역시 기장군 정관면,중상사고,0,3,0,0,차대차 - 측면직각충돌,안전운전불이행,건조,맑음,단일로 - 기타,승용,남,49세,상해없음,승용,여,34세,중상
2012013100100394,2012년 1월 31일 18시,화요일,부산광역시 부산진구 양정동,경상사고,0,0,1,0,차대차 - 측면직각충돌,중앙선침범,건조,맑음,단일로 - 기타,승용,남,22세,상해없음,이륜,남,18세,경상
2012013100100395,2012년 1월 31일 18시,화요일,부산광역시 사하구 감천동,부상신고사고,0,0,0,1,차대차 - 기타,기타,건조,맑음,단일로 - 기타,화물,남,41세,상해없음,승용,남,41세,상해없음
2012013100100396,2012년 1월 31일 18시,화요일,부산광역시 강서구 송정동,중상사고,0,1,0,0,차대차 - 기타,교차로운행방법위반,건조,맑음,교차로 - 교차로안,특수,남,56세,상해없음,승용,남,42세,중상
2012013100100397,2012년 1월 31일 18시,화요일,부산광역시 기장군 기장읍,사망사고,1,0,0,0,차대사람 - 횡단중,안전운전불이행,건조,맑음,단일로 - 횡단보도부근,승합,남,79세,상해없음,보행자,남,70세,사망
2012013100100435,2012년 1월 31일 19시,화요일,부산광역시 남구 대연동,경상사고,0,0,2,0,차대차 - 측면직각충돌,안전거리미확보,습기,흐림,단일로 - 기타,승용,남,53세,상해없음,승합,남,58세,경상
2012013100100436,2012년 1월 31일 19시,화요일,부산광역시 동래구 안락동,경상사고,0,0,1,0,차대차 - 측면직각충돌,신호위반,건조,맑음,교차로 - 교차로안,승용,남,62세,상해없음,원동기,남,19세,경상
2012013100100437,2012년 1월 31일 19시,화요일,부산광역시 부산진구 부전동,중상사고,0,1,0,0,차대사람 - 횡단중,안전운전불이행,건조,흐림,단일로 - 기타,승용,여,36세,상해없음,보행자,여,49세,중상
2012013100100438,2012년 1월 31일 19시,화요일,부산광역시 사하구 하단동,경상사고,0,0,8,0,차대차 - 추돌 - 주정차중,안전운전불이행,건조,흐림,단일로 - 기타,승용,남,72세,상해없음,승용,남,43세,경상
2012013100100470,2012년 1월 31일 20시,화요일,부산광역시 서구 남부민동,경상사고,0,0,3,0,차대차 - 정면충돌,중앙선침범,습기,비,단일로 - 기타,승용,남,23세,상해없음,승용,여,36세,경상
2012013100100472,2012년 1월 31일 20시,화요일,부산광역시 금정구 서동,경상사고,0,0,1,0,차대차 - 측면직각충돌,안전거리미확보,건조,맑음,단일로 - 기타,승용,남,25세,상해없음,원동기,남,26세,경상
2012013100100508,2012년 1월 31일 21시,화요일,부산광역시 영도구 동삼동,중상사고,0,1,0,0,차대차 - 기타,안전운전불이행,건조,맑음,기타 - 기타,승용,남,35세,상해없음,원동기,남,40세,중상
2012013100100509,2012년 1월 31일 21시,화요일,부산광역시 해운대구 재송동,중상사고,0,1,0,0,차대차 - 측면직각충돌,신호위반,습기,흐림,교차로 - 교차로안,승용,남,40세,상해없음,승용,남,70세,중상
2012013100100510,2012년 1월 31일 21시,화요일,부산광역시 사하구 당리동,경상사고,0,0,1,0,차대차 - 기타,안전거리미확보,건조,맑음,단일로 - 기타,승용,남,44세,상해없음,이륜,남,27세,경상
2012013100100511,2012년 1월 31일 21시,화요일,부산광역시 사하구 다대동,경상사고,0,0,1,0,차대차 - 추돌 - 주정차중,안전운전불이행,건조,흐림,단일로 - 기타,승용,남,29세,상해없음,승용,여,30세,경상
2012013100100512,2012년 1월 31일 21시,화요일,부산광역시 사하구 다대동,부상신고사고,0,0,0,1,차대차 - 추돌 - 주정차중,안전운전불이행,건조,맑음,단일로 - 횡단보도부근,승용,남,38세,상해없음,승용,여,51세,부상신고
2012013100100550,2012년 1월 31일 22시,화요일,부산광역시 사상구 주례동,중상사고,0,1,0,0,차대차 - 측면직각충돌,안전운전불이행,건조,맑음,단일로 - 기타,자전거,여,44세,중상,승용,남,28세,상해없음
2012013100100580,2012년 1월 31일 23시,화요일,부산광역시 동구 좌천동,부상신고사고,0,0,0,1,차대차 - 측면직각충돌,중앙선침범,건조,맑음,교차로 - 교차로안,이륜,남,45세,부상신고,승용,남,64세,상해없음
2012013100100581,2012년 1월 31일 23시,화요일,부산광역시 사상구 감전동,경상사고,0,0,3,1,차대차 - 추돌 - 주정차중,안전운전불이행,건조,맑음,교차로 - 교차로부근,승용,남,31세,상해없음,승용,남,58세,경상
2012020100100032,2012년 2월 1일 01시,수요일,부산광역시 사상구 삼락동,부상신고사고,0,0,0,1,차대차 - 측면직각충돌,안전거리미확보,건조,맑음,단일로 - 기타,이륜,남,23세,부상신고,승용,남,53세,상해없음
2012020100100071,2012년 2월 1일 05시,수요일,부산광역시 기장군 기장읍,중상사고,0,1,2,0,차대차 - 측면직각충돌,교차로운행방법위반,건조,맑음,단일로 - 기타,승용,여,53세,상해없음,승용,남,66세,경상
2012020100100078,2012년 2월 1일 06시,수요일,부산광역시 중구 남포동5가,중상사고,0,1,0,0,차대사람 - 차도통행중,안전운전불이행,건조,맑음,단일로 - 기타,화물,남,48세,기타불명,보행자,여,71세,중상
2012020100100079,2012년 2월 1일 06시,수요일,부산광역시 남구 우암동,사망사고,1,0,0,0,차대사람 - 횡단중,안전운전불이행,건조,맑음,단일로 - 횡단보도상,승용,남,41세,상해없음,보행자,남,73세,사망
2012020100100080,2012년 2월 1일 06시,수요일,부산광역시 연제구 연산동,중상사고,0,1,0,0,차대차 - 측면직각충돌,신호위반,건조,맑음,교차로 - 교차로안,승용,남,49세,상해없음,승용,여,52세,중상
2012020100100099,2012년 2월 1일 08시,수요일,부산광역시 서구 남부민동,중상사고,0,1,0,0,차대차 - 추돌 - 진행중,안전거리미확보,건조,맑음,단일로 - 기타,승합,남,27세,상해없음,이륜,남,34세,중상
2012020100100100,2012년 2월 1일 08시,수요일,부산광역시 수영구 남천동,부상신고사고,0,0,0,2,차대차 - 추돌 - 진행중,안전거리미확보,건조,맑음,단일로 - 횡단보도부근,승용,남,26세,상해없음,승용,남,26세,부상신고
2012020100100101,2012년 2월 1일 08시,수요일,부산광역시 사하구 장림동,경상사고,0,0,2,0,차대차 - 추돌 - 진행중,안전운전불이행,건조,맑음,단일로 - 기타,승합,남,74세,상해없음,승용,여,37세,경상
2012020100100126,2012년 2월 1일 09시,수요일,부산광역시 중구 보수동1가,경상사고,0,0,1,0,차대차 - 측면직각충돌,안전운전불이행,건조,맑음,교차로 - 교차로부근,이륜,남,75세,경상,승용,여,50세,상해없음
2012020100100200,2012년 2월 1일 11시,수요일,부산광역시 부산진구 개금동,사망사고,1,0,0,0,차대사람 - 보도통행중,기타,건조,맑음,단일로 - 기타,화물,남,52세,상해없음,보행자,여,40세,사망
2012020100100201,2012년 2월 1일 11시,수요일,부산광역시 사하구 감천동,중상사고,0,1,0,0,차대사람 - 횡단중,보행자보호의무위반,건조,맑음,교차로 - 교차로부근,기타불명,기타불명,기타불명,기타불명,보행자,남,11세,중상