사고번호,사고일시,요일,시군구,사고내용,사망자수,중상자수,경상자수,부상신고자수,사고유형,법규위반,노면상태,기상상태,도로형태,가해운전자 차종,가해운전자 성별,가해운전자 연령,가해운전자 상해정도,피해운전자 차종,피해운전자 성별,피해운전자 연령,피해운전자 상해정도
2012020700100331,2012년 2월 7일 16시,화요일,부산광역시 해운대구 송정동,중상사고,0,1,0,0,차대차 - 추돌 - 진행중,안전운전불이행,건조,맑음,단일로 - 터널,승용,여,68세,상해없음,자전거,남,75세,중상
2012020700100332,2012년 2월 7일 16시,화요일,부산광역시 부산진구 부전동,경상사고,0,0,1,0,차대사람 - 횡단중,안전운전불이행,건조,맑음,단일로 - 기타,승용,남,34세,상해없음,보행자,남,53세,경상
2012020700100333,2012년 2월 7일 16시,화요일,부산광역시 수영구 망미동,경상사고,0,0,1,0,차대차 - 측면직각충돌,안전거리미확보,기타,맑음,단일로 - 기타,승용,남,53세,경상,승용,남,31세,상해없음
2012020700100432,2012년 2월 7일 19시,화요일,부산광역시 부산진구 양정동,경상사고,0,0,1,0,차대차 - 추돌 - 진행중,안전운전불이행,건조,맑음,단일로 - 기타,승용,남,36세,상해없음,승용,남,32세,경상
2012020700100433,2012년 2월 7일 19시,화요일,부산광역시 사상구 괘법동,중상사고,0,1,0,0,차대차 - 추돌 - 진행중,차로위반,건조,맑음,단일로 - 기타,승용,남,52세,상해없음,이륜,남,32세,중상
2012020700100498,2012년 2월 7일 21시,화요일,부산광역시 남구 대연동,경상사고,0,0,2,0,차대차 - 기타,직진우회전진행방해,건조,맑음,교차로 - 교차로안,승용,남,46세,경상,승용,여,37세,경상
2012020700100530,2012년 2월 7일 22시,화요일,부산광역시 강서구 송정동,중상사고,0,1,0,0,차대차 - 추돌 - 주정차중,안전운전불이행,건조,맑음,단일로 - 기타,화물,남,39세,상해없음,화물,남,42세,중상
2012020800100031,2012년 2월 8일 02시,수요일,부산광역시 강서구 대저1동,경상사고,0,0,1,0,차대차 - 추돌 - 진행중,안전운전불이행,건조,흐림,단일로 - 기타,승용,남,42세,상해없음,특수,남,42세,경상
2012020800100053,2012년 2월 8일 05시,수요일,부산광역시 수영구 남천동,부상신고사고,0,0,0,2,차대차 - 추돌 - 주정차중,안전운전불이행,건조,맑음,교차로 - 교차로부근,승용,남,30세,상해없음,화물,남,39세,부상신고
2012020800100061,2012년 2월 8일 06시,수요일,부산광역시 부산진구 부전동,부상신고사고,0,0,0,1,차대차 - 추돌 - 진행중,안전거리미확보,기타,기타,단일로 - 기타,화물,남,48세,상해없음,승합,남,48세,상해없음
2012020800100092,2012년 2월 8일 08시,수요일,부산광역시 영도구 영선동1가,중상사고,0,1,0,0,차대사람 - 기타,안전운전불이행,건조,맑음,단일로 - 횡단보도상,승용,남,43세,상해없음,보행자,남,69세,중상
2012020800100093,2012년 2월 8일 08시,수요일,부산광역시 해운대구 우동,경상사고,0,0,1,0,차대차 - 추돌 - 진행중,안전운전불이행,건조,맑음,교차로 - 교차로부근,승용,남,57세,상해없음,승용,여,47세,경상
2012020800100094,2012년 2월 8일 08시,수요일,부산광역시 부산진구 범천동,중상사고,0,1,0,0,차대사람 - 횡단중,안전운전불이행,건조,맑음,단일로 - 기타,승용,남,68세,상해없음,보행자,여,30세,중상
2012020800100124,2012년 2월 8일 09시,수요일,부산광역시 남구 용호동,경상사고,0,0,1,0,차대사람 - 보도통행중,신호위반,건조,맑음,단일로 - 횡단보도상,승용,남,62세,상해없음,보행자,여,45세,경상
2012020800100145,2012년 2월 8일 10시,수요일,부산광역시 북구 화명동,경상사고,0,0,1,0,차대차 - 기타,불법유턴,건조,맑음,기타 - 기타,승용,남,50세,상해없음,승용,여,32세,경상
2012020800100146,2012년 2월 8일 10시,수요일,부산광역시 부산진구 부암동,중상사고,0,1,0,0,차대차 - 추돌 - 주정차중,안전운전불이행,건조,맑음,단일로 - 기타,승용,남,50세,상해없음,화물,남,31세,중상
2012020800100147,2012년 2월 8일 10시,수요일,부산광역시 사하구 감천동,경상사고,0,0,1,0,차대차 - 추돌 - 진행중,안전거리미확보,건조,맑음,교차로 - 교차로부근,승용,남,27세,상해없음,승용,남,61세,경상
2012020800100176,2012년 2월 8일 11시,수요일,부산광역시 남구 문현동,중상사고,0,1,1,1,차대차 - 측면직각충돌,안전거리미확보,건조,맑음,교차로 - 교차로부근,승용,여,52세,부상신고,승용,남,45세,경상
2012020800100177,2012년 2월 8일 11시,수요일,부산광역시 부산진구 가야동,중상사고,0,1,0,0,차대차 - 추돌 - 진행중,안전거리미확보,기타,기타,단일로 - 기타,승용,남,65세,상해없음,승용,남,57세,중상
2012020800100178,2012년 2월 8일 11시,수요일,부산광역시 사하구 장림동,경상사고,0,0,1,0,차대차 - 측면직각충돌,차로위반,건조,맑음,단일로 - 기타,건설기계,남,54세,상해없음,승용,남,34세,경상
2012020800100179,2012년 2월 8일 11시,수요일,부산광역시 연제구 연산동,경상사고,0,0,2,0,차대차 - 추돌 - 진행중,안전거리미확보,건조,맑음,교차로 - 교차로부근,승용,남,59세,상해없음,승용,여,42세,경상
2012020800100180,2012년 2월 8일 11시,수요일,부산광역시 강서구 대저2동,중상사고,0,1,0,0,차대차 - 측면직각충돌,신호위반,건조,맑음,교차로 - 교차로부근,화물,남,43세,상해없음,승용,여,32세,중상
2012020800100207,2012년 2월 8일 12시,수요일,부산광역시 사상구 모라동,중상사고,0,1,0,0,차대사람 - 횡단중,신호위반,건조,맑음,단일로 - 횡단보도상,화물,남,30세,상해없음,보행자,남,56세,중상
2012020800100227,2012년 2월 8일 13시,수요일,부산광역시 부산진구 부전동,경상사고,0,0,1,0,차대차 - 기타,교차로운행방법위반,건조,맑음,단일로 - 기타,원동기,남,39세,상해없음,원동기,남,18세,경상
2012020800100228,2012년 2월 8일 13시,수요일,부산광역시 사상구 감전동,경상사고,0,0,1,0,차대차 - 기타,안전운전불이행,건조,맑음,교차로 - 교차로안,승용,여,53세,상해없음,화물,남,34세,경상
2012020800100258,2012년 2월 8일 14시,수요일,부산광역시 남구 대연동,중상사고,0,1,1,0,차대차 - 기타,안전거리미확보,건조,맑음,단일로 - 기타,승용,남,29세,상해없음,승용,여,31세,중상
2012020800100259,2012년 2월 8일 14시,수요일,부산광역시 동래구 온천동,중상사고,0,1,0,0,차대사람 - 차도통행중,안전운전불이행,건조,맑음,단일로 - 기타,승용,남,40세,상해없음,보행자,남,48세,중상
2012020800100260,2012년 2월 8일 14시,수요일,부산광역시 부산진구 부전동,경상사고,0,0,1,0,차대차 - 추돌 - 진행중,안전운전불이행,건조,맑음,교차로 - 교차로안,승용,남,30세,상해없음,승용,여,42세,경상
2012020800100323,2012년 2월 8일 16시,수요일,부산광역시 북구 금곡동,경상사고,0,0,3,0,차대차 - 추돌 - 주정차중,안전운전불이행,건조,맑음,기타 - 기타,승용,기타불명,기타불명,기타불명,승용,여,59세,경상
2012020800100359,2012년 2월 8일 17시,수요일,부산광역시 금정구 구서동,경상사고,0,0,1,0,차대차 - 측면직각충돌,교차로운행방법위반,건조,맑음,교차로 - 교차로안,승합,남,56세,상해없음,승용,여,41세,경상
2012020800100360,2012년 2월 8일 17시,수요일,부산광역시 강서구 송정동,중상사고,0,1,0,0,차대차 - 정면충돌,안전운전불이행,건조,맑음,교차로 - 교차로안,승용,남,52세,상해없음,이륜,남,48세,중상
2012020800100361,2012년 2월 8일 17시,수요일,부산광역시 기장군 기장읍,중상사고,0,3,0,0,차대차 - 추돌 - 진행중,안전거리미확보,건조,맑음,교차로 - 교차로안,승용,여,45세,중상,승용,남,69세,중상
2012020800100392,2012년 2월 8일 18시,수요일,부산광역시 남구 용호동,경상사고,0,0,1,0,차대차 - 기타,안전거리미확보,건조,맑음,단일로 - 기타,승합,남,61세,상해없음,승용,남,58세,경상
2012020800100393,2012년 2월 8일 18시,수요일,부산광역시 남구 용호동,경상사고,0,0,1,0,차대차 - 기타,안전운전불이행,건조,맑음,단일로 - 기타,화물,남,61세,상해없음,이륜,남,23세,경상
2012020800100394,2012년 2월 8일 18시,수요일,부산광역시 동래구 온천동,중상사고,0,1,0,0,차대사람 - 차도통행중,안전운전불이행,건조,맑음,단일로 - 횡단보도부근,승용,남,53세,상해없음,보행자,남,69세,중상
2012020800100395,2012년 2월 8일 18시,수요일,부산광역시 영도구 영선동3가,중상사고,0,1,0,0,차대사람 - 횡단중,안전운전불이행,건조,맑음,교차로 - 교차로부근,승합,남,54세,상해없음,보행자,여,52세,중상
2012020800100396,2012년 2월 8일 18시,수요일,부산광역시 부산진구 전포동,중상사고,0,1,0,0,차대사람 - 기타,기타,기타,맑음,단일로 - 기타,승합,남,60세,상해없음,보행자,여,9세,중상
2012020800100397,2012년 2월 8일 18시,수요일,부산광역시 금정구 부곡동,중상사고,0,1,0,0,차대차 - 측면직각충돌,안전운전불이행,건조,맑음,교차로 - 교차로부근,화물,남,20세,상해없음,자전거,여,25세,중상
2012020800100447,2012년 2월 8일 19시,수요일,부산광역시 북구 만덕동,경상사고,0,0,1,1,차대차 - 추돌 - 진행중,안전운전불이행,건조,맑음,단일로 - 기타,승용,남,72세,상해없음,승용,여,47세,경상
2012020800100448,2012년 2월 8일 19시,수요일,부산광역시 사하구 장림동,중상사고,0,1,0,0,차대차 - 측면직각충돌,교차로운행방법위반,건조,맑음,교차로 - 교차로안,승용,남,57세,상해없음,원동기,남,16세,중상
2012020800100449,2012년 2월 8일 19시,수요일,부산광역시 연제구 연산동,중상사고,0,1,0,0,차대차 - 정면충돌,중앙선침범,기타,맑음,단일로 - 기타,승용,기타불명,기타불명,기타불명,승용,남,36세,상해없음
2012020800100532,2012년 2월 8일 21시,수요일,부산광역시 해운대구 반여동,중상사고,0,2,0,0,차대차 - 정면충돌,중앙선침범,건조,맑음,단일로 - 기타,승합,남,36세,상해없음,승용,남,58세,중상
2012020800100559,2012년 2월 8일 22시,수요일,부산광역시 강서구 대저1동,중상사고,0,1,0,0,차대차 - 기타,안전운전불이행,건조,맑음,단일로 - 기타,승용,남,56세,상해없음,자전거,남,50세,중상
2012020800100597,2012년 2월 8일 23시,수요일,부산광역시 해운대구 석대동,경상사고,0,0,1,0,차대차 - 정면충돌,중앙선침범,건조,맑음,단일로 - 기타,승용,남,54세,상해없음,승용,남,52세,경상
2012020800100598,2012년 2월 8일 23시,수요일,부산광역시 사하구 장림동,경상사고,0,0,1,0,차대차 - 측면직각충돌,중앙선침범,건조,맑음,단일로 - 기타,승용,남,43세,상해없음,승용,남,31세,상해없음
2012020800100599,2012년 2월 8일 23시,수요일,부산광역시 강서구 범방동,중상사고,0,3,4,0,차대차 - 기타,안전운전불이행,건조,맑음,단일로 - 기타,승용,남,46세,상해없음,승용,남,39세,경상
2012020900100030,2012년 2월 9일 01시,목요일,부산광역시 사상구 감전동,부상신고사고,0,0,0,1,차량단독 - 공작물충돌,안전운전불이행,건조,맑음,단일로 - 기타,승용,남,27세,부상신고,,,,
2012020900100099,2012년 2월 9일 06시,목요일,부산광역시 부산진구 부전동,중상사고,0,1,0,0,차대사람 - 길가장자리구역통행중,안전운전불이행,건조,맑음,단일로 - 기타,승용,남,72세,상해없음,보행자,남,21세,중상
2012020900100114,2012년 2월 9일 07시,목요일,부산광역시 동구 초량동,중상사고,0,1,0,0,차대사람 - 기타,안전운전불이행,건조,맑음,단일로 - 기타,승용,남,30세,상해없음,보행자,여,60세,중상
2012020900100136,2012년 2월 9일 08시,목요일,부산광역시 해운대구 반여동,경상사고,0,0,1,0,차대사람 - 기타,안전운전불이행,건조,맑음,기타 - 기타,승용,여,47세,상해없음,보행자,여,55세,경상
2012020900100137,2012년 2월 9일 08시,목요일,부산광역시 부산진구 범천동,경상사고,0,0,1,0,차대사람 - 횡단중,보행자보호의무위반,건조,맑음,단일로 - 횡단보도상,승용,남,31세,상해없음,보행자,여,42세,경상
2012020900100138,2012년 2월 9일 08시,목요일,부산광역시 사하구 장림동,경상사고,0,0,1,0,차대차 - 추돌 - 진행중,안전거리미확보,건조,맑음,단일로 - 기타,승용,남,33세,상해없음,승용,여,36세,경상
2012020900100182,2012년 2월 9일 09시,목요일,부산광역시 동구 좌천동,중상사고,0,1,1,0,차대차 - 정면충돌,중앙선침범,건조,맑음,단일로 - 기타,승용,남,29세,상해없음,승합,남,54세,중상
2012020900100183,2012년 2월 9일 09시,목요일,부산광역시 동래구 명륜동,경상사고,0,0,1,0,차대사람 - 횡단중,안전운전불이행,건조,맑음,단일로 - 기타,화물,남,43세,상해없음,보행자,남,16세,경상
2012020900100184,2012년 2월 9일 09시,목요일,부산광역시 연제구 연산동,중상사고,0,1,0,0,차대사람 - 차도통행중,교차로운행방법위반,건조,맑음,교차로 - 교차로안,화물,남,53세,상해없음,보행자,여,78세,중상
2012020900100185,2012년 2월 9일 09시,목요일,부산광역시 강서구 녹산동,중상사고,0,1,1,0,차대차 - 측면직각충돌,안전운전불이행,건조,맑음,교차로 - 교차로안,화물,남,30세,경상,승용,남,21세,중상
2012020900100186,2012년 2월 9일 09시,목요일,부산광역시 기장군 장안읍,경상사고,0,0,2,0,차대차 - 측면직각충돌,신호위반,건조,맑음,교차로 - 교차로안,승용,남,37세,상해없음,화물,남,52세,경상
2012020900100187,2012년 2월 9일 09시,목요일,부산광역시 강서구 대저1동,경상사고,0,0,1,0,차대차 - 측면직각충돌,안전거리미확보,건조,맑음,단일로 - 기타,승용,남,30세,상해없음,승용,남,50세,경상
2012020900100238,2012년 2월 9일 11시,목요일,부산광역시 서구 충무동1가,경상사고,0,0,1,0,차대차 - 측면직각충돌,안전거리미확보,건조,맑음,단일로 - 기타,승용,남,44세,상해없음,승용,남,58세,경상
2012020900100266,2012년 2월 9일 12시,목요일,부산광역시 해운대구 중동,경상사고,0,0,2,0,차대사람 - 횡단중,안전운전불이행,건조,맑음,단일로 - 기타,이륜,남,19세,상해없음,보행자,여,19세,경상
2012020900100267,2012년 2월 9일 12시,목요일,부산광역시 사상구 덕포동,경상사고,0,0,1,0,차대차 - 기타,안전운전불이행,건조,맑음,단일로 - 기타,승용,남,69세,상해없음,자전거,여,45세,경상
2012020900100303,2012년 2월 9일 13시,목요일,부산광역시 사상구 감전동,부상신고사고,0,0,0,1,차대차 - 측면직각충돌,직진우회전진행방해,건조,맑음,교차로 - 교차로안,자전거,남,66세,부상신고,승용,남,57세,상해없음
2012020900100335,2012년 2월 9일 14시,목요일,부산광역시 해운대구 우동,경상사고,0,0,1,0,차대차 - 측면직각충돌,직진우회전진행방해,건조,맑음,기타 - 기타,승용,남,67세,상해없음,승합,여,28세,경상
2012020900100336,2012년 2월 9일 14시,목요일,부산광역시 연제구 거제동,경상사고,0,0,1,0,차대사람 - 횡단중,보행자보호의무위반,건조,맑음,단일로 - 기타,승용,여,59세,상해없음,보행자,남,10세,경상
2012020900100364,2012년 2월 9일 15시,목요일,부산광역시 해운대구 우동,중상사고,0,1,0,0,차대차 - 추돌 - 진행중,안전거리미확보,건조,맑음,단일로 - 교량,화물,남,43세,상해없음,승용,남,42세,중상
2012020900100391,2012년 2월 9일 16시,목요일,부산광역시 사상구 엄궁동,경상사고,0,0,2,3,차대차 - 추돌 - 진행중,안전거리미확보,건조,맑음,단일로 - 기타,승합,남,58세,상해없음,승용,남,59세,상해없음
2012020900100392,2012년 2월 9일 16시,목요일,부산광역시 사상구 덕포동,경상사고,0,0,1,0,차대차 - 측면직각충돌,신호위반,건조,맑음,단일로 - 횡단보도상,원동기,남,63세,상해없음,원동기,남,30세,경상
2012020900100417,2012년 2월 9일 17시,목요일,부산광역시 동구 초량동,중상사고,0,1,0,0,차대사람 - 보도통행중,안전운전불이행,건조,맑음,단일로 - 기타,승용,남,37세,상해없음,보행자,남,64세,중상
2012020900100454,2012년 2월 9일 18시,목요일,부산광역시 북구 덕천동,경상사고,0,0,1,0,차대사람 - 횡단중,신호위반,건조,맑음,단일로 - 횡단보도상,승용,여,57세,상해없음,보행자,여,22세,경상
2012020900100456,2012년 2월 9일 18시,목요일,부산광역시 부산진구 부전동,중상사고,0,1,0,0,차대사람 - 횡단중,안전운전불이행,건조,맑음,단일로 - 기타,승용,남,40세,상해없음,보행자,남,18세,중상
2012020900100457,2012년 2월 9일 18시,목요일,부산광역시 연제구 연산동,중상사고,0,1,0,0,차대차 - 측면직각충돌,안전운전불이행,건조,맑음,단일로 - 기타,승용,남,54세,상해없음,이륜,남,40세,중상
2012020900100497,2012년 2월 9일 19시,목요일,부산광역시 남구 용당동,중상사고,0,1,0,0,차대사람 - 기타,안전운전불이행,건조,맑음,단일로 - 횡단보도부근,이륜,남,26세,기타불명,보행자,여,47세,중상
2012020900100498,2012년 2월 9일 19시,목요일,부산광역시 해운대구 반여동,경상사고,0,0,1,0,차대사람 - 기타,안전운전불이행,건조,맑음,단일로 - 기타,승용,여,58세,상해없음,보행자,남,32세,경상
2012020900100499,2012년 2월 9일 19시,목요일,부산광역시 해운대구 중동,경상사고,0,0,1,0,차대차 - 추돌 - 진행중,안전운전불이행,건조,맑음,단일로 - 기타,승합,기타불명,기타불명,기타불명,승용,여,45세,경상
2012020900100500,2012년 2월 9일 19시,목요일,부산광역시 사하구 장림동,중상사고,0,1,0,0,차대차 - 측면직각충돌,신호위반,건조,맑음,교차로 - 교차로안,화물,남,32세,상해없음,승용,남,46세,중상
2012020900100607,2012년 2월 9일 22시,목요일,부산광역시 영도구 영선동1가,경상사고,0,0,1,0,차대차 - 측면직각충돌,안전운전불이행,건조,맑음,교차로 - 교차로안,승용,남,51세,상해없음,승용,여,41세,상해없음
2012020900100608,2012년 2월 9일 22시,목요일,부산광역시 수영구 망미동,중상사고,0,2,0,0,차대차 - 기타,신호위반,건조,맑음,교차로 - 교차로안,승용,여,45세,상해없음,승용,남,32세,중상
2012020900100609,2012년 2월 9일 22시,목요일,부산광역시 강서구 강동동,경상사고,0,0,1,0,차대차 - 추돌 - 주정차중,안전운전불이행,건조,맑음,교차로 - 교차로부근,화물,남,36세,상해없음,승용,남,30세,경상
2012020900100643,2012년 2월 9일 23시,목요일,부산광역시 중구 남포동1가,부상신고사고,0,0,0,1,차대사람 - 횡단중,중앙선침범,건조,맑음,단일로 - 기타,승용,기타불명,기타불명,기타불명,보행자,남,46세,부상신고
2012020900100644,2012년 2월 9일 23시,목요일,부산광역시 해운대구 우동,경상사고,0,0,1,0,차대차 - 측면직각충돌,안전운전불이행,건조,맑음,단일로 - 교량,승용,남,43세,상해없음,승용,여,27세,경상
2012020900100645,2012년 2월 9일 23시,목요일,부산광역시 부산진구 부전동,중상사고,0,1,2,0,차대차 - 측면직각충돌,안전운전불이행,건조,맑음,교차로 - 교차로부근,승용,남,22세,경상,승용,여,25세,상해없음
2012020900100646,2012년 2월 9일 23시,목요일,부산광역시 강서구 송정동,경상사고,0,0,4,0,차대차 - 기타,안전운전불이행,건조,맑음,기타 - 기타,승용,남,35세,상해없음,승합,남,57세,경상
2012021000100008,2012년 2월 10일 00시,금요일,부산광역시 북구 구포동,경상사고,0,0,2,0,차대차 - 추돌 - 진행중,안전운전불이행,건조,맑음,단일로 - 기타,승용,남,39세,상해없음,원동기,남,25세,경상
2012021000100048,2012년 2월 10일 02시,금요일,부산광역시 해운대구 우동,경상사고,0,0,2,0,차대차 - 추돌 - 주정차중,안전운전불이행,습기,흐림,단일로 - 기타,승용,남,38세,상해없음,승용,남,28세,경상
2012021000100057,2012년 2월 10일 03시,금요일,부산광역시 부산진구 부암동,중상사고,0,1,4,0,차대차 - 측면직각충돌,안전운전불이행,건조,맑음,교차로 - 교차로안,승용,남,56세,상해없음,승용,남,49세,중상
2012021000100090,2012년 2월 10일 06시,금요일,부산광역시 영도구 봉래동1가,중상사고,0,1,0,0,차대사람 - 횡단중,안전운전불이행,건조,맑음,단일로 - 횡단보도상,승용,남,60세,상해없음,보행자,여,77세,중상
2012021000100136,2012년 2월 10일 08시,금요일,부산광역시 사상구 모라동,경상사고,0,0,1,0,차대차 - 추돌 - 주정차중,안전운전불이행,건조,맑음,교차로 - 교차로부근,승용,남,38세,상해없음,승용,남,59세,경상
2012021000100137,2012년 2월 10일 08시,금요일,부산광역시 강서구 대저1동,중상사고,0,1,0,0,차대차 - 측면직각충돌,안전운전불이행,건조,맑음,단일로 - 기타,화물,남,42세,상해없음,승용,여,44세,중상
2012021000100204,2012년 2월 10일 10시,금요일,부산광역시 동래구 온천동,경상사고,0,0,1,0,차대차 - 측면직각충돌,안전운전불이행,건조,맑음,단일로 - 기타,승용,남,51세,상해없음,승용,남,38세,경상
2012021000100205,2012년 2월 10일 10시,금요일,부산광역시 해운대구 중동,경상사고,0,0,2,0,차대차 - 추돌 - 주정차중,안전운전불이행,건조,맑음,단일로 - 기타,승용,남,45세,상해없음,승용,남,67세,경상
2012021000100206,2012년 2월 10일 10시,금요일,부산광역시 부산진구 당감동,중상사고,0,1,0,0,차대사람 - 기타,보행자보호의무위반,기타,흐림,교차로 - 교차로안,승용,남,26세,상해없음,보행자,남,68세,중상
2012021000100207,2012년 2월 10일 10시,금요일,부산광역시 사상구 주례동,경상사고,0,0,1,0,차대사람 - 횡단중,안전운전불이행,건조,맑음,단일로 - 기타,화물,남,29세,상해없음,보행자,여,21세,경상
2012021000100229,2012년 2월 10일 11시,금요일,부산광역시 사상구 괘법동,경상사고,0,0,1,0,차대차 - 기타,신호위반,건조,맑음,교차로 - 교차로부근,승용,남,51세,상해없음,화물,남,31세,경상
2012021000100254,2012년 2월 10일 12시,금요일,부산광역시 남구 용호동,중상사고,0,1,0,0,차대사람 - 횡단중,보행자보호의무위반,건조,맑음,단일로 - 횡단보도상,승합,남,33세,상해없음,보행자,남,8세,중상
2012021000100279,2012년 2월 10일 13시,금요일,부산광역시 해운대구 우동,중상사고,0,1,0,0,차대차 - 측면직각충돌,안전운전불이행,건조,맑음,단일로 - 기타,승용,여,47세,상해없음,원동기,남,26세,중상
2012021000100280,2012년 2월 10일 13시,금요일,부산광역시 연제구 연산동,경상사고,0,0,1,0,차대사람 - 길가장자리구역통행중,안전운전불이행,건조,맑음,단일로 - 기타,승용,여,44세,상해없음,보행자,남,34세,경상
2012021000100308,2012년 2월 10일 14시,금요일,부산광역시 동래구 사직동,중상사고,0,4,0,0,차대차 - 측면직각충돌,안전운전불이행,건조,맑음,단일로 - 기타,승용,남,59세,상해없음,승용,여,43세,중상
2012021000100309,2012년 2월 10일 14시,금요일,부산광역시 사하구 다대동,경상사고,0,0,1,0,차대차 - 측면직각충돌,교차로운행방법위반,건조,맑음,교차로 - 교차로안,승용,남,34세,상해없음,승용,여,44세,경상
2012021000100348,2012년 2월 10일 15시,금요일,부산광역시 금정구 남산동,경상사고,0,0,1,0,차대차 - 측면직각충돌,신호위반,건조,맑음,교차로 - 교차로부근,화물,남,31세,상해없음,승용,여,38세,경상
2012021000100349,2012년 2월 10일 15시,금요일,부산광역시 사하구 당리동,경상사고,0,0,1,0,차대차 - 기타,안전운전불이행,건조,맑음,단일로 - 기타,승용,여,48세,상해없음,승용,남,54세,경상
2012021000100386,2012년 2월 10일 16시,금요일,부산광역시 부산진구 부전동,중상사고,0,1,0,0,차대차 - 기타,안전운전불이행,건조,맑음,단일로 - 기타,승용,여,24세,상해없음,승합,남,47세,상해없음
2012021000100415,2012년 2월 10일 17시,금요일,부산광역시 사하구 하단동,중상사고,0,1,0,0,차대사람 - 횡단중,안전운전불이행,건조,맑음,단일로 - 기타,화물,남,52세,상해없음,보행자,여,80세,중상
2012021000100416,2012년 2월 10일 17시,금요일,부산광역시 사하구 다대동,경상사고,0,0,1,0,차대차 - 기타,안전운전불이행,건조,맑음,교차로 - 교차로부근,승용,기타불명,기타불명,기타불명,화물,여,51세,경상
2012021000100448,2012년 2월 10일 18시,금요일,부산광역시 동구 초량동,경상사고,0,0,2,0,차대차 - 추돌 - 진행중,안전거리미확보,건조,맑음,교차로 - 교차로부근,승용,남,59세,상해없음,승용,남,23세,경상
2012021000100449,2012년 2월 10일 18시,금요일,부산광역시 해운대구 우동,중상사고,0,1,0,0,차대차 - 추돌 - 진행중,안전운전불이행,기타,기타,단일로 - 기타,승용,여,57세,기타불명,승용,여,38세,중상
2012021000100450,2012년 2월 10일 18시,금요일,부산광역시 부산진구 연지동,중상사고,0,1,0,0,차대차 - 기타,안전운전불이행,기타,맑음,단일로 - 횡단보도부근,승용,남,26세,상해없음,원동기,남,39세,중상
2012021000100451,2012년 2월 10일 18시,금요일,부산광역시 사하구 장림동,중상사고,0,1,0,0,차대차 - 추돌 - 진행중,안전운전불이행,건조,맑음,교차로 - 교차로안,승합,남,63세,상해없음,승용,남,31세,중상
2012021000100452,2012년 2월 10일 18시,금요일,부산광역시 강서구 대저1동,경상사고,0,0,2,0,차대차 - 추돌 - 진행중,안전운전불이행,건조,맑음,단일로 - 기타,승합,남,31세,상해없음,승용,여,56세,경상
2012021000100495,2012년 2월 10일 19시,금요일,부산광역시 해운대구 재송동,경상사고,0,0,1,0,차대사람 - 기타,안전운전불이행,건조,맑음,단일로 - 기타,기타불명,기타불명,기타불명,기타불명,보행자,여,50세,경상
2012021000100496,2012년 2월 10일 19시,금요일,부산광역시 부산진구 범천동,중상사고,0,1,1,0,차대차 - 기타,안전운전불이행,기타,맑음,단일로 - 횡단보도부근,화물,남,37세,상해없음,원동기,남,61세,경상
2012021000100497,2012년 2월 10일 19시,금요일,부산광역시 부산진구 부전동,중상사고,0,1,0,0,차대사람 - 기타,안전운전불이행,기타,맑음,단일로 - 기타,승용,남,49세,기타불명,보행자,여,64세,중상
2012021000100498,2012년 2월 10일 19시,금요일,부산광역시 연제구 거제동,경상사고,0,0,1,0,차대사람 - 길가장자리구역통행중,안전운전불이행,건조,맑음,단일로 - 기타,승용,여,49세,기타불명,보행자,남,16세,경상
2012021000100499,2012년 2월 10일 19시,금요일,부산광역시 기장군 정관면,경상사고,0,0,2,0,차대차 - 추돌 - 주정차중,안전운전불이행,건조,맑음,교차로 - 교차로안,승용,여,63세,상해없음,승용,남,59세,경상
2012021000100560,2012년 2월 10일 20시,금요일,부산광역시 강서구 대저1동,경상사고,0,0,1,0,차대차 - 추돌 - 진행중,안전운전불이행,건조,맑음,단일로 - 기타,승용,남,45세,상해없음,화물,남,34세,경상
2012021000100592,2012년 2월 10일 21시,금요일,부산광역시 남구 대연동,경상사고,0,0,1,0,차대차 - 추돌 - 주정차중,안전운전불이행,건조,맑음,교차로 - 교차로안,승용,남,38세,상해없음,승용,남,29세,경상
2012021000100593,2012년 2월 10일 21시,금요일,부산광역시 남구 용당동,중상사고,0,1,0,0,차대차 - 추돌 - 진행중,신호위반,건조,맑음,교차로 - 교차로안,승용,남,40세,상해없음,원동기,남,55세,중상
2012021000100594,2012년 2월 10일 21시,금요일,부산광역시 북구 덕천동,사망사고,1,0,0,0,차대사람 - 기타,안전운전불이행,건조,맑음,단일로 - 기타,승용,남,30세,상해없음,보행자,남,75세,사망
2012021000100595,2012년 2월 10일 21시,금요일,부산광역시 사상구 모라동,경상사고,0,0,1,0,차량단독 - 공작물충돌,안전운전불이행,건조,맑음,단일로 - 기타,승용,여,52세,경상,,,,
2012021000100630,2012년 2월 10일 22시,금요일,부산광역시 부산진구 전포동,경상사고,0,0,1,0,차대사람 - 횡단중,안전운전불이행,건조,맑음,단일로 - 횡단보도상,원동기,남,25세,상해없음,보행자,여,62세,경상
2012021000100671,2012년 2월 10일 23시,금요일,부산광역시 부산진구 당감동,중상사고,0,1,0,0,차대차 - 추돌 - 진행중,안전운전불이행,건조,맑음,단일로 - 기타,승용,남,33세,상해없음,이륜,여,28세,중상
2012021100100008,2012년 2월 11일 00시,토요일,부산광역시 사상구 모라동,경상사고,0,0,1,0,차대차 - 추돌 - 주정차중,기타,건조,맑음,단일로 - 횡단보도부근,승용,남,51세,상해없음,이륜,남,52세,경상
2012021100100071,2012년 2월 11일 02시,토요일,부산광역시 수영구 남천동,중상사고,0,1,1,0,차대차 - 측면직각충돌,신호위반,건조,맑음,교차로 - 교차로안,승용,여,27세,상해없음,승용,남,39세,중상