사고번호,사고일시,요일,시군구,사고내용,사망자수,중상자수,경상자수,부상신고자수,사고유형,법규위반,노면상태,기상상태,도로형태,가해운전자 차종,가해운전자 성별,가해운전자 연령,가해운전자 상해정도,피해운전자 차종,피해운전자 성별,피해운전자 연령,피해운전자 상해정도
2012021300100425,2012년 2월 13일 20시,월요일,부산광역시 부산진구 개금동,경상사고,0,0,1,0,차대사람 - 보도통행중,안전운전불이행,건조,맑음,단일로 - 기타,승용,남,20세,상해없음,보행자,여,44세,경상
2012021300100479,2012년 2월 13일 22시,월요일,부산광역시 중구 남포동2가,경상사고,0,0,1,0,차대차 - 측면직각충돌,차로위반,건조,맑음,단일로 - 기타,승용,남,51세,상해없음,승합,남,57세,상해없음
2012021300100480,2012년 2월 13일 22시,월요일,부산광역시 기장군 기장읍,부상신고사고,0,0,0,4,차대차 - 기타,안전운전불이행,건조,맑음,교차로 - 교차로안,승용,여,47세,상해없음,승용,남,56세,상해없음
2012021300100514,2012년 2월 13일 23시,월요일,부산광역시 연제구 연산동,중상사고,0,2,0,0,차대차 - 기타,안전거리미확보,건조,맑음,단일로 - 기타,승용,남,67세,상해없음,원동기,남,16세,중상
2012021400100045,2012년 2월 14일 02시,화요일,부산광역시 금정구 부곡동,사망사고,1,2,0,0,차대차 - 측면직각충돌,신호위반,습기,흐림,교차로 - 교차로안,승용,남,21세,사망,승용,남,56세,중상
2012021400100067,2012년 2월 14일 04시,화요일,부산광역시 사하구 괴정동,중상사고,0,1,0,0,차대사람 - 횡단중,신호위반,습기,비,단일로 - 기타,특수,남,52세,상해없음,보행자,여,50세,중상
2012021400100075,2012년 2월 14일 05시,화요일,부산광역시 해운대구 반여동,중상사고,0,1,0,0,차량단독 - 기타,안전운전불이행,습기,비,교차로 - 교차로부근,승용,남,54세,상해없음,,,,
2012021400100083,2012년 2월 14일 06시,화요일,부산광역시 중구 보수동1가,경상사고,0,0,1,0,차대사람 - 횡단중,안전운전불이행,습기,비,단일로 - 횡단보도상,승용,기타불명,기타불명,기타불명,보행자,여,45세,경상
2012021400100084,2012년 2월 14일 06시,화요일,부산광역시 북구 덕천동,중상사고,0,1,0,0,차대사람 - 기타,안전운전불이행,건조,맑음,단일로 - 기타,승용,남,50세,상해없음,보행자,여,79세,중상
2012021400100100,2012년 2월 14일 07시,화요일,부산광역시 부산진구 양정동,중상사고,0,1,0,1,차대차 - 측면직각충돌,신호위반,습기,비,교차로 - 교차로안,승용,남,34세,상해없음,승용,남,65세,중상
2012021400100144,2012년 2월 14일 08시,화요일,부산광역시 중구 남포동4가,경상사고,0,0,1,0,차대사람 - 길가장자리구역통행중,안전운전불이행,습기,비,단일로 - 기타,화물,남,64세,상해없음,보행자,여,22세,경상
2012021400100172,2012년 2월 14일 09시,화요일,부산광역시 기장군 정관면,중상사고,0,2,1,5,차대차 - 정면충돌,중앙선침범,습기,비,단일로 - 기타,승합,남,28세,부상신고,화물,남,38세,중상
2012021400100199,2012년 2월 14일 10시,화요일,부산광역시 해운대구 우동,경상사고,0,0,4,0,차대차 - 추돌 - 진행중,안전운전불이행,습기,비,단일로 - 기타,화물,남,36세,기타불명,승합,남,49세,경상
2012021400100220,2012년 2월 14일 11시,화요일,부산광역시 동래구 온천동,경상사고,0,0,1,0,차대차 - 추돌 - 진행중,안전거리미확보,습기,비,단일로 - 기타,승용,남,29세,상해없음,승용,남,45세,상해없음
2012021400100221,2012년 2월 14일 11시,화요일,부산광역시 해운대구 좌동,중상사고,0,1,3,0,차대차 - 추돌 - 주정차중,안전운전불이행,습기,비,단일로 - 기타,화물,남,65세,중상,화물,미분류,기타불명,기타불명
2012021400100222,2012년 2월 14일 11시,화요일,부산광역시 사상구 주례동,중상사고,0,1,0,0,차대차 - 측면직각충돌,신호위반,습기,비,교차로 - 교차로안,화물,남,45세,기타불명,승용,남,30세,중상
2012021400100331,2012년 2월 14일 15시,화요일,부산광역시 연제구 거제동,중상사고,0,2,0,0,차대차 - 추돌 - 진행중,안전거리미확보,건조,맑음,단일로 - 기타,승용,남,56세,상해없음,승용,남,48세,상해없음
2012021400100365,2012년 2월 14일 16시,화요일,부산광역시 중구 영주동,중상사고,0,1,0,0,차대차 - 측면직각충돌,안전운전불이행,건조,맑음,단일로 - 기타,화물,남,22세,상해없음,승용,여,54세,중상
2012021400100366,2012년 2월 14일 16시,화요일,부산광역시 부산진구 개금동,중상사고,0,1,2,0,차대차 - 추돌 - 진행중,안전거리미확보,건조,맑음,단일로 - 기타,승용,남,61세,상해없음,승용,남,40세,중상
2012021400100367,2012년 2월 14일 16시,화요일,부산광역시 강서구 성북동,중상사고,0,1,0,0,차대차 - 측면직각충돌,신호위반,습기,흐림,교차로 - 교차로안,특수,남,32세,상해없음,특수,남,48세,중상
2012021400100426,2012년 2월 14일 18시,화요일,부산광역시 중구 중앙동4가,중상사고,0,1,0,0,차대사람 - 횡단중,안전운전불이행,건조,흐림,교차로 - 교차로안,승용,남,62세,상해없음,보행자,여,55세,중상
2012021400100427,2012년 2월 14일 18시,화요일,부산광역시 북구 금곡동,중상사고,0,1,0,0,차대사람 - 보도통행중,기타,건조,맑음,단일로 - 기타,원동기,남,24세,상해없음,보행자,여,69세,중상
2012021400100472,2012년 2월 14일 19시,화요일,부산광역시 중구 대청동1가,중상사고,0,3,0,1,차대차 - 기타,교차로운행방법위반,건조,맑음,단일로 - 기타,승용,여,38세,중상,승용,남,55세,중상
2012021400100473,2012년 2월 14일 19시,화요일,부산광역시 남구 대연동,경상사고,0,0,1,0,차대차 - 측면직각충돌,신호위반,건조,맑음,교차로 - 교차로안,승용,여,56세,상해없음,이륜,남,33세,경상
2012021400100474,2012년 2월 14일 19시,화요일,부산광역시 남구 문현동,중상사고,0,1,0,0,차대차 - 기타,안전운전불이행,건조,맑음,단일로 - 기타,승용,남,58세,상해없음,이륜,남,37세,중상
2012021400100475,2012년 2월 14일 19시,화요일,부산광역시 부산진구 초읍동,경상사고,0,0,1,0,차대차 - 측면직각충돌,안전거리미확보,건조,맑음,교차로 - 교차로안,승용,여,42세,상해없음,승용,남,54세,경상
2012021400100476,2012년 2월 14일 19시,화요일,부산광역시 사하구 장림동,경상사고,0,0,1,0,차대차 - 추돌 - 진행중,안전거리미확보,습기,흐림,단일로 - 기타,화물,남,39세,상해없음,승용,여,28세,경상
2012021400100516,2012년 2월 14일 20시,화요일,부산광역시 북구 화명동,경상사고,0,0,1,0,차대차 - 추돌 - 진행중,안전운전불이행,건조,맑음,교차로 - 교차로부근,승용,남,52세,상해없음,승용,남,52세,상해없음
2012021400100517,2012년 2월 14일 20시,화요일,부산광역시 수영구 수영동,경상사고,0,0,1,0,차대사람 - 기타,교차로운행방법위반,건조,맑음,단일로 - 횡단보도부근,승용,남,24세,상해없음,보행자,남,22세,경상
2012021400100548,2012년 2월 14일 21시,화요일,부산광역시 기장군 기장읍,경상사고,0,0,2,0,차대차 - 측면직각충돌,교차로운행방법위반,건조,맑음,교차로 - 교차로안,승용,남,48세,상해없음,화물,남,30세,경상
2012021400100584,2012년 2월 14일 22시,화요일,부산광역시 영도구 동삼동,경상사고,0,0,1,0,차대사람 - 길가장자리구역통행중,안전운전불이행,습기,흐림,단일로 - 기타,화물,남,43세,상해없음,보행자,남,75세,경상
2012021400100585,2012년 2월 14일 22시,화요일,부산광역시 부산진구 부전동,부상신고사고,0,0,0,2,차대차 - 정면충돌,중앙선침범,건조,맑음,단일로 - 기타,원동기,남,22세,상해없음,승용,여,41세,부상신고
2012021400100619,2012년 2월 14일 23시,화요일,부산광역시 해운대구 재송동,부상신고사고,0,0,0,1,차대차 - 추돌 - 주정차중,안전운전불이행,습기,맑음,단일로 - 기타,승용,남,37세,상해없음,승용,남,27세,부상신고
2012021400100620,2012년 2월 14일 23시,화요일,부산광역시 기장군 장안읍,경상사고,0,0,1,0,차대차 - 측면직각충돌,안전거리미확보,건조,맑음,단일로 - 기타,승용,남,41세,상해없음,이륜,남,28세,경상
2012021500100032,2012년 2월 15일 01시,수요일,부산광역시 금정구 장전동,중상사고,0,1,0,0,차대차 - 추돌 - 진행중,안전거리미확보,건조,맑음,교차로 - 교차로부근,승용,남,67세,상해없음,승용,여,54세,중상
2012021500100033,2012년 2월 15일 01시,수요일,부산광역시 금정구 부곡동,경상사고,0,0,1,0,차대사람 - 횡단중,안전운전불이행,건조,맑음,단일로 - 기타,승용,남,58세,상해없음,보행자,여,40세,경상
2012021500100054,2012년 2월 15일 03시,수요일,부산광역시 남구 대연동,부상신고사고,0,0,0,1,차량단독 - 공작물충돌,안전운전불이행,건조,맑음,교차로 - 교차로안,승용,남,48세,부상신고,,,,
2012021500100055,2012년 2월 15일 03시,수요일,부산광역시 해운대구 석대동,중상사고,0,1,1,0,차대차 - 측면직각충돌,교차로운행방법위반,건조,맑음,교차로 - 교차로안,승용,남,32세,상해없음,승용,남,43세,중상
2012021500100069,2012년 2월 15일 05시,수요일,부산광역시 부산진구 부암동,중상사고,0,2,0,0,차대차 - 측면직각충돌,신호위반,건조,맑음,교차로 - 교차로안,승용,남,60세,상해없음,승용,남,51세,중상
2012021500100095,2012년 2월 15일 07시,수요일,부산광역시 기장군 정관면,중상사고,0,1,2,0,차대차 - 측면직각충돌,신호위반,건조,맑음,단일로 - 기타,화물,남,45세,상해없음,승용,남,47세,경상
2012021500100109,2012년 2월 15일 08시,수요일,부산광역시 서구 동대신동3가,경상사고,0,0,1,0,차대차 - 추돌 - 주정차중,안전운전불이행,건조,맑음,단일로 - 기타,승용,남,21세,상해없음,승용,남,57세,경상
2012021500100153,2012년 2월 15일 10시,수요일,부산광역시 사상구 학장동,중상사고,0,1,0,0,차대차 - 추돌 - 진행중,차로위반,건조,맑음,단일로 - 기타,승합,남,33세,상해없음,승용,남,48세,중상
2012021500100176,2012년 2월 15일 11시,수요일,부산광역시 중구 남포동1가,경상사고,0,0,1,0,차량단독 - 기타,안전운전불이행,건조,맑음,단일로 - 기타,승합,남,47세,상해없음,,,,
2012021500100177,2012년 2월 15일 11시,수요일,부산광역시 금정구 구서동,경상사고,0,0,1,0,차대차 - 측면직각충돌,안전운전불이행,건조,맑음,단일로 - 기타,승용,남,66세,상해없음,화물,남,59세,경상
2012021500100216,2012년 2월 15일 13시,수요일,부산광역시 서구 동대신동3가,중상사고,0,1,0,0,차대차 - 기타,안전운전불이행,건조,맑음,단일로 - 기타,이륜,남,44세,중상,특수,남,39세,기타불명
2012021500100217,2012년 2월 15일 13시,수요일,부산광역시 사상구 감전동,경상사고,0,0,1,0,차량단독 - 기타,기타,건조,맑음,단일로 - 기타,승합,남,56세,상해없음,,,,
2012021500100233,2012년 2월 15일 14시,수요일,부산광역시 사상구 엄궁동,중상사고,0,1,1,0,차대차 - 추돌 - 진행중,안전운전불이행,건조,맑음,교차로 - 교차로부근,승용,남,58세,상해없음,화물,남,48세,상해없음
2012021500100253,2012년 2월 15일 15시,수요일,부산광역시 수영구 수영동,중상사고,0,1,1,0,차대사람 - 기타,기타,건조,맑음,단일로 - 기타,승합,남,46세,상해없음,보행자,여,45세,경상
2012021500100254,2012년 2월 15일 15시,수요일,부산광역시 기장군 기장읍,경상사고,0,0,1,0,차대사람 - 기타,안전운전불이행,건조,맑음,단일로 - 기타,승용,기타불명,기타불명,기타불명,보행자,여,13세,경상
2012021500100275,2012년 2월 15일 16시,수요일,부산광역시 수영구 민락동,중상사고,0,1,0,0,차대차 - 추돌 - 진행중,안전운전불이행,건조,맑음,단일로 - 기타,승용,남,52세,상해없음,자전거,남,49세,중상
2012021500100276,2012년 2월 15일 16시,수요일,부산광역시 사하구 신평동,경상사고,0,0,1,0,차대사람 - 기타,안전운전불이행,건조,맑음,단일로 - 기타,승용,남,45세,상해없음,보행자,여,58세,경상
2012021500100295,2012년 2월 15일 17시,수요일,부산광역시 해운대구 반여동,경상사고,0,0,1,0,차대사람 - 기타,안전운전불이행,건조,맑음,단일로 - 기타,승용,남,52세,상해없음,보행자,여,15세,경상
2012021500100296,2012년 2월 15일 17시,수요일,부산광역시 사상구 감전동,중상사고,0,1,0,0,차대사람 - 횡단중,보행자보호의무위반,건조,맑음,교차로 - 교차로안,승용,여,48세,상해없음,보행자,여,70세,중상
2012021500100297,2012년 2월 15일 17시,수요일,부산광역시 기장군 기장읍,사망사고,1,0,0,0,차대사람 - 길가장자리구역통행중,안전운전불이행,건조,맑음,단일로 - 기타,건설기계,남,52세,상해없음,보행자,여,72세,사망
2012021500100327,2012년 2월 15일 18시,수요일,부산광역시 부산진구 전포동,중상사고,0,1,1,0,차대차 - 측면직각충돌,안전거리미확보,건조,맑음,단일로 - 기타,승용,남,56세,중상,특수,남,53세,경상
2012021500100369,2012년 2월 15일 19시,수요일,부산광역시 남구 대연동,중상사고,0,1,0,0,차대사람 - 기타,안전운전불이행,건조,맑음,단일로 - 기타,화물,남,26세,상해없음,보행자,여,11세,중상
2012021500100370,2012년 2월 15일 19시,수요일,부산광역시 수영구 광안동,중상사고,0,1,0,0,차대사람 - 기타,안전운전불이행,건조,맑음,교차로 - 교차로안,승용,남,58세,상해없음,보행자,여,44세,중상
2012021500100412,2012년 2월 15일 20시,수요일,부산광역시 동래구 온천동,경상사고,0,0,1,0,차대차 - 추돌 - 주정차중,안전운전불이행,건조,맑음,교차로 - 교차로부근,화물,남,50세,기타불명,승용,여,26세,경상
2012021500100413,2012년 2월 15일 20시,수요일,부산광역시 사하구 다대동,경상사고,0,0,1,0,차대차 - 추돌 - 진행중,안전운전불이행,건조,맑음,교차로 - 교차로부근,승용,남,30세,상해없음,이륜,남,54세,경상
2012021500100440,2012년 2월 15일 21시,수요일,부산광역시 수영구 남천동,중상사고,0,1,1,0,차대차 - 추돌 - 주정차중,안전거리미확보,건조,맑음,단일로 - 기타,승용,남,36세,상해없음,승용,여,40세,경상
2012021500100493,2012년 2월 15일 23시,수요일,부산광역시 해운대구 재송동,경상사고,0,0,1,0,차대차 - 추돌 - 진행중,안전운전불이행,건조,맑음,단일로 - 기타,화물,기타불명,기타불명,기타불명,승용,남,37세,상해없음
2012021500100494,2012년 2월 15일 23시,수요일,부산광역시 연제구 연산동,중상사고,0,1,0,0,차대사람 - 횡단중,안전운전불이행,건조,맑음,단일로 - 기타,승용,남,27세,상해없음,보행자,남,42세,중상
2012021600100004,2012년 2월 16일 00시,목요일,부산광역시 부산진구 부전동,경상사고,0,0,2,0,차대차 - 추돌 - 주정차중,기타,건조,맑음,단일로 - 기타,기타불명,기타불명,기타불명,기타불명,승용,남,33세,경상
2012021600100033,2012년 2월 16일 03시,목요일,부산광역시 해운대구 좌동,중상사고,0,1,1,0,차대차 - 추돌 - 진행중,안전운전불이행,건조,맑음,교차로 - 교차로부근,승용,여,39세,상해없음,승용,남,69세,경상
2012021600100034,2012년 2월 16일 03시,목요일,부산광역시 사상구 괘법동,부상신고사고,0,0,0,1,차대차 - 추돌 - 진행중,안전운전불이행,건조,맑음,단일로 - 기타,승용,기타불명,기타불명,기타불명,원동기,남,17세,상해없음
2012021600100046,2012년 2월 16일 04시,목요일,부산광역시 부산진구 양정동,중상사고,0,1,0,0,차대차 - 측면직각충돌,안전거리미확보,건조,맑음,단일로 - 횡단보도부근,승용,남,43세,상해없음,화물,남,50세,중상
2012021600100052,2012년 2월 16일 05시,목요일,부산광역시 수영구 광안동,중상사고,0,2,1,0,차대차 - 추돌 - 진행중,안전거리미확보,건조,맑음,단일로 - 기타,승용,남,56세,경상,승용,남,54세,중상
2012021600100053,2012년 2월 16일 05시,목요일,부산광역시 북구 덕천동,경상사고,0,0,1,0,차대사람 - 기타,안전운전불이행,건조,맑음,단일로 - 기타,승용,남,29세,상해없음,보행자,남,25세,경상
2012021600100061,2012년 2월 16일 06시,목요일,부산광역시 해운대구 중동,중상사고,0,1,2,0,차대차 - 측면직각충돌,안전거리미확보,건조,맑음,단일로 - 기타,승용,남,27세,상해없음,승용,남,30세,중상
2012021600100079,2012년 2월 16일 07시,목요일,부산광역시 해운대구 우동,중상사고,0,2,2,0,차대차 - 측면직각충돌,안전운전불이행,건조,맑음,교차로 - 교차로안,승합,남,54세,상해없음,승용,남,71세,상해없음
2012021600100080,2012년 2월 16일 07시,목요일,부산광역시 해운대구 석대동,경상사고,0,0,1,0,차대차 - 추돌 - 진행중,안전거리미확보,건조,맑음,단일로 - 기타,화물,남,54세,상해없음,승용,남,59세,경상
2012021600100081,2012년 2월 16일 07시,목요일,부산광역시 사하구 구평동,중상사고,0,1,0,0,차대차 - 측면직각충돌,신호위반,건조,맑음,교차로 - 교차로부근,화물,여,50세,상해없음,자전거,여,32세,중상
2012021600100082,2012년 2월 16일 07시,목요일,부산광역시 강서구 대저1동,중상사고,0,2,0,0,차대차 - 정면충돌,안전운전불이행,건조,맑음,단일로 - 기타,승합,남,28세,상해없음,승용,여,43세,중상
2012021600100108,2012년 2월 16일 08시,목요일,부산광역시 동래구 온천동,경상사고,0,0,1,0,차대차 - 측면직각충돌,불법유턴,건조,맑음,교차로 - 교차로안,승용,여,65세,상해없음,승용,남,57세,상해없음
2012021600100153,2012년 2월 16일 10시,목요일,부산광역시 동래구 안락동,경상사고,0,0,1,0,차대차 - 측면직각충돌,차로위반,건조,맑음,단일로 - 기타,승용,여,51세,상해없음,승합,남,64세,경상
2012021600100178,2012년 2월 16일 11시,목요일,부산광역시 북구 덕천동,경상사고,0,0,3,0,차대차 - 추돌 - 진행중,교차로운행방법위반,건조,맑음,교차로 - 교차로안,승용,여,50세,상해없음,승용,남,25세,경상
2012021600100179,2012년 2월 16일 11시,목요일,부산광역시 금정구 구서동,경상사고,0,0,1,0,차대사람 - 횡단중,보행자보호의무위반,건조,맑음,단일로 - 횡단보도상,화물,남,64세,상해없음,보행자,남,69세,경상
2012021600100202,2012년 2월 16일 12시,목요일,부산광역시 사하구 장림동,중상사고,0,1,0,0,차대차 - 측면직각충돌,중앙선침범,건조,맑음,단일로 - 기타,이륜,남,61세,상해없음,이륜,남,48세,중상
2012021600100232,2012년 2월 16일 13시,목요일,부산광역시 연제구 연산동,경상사고,0,0,1,0,차대사람 - 길가장자리구역통행중,안전운전불이행,건조,맑음,단일로 - 기타,승용,남,60세,상해없음,보행자,남,44세,경상
2012021600100253,2012년 2월 16일 14시,목요일,부산광역시 부산진구 부암동,중상사고,0,1,0,0,차대차 - 기타,안전운전불이행,건조,맑음,교차로 - 교차로부근,승용,여,38세,상해없음,이륜,남,52세,중상
2012021600100254,2012년 2월 16일 14시,목요일,부산광역시 사하구 장림동,경상사고,0,0,1,0,차대차 - 측면직각충돌,안전운전불이행,건조,맑음,단일로 - 기타,화물,남,37세,상해없음,승용,남,44세,경상
2012021600100255,2012년 2월 16일 14시,목요일,부산광역시 강서구 송정동,경상사고,0,0,1,0,차대차 - 기타,교차로운행방법위반,건조,맑음,교차로 - 교차로안,승용,남,33세,상해없음,승용,여,33세,경상
2012021600100276,2012년 2월 16일 15시,목요일,부산광역시 사하구 신평동,경상사고,0,0,1,0,차대차 - 추돌 - 주정차중,안전거리미확보,건조,맑음,교차로 - 교차로부근,화물,남,49세,상해없음,승용,남,32세,경상
2012021600100296,2012년 2월 16일 16시,목요일,부산광역시 동래구 온천동,경상사고,0,0,1,0,차대사람 - 길가장자리구역통행중,안전운전불이행,건조,맑음,단일로 - 기타,승용,남,39세,상해없음,보행자,여,51세,경상
2012021600100297,2012년 2월 16일 16시,목요일,부산광역시 사상구 괘법동,경상사고,0,0,1,0,차대사람 - 횡단중,안전운전불이행,건조,맑음,단일로 - 기타,승용,남,47세,상해없음,보행자,남,14세,경상
2012021600100298,2012년 2월 16일 16시,목요일,부산광역시 기장군 기장읍,경상사고,0,0,1,0,차대차 - 측면직각충돌,안전거리미확보,건조,맑음,교차로 - 교차로부근,원동기,남,71세,경상,화물,남,35세,상해없음
2012021600100323,2012년 2월 16일 17시,목요일,부산광역시 중구 영주동,중상사고,0,1,1,0,차대차 - 측면직각충돌,중앙선침범,건조,맑음,단일로 - 기타,승용,남,37세,상해없음,승용,여,42세,경상
2012021600100353,2012년 2월 16일 18시,목요일,부산광역시 해운대구 반여동,경상사고,0,0,1,0,차대차 - 측면직각충돌,교차로운행방법위반,건조,맑음,교차로 - 교차로부근,화물,남,31세,상해없음,승용,여,30세,경상
2012021600100354,2012년 2월 16일 18시,목요일,부산광역시 사상구 학장동,경상사고,0,0,2,0,차대차 - 측면직각충돌,차로위반,건조,맑음,단일로 - 기타,승용,남,51세,상해없음,승용,남,56세,경상
2012021600100387,2012년 2월 16일 19시,목요일,부산광역시 중구 남포동4가,중상사고,0,1,0,0,차대사람 - 기타,안전운전불이행,건조,맑음,단일로 - 기타,화물,남,42세,상해없음,보행자,남,49세,중상
2012021600100388,2012년 2월 16일 19시,목요일,부산광역시 해운대구 반여동,경상사고,0,0,1,0,차대차 - 추돌 - 진행중,안전거리미확보,건조,맑음,교차로 - 교차로부근,화물,남,44세,상해없음,이륜,남,37세,경상
2012021600100434,2012년 2월 16일 20시,목요일,부산광역시 기장군 정관면,경상사고,0,0,1,0,차대사람 - 횡단중,안전운전불이행,건조,맑음,단일로 - 기타,승용,여,27세,상해없음,보행자,남,5세,경상
2012021600100468,2012년 2월 16일 21시,목요일,부산광역시 중구 중앙동4가,중상사고,0,1,1,0,차대차 - 측면직각충돌,안전거리미확보,건조,맑음,단일로 - 기타,승용,여,43세,경상,승용,여,51세,중상
2012021600100469,2012년 2월 16일 21시,목요일,부산광역시 금정구 두구동,중상사고,0,2,0,0,차대차 - 정면충돌,신호위반,건조,맑음,교차로 - 교차로부근,승용,남,45세,중상,승용,남,43세,중상
2012021600100470,2012년 2월 16일 21시,목요일,부산광역시 금정구 부곡동,경상사고,0,0,1,0,차대차 - 추돌 - 주정차중,안전운전불이행,건조,맑음,단일로 - 기타,승용,남,43세,상해없음,승용,남,38세,경상
2012021600100497,2012년 2월 16일 22시,목요일,부산광역시 부산진구 전포동,경상사고,0,0,1,0,차대차 - 기타,신호위반,기타,맑음,교차로 - 교차로안,승용,남,41세,상해없음,원동기,남,23세,경상
2012021600100498,2012년 2월 16일 22시,목요일,부산광역시 사하구 감천동,부상신고사고,0,0,0,1,차대사람 - 기타,안전운전불이행,건조,맑음,단일로 - 기타,원동기,남,39세,상해없음,보행자,여,54세,부상신고
2012021600100518,2012년 2월 16일 23시,목요일,부산광역시 해운대구 재송동,경상사고,0,0,1,0,차대차 - 정면충돌,안전운전불이행,건조,맑음,단일로 - 기타,승합,남,46세,상해없음,승용,남,62세,경상
2012021600100519,2012년 2월 16일 23시,목요일,부산광역시 사하구 하단동,경상사고,0,0,1,0,차대차 - 추돌 - 주정차중,안전운전불이행,건조,맑음,단일로 - 기타,승용,남,30세,상해없음,승용,남,42세,경상
2012021600100520,2012년 2월 16일 23시,목요일,부산광역시 연제구 연산동,중상사고,0,1,0,0,차대사람 - 횡단중,안전운전불이행,건조,맑음,단일로 - 횡단보도상,승용,남,51세,상해없음,보행자,남,34세,중상
2012021600100521,2012년 2월 16일 23시,목요일,부산광역시 사상구 괘법동,경상사고,0,0,1,0,차대차 - 측면직각충돌,중앙선침범,건조,맑음,단일로 - 기타,화물,여,55세,상해없음,원동기,남,47세,경상
2012021600100522,2012년 2월 16일 23시,목요일,부산광역시 사상구 모라동,중상사고,0,3,0,0,차대차 - 추돌 - 주정차중,안전거리미확보,건조,맑음,교차로 - 교차로부근,승용,남,22세,상해없음,승용,남,24세,중상
2012021700100008,2012년 2월 17일 00시,금요일,부산광역시 해운대구 재송동,중상사고,0,1,0,0,차대차 - 추돌 - 주정차중,안전운전불이행,건조,흐림,단일로 - 기타,승용,남,27세,상해없음,승합,미분류,기타불명,기타불명
2012021700100009,2012년 2월 17일 00시,금요일,부산광역시 금정구 장전동,중상사고,0,2,0,0,차대차 - 측면직각충돌,신호위반,건조,맑음,교차로 - 교차로안,승용,남,34세,상해없음,화물,남,44세,중상
2012021700100039,2012년 2월 17일 02시,금요일,부산광역시 북구 금곡동,경상사고,0,0,1,0,차대차 - 추돌 - 진행중,안전운전불이행,건조,맑음,교차로 - 교차로부근,승용,남,23세,상해없음,승용,남,65세,상해없음
2012021700100040,2012년 2월 17일 02시,금요일,부산광역시 기장군 철마면,경상사고,0,0,1,0,차대차 - 추돌 - 주정차중,안전운전불이행,건조,맑음,교차로 - 교차로부근,승용,남,43세,상해없음,승용,남,38세,경상
2012021700100053,2012년 2월 17일 03시,금요일,부산광역시 북구 덕천동,사망사고,1,0,0,0,차대사람 - 횡단중,보행자보호의무위반,건조,맑음,기타 - 기타,화물,남,54세,상해없음,보행자,남,54세,사망
2012021700100060,2012년 2월 17일 04시,금요일,부산광역시 사하구 신평동,중상사고,0,1,2,0,차대차 - 추돌 - 진행중,신호위반,건조,맑음,교차로 - 교차로안,승용,여,50세,상해없음,승용,남,53세,경상
2012021700100065,2012년 2월 17일 05시,금요일,부산광역시 부산진구 부전동,중상사고,0,1,1,0,차대사람 - 기타,신호위반,건조,맑음,교차로 - 교차로안,승용,남,56세,상해없음,보행자,여,24세,중상
2012021700100083,2012년 2월 17일 06시,금요일,부산광역시 금정구 장전동,중상사고,0,1,0,0,차대사람 - 횡단중,안전운전불이행,건조,맑음,단일로 - 기타,승용,남,35세,상해없음,보행자,여,65세,중상
2012021700100099,2012년 2월 17일 07시,금요일,부산광역시 강서구 송정동,경상사고,0,0,1,0,차대차 - 기타,안전운전불이행,건조,맑음,기타 - 기타,승용,남,30세,상해없음,승용,남,22세,경상
2012021700100113,2012년 2월 17일 08시,금요일,부산광역시 강서구 화전동,경상사고,0,0,1,0,차대차 - 측면직각충돌,교차로운행방법위반,건조,맑음,교차로 - 교차로안,승용,남,67세,상해없음,승용,남,28세,경상
2012021700100114,2012년 2월 17일 08시,금요일,부산광역시 사상구 괘법동,경상사고,0,0,1,0,차대사람 - 횡단중,안전운전불이행,건조,맑음,단일로 - 기타,승용,남,64세,상해없음,보행자,여,49세,경상
2012021700100115,2012년 2월 17일 08시,금요일,부산광역시 사상구 모라동,중상사고,0,1,0,0,차대사람 - 횡단중,신호위반,건조,맑음,교차로 - 교차로부근,승용,여,34세,상해없음,보행자,여,57세,중상
2012021700100140,2012년 2월 17일 09시,금요일,부산광역시 사하구 신평동,경상사고,0,0,1,0,차대차 - 추돌 - 진행중,안전거리미확보,건조,맑음,교차로 - 교차로부근,화물,남,30세,상해없음,화물,남,49세,경상
2012021700100141,2012년 2월 17일 09시,금요일,부산광역시 사상구 괘법동,경상사고,0,0,1,0,차대차 - 기타,안전운전불이행,건조,맑음,교차로 - 교차로안,이륜,남,52세,경상,화물,남,32세,상해없음
2012021700100166,2012년 2월 17일 10시,금요일,부산광역시 동래구 온천동,경상사고,0,0,1,0,차대차 - 추돌 - 진행중,안전운전불이행,건조,맑음,단일로 - 터널,승용,남,49세,상해없음,승용,남,51세,경상
2012021700100167,2012년 2월 17일 10시,금요일,부산광역시 동래구 온천동,경상사고,0,0,1,0,차대차 - 추돌 - 주정차중,안전운전불이행,건조,맑음,단일로 - 터널,승합,남,41세,상해없음,승용,남,40세,경상
2012021700100181,2012년 2월 17일 11시,금요일,부산광역시 남구 대연동,중상사고,0,1,0,0,차대차 - 측면직각충돌,교차로운행방법위반,건조,맑음,교차로 - 교차로안,승합,여,39세,상해없음,승용,여,42세,중상
2012021700100182,2012년 2월 17일 11시,금요일,부산광역시 해운대구 좌동,부상신고사고,0,0,0,1,차대차 - 추돌 - 진행중,안전운전불이행,건조,맑음,기타 - 기타,승용,남,49세,상해없음,승용,남,56세,부상신고
2012021700100183,2012년 2월 17일 11시,금요일,부산광역시 수영구 망미동,중상사고,0,1,0,0,차대차 - 측면직각충돌,중앙선침범,건조,맑음,기타 - 기타,승용,남,37세,상해없음,승용,남,30세,중상