사고번호,사고일시,요일,시군구,사고내용,사망자수,중상자수,경상자수,부상신고자수,사고유형,법규위반,노면상태,기상상태,도로형태,가해운전자 차종,가해운전자 성별,가해운전자 연령,가해운전자 상해정도,피해운전자 차종,피해운전자 성별,피해운전자 연령,피해운전자 상해정도
2012022000100218,2012년 2월 20일 12시,월요일,부산광역시 강서구 죽림동,부상신고사고,0,0,0,1,차대차 - 측면직각충돌,신호위반,건조,맑음,교차로 - 교차로안,승용,남,30세,상해없음,화물,남,62세,부상신고
2012022000100265,2012년 2월 20일 14시,월요일,부산광역시 동구 좌천동,중상사고,0,1,0,0,차대사람 - 횡단중,안전운전불이행,건조,맑음,교차로 - 교차로안,승용,남,74세,상해없음,보행자,여,83세,중상
2012022000100266,2012년 2월 20일 14시,월요일,부산광역시 동래구 온천동,중상사고,0,1,0,0,차대차 - 측면직각충돌,안전운전불이행,건조,맑음,교차로 - 교차로안,승용,남,66세,상해없음,원동기,남,58세,중상
2012022000100301,2012년 2월 20일 15시,월요일,부산광역시 북구 덕천동,경상사고,0,0,1,0,차대사람 - 기타,안전운전불이행,건조,맑음,단일로 - 기타,승용,여,39세,상해없음,보행자,여,78세,경상
2012022000100330,2012년 2월 20일 16시,월요일,부산광역시 해운대구 좌동,중상사고,0,1,2,0,차대차 - 추돌 - 진행중,안전운전불이행,건조,기타,교차로 - 교차로부근,화물,남,49세,상해없음,화물,남,65세,상해없음
2012022000100331,2012년 2월 20일 16시,월요일,부산광역시 부산진구 전포동,중상사고,0,1,0,0,차대사람 - 횡단중,안전운전불이행,건조,맑음,단일로 - 횡단보도부근,승용,남,33세,상해없음,보행자,여,12세,중상
2012022000100361,2012년 2월 20일 17시,월요일,부산광역시 기장군 정관면,중상사고,0,1,0,0,차대차 - 측면직각충돌,직진우회전진행방해,건조,맑음,교차로 - 교차로안,승용,여,31세,상해없음,원동기,남,14세,중상
2012022000100386,2012년 2월 20일 18시,월요일,부산광역시 수영구 남천동,경상사고,0,0,1,0,차대차 - 측면직각충돌,직진우회전진행방해,건조,맑음,단일로 - 기타,승용,남,40세,상해없음,승용,남,41세,경상
2012022000100387,2012년 2월 20일 18시,월요일,부산광역시 부산진구 가야동,경상사고,0,0,1,0,차대차 - 기타,신호위반,건조,맑음,교차로 - 교차로안,승용,여,50세,상해없음,승용,남,51세,경상
2012022000100430,2012년 2월 20일 19시,월요일,부산광역시 부산진구 부전동,중상사고,0,1,0,0,차대차 - 측면직각충돌,신호위반,건조,맑음,교차로 - 교차로안,승용,남,24세,상해없음,이륜,남,45세,중상
2012022000100431,2012년 2월 20일 19시,월요일,부산광역시 기장군 기장읍,경상사고,0,0,1,0,차대차 - 측면직각충돌,안전거리미확보,건조,맑음,단일로 - 기타,승용,남,19세,상해없음,이륜,남,48세,경상
2012022000100468,2012년 2월 20일 20시,월요일,부산광역시 남구 대연동,부상신고사고,0,0,0,1,차대차 - 추돌 - 진행중,중앙선침범,건조,맑음,단일로 - 기타,승용,남,64세,상해없음,이륜,남,28세,부상신고
2012022000100469,2012년 2월 20일 20시,월요일,부산광역시 연제구 거제동,중상사고,0,1,0,0,차대차 - 추돌 - 진행중,안전거리미확보,건조,맑음,단일로 - 기타,승합,남,59세,상해없음,원동기,남,33세,중상
2012022000100508,2012년 2월 20일 21시,월요일,부산광역시 동구 수정동,부상신고사고,0,0,0,1,차대사람 - 기타,안전운전불이행,건조,맑음,교차로 - 교차로부근,이륜,남,57세,상해없음,보행자,남,38세,부상신고
2012022000100509,2012년 2월 20일 21시,월요일,부산광역시 해운대구 우동,중상사고,0,1,0,0,차대사람 - 횡단중,보행자보호의무위반,건조,맑음,교차로 - 교차로안,승용,남,42세,상해없음,보행자,여,21세,중상
2012022000100510,2012년 2월 20일 21시,월요일,부산광역시 사하구 다대동,중상사고,0,1,0,0,차대차 - 추돌 - 진행중,안전운전불이행,건조,맑음,단일로 - 기타,승용,남,60세,상해없음,승용,여,48세,중상
2012022000100555,2012년 2월 20일 22시,월요일,부산광역시 강서구 녹산동,경상사고,0,0,1,0,차대사람 - 기타,안전운전불이행,건조,맑음,단일로 - 횡단보도상,승용,남,45세,상해없음,보행자,남,50세,경상
2012022100100013,2012년 2월 21일 00시,화요일,부산광역시 사상구 감전동,경상사고,0,0,3,0,차대차 - 측면직각충돌,교차로운행방법위반,건조,맑음,교차로 - 교차로안,승용,남,60세,상해없음,승용,남,39세,경상
2012022100100038,2012년 2월 21일 01시,화요일,부산광역시 서구 암남동,중상사고,0,1,1,0,차대차 - 측면직각충돌,신호위반,건조,맑음,교차로 - 교차로안,승용,여,49세,상해없음,승용,남,59세,상해없음
2012022100100058,2012년 2월 21일 02시,화요일,부산광역시 중구 남포동2가,중상사고,0,1,0,0,차대사람 - 차도통행중,안전운전불이행,건조,맑음,단일로 - 기타,승용,남,55세,상해없음,보행자,여,63세,중상
2012022100100102,2012년 2월 21일 05시,화요일,부산광역시 강서구 명지동,중상사고,0,1,0,0,차대차 - 측면직각충돌,신호위반,건조,맑음,교차로 - 교차로안,승용,여,27세,상해없음,승용,여,49세,중상
2012022100100109,2012년 2월 21일 06시,화요일,부산광역시 부산진구 전포동,중상사고,0,1,0,0,차대사람 - 보도통행중,보행자보호의무위반,건조,기타,단일로 - 횡단보도상,승용,남,31세,상해없음,보행자,남,73세,중상
2012022100100129,2012년 2월 21일 07시,화요일,부산광역시 부산진구 부암동,부상신고사고,0,0,0,1,차대차 - 측면직각충돌,안전거리미확보,건조,맑음,교차로 - 교차로부근,승용,남,66세,상해없음,승용,남,32세,부상신고
2012022100100130,2012년 2월 21일 07시,화요일,부산광역시 사상구 학장동,중상사고,0,2,1,0,차대차 - 측면직각충돌,안전거리미확보,건조,흐림,단일로 - 기타,화물,남,53세,상해없음,승합,남,44세,중상
2012022100100158,2012년 2월 21일 08시,화요일,부산광역시 수영구 민락동,중상사고,0,2,0,0,차대차 - 추돌 - 진행중,신호위반,건조,맑음,교차로 - 교차로안,승용,남,28세,상해없음,승용,남,61세,중상
2012022100100159,2012년 2월 21일 08시,화요일,부산광역시 영도구 청학동,중상사고,0,1,0,0,차대차 - 정면충돌,안전운전불이행,건조,맑음,교차로 - 교차로안,화물,남,32세,상해없음,승용,남,30세,중상
2012022100100189,2012년 2월 21일 09시,화요일,부산광역시 남구 대연동,중상사고,0,1,0,0,차대차 - 기타,교차로운행방법위반,건조,맑음,교차로 - 교차로안,승용,여,21세,상해없음,화물,남,39세,중상
2012022100100213,2012년 2월 21일 10시,화요일,부산광역시 동구 범일동,경상사고,0,0,1,0,차대사람 - 기타,안전운전불이행,건조,맑음,단일로 - 기타,승용,여,36세,상해없음,보행자,남,24세,경상
2012022100100214,2012년 2월 21일 10시,화요일,부산광역시 수영구 수영동,중상사고,0,1,0,0,차대사람 - 길가장자리구역통행중,안전운전불이행,건조,맑음,단일로 - 기타,승용,남,47세,상해없음,보행자,여,57세,중상
2012022100100260,2012년 2월 21일 12시,화요일,부산광역시 북구 구포동,중상사고,0,1,0,0,차대사람 - 기타,안전운전불이행,건조,흐림,단일로 - 기타,이륜,남,25세,상해없음,보행자,여,53세,상해없음
2012022100100261,2012년 2월 21일 12시,화요일,부산광역시 해운대구 우동,중상사고,0,1,0,0,차대차 - 측면직각충돌,불법유턴,건조,맑음,단일로 - 기타,승용,여,43세,상해없음,승용,남,47세,중상
2012022100100287,2012년 2월 21일 13시,화요일,부산광역시 수영구 남천동,경상사고,0,0,1,0,차량단독 - 기타,안전운전불이행,건조,맑음,교차로 - 교차로부근,승합,남,53세,상해없음,,,,
2012022100100288,2012년 2월 21일 13시,화요일,부산광역시 동래구 온천동,경상사고,0,0,1,0,차대차 - 추돌 - 진행중,안전운전불이행,건조,맑음,단일로 - 기타,승용,남,58세,상해없음,승용,남,54세,경상
2012022100100316,2012년 2월 21일 14시,화요일,부산광역시 부산진구 범천동,중상사고,0,1,0,0,차대사람 - 기타,안전운전불이행,기타,맑음,기타 - 기타,승용,남,40세,상해없음,보행자,여,51세,중상
2012022100100317,2012년 2월 21일 14시,화요일,부산광역시 금정구 장전동,경상사고,0,0,2,0,차대차 - 측면직각충돌,중앙선침범,건조,맑음,단일로 - 기타,승용,남,23세,상해없음,승용,남,64세,경상
2012022100100346,2012년 2월 21일 15시,화요일,부산광역시 남구 대연동,경상사고,0,0,1,0,차대사람 - 횡단중,안전운전불이행,습기,비,단일로 - 횡단보도부근,승용,남,52세,상해없음,보행자,남,12세,경상
2012022100100347,2012년 2월 21일 15시,화요일,부산광역시 수영구 광안동,중상사고,0,1,0,0,차대사람 - 기타,안전운전불이행,습기,비,단일로 - 기타,원동기,남,45세,상해없음,보행자,남,8세,중상
2012022100100374,2012년 2월 21일 16시,화요일,부산광역시 동구 초량동,중상사고,0,1,0,0,차대차 - 추돌 - 주정차중,안전거리미확보,습기,비,단일로 - 기타,화물,남,49세,상해없음,승용,여,57세,중상
2012022100100401,2012년 2월 21일 17시,화요일,부산광역시 해운대구 반여동,경상사고,0,0,2,0,차대차 - 측면직각충돌,안전운전불이행,습기,비,기타 - 기타,승용,여,59세,상해없음,승용,남,28세,경상
2012022100100402,2012년 2월 21일 17시,화요일,부산광역시 해운대구 반여동,경상사고,0,0,1,0,차대차 - 측면직각충돌,신호위반,습기,비,교차로 - 교차로안,승용,여,56세,상해없음,승용,여,42세,경상
2012022100100403,2012년 2월 21일 17시,화요일,부산광역시 해운대구 재송동,경상사고,0,0,1,0,차대차 - 기타,안전거리미확보,습기,비,단일로 - 기타,승용,남,51세,상해없음,원동기,남,23세,경상
2012022100100404,2012년 2월 21일 17시,화요일,부산광역시 사하구 장림동,부상신고사고,0,0,0,1,차대차 - 추돌 - 진행중,안전거리미확보,습기,비,교차로 - 교차로부근,승합,여,42세,상해없음,승용,남,44세,부상신고
2012022100100405,2012년 2월 21일 17시,화요일,부산광역시 연제구 거제동,경상사고,0,0,3,0,차대차 - 정면충돌,신호위반,건조,맑음,교차로 - 교차로안,승합,남,66세,상해없음,화물,남,42세,경상
2012022100100406,2012년 2월 21일 17시,화요일,부산광역시 사상구 감전동,경상사고,0,0,2,0,차대차 - 추돌 - 진행중,안전거리미확보,습기,비,교차로 - 교차로부근,승합,남,55세,상해없음,특수,남,34세,경상
2012022100100436,2012년 2월 21일 18시,화요일,부산광역시 서구 동대신동1가,사망사고,1,0,0,0,차대사람 - 길가장자리구역통행중,안전운전불이행,습기,비,단일로 - 기타,특수,남,31세,상해없음,보행자,남,63세,사망
2012022100100437,2012년 2월 21일 18시,화요일,부산광역시 부산진구 가야동,경상사고,0,0,1,0,차대차 - 기타,안전거리미확보,건조,맑음,단일로 - 기타,승용,여,33세,상해없음,승용,남,55세,경상
2012022100100438,2012년 2월 21일 18시,화요일,부산광역시 사하구 장림동,경상사고,0,0,1,0,차대차 - 추돌 - 주정차중,안전거리미확보,습기,비,교차로 - 교차로부근,화물,남,51세,상해없음,승용,남,34세,경상
2012022100100483,2012년 2월 21일 19시,화요일,부산광역시 중구 대청동4가,중상사고,0,1,0,0,차대사람 - 횡단중,안전운전불이행,습기,비,단일로 - 기타,승용,남,28세,상해없음,보행자,여,46세,중상
2012022100100484,2012년 2월 21일 19시,화요일,부산광역시 동래구 안락동,중상사고,0,1,0,0,차대사람 - 횡단중,보행자보호의무위반,습기,비,단일로 - 횡단보도상,화물,남,67세,상해없음,보행자,여,64세,중상
2012022100100485,2012년 2월 21일 19시,화요일,부산광역시 해운대구 우동,중상사고,0,1,0,0,차대차 - 추돌 - 주정차중,안전운전불이행,습기,비,단일로 - 기타,승용,남,57세,상해없음,승용,남,49세,중상
2012022100100486,2012년 2월 21일 19시,화요일,부산광역시 해운대구 우동,경상사고,0,0,1,0,차대차 - 기타,교차로운행방법위반,습기,비,단일로 - 기타,승합,남,54세,상해없음,이륜,남,38세,경상
2012022100100487,2012년 2월 21일 19시,화요일,부산광역시 부산진구 양정동,경상사고,0,0,1,0,차대사람 - 기타,신호위반,건조,맑음,교차로 - 교차로부근,승용,남,46세,상해없음,보행자,여,57세,경상
2012022100100488,2012년 2월 21일 19시,화요일,부산광역시 부산진구 양정동,경상사고,0,0,1,0,차대차 - 기타,안전운전불이행,건조,맑음,단일로 - 기타,승용,여,16세,상해없음,승용,남,34세,경상
2012022100100532,2012년 2월 21일 20시,화요일,부산광역시 중구 중앙동2가,중상사고,0,1,0,0,차대사람 - 차도통행중,안전운전불이행,습기,비,단일로 - 기타,승합,남,42세,상해없음,보행자,남,53세,중상
2012022100100533,2012년 2월 21일 20시,화요일,부산광역시 남구 용호동,중상사고,0,1,0,0,차대사람 - 차도통행중,안전운전불이행,습기,비,교차로 - 교차로안,원동기,남,21세,상해없음,보행자,남,74세,중상
2012022100100534,2012년 2월 21일 20시,화요일,부산광역시 해운대구 석대동,경상사고,0,0,2,1,차대차 - 측면직각충돌,중앙선침범,습기,비,단일로 - 기타,승용,남,52세,상해없음,승용,남,42세,경상
2012022100100535,2012년 2월 21일 20시,화요일,부산광역시 금정구 금사동,경상사고,0,0,1,0,차대사람 - 길가장자리구역통행중,안전운전불이행,건조,맑음,교차로 - 교차로부근,승용,남,42세,상해없음,보행자,여,25세,경상
2012022100100536,2012년 2월 21일 20시,화요일,부산광역시 강서구 강동동,경상사고,0,0,1,0,차대차 - 기타,안전운전불이행,습기,비,교차로 - 교차로안,화물,남,38세,상해없음,승용,남,35세,경상
2012022100100570,2012년 2월 21일 21시,화요일,부산광역시 중구 영주동,중상사고,0,1,2,0,차대차 - 측면직각충돌,안전운전불이행,건조,맑음,단일로 - 기타,승용,여,36세,상해없음,승용,남,29세,경상
2012022100100571,2012년 2월 21일 21시,화요일,부산광역시 부산진구 부전동,중상사고,0,1,0,0,차대사람 - 기타,안전운전불이행,건조,맑음,단일로 - 기타,승용,남,45세,상해없음,보행자,여,22세,중상
2012022100100572,2012년 2월 21일 21시,화요일,부산광역시 사하구 괴정동,경상사고,0,0,1,0,차대사람 - 기타,안전운전불이행,습기,비,단일로 - 기타,승용,남,42세,상해없음,보행자,남,42세,경상
2012022100100573,2012년 2월 21일 21시,화요일,부산광역시 사하구 괴정동,경상사고,0,0,1,0,차대차 - 추돌 - 진행중,신호위반,건조,맑음,교차로 - 교차로부근,승용,남,35세,상해없음,승용,남,36세,상해없음
2012022100100574,2012년 2월 21일 21시,화요일,부산광역시 사상구 덕포동,부상신고사고,0,0,0,1,차량단독 - 기타,안전운전불이행,건조,맑음,단일로 - 기타,화물,남,49세,부상신고,,,,
2012022100100607,2012년 2월 21일 22시,화요일,부산광역시 금정구 부곡동,중상사고,0,1,1,1,차대차 - 측면직각충돌,안전운전불이행,습기,흐림,단일로 - 기타,승용,여,24세,부상신고,승용,남,47세,중상
2012022100100648,2012년 2월 21일 23시,화요일,부산광역시 서구 동대신동3가,경상사고,0,0,6,0,차대차 - 추돌 - 진행중,안전거리미확보,건조,맑음,단일로 - 기타,승용,남,50세,상해없음,승용,남,61세,상해없음
2012022100100649,2012년 2월 21일 23시,화요일,부산광역시 부산진구 개금동,경상사고,0,0,1,0,차대차 - 기타,신호위반,건조,맑음,교차로 - 교차로안,승용,기타불명,기타불명,기타불명,원동기,남,27세,경상
2012022200100041,2012년 2월 22일 01시,수요일,부산광역시 동래구 사직동,중상사고,0,1,0,0,차대차 - 측면직각충돌,교차로운행방법위반,건조,맑음,단일로 - 기타,승용,남,56세,상해없음,승용,여,50세,중상
2012022200100080,2012년 2월 22일 04시,수요일,부산광역시 해운대구 우동,중상사고,0,1,0,0,차대차 - 추돌 - 주정차중,안전운전불이행,건조,맑음,단일로 - 횡단보도상,승용,남,65세,상해없음,승용,남,60세,중상
2012022200100105,2012년 2월 22일 06시,수요일,부산광역시 사하구 괴정동,중상사고,0,1,0,0,차대사람 - 기타,안전운전불이행,건조,맑음,교차로 - 교차로안,승용,여,47세,상해없음,보행자,남,72세,중상
2012022200100124,2012년 2월 22일 07시,수요일,부산광역시 부산진구 연지동,경상사고,0,0,1,0,차대차 - 기타,안전거리미확보,건조,맑음,단일로 - 기타,승용,남,56세,상해없음,화물,남,43세,상해없음
2012022200100147,2012년 2월 22일 08시,수요일,부산광역시 해운대구 재송동,경상사고,0,0,1,0,차대차 - 측면직각충돌,안전거리미확보,건조,맑음,단일로 - 기타,승용,남,30세,상해없음,승용,남,79세,경상
2012022200100188,2012년 2월 22일 09시,수요일,부산광역시 사하구 괴정동,중상사고,0,1,1,0,차대차 - 추돌 - 진행중,안전거리미확보,건조,맑음,단일로 - 기타,승용,남,52세,상해없음,승용,남,65세,중상
2012022200100215,2012년 2월 22일 10시,수요일,부산광역시 동래구 온천동,경상사고,0,0,2,0,차대차 - 추돌 - 주정차중,안전운전불이행,건조,맑음,단일로 - 기타,화물,남,50세,상해없음,승용,남,40세,경상
2012022200100234,2012년 2월 22일 11시,수요일,부산광역시 동구 좌천동,경상사고,0,0,2,0,차대차 - 추돌 - 주정차중,안전운전불이행,건조,맑음,교차로 - 교차로안,승용,남,52세,상해없음,승용,남,38세,경상
2012022200100288,2012년 2월 22일 14시,수요일,부산광역시 중구 부평동1가,중상사고,0,1,0,0,차대사람 - 기타,안전운전불이행,건조,맑음,단일로 - 횡단보도부근,이륜,남,52세,상해없음,보행자,여,63세,중상
2012022200100289,2012년 2월 22일 14시,수요일,부산광역시 부산진구 전포동,경상사고,0,0,1,0,차대사람 - 횡단중,중앙선침범,건조,맑음,단일로 - 횡단보도부근,승용,남,54세,상해없음,보행자,남,27세,경상
2012022200100290,2012년 2월 22일 14시,수요일,부산광역시 부산진구 양정동,경상사고,0,0,1,0,차대사람 - 기타,안전운전불이행,건조,맑음,기타 - 기타,승용,여,41세,상해없음,보행자,여,45세,경상
2012022200100344,2012년 2월 22일 16시,수요일,부산광역시 중구 광복동1가,경상사고,0,0,3,1,차대차 - 기타,안전운전불이행,건조,맑음,단일로 - 기타,승용,남,42세,경상,승용,여,36세,경상
2012022200100361,2012년 2월 22일 17시,수요일,부산광역시 사하구 신평동,경상사고,0,0,1,0,차대차 - 측면직각충돌,교차로운행방법위반,건조,맑음,교차로 - 교차로안,승용,남,49세,상해없음,승용,여,54세,경상
2012022200100393,2012년 2월 22일 18시,수요일,부산광역시 수영구 광안동,중상사고,0,1,0,0,차대차 - 측면직각충돌,교차로운행방법위반,건조,맑음,교차로 - 교차로안,승용,여,55세,상해없음,자전거,남,49세,중상
2012022200100394,2012년 2월 22일 18시,수요일,부산광역시 해운대구 우동,중상사고,0,1,0,0,차대사람 - 길가장자리구역통행중,보행자보호의무위반,건조,맑음,교차로 - 교차로부근,승용,기타불명,기타불명,기타불명,보행자,여,54세,중상
2012022200100428,2012년 2월 22일 19시,수요일,부산광역시 사하구 장림동,부상신고사고,0,0,0,1,차대사람 - 기타,안전운전불이행,건조,맑음,단일로 - 기타,승용,기타불명,기타불명,기타불명,보행자,남,50세,부상신고
2012022200100429,2012년 2월 22일 19시,수요일,부산광역시 연제구 거제동,경상사고,0,0,1,0,차대차 - 추돌 - 주정차중,안전운전불이행,건조,맑음,단일로 - 기타,승용,남,56세,상해없음,승용,여,42세,경상
2012022200100522,2012년 2월 22일 22시,수요일,부산광역시 사하구 장림동,경상사고,0,0,2,0,차대차 - 추돌 - 진행중,안전운전불이행,건조,맑음,단일로 - 기타,승용,남,50세,상해없음,승용,남,42세,경상
2012022200100550,2012년 2월 22일 23시,수요일,부산광역시 동래구 사직동,중상사고,0,1,0,0,차대사람 - 기타,기타,건조,맑음,단일로 - 기타,승용,남,37세,상해없음,보행자,여,17세,중상
2012022200100551,2012년 2월 22일 23시,수요일,부산광역시 해운대구 중동,경상사고,0,0,3,0,차대차 - 측면직각충돌,신호위반,건조,맑음,교차로 - 교차로안,승용,남,60세,상해없음,승용,남,53세,경상
2012022200100552,2012년 2월 22일 23시,수요일,부산광역시 금정구 구서동,중상사고,0,2,0,0,차대차 - 측면직각충돌,중앙선침범,건조,흐림,교차로 - 교차로부근,승용,남,36세,상해없음,승용,여,30세,중상
2012022300100029,2012년 2월 23일 01시,목요일,부산광역시 동래구 온천동,경상사고,0,0,2,0,차대차 - 측면직각충돌,신호위반,건조,맑음,교차로 - 교차로안,화물,남,25세,상해없음,승용,여,43세,경상
2012022300100066,2012년 2월 23일 04시,목요일,부산광역시 동래구 명륜동,중상사고,0,1,0,0,차대사람 - 기타,안전운전불이행,건조,맑음,단일로 - 횡단보도부근,승용,남,45세,상해없음,보행자,남,22세,중상
2012022300100078,2012년 2월 23일 05시,목요일,부산광역시 중구 중앙동2가,중상사고,0,1,0,0,차대차 - 측면직각충돌,신호위반,건조,맑음,교차로 - 교차로안,승용,남,33세,상해없음,화물,남,31세,중상
2012022300100079,2012년 2월 23일 05시,목요일,부산광역시 사상구 모라동,경상사고,0,0,1,0,차대차 - 추돌 - 진행중,안전운전불이행,건조,흐림,단일로 - 기타,화물,남,40세,상해없음,승용,남,62세,경상
2012022300100088,2012년 2월 23일 06시,목요일,부산광역시 동구 범일동,중상사고,0,1,0,0,차대차 - 측면직각충돌,신호위반,건조,맑음,교차로 - 교차로안,승용,여,36세,상해없음,승용,남,25세,중상
2012022300100089,2012년 2월 23일 06시,목요일,부산광역시 사상구 엄궁동,중상사고,0,2,0,0,차대차 - 추돌 - 주정차중,안전운전불이행,건조,맑음,교차로 - 교차로부근,승용,남,44세,중상,화물,남,36세,중상
2012022300100115,2012년 2월 23일 08시,목요일,부산광역시 서구 동대신동1가,중상사고,0,1,1,0,차대차 - 추돌 - 진행중,안전거리미확보,기타,맑음,단일로 - 기타,화물,남,32세,상해없음,승용,여,46세,중상
2012022300100116,2012년 2월 23일 08시,목요일,부산광역시 부산진구 당감동,경상사고,0,0,2,0,차대차 - 추돌 - 진행중,교차로운행방법위반,건조,맑음,교차로 - 교차로안,승용,남,35세,상해없음,승용,남,60세,경상
2012022300100149,2012년 2월 23일 09시,목요일,부산광역시 동래구 수안동,중상사고,0,1,0,0,차대사람 - 차도통행중,안전운전불이행,건조,맑음,단일로 - 기타,승용,남,60세,상해없음,보행자,여,67세,중상
2012022300100173,2012년 2월 23일 10시,목요일,부산광역시 남구 대연동,중상사고,0,1,2,0,차대차 - 추돌 - 진행중,안전거리미확보,건조,맑음,단일로 - 기타,화물,남,42세,상해없음,승용,남,47세,상해없음
2012022300100174,2012년 2월 23일 10시,목요일,부산광역시 사하구 장림동,경상사고,0,0,1,0,차대차 - 추돌 - 주정차중,안전운전불이행,건조,맑음,교차로 - 교차로부근,화물,남,58세,상해없음,승용,남,51세,상해없음
2012022300100216,2012년 2월 23일 12시,목요일,부산광역시 사상구 학장동,중상사고,0,1,0,0,차대사람 - 기타,안전운전불이행,건조,맑음,교차로 - 교차로안,승용,여,38세,상해없음,보행자,남,51세,중상
2012022300100237,2012년 2월 23일 13시,목요일,부산광역시 동구 범일동,중상사고,0,1,0,0,차대차 - 기타,교차로운행방법위반,건조,맑음,교차로 - 교차로부근,승합,남,59세,상해없음,승합,남,53세,중상
2012022300100238,2012년 2월 23일 13시,목요일,부산광역시 해운대구 좌동,경상사고,0,0,2,0,차대차 - 측면직각충돌,기타,건조,맑음,단일로 - 기타,승용,남,85세,상해없음,승용,남,43세,경상
2012022300100239,2012년 2월 23일 13시,목요일,부산광역시 부산진구 개금동,중상사고,0,2,0,0,차량단독 - 도로외이탈 - 기타,안전운전불이행,건조,맑음,단일로 - 기타,화물,남,48세,중상,,,,
2012022300100263,2012년 2월 23일 14시,목요일,부산광역시 동구 수정동,중상사고,0,1,0,0,차대차 - 측면직각충돌,교차로운행방법위반,건조,맑음,교차로 - 교차로안,승용,남,29세,상해없음,승용,남,60세,상해없음
2012022300100264,2012년 2월 23일 14시,목요일,부산광역시 북구 구포동,경상사고,0,0,1,0,차대차 - 추돌 - 진행중,안전운전불이행,건조,맑음,교차로 - 교차로부근,화물,남,40세,상해없음,승용,여,39세,경상
2012022300100265,2012년 2월 23일 14시,목요일,부산광역시 영도구 청학동,경상사고,0,0,1,0,차대사람 - 횡단중,안전운전불이행,건조,맑음,교차로 - 교차로부근,기타불명,기타불명,기타불명,기타불명,보행자,남,65세,경상
2012022300100291,2012년 2월 23일 15시,목요일,부산광역시 연제구 거제동,경상사고,0,0,1,0,차대사람 - 차도통행중,안전운전불이행,건조,맑음,교차로 - 교차로부근,승용,여,35세,상해없음,보행자,여,42세,경상
2012022300100292,2012년 2월 23일 15시,목요일,부산광역시 수영구 망미동,중상사고,0,1,0,0,차대차 - 측면직각충돌,교차로운행방법위반,건조,맑음,교차로 - 교차로부근,승용,남,49세,상해없음,승용,남,44세,중상
2012022300100321,2012년 2월 23일 16시,목요일,부산광역시 북구 구포동,중상사고,0,1,1,0,차대차 - 추돌 - 진행중,안전거리미확보,건조,맑음,교차로 - 교차로부근,승용,여,43세,상해없음,승용,남,30세,경상
2012022300100322,2012년 2월 23일 16시,목요일,부산광역시 동래구 온천동,중상사고,0,1,0,0,차대사람 - 차도통행중,안전운전불이행,건조,맑음,단일로 - 기타,승용,남,28세,상해없음,보행자,남,65세,중상
2012022300100338,2012년 2월 23일 17시,목요일,부산광역시 강서구 송정동,경상사고,0,0,1,0,차대차 - 기타,안전운전불이행,건조,맑음,단일로 - 기타,화물,남,44세,상해없음,승용,남,41세,경상
2012022300100355,2012년 2월 23일 18시,목요일,부산광역시 동래구 온천동,경상사고,0,0,1,0,차대사람 - 보도통행중,기타,건조,맑음,단일로 - 기타,이륜,남,16세,상해없음,보행자,여,48세,경상
2012022300100356,2012년 2월 23일 18시,목요일,부산광역시 금정구 장전동,부상신고사고,0,0,0,1,차대사람 - 기타,안전운전불이행,건조,맑음,단일로 - 기타,승용,여,53세,상해없음,보행자,여,18세,부상신고
2012022300100357,2012년 2월 23일 18시,목요일,부산광역시 사하구 장림동,경상사고,0,0,1,0,차대차 - 정면충돌,중앙선침범,건조,맑음,단일로 - 기타,화물,남,29세,상해없음,승용,남,76세,경상
2012022300100358,2012년 2월 23일 18시,목요일,부산광역시 기장군 기장읍,중상사고,0,1,0,0,차대차 - 추돌 - 진행중,안전운전불이행,건조,맑음,교차로 - 교차로부근,승용,여,42세,상해없음,승용,남,48세,중상
2012022300100386,2012년 2월 23일 19시,목요일,부산광역시 부산진구 전포동,중상사고,0,1,0,0,차대사람 - 횡단중,안전운전불이행,건조,맑음,단일로 - 횡단보도상,원동기,남,48세,상해없음,보행자,여,38세,중상
2012022300100409,2012년 2월 23일 20시,목요일,부산광역시 남구 우암동,경상사고,0,0,1,0,차대차 - 기타,교차로운행방법위반,건조,맑음,교차로 - 교차로안,특수,남,42세,상해없음,승용,여,35세,경상
2012022300100410,2012년 2월 23일 20시,목요일,부산광역시 강서구 대저1동,중상사고,0,5,1,0,차대차 - 측면직각충돌,교차로운행방법위반,건조,맑음,교차로 - 교차로안,승용,남,28세,경상,화물,남,61세,중상
2012022300100434,2012년 2월 23일 21시,목요일,부산광역시 영도구 동삼동,경상사고,0,0,1,0,차대사람 - 차도통행중,안전운전불이행,건조,맑음,단일로 - 기타,승용,남,33세,상해없음,보행자,남,51세,경상
2012022300100435,2012년 2월 23일 21시,목요일,부산광역시 해운대구 반송동,경상사고,0,0,1,0,차대사람 - 기타,안전운전불이행,건조,맑음,단일로 - 기타,승용,남,43세,상해없음,보행자,남,54세,경상
2012022300100489,2012년 2월 23일 23시,목요일,부산광역시 서구 부민동1가,중상사고,0,1,1,0,차대차 - 기타,안전운전불이행,건조,맑음,단일로 - 기타,승용,남,24세,상해없음,승용,남,64세,경상
2012022300100490,2012년 2월 23일 23시,목요일,부산광역시 남구 문현동,경상사고,0,0,1,0,차대차 - 추돌 - 진행중,안전거리미확보,건조,맑음,단일로 - 기타,승용,남,31세,상해없음,승용,남,62세,경상