사고번호,사고일시,요일,시군구,사고내용,사망자수,중상자수,경상자수,부상신고자수,사고유형,법규위반,노면상태,기상상태,도로형태,가해운전자 차종,가해운전자 성별,가해운전자 연령,가해운전자 상해정도,피해운전자 차종,피해운전자 성별,피해운전자 연령,피해운전자 상해정도
2012030100100320,2012년 3월 1일 17시,목요일,부산광역시 북구 덕천동,중상사고,0,1,0,0,차대사람 - 횡단중,신호위반,건조,맑음,단일로 - 기타,승용,남,52세,상해없음,보행자,여,74세,중상
2012030100100321,2012년 3월 1일 17시,목요일,부산광역시 영도구 청학동,경상사고,0,0,1,0,차대차 - 기타,안전거리미확보,건조,맑음,단일로 - 기타,승용,남,37세,상해없음,이륜,남,34세,경상
2012030100100345,2012년 3월 1일 18시,목요일,부산광역시 남구 대연동,중상사고,0,1,0,0,차대사람 - 길가장자리구역통행중,안전운전불이행,건조,맑음,단일로 - 기타,승합,남,68세,상해없음,보행자,여,23세,중상
2012030100100346,2012년 3월 1일 18시,목요일,부산광역시 동래구 명륜동,부상신고사고,0,0,0,1,차대차 - 측면직각충돌,안전운전불이행,건조,맑음,단일로 - 기타,자전거,남,26세,부상신고,이륜,남,28세,상해없음
2012030100100347,2012년 3월 1일 18시,목요일,부산광역시 동래구 온천동,부상신고사고,0,0,0,1,차대차 - 측면직각충돌,안전운전불이행,건조,흐림,교차로 - 교차로안,이륜,남,16세,부상신고,승용,남,61세,상해없음
2012030100100396,2012년 3월 1일 20시,목요일,부산광역시 북구 만덕동,경상사고,0,0,2,1,차대차 - 추돌 - 진행중,안전운전불이행,건조,맑음,교차로 - 교차로부근,승용,남,41세,상해없음,승용,남,44세,경상
2012030100100397,2012년 3월 1일 20시,목요일,부산광역시 사하구 괴정동,중상사고,0,1,0,1,차대차 - 측면직각충돌,차로위반,건조,맑음,단일로 - 기타,승용,남,58세,상해없음,승용,남,26세,중상
2012030100100398,2012년 3월 1일 20시,목요일,부산광역시 연제구 연산동,중상사고,0,1,0,0,차대사람 - 차도통행중,교차로운행방법위반,건조,맑음,교차로 - 교차로부근,승용,남,67세,상해없음,보행자,여,65세,중상
2012030100100418,2012년 3월 1일 21시,목요일,부산광역시 해운대구 석대동,경상사고,0,0,3,0,차대차 - 측면직각충돌,안전운전불이행,건조,맑음,단일로 - 기타,승용,남,22세,상해없음,승용,남,35세,경상
2012030100100419,2012년 3월 1일 21시,목요일,부산광역시 부산진구 당감동,경상사고,0,0,1,0,차대차 - 추돌 - 진행중,안전운전불이행,건조,맑음,단일로 - 기타,승용,남,39세,상해없음,승용,남,60세,경상
2012030100100420,2012년 3월 1일 21시,목요일,부산광역시 사하구 장림동,경상사고,0,0,1,0,차대차 - 측면직각충돌,안전운전불이행,건조,맑음,교차로 - 교차로부근,승용,남,75세,상해없음,승용,남,45세,경상
2012030100100441,2012년 3월 1일 22시,목요일,부산광역시 남구 문현동,경상사고,0,0,1,0,차대사람 - 기타,안전운전불이행,건조,맑음,단일로 - 기타,승용,기타불명,기타불명,기타불명,보행자,여,24세,경상
2012030100100455,2012년 3월 1일 23시,목요일,부산광역시 해운대구 재송동,경상사고,0,0,4,0,차대차 - 측면직각충돌,안전거리미확보,건조,맑음,단일로 - 기타,승용,남,33세,경상,승용,남,49세,경상
2012030100100456,2012년 3월 1일 23시,목요일,부산광역시 부산진구 부전동,경상사고,0,0,1,0,차대차 - 측면직각충돌,신호위반,건조,맑음,단일로 - 기타,승용,남,31세,상해없음,승용,남,64세,경상
2012030100100457,2012년 3월 1일 23시,목요일,부산광역시 수영구 망미동,경상사고,0,0,1,0,차대차 - 기타,안전운전불이행,건조,맑음,단일로 - 횡단보도부근,승용,남,19세,상해없음,승용,여,34세,경상
2012030200100023,2012년 3월 2일 02시,금요일,부산광역시 사하구 장림동,중상사고,0,1,0,1,차대차 - 추돌 - 진행중,신호위반,습기,흐림,교차로 - 교차로안,승용,여,29세,상해없음,승용,남,38세,중상
2012030200100024,2012년 3월 2일 02시,금요일,부산광역시 사상구 학장동,중상사고,0,2,0,0,차대차 - 추돌 - 진행중,안전운전불이행,습기,비,단일로 - 기타,승용,남,55세,상해없음,승용,남,57세,상해없음
2012030200100034,2012년 3월 2일 03시,금요일,부산광역시 동구 초량동,경상사고,0,0,1,0,차대차 - 기타,안전거리미확보,습기,흐림,단일로 - 기타,화물,남,49세,상해없음,승용,남,54세,경상
2012030200100042,2012년 3월 2일 04시,금요일,부산광역시 부산진구 전포동,중상사고,0,1,1,0,차대차 - 기타,중앙선침범,건조,맑음,단일로 - 기타,승용,남,15세,상해없음,승용,남,53세,기타불명
2012030200100054,2012년 3월 2일 05시,금요일,부산광역시 부산진구 개금동,중상사고,0,1,0,0,차대사람 - 횡단중,신호위반,습기,비,교차로 - 교차로부근,이륜,남,17세,상해없음,보행자,여,57세,중상
2012030200100064,2012년 3월 2일 06시,금요일,부산광역시 부산진구 개금동,경상사고,0,0,1,0,차대차 - 측면직각충돌,안전운전불이행,건조,흐림,단일로 - 기타,승용,남,54세,상해없음,자전거,남,47세,경상
2012030200100115,2012년 3월 2일 08시,금요일,부산광역시 해운대구 우동,경상사고,0,0,1,0,차대차 - 측면직각충돌,안전거리미확보,습기,비,단일로 - 기타,승용,남,50세,상해없음,승용,여,33세,경상
2012030200100116,2012년 3월 2일 08시,금요일,부산광역시 금정구 구서동,부상신고사고,0,0,0,1,차대차 - 측면직각충돌,안전운전불이행,습기,비,단일로 - 기타,이륜,남,16세,부상신고,승용,여,51세,상해없음
2012030200100117,2012년 3월 2일 08시,금요일,부산광역시 사하구 하단동,경상사고,0,0,1,0,차대사람 - 길가장자리구역통행중,안전운전불이행,건조,맑음,단일로 - 기타,기타불명,기타불명,기타불명,기타불명,보행자,남,12세,경상
2012030200100149,2012년 3월 2일 09시,금요일,부산광역시 수영구 남천동,경상사고,0,0,1,0,차대차 - 측면직각충돌,안전운전불이행,건조,맑음,단일로 - 기타,승용,여,52세,상해없음,승용,여,45세,경상
2012030200100150,2012년 3월 2일 09시,금요일,부산광역시 동래구 안락동,경상사고,0,0,1,0,차대차 - 추돌 - 주정차중,안전운전불이행,습기,흐림,단일로 - 기타,승용,여,42세,상해없음,승용,남,55세,경상
2012030200100176,2012년 3월 2일 10시,금요일,부산광역시 남구 대연동,중상사고,0,2,1,0,차대차 - 추돌 - 진행중,안전거리미확보,습기,비,단일로 - 기타,승용,남,44세,상해없음,승용,여,38세,경상
2012030200100177,2012년 3월 2일 10시,금요일,부산광역시 동래구 온천동,경상사고,0,0,2,0,차대차 - 측면직각충돌,안전거리미확보,건조,맑음,단일로 - 기타,승용,남,69세,상해없음,승용,남,37세,경상
2012030200100178,2012년 3월 2일 10시,금요일,부산광역시 영도구 남항동1가,중상사고,0,1,0,0,차대사람 - 횡단중,신호위반,습기,비,단일로 - 횡단보도상,승용,남,69세,상해없음,보행자,여,61세,중상
2012030200100179,2012년 3월 2일 10시,금요일,부산광역시 사하구 신평동,경상사고,0,0,1,0,차대차 - 측면직각충돌,신호위반,건조,맑음,교차로 - 교차로안,승합,남,30세,상해없음,승용,남,45세,경상
2012030200100213,2012년 3월 2일 11시,금요일,부산광역시 해운대구 좌동,경상사고,0,0,1,0,차대사람 - 횡단중,보행자보호의무위반,습기,비,단일로 - 횡단보도상,승용,남,55세,상해없음,보행자,여,74세,경상
2012030200100239,2012년 3월 2일 12시,금요일,부산광역시 동구 초량동,경상사고,0,0,1,0,차대차 - 기타,안전운전불이행,건조,맑음,단일로 - 기타,승용,남,43세,상해없음,승용,남,31세,경상
2012030200100240,2012년 3월 2일 12시,금요일,부산광역시 사하구 신평동,경상사고,0,0,1,0,차대차 - 추돌 - 진행중,안전거리미확보,건조,맑음,단일로 - 기타,화물,남,54세,상해없음,화물,남,47세,경상
2012030200100270,2012년 3월 2일 13시,금요일,부산광역시 기장군 기장읍,중상사고,0,1,0,0,차대사람 - 기타,안전운전불이행,건조,맑음,단일로 - 기타,화물,남,57세,상해없음,보행자,여,78세,중상
2012030200100301,2012년 3월 2일 14시,금요일,부산광역시 북구 구포동,중상사고,0,1,0,0,차대차 - 추돌 - 주정차중,안전운전불이행,건조,맑음,단일로 - 기타,화물,남,43세,상해없음,원동기,여,54세,중상
2012030200100302,2012년 3월 2일 14시,금요일,부산광역시 해운대구 우동,경상사고,0,0,1,0,차대차 - 측면직각충돌,안전운전불이행,습기,비,단일로 - 기타,화물,남,51세,상해없음,승용,여,37세,경상
2012030200100325,2012년 3월 2일 15시,금요일,부산광역시 동구 범일동,경상사고,0,0,2,0,차대차 - 추돌 - 주정차중,안전운전불이행,건조,맑음,교차로 - 교차로부근,승용,남,52세,상해없음,승용,여,23세,경상
2012030200100362,2012년 3월 2일 16시,금요일,부산광역시 부산진구 부전동,경상사고,0,0,1,0,차대차 - 측면직각충돌,안전운전불이행,건조,맑음,단일로 - 기타,승용,남,30세,상해없음,원동기,남,54세,경상
2012030200100363,2012년 3월 2일 16시,금요일,부산광역시 사하구 신평동,경상사고,0,0,1,0,차대차 - 측면직각충돌,신호위반,건조,맑음,단일로 - 기타,승용,남,52세,상해없음,승용,남,66세,경상
2012030200100364,2012년 3월 2일 16시,금요일,부산광역시 기장군 정관면,경상사고,0,0,1,0,차대차 - 정면충돌,안전운전불이행,건조,맑음,단일로 - 기타,승용,남,49세,상해없음,화물,남,45세,경상
2012030200100389,2012년 3월 2일 17시,금요일,부산광역시 수영구 망미동,경상사고,0,0,1,0,차대사람 - 기타,안전운전불이행,기타,흐림,단일로 - 기타,승용,남,39세,상해없음,보행자,여,46세,경상
2012030200100390,2012년 3월 2일 17시,금요일,부산광역시 강서구 강동동,중상사고,0,3,1,0,차대차 - 기타,안전운전불이행,건조,맑음,교차로 - 교차로안,원동기,남,16세,중상,화물,남,22세,중상
2012030200100417,2012년 3월 2일 18시,금요일,부산광역시 남구 감만동,경상사고,0,0,1,0,차대차 - 측면직각충돌,안전운전불이행,건조,맑음,단일로 - 기타,승용,남,43세,상해없음,승용,남,42세,경상
2012030200100418,2012년 3월 2일 18시,금요일,부산광역시 강서구 강동동,중상사고,0,1,0,0,차대차 - 측면직각충돌,신호위반,건조,맑음,교차로 - 교차로안,승용,남,22세,상해없음,이륜,여,47세,중상
2012030200100458,2012년 3월 2일 19시,금요일,부산광역시 동래구 온천동,경상사고,0,0,1,0,차대차 - 측면직각충돌,안전운전불이행,건조,맑음,교차로 - 교차로부근,화물,남,52세,상해없음,승용,남,29세,상해없음
2012030200100459,2012년 3월 2일 19시,금요일,부산광역시 부산진구 개금동,중상사고,0,1,0,0,차대사람 - 기타,안전운전불이행,기타,맑음,단일로 - 기타,승용,남,54세,상해없음,보행자,남,64세,중상
2012030200100460,2012년 3월 2일 19시,금요일,부산광역시 금정구 구서동,중상사고,0,1,0,0,차대사람 - 차도통행중,안전운전불이행,건조,흐림,교차로 - 교차로안,승용,여,40세,상해없음,보행자,남,72세,중상
2012030200100461,2012년 3월 2일 19시,금요일,부산광역시 금정구 부곡동,경상사고,0,0,2,0,차대차 - 기타,안전거리미확보,건조,맑음,단일로 - 기타,승합,남,67세,상해없음,승용,여,43세,경상
2012030200100462,2012년 3월 2일 19시,금요일,부산광역시 사하구 장림동,경상사고,0,0,1,0,차대차 - 추돌 - 진행중,안전거리미확보,건조,맑음,단일로 - 기타,승용,남,53세,상해없음,승용,남,33세,경상
2012030200100463,2012년 3월 2일 19시,금요일,부산광역시 기장군 정관면,중상사고,0,1,0,0,차대차 - 측면직각충돌,안전거리미확보,건조,맑음,단일로 - 기타,승용,남,33세,상해없음,이륜,남,34세,중상
2012030200100515,2012년 3월 2일 20시,금요일,부산광역시 사하구 하단동,중상사고,0,1,0,0,차대사람 - 기타,교차로운행방법위반,건조,맑음,교차로 - 교차로부근,승용,남,58세,상해없음,보행자,남,54세,중상
2012030200100558,2012년 3월 2일 21시,금요일,부산광역시 강서구 대저1동,경상사고,0,0,1,0,차대차 - 추돌 - 주정차중,안전거리미확보,건조,맑음,단일로 - 기타,승용,남,49세,상해없음,화물,남,27세,경상
2012030200100593,2012년 3월 2일 22시,금요일,부산광역시 해운대구 반여동,경상사고,0,0,1,0,차대차 - 추돌 - 진행중,안전운전불이행,건조,맑음,교차로 - 교차로부근,승용,남,51세,상해없음,승용,남,72세,경상
2012030200100594,2012년 3월 2일 22시,금요일,부산광역시 부산진구 부전동,경상사고,0,0,2,0,차대차 - 추돌 - 주정차중,안전운전불이행,건조,맑음,단일로 - 기타,승용,남,28세,상해없음,승용,남,53세,경상
2012030200100595,2012년 3월 2일 22시,금요일,부산광역시 사하구 신평동,경상사고,0,0,2,0,차대차 - 측면직각충돌,안전운전불이행,건조,맑음,단일로 - 기타,승용,남,58세,상해없음,승용,남,59세,경상
2012030200100635,2012년 3월 2일 23시,금요일,부산광역시 수영구 광안동,경상사고,0,0,2,0,차대차 - 기타,안전운전불이행,건조,맑음,교차로 - 교차로부근,승용,남,46세,상해없음,승용,남,27세,경상
2012030200100636,2012년 3월 2일 23시,금요일,부산광역시 북구 만덕동,중상사고,0,2,0,0,차대차 - 기타,신호위반,건조,맑음,교차로 - 교차로안,승용,남,28세,상해없음,이륜,남,18세,중상
2012030200100637,2012년 3월 2일 23시,금요일,부산광역시 연제구 연산동,중상사고,0,2,0,0,차대차 - 정면충돌,중앙선침범,건조,흐림,단일로 - 기타,승용,남,24세,상해없음,승용,남,38세,중상
2012030300100006,2012년 3월 3일 00시,토요일,부산광역시 수영구 남천동,경상사고,0,0,1,0,차대차 - 추돌 - 진행중,안전거리미확보,건조,맑음,단일로 - 기타,승용,남,62세,상해없음,승용,여,33세,경상
2012030300100007,2012년 3월 3일 00시,토요일,부산광역시 수영구 망미동,경상사고,0,0,1,0,차대차 - 추돌 - 주정차중,안전거리미확보,건조,맑음,교차로 - 교차로부근,승용,남,42세,상해없음,승용,남,51세,상해없음
2012030300100037,2012년 3월 3일 01시,토요일,부산광역시 사상구 괘법동,중상사고,0,1,0,0,차대사람 - 횡단중,안전운전불이행,건조,맑음,단일로 - 기타,승용,남,48세,상해없음,보행자,남,54세,중상
2012030300100038,2012년 3월 3일 01시,토요일,부산광역시 사상구 감전동,중상사고,0,3,1,0,차대차 - 기타,안전운전불이행,건조,맑음,교차로 - 교차로안,승용,남,56세,상해없음,승용,남,39세,중상
2012030300100060,2012년 3월 3일 02시,토요일,부산광역시 남구 대연동,중상사고,0,1,0,0,차대차 - 측면직각충돌,안전운전불이행,건조,맑음,단일로 - 기타,승용,남,25세,상해없음,승용,남,54세,상해없음
2012030300100061,2012년 3월 3일 02시,토요일,부산광역시 동래구 온천동,경상사고,0,0,1,0,차대사람 - 차도통행중,안전운전불이행,건조,맑음,단일로 - 기타,승용,남,30세,상해없음,보행자,남,24세,경상
2012030300100062,2012년 3월 3일 02시,토요일,부산광역시 부산진구 부전동,경상사고,0,0,1,0,차대차 - 측면직각충돌,안전운전불이행,건조,맑음,단일로 - 기타,승용,남,56세,상해없음,자전거,여,21세,경상
2012030300100086,2012년 3월 3일 04시,토요일,부산광역시 수영구 민락동,경상사고,0,0,1,0,차대차 - 추돌 - 진행중,안전운전불이행,건조,맑음,단일로 - 횡단보도상,기타불명,기타불명,기타불명,기타불명,자전거,남,38세,경상
2012030300100113,2012년 3월 3일 06시,토요일,부산광역시 동래구 낙민동,중상사고,0,1,0,0,차대차 - 추돌 - 진행중,신호위반,건조,맑음,교차로 - 교차로안,승용,남,48세,상해없음,화물,남,52세,상해없음
2012030300100130,2012년 3월 3일 07시,토요일,부산광역시 기장군 기장읍,중상사고,0,1,1,0,차대차 - 추돌 - 진행중,안전운전불이행,건조,맑음,단일로 - 기타,승합,남,48세,경상,승용,여,44세,중상
2012030300100144,2012년 3월 3일 08시,토요일,부산광역시 강서구 송정동,중상사고,0,1,0,2,차대차 - 기타,신호위반,건조,맑음,교차로 - 교차로안,승용,남,24세,상해없음,승용,남,35세,중상
2012030300100162,2012년 3월 3일 09시,토요일,부산광역시 남구 대연동,경상사고,0,0,1,0,차대차 - 측면직각충돌,중앙선침범,건조,맑음,단일로 - 기타,승용,여,26세,상해없음,승용,남,52세,경상
2012030300100186,2012년 3월 3일 10시,토요일,부산광역시 해운대구 우동,경상사고,0,0,2,0,차대차 - 측면직각충돌,안전거리미확보,습기,비,단일로 - 기타,승용,남,24세,상해없음,승용,남,31세,경상
2012030300100187,2012년 3월 3일 10시,토요일,부산광역시 사상구 괘법동,경상사고,0,0,2,0,차대차 - 추돌 - 진행중,안전거리미확보,습기,비,교차로 - 교차로안,승합,남,46세,상해없음,승용,남,62세,경상
2012030300100207,2012년 3월 3일 11시,토요일,부산광역시 동구 수정동,경상사고,0,0,1,0,차대사람 - 횡단중,보행자보호의무위반,건조,맑음,단일로 - 횡단보도상,승용,남,32세,상해없음,보행자,남,5세,경상
2012030300100209,2012년 3월 3일 11시,토요일,부산광역시 사상구 삼락동,경상사고,0,0,1,0,차대차 - 기타,안전거리미확보,건조,맑음,교차로 - 교차로안,승용,남,47세,상해없음,승용,남,37세,경상
2012030300100246,2012년 3월 3일 13시,토요일,부산광역시 동래구 온천동,중상사고,0,3,0,0,차대차 - 추돌 - 진행중,안전거리미확보,건조,맑음,단일로 - 기타,승용,남,23세,상해없음,승용,남,24세,중상
2012030300100268,2012년 3월 3일 14시,토요일,부산광역시 영도구 남항동2가,경상사고,0,0,1,0,차대차 - 기타,안전운전불이행,습기,흐림,단일로 - 기타,이륜,남,45세,상해없음,승용,여,37세,경상
2012030300100269,2012년 3월 3일 14시,토요일,부산광역시 해운대구 재송동,중상사고,0,1,0,0,차대사람 - 기타,안전운전불이행,건조,기타,단일로 - 기타,승용,기타불명,기타불명,기타불명,보행자,여,17세,중상
2012030300100270,2012년 3월 3일 14시,토요일,부산광역시 금정구 부곡동,중상사고,0,1,0,0,차대차 - 측면직각충돌,안전운전불이행,습기,흐림,교차로 - 교차로안,승합,남,35세,상해없음,승용,여,53세,중상
2012030300100289,2012년 3월 3일 15시,토요일,부산광역시 사하구 장림동,경상사고,0,0,1,0,차대사람 - 기타,안전운전불이행,습기,흐림,단일로 - 기타,승합,남,44세,상해없음,보행자,남,4세,경상
2012030300100320,2012년 3월 3일 16시,토요일,부산광역시 동구 초량동,경상사고,0,0,1,0,차대차 - 측면직각충돌,안전거리미확보,건조,맑음,단일로 - 기타,승용,남,67세,상해없음,이륜,남,63세,경상
2012030300100342,2012년 3월 3일 17시,토요일,부산광역시 해운대구 우동,경상사고,0,0,2,0,차대차 - 측면직각충돌,안전운전불이행,건조,맑음,교차로 - 교차로안,승용,여,34세,상해없음,승용,남,60세,경상
2012030300100370,2012년 3월 3일 18시,토요일,부산광역시 사하구 당리동,경상사고,0,0,1,0,차대사람 - 횡단중,보행자보호의무위반,건조,맑음,단일로 - 횡단보도상,기타불명,기타불명,기타불명,기타불명,보행자,남,8세,경상
2012030300100401,2012년 3월 3일 19시,토요일,부산광역시 해운대구 반여동,중상사고,0,1,0,0,차대사람 - 횡단중,안전운전불이행,건조,맑음,단일로 - 기타,승용,남,30세,상해없음,보행자,남,69세,중상
2012030300100402,2012년 3월 3일 19시,토요일,부산광역시 해운대구 반여동,경상사고,0,0,1,0,차대차 - 측면직각충돌,교차로운행방법위반,건조,맑음,교차로 - 교차로안,승용,여,33세,상해없음,원동기,남,19세,경상
2012030300100403,2012년 3월 3일 19시,토요일,부산광역시 금정구 장전동,경상사고,0,0,1,0,차대사람 - 기타,기타,습기,흐림,단일로 - 기타,승용,여,42세,상해없음,보행자,남,51세,경상
2012030300100404,2012년 3월 3일 19시,토요일,부산광역시 사하구 괴정동,중상사고,0,1,0,0,차대사람 - 횡단중,안전운전불이행,습기,흐림,단일로 - 기타,승용,남,60세,상해없음,보행자,남,15세,중상
2012030300100405,2012년 3월 3일 19시,토요일,부산광역시 기장군 기장읍,경상사고,0,0,1,0,차대차 - 측면직각충돌,안전운전불이행,습기,비,교차로 - 교차로안,원동기,남,26세,경상,승용,남,64세,상해없음
2012030300100487,2012년 3월 3일 22시,토요일,부산광역시 수영구 광안동,중상사고,0,1,1,0,차대차 - 추돌 - 진행중,안전거리미확보,건조,맑음,단일로 - 교량,승용,남,51세,상해없음,승용,남,38세,경상
2012030300100488,2012년 3월 3일 22시,토요일,부산광역시 영도구 영선동1가,경상사고,0,0,3,0,차대차 - 추돌 - 진행중,신호위반,건조,흐림,단일로 - 기타,승용,여,31세,상해없음,승용,남,59세,경상
2012030300100489,2012년 3월 3일 22시,토요일,부산광역시 사상구 학장동,중상사고,0,1,0,0,차대차 - 측면직각충돌,중앙선침범,습기,흐림,단일로 - 기타,승용,남,35세,상해없음,이륜,남,33세,중상
2012030300100513,2012년 3월 3일 23시,토요일,부산광역시 사하구 신평동,경상사고,0,0,1,0,차대차 - 추돌 - 진행중,안전운전불이행,건조,흐림,단일로 - 기타,승용,남,55세,상해없음,승합,남,56세,경상
2012030300100514,2012년 3월 3일 23시,토요일,부산광역시 강서구 대저1동,경상사고,0,0,1,0,차대차 - 측면직각충돌,안전운전불이행,건조,맑음,단일로 - 기타,승용,여,36세,상해없음,승용,남,29세,경상
2012030400100003,2012년 3월 4일 00시,일요일,부산광역시 강서구 녹산동,경상사고,0,0,3,1,차대차 - 추돌 - 진행중,안전운전불이행,건조,맑음,단일로 - 기타,승용,남,28세,상해없음,승용,남,30세,경상
2012030400100026,2012년 3월 4일 01시,일요일,부산광역시 연제구 연산동,사망사고,1,0,0,0,차대사람 - 횡단중,과속,건조,흐림,단일로 - 기타,승용,남,46세,상해없음,보행자,남,45세,사망
2012030400100061,2012년 3월 4일 03시,일요일,부산광역시 부산진구 양정동,중상사고,0,1,0,0,차대차 - 측면직각충돌,신호위반,건조,맑음,교차로 - 교차로안,승용,남,45세,상해없음,승용,남,57세,상해없음
2012030400100070,2012년 3월 4일 04시,일요일,부산광역시 해운대구 좌동,경상사고,0,0,1,0,차대차 - 측면직각충돌,중앙선침범,기타,기타,단일로 - 기타,승용,남,33세,상해없음,원동기,남,29세,경상
2012030400100080,2012년 3월 4일 05시,일요일,부산광역시 부산진구 개금동,중상사고,0,1,0,0,차대사람 - 기타,안전운전불이행,기타,맑음,교차로 - 교차로부근,승용,남,67세,상해없음,보행자,남,71세,중상
2012030400100086,2012년 3월 4일 06시,일요일,부산광역시 동구 초량동,경상사고,0,0,1,0,차대사람 - 횡단중,신호위반,건조,맑음,단일로 - 횡단보도상,승용,여,50세,상해없음,보행자,남,67세,경상
2012030400100096,2012년 3월 4일 07시,일요일,부산광역시 동래구 사직동,중상사고,0,1,0,0,차량단독 - 주차차량충돌,안전운전불이행,습기,비,단일로 - 기타,승용,남,29세,상해없음,,,,
2012030400100107,2012년 3월 4일 08시,일요일,부산광역시 북구 금곡동,중상사고,0,1,0,0,차대차 - 정면충돌,안전운전불이행,습기,비,단일로 - 기타,승용,남,65세,상해없음,화물,남,43세,상해없음
2012030400100125,2012년 3월 4일 10시,일요일,부산광역시 해운대구 우동,경상사고,0,0,1,0,차대차 - 측면직각충돌,안전운전불이행,습기,비,단일로 - 기타,승용,남,38세,상해없음,승용,남,55세,경상
2012030400100126,2012년 3월 4일 10시,일요일,부산광역시 금정구 남산동,중상사고,0,1,0,0,차대차 - 측면직각충돌,안전운전불이행,습기,비,단일로 - 횡단보도부근,승용,남,58세,상해없음,승용,남,43세,중상
2012030400100135,2012년 3월 4일 11시,일요일,부산광역시 남구 대연동,중상사고,0,1,0,0,차대차 - 기타,신호위반,건조,흐림,교차로 - 교차로안,승용,남,31세,상해없음,승용,여,58세,상해없음
2012030400100136,2012년 3월 4일 11시,일요일,부산광역시 금정구 장전동,경상사고,0,0,1,0,차대사람 - 기타,기타,습기,흐림,단일로 - 기타,승합,남,60세,상해없음,보행자,여,70세,경상
2012030400100141,2012년 3월 4일 12시,일요일,부산광역시 강서구 신호동,중상사고,0,1,0,0,차대차 - 측면직각충돌,불법유턴,습기,비,단일로 - 기타,승용,남,46세,상해없음,원동기,남,43세,중상
2012030400100169,2012년 3월 4일 13시,일요일,부산광역시 연제구 연산동,중상사고,0,2,0,0,차대차 - 측면직각충돌,신호위반,건조,맑음,교차로 - 교차로안,승용,남,45세,상해없음,승용,남,26세,중상
2012030400100170,2012년 3월 4일 13시,일요일,부산광역시 기장군 정관면,중상사고,0,4,2,0,차대차 - 추돌 - 진행중,안전거리미확보,습기,비,단일로 - 교량,승용,남,25세,상해없음,승용,남,53세,상해없음
2012030400100191,2012년 3월 4일 14시,일요일,부산광역시 서구 서대신동1가,중상사고,0,1,2,0,차대차 - 추돌 - 진행중,안전거리미확보,습기,비,단일로 - 횡단보도부근,승용,남,24세,상해없음,승용,여,37세,경상
2012030400100192,2012년 3월 4일 14시,일요일,부산광역시 해운대구 우동,중상사고,0,2,1,0,차대차 - 측면직각충돌,교차로운행방법위반,습기,비,교차로 - 교차로안,승용,여,51세,경상,승용,여,47세,중상
2012030400100243,2012년 3월 4일 16시,일요일,부산광역시 금정구 부곡동,중상사고,0,1,1,0,차대차 - 측면직각충돌,중앙선침범,습기,비,단일로 - 기타,승용,남,51세,상해없음,승용,남,29세,경상
2012030400100244,2012년 3월 4일 16시,일요일,부산광역시 강서구 강동동,경상사고,0,0,1,0,차대차 - 측면직각충돌,신호위반,습기,비,교차로 - 교차로안,승용,여,43세,상해없음,승용,남,32세,경상
2012030400100276,2012년 3월 4일 18시,일요일,부산광역시 해운대구 좌동,중상사고,0,1,0,0,차대차 - 측면직각충돌,안전거리미확보,습기,비,단일로 - 기타,승용,남,58세,상해없음,원동기,남,43세,중상
2012030400100277,2012년 3월 4일 18시,일요일,부산광역시 해운대구 좌동,경상사고,0,0,1,0,차대차 - 측면직각충돌,안전거리미확보,습기,비,교차로 - 교차로부근,승용,여,52세,상해없음,원동기,남,24세,경상
2012030400100310,2012년 3월 4일 19시,일요일,부산광역시 동구 수정동,경상사고,0,0,1,0,차대사람 - 횡단중,보행자보호의무위반,습기,비,단일로 - 횡단보도상,승합,남,22세,상해없음,보행자,여,71세,경상
2012030400100311,2012년 3월 4일 19시,일요일,부산광역시 서구 암남동,중상사고,0,1,0,0,차대차 - 측면직각충돌,안전운전불이행,습기,비,단일로 - 횡단보도부근,이륜,남,54세,중상,승용,남,48세,상해없음
2012030400100312,2012년 3월 4일 19시,일요일,부산광역시 남구 용호동,중상사고,0,1,0,0,차대차 - 추돌 - 진행중,안전운전불이행,습기,비,단일로 - 횡단보도상,승용,남,41세,상해없음,승용,남,55세,상해없음
2012030400100313,2012년 3월 4일 19시,일요일,부산광역시 해운대구 우동,경상사고,0,0,1,0,차대차 - 추돌 - 진행중,안전운전불이행,습기,비,단일로 - 교량,승용,남,31세,상해없음,승용,남,51세,경상
2012030400100314,2012년 3월 4일 19시,일요일,부산광역시 해운대구 우동,중상사고,0,1,0,0,차대차 - 측면직각충돌,안전거리미확보,습기,비,단일로 - 기타,승용,남,39세,상해없음,원동기,남,17세,중상
2012030400100354,2012년 3월 4일 20시,일요일,부산광역시 부산진구 개금동,경상사고,0,0,1,0,차대사람 - 기타,안전운전불이행,기타,비,단일로 - 기타,승용,남,62세,상해없음,보행자,남,75세,경상
2012030400100355,2012년 3월 4일 20시,일요일,부산광역시 수영구 망미동,중상사고,0,1,1,0,차대차 - 측면직각충돌,교차로운행방법위반,습기,비,교차로 - 교차로안,승용,남,53세,상해없음,승용,남,44세,경상
2012030400100356,2012년 3월 4일 20시,일요일,부산광역시 기장군 기장읍,경상사고,0,0,1,0,차대사람 - 횡단중,보행자보호의무위반,습기,비,단일로 - 횡단보도상,승용,남,37세,상해없음,보행자,남,31세,경상
2012030400100384,2012년 3월 4일 21시,일요일,부산광역시 서구 부용동1가,경상사고,0,0,2,0,차대차 - 측면직각충돌,안전운전불이행,습기,비,교차로 - 교차로안,승용,남,29세,상해없음,승용,남,58세,경상
2012030400100385,2012년 3월 4일 21시,일요일,부산광역시 사하구 괴정동,경상사고,0,0,1,0,차대차 - 측면직각충돌,신호위반,습기,비,교차로 - 교차로안,승용,남,44세,상해없음,이륜,남,23세,경상