사고번호,사고일시,요일,시군구,사고내용,사망자수,중상자수,경상자수,부상신고자수,사고유형,법규위반,노면상태,기상상태,도로형태,가해운전자 차종,가해운전자 성별,가해운전자 연령,가해운전자 상해정도,피해운전자 차종,피해운전자 성별,피해운전자 연령,피해운전자 상해정도
2012030700100265,2012년 3월 7일 14시,수요일,부산광역시 금정구 장전동,경상사고,0,0,1,0,차대사람 - 횡단중,보행자보호의무위반,건조,맑음,단일로 - 횡단보도상,승용,여,60세,상해없음,보행자,여,10세,경상
2012030700100266,2012년 3월 7일 14시,수요일,부산광역시 사하구 하단동,중상사고,0,1,0,0,차대사람 - 횡단중,안전운전불이행,건조,맑음,단일로 - 기타,승용,남,39세,상해없음,보행자,여,56세,중상
2012030700100267,2012년 3월 7일 14시,수요일,부산광역시 사하구 신평동,경상사고,0,0,2,0,차대차 - 추돌 - 진행중,안전거리미확보,건조,맑음,단일로 - 기타,승용,남,32세,상해없음,승용,여,44세,경상
2012030700100312,2012년 3월 7일 16시,수요일,부산광역시 동구 수정동,중상사고,0,2,0,0,차대차 - 기타,안전운전불이행,건조,맑음,단일로 - 기타,승용,남,53세,상해없음,승용,남,32세,중상
2012030700100344,2012년 3월 7일 17시,수요일,부산광역시 남구 대연동,경상사고,0,0,1,0,차대사람 - 길가장자리구역통행중,안전운전불이행,건조,맑음,교차로 - 교차로부근,승용,기타불명,기타불명,기타불명,보행자,남,24세,경상
2012030700100345,2012년 3월 7일 17시,수요일,부산광역시 수영구 남천동,경상사고,0,0,1,0,차대차 - 측면직각충돌,안전운전불이행,건조,맑음,단일로 - 기타,승합,여,45세,상해없음,승용,여,63세,경상
2012030700100346,2012년 3월 7일 17시,수요일,부산광역시 남구 대연동,중상사고,0,1,0,0,차대사람 - 횡단중,보행자보호의무위반,건조,맑음,교차로 - 교차로부근,승용,여,23세,상해없음,보행자,여,20세,중상
2012030700100347,2012년 3월 7일 17시,수요일,부산광역시 사하구 신평동,중상사고,0,1,1,0,차대차 - 추돌 - 진행중,안전운전불이행,습기,비,단일로 - 기타,승용,남,53세,상해없음,승용,여,53세,중상
2012030700100348,2012년 3월 7일 17시,수요일,부산광역시 수영구 망미동,경상사고,0,0,1,0,차대차 - 측면직각충돌,신호위반,건조,흐림,기타 - 기타,원동기,남,47세,상해없음,자전거,남,78세,경상
2012030700100374,2012년 3월 7일 18시,수요일,부산광역시 서구 동대신동1가,중상사고,0,1,0,0,차대차 - 측면직각충돌,교차로운행방법위반,건조,맑음,교차로 - 교차로부근,화물,남,52세,상해없음,자전거,남,23세,중상
2012030700100375,2012년 3월 7일 18시,수요일,부산광역시 북구 덕천동,경상사고,0,0,1,0,차대사람 - 보도통행중,안전운전불이행,건조,맑음,기타 - 기타,화물,여,43세,상해없음,보행자,여,55세,경상
2012030700100376,2012년 3월 7일 18시,수요일,부산광역시 해운대구 우동,중상사고,0,1,0,0,차대차 - 추돌 - 진행중,안전운전불이행,건조,맑음,단일로 - 기타,승용,남,62세,상해없음,승용,여,42세,중상
2012030700100420,2012년 3월 7일 19시,수요일,부산광역시 서구 서대신동1가,부상신고사고,0,0,0,1,차대차 - 측면직각충돌,신호위반,건조,맑음,단일로 - 기타,승용,여,47세,상해없음,이륜,남,18세,부상신고
2012030700100421,2012년 3월 7일 19시,수요일,부산광역시 북구 덕천동,경상사고,0,0,1,0,차대사람 - 횡단중,안전운전불이행,건조,맑음,단일로 - 기타,승용,기타불명,기타불명,기타불명,보행자,남,14세,경상
2012030700100422,2012년 3월 7일 19시,수요일,부산광역시 해운대구 우동,경상사고,0,0,2,0,차대차 - 추돌 - 진행중,안전운전불이행,건조,맑음,단일로 - 기타,승용,남,69세,상해없음,승용,여,24세,경상
2012030700100423,2012년 3월 7일 19시,수요일,부산광역시 해운대구 우동,중상사고,0,4,1,1,차대차 - 추돌 - 진행중,과속,건조,맑음,단일로 - 교량,승용,남,49세,상해없음,승용,남,52세,중상
2012030700100460,2012년 3월 7일 20시,수요일,부산광역시 동래구 온천동,중상사고,0,1,1,0,차대차 - 측면직각충돌,신호위반,건조,맑음,교차로 - 교차로안,승용,남,42세,경상,승용,여,56세,중상
2012030700100461,2012년 3월 7일 20시,수요일,부산광역시 부산진구 부전동,경상사고,0,0,1,0,차대차 - 측면직각충돌,중앙선침범,건조,맑음,단일로 - 기타,승용,남,64세,상해없음,원동기,남,29세,경상
2012030700100490,2012년 3월 7일 21시,수요일,부산광역시 부산진구 양정동,경상사고,0,0,1,0,차대차 - 기타,안전운전불이행,건조,맑음,단일로 - 횡단보도부근,승용,기타불명,기타불명,기타불명,승용,여,54세,경상
2012030700100491,2012년 3월 7일 21시,수요일,부산광역시 부산진구 부전동,중상사고,0,1,0,0,차대사람 - 기타,보행자보호의무위반,기타,맑음,단일로 - 횡단보도상,승용,남,29세,상해없음,보행자,남,54세,중상
2012030700100527,2012년 3월 7일 22시,수요일,부산광역시 남구 대연동,부상신고사고,0,0,0,1,차대사람 - 기타,안전운전불이행,건조,맑음,단일로 - 기타,승용,남,30세,상해없음,보행자,남,51세,부상신고
2012030700100528,2012년 3월 7일 22시,수요일,부산광역시 금정구 두구동,경상사고,0,0,1,0,차량단독 - 공작물충돌,불법유턴,건조,맑음,단일로 - 기타,승용,여,44세,상해없음,,,,
2012030700100561,2012년 3월 7일 23시,수요일,부산광역시 서구 서대신동1가,경상사고,0,0,1,0,차대차 - 측면직각충돌,안전운전불이행,건조,맑음,단일로 - 기타,이륜,남,54세,상해없음,승용,남,53세,경상
2012030700100562,2012년 3월 7일 23시,수요일,부산광역시 수영구 광안동,중상사고,0,1,0,0,차대차 - 측면직각충돌,중앙선침범,건조,맑음,단일로 - 기타,승용,남,37세,상해없음,원동기,남,30세,중상
2012030700100563,2012년 3월 7일 23시,수요일,부산광역시 부산진구 당감동,중상사고,0,1,0,0,차대사람 - 기타,안전운전불이행,기타,맑음,단일로 - 횡단보도부근,승용,여,52세,상해없음,보행자,남,66세,중상
2012030700100564,2012년 3월 7일 23시,수요일,부산광역시 사상구 덕포동,부상신고사고,0,0,0,1,차대차 - 측면직각충돌,안전거리미확보,건조,맑음,교차로 - 교차로부근,승용,남,54세,상해없음,원동기,남,27세,부상신고
2012030800100021,2012년 3월 8일 01시,목요일,부산광역시 해운대구 재송동,부상신고사고,0,0,0,1,차대차 - 기타,안전운전불이행,기타,기타,단일로 - 기타,승용,기타불명,기타불명,기타불명,원동기,남,17세,상해없음
2012030800100022,2012년 3월 8일 01시,목요일,부산광역시 사상구 괘법동,중상사고,0,1,0,0,차대차 - 측면직각충돌,안전운전불이행,건조,흐림,단일로 - 기타,승용,여,18세,상해없음,승용,남,30세,상해없음
2012030800100040,2012년 3월 8일 02시,목요일,부산광역시 동래구 안락동,경상사고,0,0,1,0,차대차 - 추돌 - 주정차중,안전운전불이행,건조,맑음,교차로 - 교차로부근,승용,남,38세,상해없음,승용,남,63세,상해없음
2012030800100083,2012년 3월 8일 06시,목요일,부산광역시 사상구 주례동,사망사고,1,0,0,0,차대차 - 측면직각충돌,신호위반,건조,맑음,교차로 - 교차로안,승용,남,72세,상해없음,원동기,남,43세,사망
2012030800100122,2012년 3월 8일 08시,목요일,부산광역시 중구 중앙동2가,경상사고,0,0,1,0,차대차 - 기타,중앙선침범,건조,맑음,교차로 - 교차로부근,승용,남,29세,상해없음,승용,남,30세,경상
2012030800100123,2012년 3월 8일 08시,목요일,부산광역시 강서구 녹산동,중상사고,0,1,0,0,차대차 - 측면직각충돌,안전운전불이행,건조,맑음,교차로 - 교차로안,승합,남,71세,상해없음,승합,남,44세,중상
2012030800100214,2012년 3월 8일 12시,목요일,부산광역시 동래구 명장동,경상사고,0,0,2,0,차대차 - 측면직각충돌,교차로운행방법위반,건조,맑음,교차로 - 교차로안,승용,여,38세,상해없음,화물,남,35세,경상
2012030800100215,2012년 3월 8일 12시,목요일,부산광역시 동래구 온천동,경상사고,0,0,1,0,차대사람 - 보도통행중,기타,건조,맑음,단일로 - 횡단보도부근,승용,남,38세,상해없음,보행자,여,46세,경상
2012030800100236,2012년 3월 8일 13시,목요일,부산광역시 동래구 명륜동,경상사고,0,0,1,0,차대차 - 측면직각충돌,교차로운행방법위반,건조,맑음,교차로 - 교차로안,승용,남,48세,상해없음,승용,여,51세,경상
2012030800100237,2012년 3월 8일 13시,목요일,부산광역시 금정구 장전동,부상신고사고,0,0,0,1,차대차 - 기타,안전운전불이행,건조,맑음,교차로 - 교차로부근,원동기,남,49세,부상신고,승용,남,44세,상해없음
2012030800100266,2012년 3월 8일 14시,목요일,부산광역시 사하구 감천동,중상사고,0,1,0,0,차대차 - 기타,신호위반,건조,맑음,단일로 - 기타,이륜,남,42세,중상,승합,여,45세,상해없음
2012030800100267,2012년 3월 8일 14시,목요일,부산광역시 강서구 녹산동,중상사고,0,2,4,0,차대차 - 추돌 - 주정차중,안전운전불이행,건조,맑음,단일로 - 기타,승합,남,64세,상해없음,화물,남,46세,경상
2012030800100291,2012년 3월 8일 15시,목요일,부산광역시 부산진구 개금동,경상사고,0,0,1,0,차대차 - 기타,신호위반,습기,비,교차로 - 교차로안,화물,남,34세,상해없음,승용,남,60세,경상
2012030800100346,2012년 3월 8일 17시,목요일,부산광역시 서구 암남동,경상사고,0,0,2,0,차대차 - 측면직각충돌,안전운전불이행,건조,맑음,단일로 - 기타,승용,남,40세,경상,승용,남,55세,경상
2012030800100370,2012년 3월 8일 18시,목요일,부산광역시 수영구 남천동,경상사고,0,0,2,0,차대차 - 기타,안전거리미확보,건조,맑음,단일로 - 기타,승용,여,55세,상해없음,화물,남,35세,경상
2012030800100371,2012년 3월 8일 18시,목요일,부산광역시 해운대구 우동,중상사고,0,3,2,0,차대차 - 추돌 - 주정차중,안전운전불이행,건조,맑음,교차로 - 교차로부근,승용,남,80세,상해없음,승용,여,51세,중상
2012030800100403,2012년 3월 8일 19시,목요일,부산광역시 사상구 학장동,경상사고,0,0,2,0,차대차 - 기타,교차로운행방법위반,건조,맑음,교차로 - 교차로안,승용,남,64세,기타불명,승용,여,25세,경상
2012030800100404,2012년 3월 8일 19시,목요일,부산광역시 사상구 괘법동,경상사고,0,0,1,0,차대사람 - 기타,보행자보호의무위반,건조,맑음,교차로 - 교차로안,승용,여,49세,기타불명,보행자,여,71세,경상
2012030800100434,2012년 3월 8일 20시,목요일,부산광역시 금정구 구서동,경상사고,0,0,1,0,차대차 - 추돌 - 주정차중,안전운전불이행,건조,맑음,단일로 - 기타,화물,남,44세,기타불명,승용,남,60세,경상
2012030800100435,2012년 3월 8일 20시,목요일,부산광역시 금정구 구서동,경상사고,0,0,1,0,차대차 - 기타,안전거리미확보,건조,맑음,교차로 - 교차로부근,이륜,남,39세,경상,승용,여,49세,상해없음
2012030800100436,2012년 3월 8일 20시,목요일,부산광역시 사하구 신평동,경상사고,0,0,3,0,차대차 - 추돌 - 진행중,안전거리미확보,건조,맑음,교차로 - 교차로부근,화물,남,58세,상해없음,승용,남,38세,경상
2012030800100437,2012년 3월 8일 20시,목요일,부산광역시 사상구 모라동,부상신고사고,0,0,0,1,차대차 - 기타,안전운전불이행,건조,맑음,단일로 - 기타,이륜,남,64세,상해없음,이륜,남,59세,부상신고
2012030800100474,2012년 3월 8일 21시,목요일,부산광역시 해운대구 좌동,경상사고,0,0,2,0,차대사람 - 횡단중,보행자보호의무위반,건조,흐림,단일로 - 기타,원동기,남,16세,상해없음,보행자,여,16세,경상
2012030800100506,2012년 3월 8일 22시,목요일,부산광역시 동구 범일동,중상사고,0,1,0,0,차대사람 - 횡단중,중앙선침범,건조,맑음,단일로 - 기타,승용,남,45세,상해없음,보행자,여,38세,중상
2012030800100507,2012년 3월 8일 22시,목요일,부산광역시 수영구 광안동,부상신고사고,0,0,0,1,차대사람 - 기타,안전운전불이행,건조,맑음,교차로 - 교차로안,승합,남,64세,상해없음,보행자,남,58세,부상신고
2012030800100508,2012년 3월 8일 22시,목요일,부산광역시 사하구 괴정동,경상사고,0,0,1,0,차대차 - 기타,안전운전불이행,건조,맑음,교차로 - 교차로안,원동기,남,16세,상해없음,승용,여,27세,경상
2012030900100053,2012년 3월 9일 04시,금요일,부산광역시 사상구 괘법동,중상사고,0,1,1,0,차대사람 - 기타,안전운전불이행,건조,맑음,단일로 - 기타,승용,남,37세,상해없음,보행자,남,22세,중상
2012030900100060,2012년 3월 9일 05시,금요일,부산광역시 수영구 남천동,부상신고사고,0,0,0,1,차대차 - 측면직각충돌,안전거리미확보,건조,맑음,단일로 - 기타,승용,남,59세,상해없음,승용,남,31세,부상신고
2012030900100069,2012년 3월 9일 06시,금요일,부산광역시 중구 중앙동3가,경상사고,0,0,1,0,차대차 - 추돌 - 진행중,안전운전불이행,건조,맑음,단일로 - 기타,승용,여,48세,상해없음,자전거,남,64세,경상
2012030900100086,2012년 3월 9일 07시,금요일,부산광역시 사하구 신평동,중상사고,0,1,0,0,차대차 - 측면직각충돌,안전운전불이행,건조,맑음,교차로 - 교차로안,승용,남,69세,상해없음,승용,여,52세,중상
2012030900100106,2012년 3월 9일 08시,금요일,부산광역시 중구 부평동2가,중상사고,0,1,0,0,차대사람 - 길가장자리구역통행중,안전운전불이행,건조,맑음,교차로 - 교차로안,화물,남,55세,상해없음,보행자,여,11세,중상
2012030900100107,2012년 3월 9일 08시,금요일,부산광역시 남구 용호동,부상신고사고,0,0,0,1,차대차 - 기타,안전거리미확보,건조,맑음,단일로 - 기타,승용,남,62세,상해없음,이륜,남,52세,부상신고
2012030900100108,2012년 3월 9일 08시,금요일,부산광역시 사하구 신평동,경상사고,0,0,1,0,차대차 - 추돌 - 진행중,안전거리미확보,건조,맑음,교차로 - 교차로부근,승용,여,54세,상해없음,승용,남,35세,경상
2012030900100130,2012년 3월 9일 09시,금요일,부산광역시 강서구 대저1동,경상사고,0,0,2,2,차대차 - 측면직각충돌,안전운전불이행,건조,맑음,단일로 - 기타,화물,남,35세,부상신고,승합,남,37세,상해없음
2012030900100154,2012년 3월 9일 10시,금요일,부산광역시 북구 화명동,경상사고,0,0,1,0,차대사람 - 기타,안전운전불이행,건조,맑음,단일로 - 기타,승용,여,49세,상해없음,보행자,여,75세,경상
2012030900100155,2012년 3월 9일 10시,금요일,부산광역시 동래구 사직동,경상사고,0,0,1,0,차대사람 - 기타,중앙선침범,건조,맑음,단일로 - 기타,화물,남,51세,상해없음,보행자,남,68세,경상
2012030900100156,2012년 3월 9일 10시,금요일,부산광역시 사하구 다대동,경상사고,0,0,1,0,차량단독 - 기타,기타,건조,맑음,단일로 - 기타,승합,남,54세,상해없음,,,,
2012030900100168,2012년 3월 9일 11시,금요일,부산광역시 해운대구 반송동,중상사고,0,4,2,0,차대차 - 측면직각충돌,신호위반,건조,맑음,교차로 - 교차로안,승용,남,22세,상해없음,승용,남,62세,경상
2012030900100169,2012년 3월 9일 11시,금요일,부산광역시 연제구 연산동,경상사고,0,0,1,0,차대차 - 추돌 - 진행중,교차로운행방법위반,건조,맑음,단일로 - 기타,승용,남,60세,상해없음,승용,남,37세,경상
2012030900100170,2012년 3월 9일 11시,금요일,부산광역시 강서구 송정동,경상사고,0,0,1,0,차대차 - 측면직각충돌,신호위반,건조,맑음,교차로 - 교차로안,승합,남,57세,상해없음,승합,남,39세,경상
2012030900100189,2012년 3월 9일 12시,금요일,부산광역시 동래구 온천동,중상사고,0,1,1,0,차대사람 - 차도통행중,안전운전불이행,건조,맑음,단일로 - 기타,승용,여,59세,상해없음,보행자,남,58세,중상
2012030900100190,2012년 3월 9일 12시,금요일,부산광역시 부산진구 양정동,경상사고,0,0,1,0,차대차 - 추돌 - 주정차중,안전운전불이행,건조,맑음,단일로 - 기타,승용,여,57세,상해없음,승합,남,59세,경상
2012030900100191,2012년 3월 9일 12시,금요일,부산광역시 기장군 정관면,중상사고,0,1,0,0,차대차 - 측면직각충돌,교차로운행방법위반,건조,맑음,교차로 - 교차로안,건설기계,남,39세,상해없음,승용,여,38세,중상
2012030900100213,2012년 3월 9일 13시,금요일,부산광역시 북구 덕천동,경상사고,0,0,1,0,차대차 - 추돌 - 진행중,차로위반,건조,맑음,단일로 - 기타,원동기,남,15세,상해없음,승용,남,27세,경상
2012030900100214,2012년 3월 9일 13시,금요일,부산광역시 연제구 연산동,중상사고,0,1,0,0,차량단독 - 전도전복,안전운전불이행,건조,맑음,단일로 - 기타,승합,남,22세,상해없음,,,,
2012030900100215,2012년 3월 9일 13시,금요일,부산광역시 사상구 덕포동,중상사고,0,1,0,0,차대차 - 추돌 - 주정차중,불법유턴,건조,맑음,교차로 - 교차로부근,승합,남,48세,상해없음,이륜,남,61세,중상
2012030900100242,2012년 3월 9일 14시,금요일,부산광역시 해운대구 우동,경상사고,0,0,5,0,차대차 - 정면충돌,안전운전불이행,건조,맑음,교차로 - 교차로안,화물,남,31세,경상,승용,여,39세,경상
2012030900100243,2012년 3월 9일 14시,금요일,부산광역시 연제구 거제동,중상사고,0,1,0,0,차대차 - 측면직각충돌,교차로운행방법위반,건조,맑음,교차로 - 교차로안,승용,여,48세,상해없음,이륜,남,51세,중상
2012030900100262,2012년 3월 9일 15시,금요일,부산광역시 해운대구 우동,경상사고,0,0,1,0,차대차 - 기타,안전운전불이행,건조,맑음,단일로 - 기타,승합,남,64세,기타불명,승합,여,57세,상해없음
2012030900100263,2012년 3월 9일 15시,금요일,부산광역시 부산진구 부전동,경상사고,0,0,1,0,차대사람 - 횡단중,신호위반,건조,맑음,교차로 - 교차로부근,이륜,남,38세,상해없음,보행자,여,42세,경상
2012030900100264,2012년 3월 9일 15시,금요일,부산광역시 사하구 하단동,경상사고,0,0,1,0,차대차 - 추돌 - 진행중,안전거리미확보,건조,맑음,단일로 - 기타,승용,여,38세,상해없음,화물,남,47세,경상
2012030900100293,2012년 3월 9일 16시,금요일,부산광역시 동구 범일동,중상사고,0,1,0,0,차대사람 - 횡단중,보행자보호의무위반,건조,맑음,단일로 - 횡단보도상,승용,남,32세,상해없음,보행자,남,52세,중상
2012030900100294,2012년 3월 9일 16시,금요일,부산광역시 사상구 모라동,중상사고,0,1,0,0,차대사람 - 기타,안전운전불이행,건조,맑음,교차로 - 교차로안,화물,남,27세,상해없음,보행자,남,69세,중상
2012030900100350,2012년 3월 9일 18시,금요일,부산광역시 동래구 온천동,중상사고,0,1,0,0,차대사람 - 횡단중,신호위반,건조,맑음,단일로 - 기타,승용,기타불명,기타불명,기타불명,보행자,남,40세,중상
2012030900100351,2012년 3월 9일 18시,금요일,부산광역시 부산진구 당감동,중상사고,0,1,0,0,차대사람 - 기타,보행자보호의무위반,기타,맑음,교차로 - 교차로부근,승용,남,47세,상해없음,보행자,여,16세,중상
2012030900100352,2012년 3월 9일 18시,금요일,부산광역시 연제구 연산동,중상사고,0,2,0,0,차대사람 - 횡단중,안전운전불이행,건조,맑음,단일로 - 기타,승합,남,41세,상해없음,보행자,여,51세,중상
2012030900100394,2012년 3월 9일 19시,금요일,부산광역시 동래구 낙민동,중상사고,0,1,0,0,차대사람 - 기타,보행자보호의무위반,건조,맑음,단일로 - 횡단보도상,승용,여,31세,상해없음,보행자,여,71세,중상
2012030900100395,2012년 3월 9일 19시,금요일,부산광역시 해운대구 우동,경상사고,0,0,1,0,차대차 - 측면직각충돌,안전거리미확보,건조,기타,단일로 - 기타,승용,여,37세,상해없음,승용,남,36세,경상
2012030900100396,2012년 3월 9일 19시,금요일,부산광역시 금정구 장전동,경상사고,0,0,4,0,차대차 - 측면직각충돌,안전거리미확보,건조,맑음,단일로 - 기타,승용,남,41세,상해없음,승합,남,55세,상해없음
2012030900100397,2012년 3월 9일 19시,금요일,부산광역시 연제구 연산동,경상사고,0,0,1,0,차대차 - 추돌 - 진행중,교차로운행방법위반,건조,맑음,교차로 - 교차로안,승용,남,58세,상해없음,승용,남,67세,경상
2012030900100398,2012년 3월 9일 19시,금요일,부산광역시 강서구 송정동,중상사고,0,2,0,0,차대차 - 측면직각충돌,교차로운행방법위반,건조,맑음,교차로 - 교차로안,승용,남,29세,상해없음,승합,남,44세,중상
2012030900100399,2012년 3월 9일 19시,금요일,부산광역시 사상구 괘법동,중상사고,0,1,0,0,차대사람 - 횡단중,보행자보호의무위반,건조,맑음,교차로 - 교차로안,화물,남,26세,상해없음,보행자,남,29세,중상
2012030900100445,2012년 3월 9일 20시,금요일,부산광역시 북구 화명동,중상사고,0,1,0,0,차대사람 - 기타,안전운전불이행,건조,맑음,단일로 - 기타,승합,남,62세,상해없음,보행자,여,85세,중상
2012030900100483,2012년 3월 9일 21시,금요일,부산광역시 남구 대연동,부상신고사고,0,0,0,1,차대사람 - 기타,안전운전불이행,건조,맑음,단일로 - 기타,승용,남,34세,상해없음,보행자,남,23세,부상신고
2012030900100484,2012년 3월 9일 21시,금요일,부산광역시 동래구 복천동,부상신고사고,0,0,0,1,차대차 - 측면직각충돌,안전운전불이행,건조,맑음,교차로 - 교차로안,원동기,남,65세,부상신고,승용,남,57세,상해없음
2012030900100485,2012년 3월 9일 21시,금요일,부산광역시 해운대구 우동,중상사고,0,1,0,0,차대차 - 측면직각충돌,신호위반,건조,맑음,교차로 - 교차로안,승용,남,53세,상해없음,이륜,남,26세,중상
2012030900100486,2012년 3월 9일 21시,금요일,부산광역시 사하구 괴정동,중상사고,0,1,0,0,차대차 - 측면직각충돌,안전거리미확보,건조,맑음,단일로 - 기타,승용,여,56세,상해없음,원동기,남,16세,중상
2012030900100487,2012년 3월 9일 21시,금요일,부산광역시 연제구 연산동,경상사고,0,0,1,0,차대사람 - 보도통행중,신호위반,건조,맑음,단일로 - 횡단보도상,승용,여,48세,상해없음,보행자,여,15세,경상
2012030900100520,2012년 3월 9일 22시,금요일,부산광역시 서구 서대신동2가,경상사고,0,0,1,0,차대차 - 측면직각충돌,신호위반,습기,비,교차로 - 교차로부근,승용,남,53세,상해없음,승용,남,29세,경상
2012030900100557,2012년 3월 9일 23시,금요일,부산광역시 부산진구 부전동,경상사고,0,0,1,0,차대사람 - 횡단중,안전운전불이행,건조,맑음,교차로 - 교차로부근,승용,남,27세,상해없음,보행자,남,19세,경상
2012030900100558,2012년 3월 9일 23시,금요일,부산광역시 사상구 모라동,중상사고,0,1,0,0,차대사람 - 기타,신호위반,건조,맑음,단일로 - 횡단보도부근,승용,남,57세,상해없음,보행자,남,41세,중상
2012031000100013,2012년 3월 10일 00시,토요일,부산광역시 금정구 두구동,중상사고,0,1,1,0,차대차 - 추돌 - 주정차중,안전운전불이행,건조,맑음,단일로 - 기타,승용,남,33세,상해없음,승용,남,36세,경상
2012031000100014,2012년 3월 10일 00시,토요일,부산광역시 기장군 기장읍,중상사고,0,1,0,0,차대차 - 추돌 - 주정차중,안전운전불이행,건조,맑음,단일로 - 기타,승용,남,30세,상해없음,승용,남,67세,중상
2012031000100035,2012년 3월 10일 01시,토요일,부산광역시 동구 좌천동,중상사고,0,1,0,0,차대사람 - 횡단중,안전운전불이행,건조,맑음,단일로 - 횡단보도상,원동기,남,28세,상해없음,보행자,여,72세,중상
2012031000100036,2012년 3월 10일 01시,토요일,부산광역시 부산진구 부전동,경상사고,0,0,1,0,차대사람 - 기타,안전운전불이행,건조,맑음,단일로 - 기타,승용,남,28세,상해없음,보행자,남,36세,경상
2012031000100056,2012년 3월 10일 02시,토요일,부산광역시 금정구 장전동,경상사고,0,0,1,0,차대차 - 측면직각충돌,직진우회전진행방해,건조,맑음,교차로 - 교차로안,승용,남,59세,상해없음,승용,남,62세,경상
2012031000100057,2012년 3월 10일 02시,토요일,부산광역시 사하구 신평동,경상사고,0,0,1,0,차대차 - 추돌 - 주정차중,안전운전불이행,건조,맑음,단일로 - 기타,화물,남,27세,상해없음,승용,남,52세,경상
2012031000100058,2012년 3월 10일 02시,토요일,부산광역시 기장군 철마면,중상사고,0,1,1,0,차대차 - 추돌 - 주정차중,안전운전불이행,건조,맑음,단일로 - 기타,승용,남,36세,상해없음,승용,남,49세,중상
2012031000100075,2012년 3월 10일 03시,토요일,부산광역시 중구 남포동2가,중상사고,0,1,1,0,차대차 - 측면직각충돌,안전운전불이행,건조,맑음,단일로 - 기타,승용,남,61세,상해없음,승용,남,44세,경상
2012031000100076,2012년 3월 10일 03시,토요일,부산광역시 중구 영주동,경상사고,0,0,1,0,차대차 - 측면직각충돌,안전운전불이행,건조,맑음,단일로 - 기타,승용,남,50세,상해없음,원동기,남,46세,경상
2012031000100092,2012년 3월 10일 04시,토요일,부산광역시 부산진구 전포동,경상사고,0,0,1,0,차대차 - 추돌 - 진행중,안전운전불이행,건조,맑음,단일로 - 기타,승용,남,38세,기타불명,승용,남,57세,상해없음
2012031000100093,2012년 3월 10일 04시,토요일,부산광역시 기장군 정관면,경상사고,0,0,1,0,차대차 - 추돌 - 진행중,안전거리미확보,건조,맑음,단일로 - 기타,승용,남,44세,상해없음,화물,남,37세,경상
2012031000100110,2012년 3월 10일 06시,토요일,부산광역시 동래구 사직동,중상사고,0,1,0,0,차대차 - 측면직각충돌,직진우회전진행방해,건조,맑음,교차로 - 교차로안,승용,여,51세,상해없음,자전거,남,59세,중상
2012031000100111,2012년 3월 10일 06시,토요일,부산광역시 해운대구 우동,중상사고,0,1,0,0,차대사람 - 보도통행중,기타,건조,맑음,단일로 - 기타,승용,여,54세,상해없음,보행자,남,73세,중상
2012031000100112,2012년 3월 10일 06시,토요일,부산광역시 사상구 덕포동,경상사고,0,0,1,0,차대사람 - 횡단중,안전운전불이행,건조,맑음,단일로 - 횡단보도상,이륜,남,46세,상해없음,보행자,남,24세,경상
2012031000100128,2012년 3월 10일 07시,토요일,부산광역시 사상구 괘법동,중상사고,0,1,1,0,차대차 - 추돌 - 주정차중,안전거리미확보,습기,흐림,교차로 - 교차로부근,화물,남,38세,상해없음,승용,남,43세,중상
2012031000100148,2012년 3월 10일 08시,토요일,부산광역시 금정구 부곡동,중상사고,0,1,0,0,차대차 - 측면직각충돌,신호위반,건조,맑음,교차로 - 교차로안,승용,남,20세,상해없음,승용,여,41세,상해없음
2012031000100149,2012년 3월 10일 08시,토요일,부산광역시 연제구 연산동,경상사고,0,0,1,0,차대차 - 기타,안전거리미확보,건조,맑음,단일로 - 횡단보도부근,승용,남,30세,상해없음,승용,남,46세,경상
2012031000100150,2012년 3월 10일 08시,토요일,부산광역시 연제구 연산동,경상사고,0,0,1,0,차대차 - 기타,안전거리미확보,건조,맑음,단일로 - 횡단보도부근,승용,남,30세,상해없음,승용,남,46세,경상
2012031000100167,2012년 3월 10일 09시,토요일,부산광역시 해운대구 반여동,경상사고,0,0,1,0,차대차 - 측면직각충돌,안전운전불이행,건조,맑음,단일로 - 기타,화물,남,59세,기타불명,승용,남,53세,경상
2012031000100180,2012년 3월 10일 10시,토요일,부산광역시 수영구 광안동,중상사고,0,1,0,0,차대사람 - 기타,안전운전불이행,건조,맑음,단일로 - 기타,승용,여,56세,상해없음,보행자,여,74세,중상
2012031000100181,2012년 3월 10일 10시,토요일,부산광역시 수영구 남천동,경상사고,0,0,3,0,차대차 - 추돌 - 진행중,안전거리미확보,건조,맑음,교차로 - 교차로부근,승용,남,33세,상해없음,승용,남,48세,경상
2012031000100182,2012년 3월 10일 10시,토요일,부산광역시 해운대구 좌동,부상신고사고,0,0,0,1,차대차 - 측면직각충돌,안전운전불이행,건조,맑음,단일로 - 기타,승용,여,46세,상해없음,건설기계,남,45세,상해없음
2012031000100226,2012년 3월 10일 12시,토요일,부산광역시 수영구 광안동,경상사고,0,0,1,0,차대차 - 측면직각충돌,기타,건조,맑음,교차로 - 교차로부근,승합,남,54세,상해없음,화물,남,35세,경상
2012031000100277,2012년 3월 10일 14시,토요일,부산광역시 강서구 대저1동,중상사고,0,1,0,0,차대차 - 기타,안전운전불이행,건조,맑음,기타 - 기타,건설기계,남,50세,상해없음,이륜,남,31세,중상
2012031000100301,2012년 3월 10일 15시,토요일,부산광역시 사하구 하단동,중상사고,0,1,0,0,차대사람 - 횡단중,신호위반,건조,맑음,단일로 - 횡단보도상,이륜,남,23세,상해없음,보행자,여,51세,중상