사고번호,사고일시,요일,시군구,사고내용,사망자수,중상자수,경상자수,부상신고자수,사고유형,법규위반,노면상태,기상상태,도로형태,가해운전자 차종,가해운전자 성별,가해운전자 연령,가해운전자 상해정도,피해운전자 차종,피해운전자 성별,피해운전자 연령,피해운전자 상해정도
2012031000100302,2012년 3월 10일 15시,토요일,부산광역시 사상구 주례동,중상사고,0,1,3,0,차대차 - 추돌 - 진행중,안전운전불이행,건조,맑음,교차로 - 교차로부근,승용,남,68세,경상,승용,남,52세,경상
2012031000100325,2012년 3월 10일 16시,토요일,부산광역시 동구 범일동,경상사고,0,0,2,0,차대차 - 측면직각충돌,교차로운행방법위반,건조,맑음,교차로 - 교차로안,승용,남,33세,상해없음,승용,남,25세,경상
2012031000100326,2012년 3월 10일 16시,토요일,부산광역시 북구 덕천동,경상사고,0,0,2,0,차대차 - 추돌 - 진행중,안전운전불이행,건조,맑음,단일로 - 기타,승용,남,61세,상해없음,원동기,남,18세,경상
2012031000100327,2012년 3월 10일 16시,토요일,부산광역시 사상구 학장동,경상사고,0,0,1,0,차대차 - 측면직각충돌,중앙선침범,습기,흐림,단일로 - 기타,승용,남,44세,상해없음,승용,남,41세,경상
2012031000100357,2012년 3월 10일 17시,토요일,부산광역시 금정구 금사동,중상사고,0,1,0,0,차대차 - 측면직각충돌,안전거리미확보,건조,흐림,단일로 - 기타,화물,남,27세,상해없음,이륜,남,46세,중상
2012031000100412,2012년 3월 10일 19시,토요일,부산광역시 영도구 신선동2가,경상사고,0,0,1,0,차대차 - 추돌 - 진행중,교차로운행방법위반,건조,맑음,교차로 - 교차로안,승용,여,41세,상해없음,승용,남,57세,경상
2012031000100413,2012년 3월 10일 19시,토요일,부산광역시 해운대구 반여동,경상사고,0,0,1,0,차대사람 - 횡단중,안전운전불이행,건조,흐림,단일로 - 기타,승용,여,53세,상해없음,보행자,남,55세,경상
2012031000100414,2012년 3월 10일 19시,토요일,부산광역시 사상구 주례동,중상사고,0,1,0,0,차대차 - 기타,신호위반,건조,맑음,교차로 - 교차로안,승용,남,58세,상해없음,이륜,남,16세,중상
2012031000100452,2012년 3월 10일 20시,토요일,부산광역시 남구 문현동,경상사고,0,0,1,0,차대차 - 측면직각충돌,교차로운행방법위반,건조,맑음,교차로 - 교차로부근,승용,남,29세,상해없음,승용,남,50세,상해없음
2012031000100453,2012년 3월 10일 20시,토요일,부산광역시 북구 화명동,경상사고,0,0,1,0,차대차 - 측면직각충돌,불법유턴,건조,맑음,교차로 - 교차로부근,승합,남,26세,상해없음,승용,남,21세,경상
2012031000100454,2012년 3월 10일 20시,토요일,부산광역시 동래구 안락동,경상사고,0,0,1,0,차대차 - 측면직각충돌,교차로운행방법위반,건조,맑음,교차로 - 교차로안,승용,남,37세,상해없음,이륜,남,50세,경상
2012031000100455,2012년 3월 10일 20시,토요일,부산광역시 동래구 안락동,경상사고,0,0,1,0,차대차 - 측면직각충돌,교차로운행방법위반,건조,맑음,교차로 - 교차로안,이륜,남,25세,상해없음,승용,여,36세,경상
2012031000100456,2012년 3월 10일 20시,토요일,부산광역시 영도구 신선동3가,중상사고,0,1,0,0,차대사람 - 길가장자리구역통행중,안전운전불이행,건조,맑음,단일로 - 기타,승용,남,52세,상해없음,보행자,남,65세,중상
2012031000100457,2012년 3월 10일 20시,토요일,부산광역시 금정구 청룡동,부상신고사고,0,0,0,1,차대사람 - 기타,안전운전불이행,건조,맑음,단일로 - 기타,승용,남,58세,상해없음,보행자,여,47세,부상신고
2012031000100490,2012년 3월 10일 21시,토요일,부산광역시 사하구 하단동,경상사고,0,0,3,0,차대차 - 추돌 - 진행중,신호위반,건조,맑음,교차로 - 교차로안,승용,여,40세,상해없음,승용,남,38세,경상
2012031000100515,2012년 3월 10일 22시,토요일,부산광역시 북구 만덕동,사망사고,1,0,0,0,차대차 - 측면직각충돌,신호위반,건조,맑음,교차로 - 교차로안,승용,남,47세,상해없음,이륜,남,17세,사망
2012031100100004,2012년 3월 11일 00시,일요일,부산광역시 사하구 장림동,중상사고,0,1,0,0,차대차 - 추돌 - 진행중,신호위반,건조,맑음,교차로 - 교차로안,승용,여,47세,상해없음,이륜,남,19세,중상
2012031100100005,2012년 3월 11일 00시,일요일,부산광역시 사하구 하단동,부상신고사고,0,0,0,1,차대사람 - 기타,안전운전불이행,건조,맑음,단일로 - 기타,승용,남,55세,상해없음,보행자,여,47세,부상신고
2012031100100006,2012년 3월 11일 00시,일요일,부산광역시 연제구 연산동,경상사고,0,0,1,0,차대차 - 측면직각충돌,신호위반,건조,흐림,교차로 - 교차로안,승용,남,18세,상해없음,승용,남,54세,경상
2012031100100007,2012년 3월 11일 00시,일요일,부산광역시 사상구 주례동,경상사고,0,0,1,0,차대사람 - 기타,기타,건조,맑음,단일로 - 기타,승용,남,46세,상해없음,보행자,남,46세,경상
2012031100100028,2012년 3월 11일 01시,일요일,부산광역시 동구 초량동,경상사고,0,0,1,0,차대차 - 측면직각충돌,교차로운행방법위반,건조,맑음,교차로 - 교차로안,승용,남,25세,상해없음,승용,남,44세,경상
2012031100100029,2012년 3월 11일 01시,일요일,부산광역시 금정구 서동,경상사고,0,0,1,0,차대차 - 추돌 - 주정차중,안전운전불이행,건조,맑음,단일로 - 기타,승용,남,26세,상해없음,승용,남,33세,경상
2012031100100030,2012년 3월 11일 01시,일요일,부산광역시 사상구 학장동,부상신고사고,0,0,0,1,차대사람 - 길가장자리구역통행중,안전운전불이행,건조,맑음,단일로 - 기타,승용,남,56세,상해없음,보행자,남,54세,부상신고
2012031100100052,2012년 3월 11일 02시,일요일,부산광역시 사상구 감전동,경상사고,0,0,1,0,차대사람 - 기타,안전운전불이행,건조,맑음,단일로 - 기타,승용,남,54세,기타불명,보행자,남,36세,경상
2012031100100078,2012년 3월 11일 04시,일요일,부산광역시 사하구 괴정동,중상사고,0,1,4,0,차대차 - 측면직각충돌,신호위반,건조,맑음,교차로 - 교차로안,승합,남,25세,상해없음,승용,남,54세,상해없음
2012031100100099,2012년 3월 11일 06시,일요일,부산광역시 중구 중앙동4가,경상사고,0,0,1,1,차대차 - 측면직각충돌,안전거리미확보,건조,맑음,단일로 - 기타,원동기,남,16세,경상,승용,남,50세,부상신고
2012031100100100,2012년 3월 11일 06시,일요일,부산광역시 남구 대연동,중상사고,0,1,0,0,차대차 - 정면충돌,중앙선침범,건조,맑음,단일로 - 기타,승용,남,59세,상해없음,자전거,남,32세,중상
2012031100100109,2012년 3월 11일 07시,일요일,부산광역시 수영구 남천동,중상사고,0,1,0,0,차량단독 - 공작물충돌,교차로운행방법위반,건조,맑음,교차로 - 교차로안,화물,여,49세,상해없음,,,,
2012031100100120,2012년 3월 11일 08시,일요일,부산광역시 동래구 온천동,경상사고,0,0,2,0,차대차 - 정면충돌,안전운전불이행,건조,맑음,단일로 - 기타,승용,남,32세,경상,승용,남,27세,상해없음
2012031100100121,2012년 3월 11일 08시,일요일,부산광역시 사상구 엄궁동,경상사고,0,0,2,1,차대차 - 추돌 - 진행중,안전운전불이행,건조,맑음,단일로 - 기타,승용,남,52세,상해없음,화물,남,36세,경상
2012031100100154,2012년 3월 11일 10시,일요일,부산광역시 동구 범일동,경상사고,0,0,1,0,차대사람 - 기타,안전운전불이행,건조,맑음,단일로 - 기타,승용,여,59세,상해없음,보행자,여,59세,경상
2012031100100197,2012년 3월 11일 12시,일요일,부산광역시 남구 대연동,중상사고,0,1,0,0,차대차 - 측면직각충돌,안전거리미확보,건조,흐림,교차로 - 교차로부근,화물,남,50세,상해없음,이륜,남,38세,중상
2012031100100198,2012년 3월 11일 12시,일요일,부산광역시 수영구 광안동,중상사고,0,1,0,0,차대사람 - 기타,안전운전불이행,건조,기타,단일로 - 기타,승용,여,51세,상해없음,보행자,여,54세,중상
2012031100100199,2012년 3월 11일 12시,일요일,부산광역시 부산진구 부전동,경상사고,0,0,1,0,차대차 - 측면직각충돌,교차로운행방법위반,건조,맑음,교차로 - 교차로안,승용,남,43세,상해없음,승용,남,37세,상해없음
2012031100100200,2012년 3월 11일 12시,일요일,부산광역시 사하구 구평동,중상사고,0,1,1,0,차대차 - 추돌 - 주정차중,안전거리미확보,건조,맑음,교차로 - 교차로부근,승용,남,64세,상해없음,화물,남,28세,중상
2012031100100230,2012년 3월 11일 13시,일요일,부산광역시 중구 부평동1가,중상사고,0,1,0,0,차대차 - 측면직각충돌,안전운전불이행,건조,맑음,단일로 - 횡단보도부근,이륜,남,18세,중상,승용,남,61세,상해없음
2012031100100258,2012년 3월 11일 14시,일요일,부산광역시 북구 화명동,중상사고,0,1,1,0,차대차 - 추돌 - 진행중,안전운전불이행,건조,맑음,단일로 - 횡단보도부근,승용,남,68세,상해없음,승용,남,30세,상해없음
2012031100100259,2012년 3월 11일 14시,일요일,부산광역시 해운대구 중동,중상사고,0,1,2,0,차대차 - 측면직각충돌,신호위반,건조,맑음,교차로 - 교차로부근,승용,남,55세,상해없음,승용,여,38세,경상
2012031100100260,2012년 3월 11일 14시,일요일,부산광역시 사상구 모라동,중상사고,0,1,0,0,차대사람 - 횡단중,안전운전불이행,건조,맑음,단일로 - 기타,승용,남,36세,상해없음,보행자,남,53세,중상
2012031100100287,2012년 3월 11일 15시,일요일,부산광역시 중구 남포동3가,경상사고,0,0,1,0,차량단독 - 기타,안전운전불이행,건조,맑음,단일로 - 기타,승용,남,60세,상해없음,,,,
2012031100100288,2012년 3월 11일 15시,일요일,부산광역시 금정구 장전동,부상신고사고,0,0,0,1,차대차 - 측면직각충돌,교차로운행방법위반,건조,맑음,교차로 - 교차로안,승용,여,50세,상해없음,승용,남,54세,부상신고
2012031100100321,2012년 3월 11일 16시,일요일,부산광역시 동구 좌천동,부상신고사고,0,0,0,1,차대사람 - 횡단중,안전운전불이행,건조,맑음,단일로 - 기타,화물,남,49세,상해없음,보행자,여,86세,부상신고
2012031100100322,2012년 3월 11일 16시,일요일,부산광역시 동구 수정동,중상사고,0,1,0,0,차대차 - 측면직각충돌,안전운전불이행,건조,맑음,단일로 - 기타,승합,남,51세,상해없음,이륜,남,32세,중상
2012031100100323,2012년 3월 11일 16시,일요일,부산광역시 사하구 신평동,경상사고,0,0,1,0,차대차 - 추돌 - 진행중,안전거리미확보,건조,맑음,교차로 - 교차로부근,화물,남,42세,상해없음,화물,남,57세,경상
2012031100100350,2012년 3월 11일 17시,일요일,부산광역시 해운대구 우동,중상사고,0,3,3,0,차대차 - 추돌 - 진행중,안전운전불이행,건조,기타,단일로 - 터널,화물,남,47세,경상,승용,여,41세,중상
2012031100100375,2012년 3월 11일 18시,일요일,부산광역시 중구 영주동,중상사고,0,1,0,0,차대사람 - 기타,안전운전불이행,건조,맑음,단일로 - 기타,승용,남,39세,상해없음,보행자,여,74세,중상
2012031100100401,2012년 3월 11일 19시,일요일,부산광역시 북구 금곡동,중상사고,0,1,1,0,차대차 - 측면직각충돌,신호위반,건조,맑음,단일로 - 횡단보도상,이륜,남,17세,경상,원동기,남,59세,중상
2012031100100402,2012년 3월 11일 19시,일요일,부산광역시 기장군 기장읍,중상사고,0,1,4,0,차대차 - 추돌 - 주정차중,안전운전불이행,건조,맑음,단일로 - 기타,승용,남,75세,상해없음,승용,여,42세,경상
2012031100100437,2012년 3월 11일 20시,일요일,부산광역시 동구 범일동,경상사고,0,0,1,0,차대차 - 기타,안전거리미확보,건조,맑음,단일로 - 기타,승용,남,37세,상해없음,원동기,남,27세,경상
2012031100100438,2012년 3월 11일 20시,일요일,부산광역시 사상구 괘법동,중상사고,0,1,3,1,차대차 - 추돌 - 진행중,안전운전불이행,건조,맑음,단일로 - 기타,승용,남,29세,부상신고,승용,남,60세,경상
2012031100100439,2012년 3월 11일 20시,일요일,부산광역시 사상구 모라동,중상사고,0,1,0,0,차대차 - 추돌 - 진행중,신호위반,건조,맑음,단일로 - 기타,승용,남,26세,상해없음,승용,남,48세,중상
2012031100100492,2012년 3월 11일 22시,일요일,부산광역시 수영구 민락동,경상사고,0,0,2,0,차대차 - 추돌 - 진행중,신호위반,건조,맑음,교차로 - 교차로안,승용,남,34세,상해없음,승용,남,40세,경상
2012031200100036,2012년 3월 12일 06시,월요일,부산광역시 수영구 민락동,부상신고사고,0,0,0,1,차대차 - 측면직각충돌,신호위반,건조,맑음,교차로 - 교차로안,이륜,남,22세,부상신고,화물,남,44세,상해없음
2012031200100046,2012년 3월 12일 07시,월요일,부산광역시 사하구 다대동,중상사고,0,1,0,0,차대차 - 측면직각충돌,안전운전불이행,건조,맑음,단일로 - 기타,승용,여,43세,상해없음,이륜,남,32세,중상
2012031200100047,2012년 3월 12일 07시,월요일,부산광역시 기장군 정관면,중상사고,0,2,2,0,차대차 - 측면직각충돌,안전거리미확보,건조,맑음,단일로 - 기타,승용,남,48세,상해없음,승용,남,65세,중상
2012031200100048,2012년 3월 12일 07시,월요일,부산광역시 기장군 정관면,부상신고사고,0,0,0,1,차대차 - 추돌 - 진행중,안전거리미확보,건조,맑음,단일로 - 기타,승용,남,29세,상해없음,승용,남,31세,부상신고
2012031200100049,2012년 3월 12일 07시,월요일,부산광역시 기장군 정관면,경상사고,0,0,1,0,차대차 - 추돌 - 진행중,안전거리미확보,건조,맑음,단일로 - 기타,승용,여,31세,상해없음,승용,남,29세,경상
2012031200100130,2012년 3월 12일 09시,월요일,부산광역시 금정구 부곡동,경상사고,0,0,1,0,차대사람 - 기타,안전운전불이행,건조,맑음,단일로 - 기타,승용,여,33세,상해없음,보행자,남,18세,경상
2012031200100150,2012년 3월 12일 10시,월요일,부산광역시 서구 부민동1가,중상사고,0,1,0,0,차량단독 - 기타,기타,건조,맑음,단일로 - 기타,승합,남,37세,상해없음,,,,
2012031200100173,2012년 3월 12일 11시,월요일,부산광역시 부산진구 가야동,중상사고,0,1,0,0,차대차 - 추돌 - 진행중,안전운전불이행,건조,맑음,교차로 - 교차로부근,승용,남,50세,상해없음,자전거,남,78세,중상
2012031200100174,2012년 3월 12일 11시,월요일,부산광역시 금정구 구서동,경상사고,0,0,1,0,차대차 - 측면직각충돌,신호위반,건조,맑음,교차로 - 교차로안,승용,남,63세,상해없음,승용,남,58세,경상
2012031200100216,2012년 3월 12일 13시,월요일,부산광역시 동구 수정동,경상사고,0,0,1,0,차대차 - 측면직각충돌,교차로운행방법위반,건조,맑음,교차로 - 교차로안,원동기,남,32세,경상,승용,남,64세,상해없음
2012031200100217,2012년 3월 12일 13시,월요일,부산광역시 부산진구 전포동,중상사고,0,1,0,0,차대차 - 기타,교차로운행방법위반,건조,맑음,교차로 - 교차로안,화물,남,50세,상해없음,원동기,남,68세,중상
2012031200100246,2012년 3월 12일 14시,월요일,부산광역시 서구 토성동5가,경상사고,0,0,2,0,차대사람 - 횡단중,신호위반,기타,맑음,단일로 - 횡단보도상,화물,남,26세,상해없음,보행자,여,8세,경상
2012031200100247,2012년 3월 12일 14시,월요일,부산광역시 동래구 온천동,경상사고,0,0,1,0,차대차 - 추돌 - 주정차중,안전운전불이행,건조,맑음,교차로 - 교차로부근,승용,남,62세,상해없음,승용,남,30세,경상
2012031200100248,2012년 3월 12일 14시,월요일,부산광역시 해운대구 우동,중상사고,0,1,0,0,차대사람 - 기타,안전운전불이행,건조,맑음,기타 - 기타,승용,남,47세,상해없음,보행자,여,34세,중상
2012031200100273,2012년 3월 12일 15시,월요일,부산광역시 동래구 안락동,경상사고,0,0,1,0,차대차 - 측면직각충돌,안전운전불이행,건조,맑음,단일로 - 기타,화물,남,56세,기타불명,이륜,남,40세,경상
2012031200100274,2012년 3월 12일 15시,월요일,부산광역시 부산진구 양정동,경상사고,0,0,1,0,차대사람 - 길가장자리구역통행중,안전운전불이행,건조,맑음,단일로 - 기타,승용,남,19세,상해없음,보행자,여,19세,경상
2012031200100275,2012년 3월 12일 15시,월요일,부산광역시 사하구 하단동,경상사고,0,0,2,0,차대차 - 추돌 - 진행중,안전거리미확보,건조,맑음,단일로 - 기타,화물,남,34세,상해없음,승용,남,27세,경상
2012031200100310,2012년 3월 12일 16시,월요일,부산광역시 해운대구 반송동,부상신고사고,0,0,0,1,차대사람 - 기타,안전운전불이행,건조,맑음,기타 - 기타,승용,기타불명,기타불명,기타불명,보행자,남,56세,부상신고
2012031200100311,2012년 3월 12일 16시,월요일,부산광역시 해운대구 반여동,중상사고,0,1,0,0,차대사람 - 기타,기타,건조,기타,단일로 - 기타,승합,남,59세,상해없음,보행자,여,74세,중상
2012031200100312,2012년 3월 12일 16시,월요일,부산광역시 강서구 강동동,중상사고,0,1,0,0,차대차 - 기타,안전운전불이행,건조,맑음,단일로 - 기타,화물,남,37세,상해없음,이륜,남,58세,중상
2012031200100342,2012년 3월 12일 17시,월요일,부산광역시 수영구 남천동,중상사고,0,1,0,0,차대차 - 측면직각충돌,안전운전불이행,건조,맑음,단일로 - 기타,승용,여,51세,상해없음,이륜,남,22세,중상
2012031200100343,2012년 3월 12일 17시,월요일,부산광역시 사하구 당리동,경상사고,0,0,1,0,차대차 - 기타,중앙선침범,건조,맑음,단일로 - 기타,승합,남,28세,상해없음,이륜,남,21세,경상
2012031200100344,2012년 3월 12일 17시,월요일,부산광역시 사하구 다대동,중상사고,0,2,4,0,차대차 - 정면충돌,중앙선침범,건조,맑음,단일로 - 기타,승용,남,49세,상해없음,승용,남,42세,중상
2012031200100345,2012년 3월 12일 17시,월요일,부산광역시 기장군 일광면,부상신고사고,0,0,0,1,차대차 - 기타,중앙선침범,건조,맑음,단일로 - 기타,화물,남,37세,상해없음,원동기,남,43세,부상신고
2012031200100380,2012년 3월 12일 18시,월요일,부산광역시 부산진구 범천동,중상사고,0,1,0,0,차대사람 - 기타,보행자보호의무위반,건조,맑음,교차로 - 교차로부근,화물,남,60세,상해없음,보행자,여,69세,중상
2012031200100409,2012년 3월 12일 19시,월요일,부산광역시 사상구 주례동,경상사고,0,0,1,0,차대사람 - 횡단중,안전운전불이행,건조,맑음,교차로 - 교차로부근,승용,남,54세,상해없음,보행자,남,13세,경상
2012031200100447,2012년 3월 12일 20시,월요일,부산광역시 동래구 명륜동,중상사고,0,1,0,0,차대사람 - 횡단중,신호위반,건조,맑음,단일로 - 횡단보도상,화물,남,62세,상해없음,보행자,여,18세,중상
2012031200100448,2012년 3월 12일 20시,월요일,부산광역시 사하구 다대동,중상사고,0,1,0,0,차대사람 - 보도통행중,보행자보호의무위반,건조,맑음,단일로 - 횡단보도상,승용,남,51세,상해없음,보행자,남,57세,중상
2012031200100449,2012년 3월 12일 20시,월요일,부산광역시 사하구 괴정동,중상사고,0,1,0,0,차대차 - 측면직각충돌,차로위반,건조,맑음,단일로 - 기타,승용,여,49세,상해없음,이륜,여,46세,중상
2012031200100482,2012년 3월 12일 21시,월요일,부산광역시 금정구 부곡동,부상신고사고,0,0,0,1,차대사람 - 횡단중,안전운전불이행,건조,맑음,단일로 - 기타,이륜,남,31세,상해없음,보행자,남,45세,부상신고
2012031200100483,2012년 3월 12일 21시,월요일,부산광역시 연제구 연산동,중상사고,0,1,2,0,차대차 - 추돌 - 주정차중,안전운전불이행,건조,맑음,기타 - 기타,화물,남,53세,상해없음,승용,여,43세,중상
2012031200100484,2012년 3월 12일 21시,월요일,부산광역시 사상구 주례동,중상사고,0,1,0,0,차대차 - 기타,안전거리미확보,건조,맑음,단일로 - 기타,화물,남,40세,상해없음,승용,남,28세,중상
2012031200100485,2012년 3월 12일 21시,월요일,부산광역시 사상구 덕포동,경상사고,0,0,2,0,차대차 - 기타,안전거리미확보,건조,맑음,단일로 - 기타,승용,남,23세,상해없음,승용,여,52세,경상
2012031200100508,2012년 3월 12일 22시,월요일,부산광역시 동구 초량동,중상사고,0,1,1,0,차대차 - 측면직각충돌,중앙선침범,건조,맑음,단일로 - 기타,승용,남,41세,상해없음,승용,남,52세,중상
2012031200100509,2012년 3월 12일 22시,월요일,부산광역시 금정구 남산동,경상사고,0,0,1,1,차대차 - 기타,차로위반,건조,맑음,교차로 - 교차로부근,승용,남,49세,상해없음,승용,남,57세,상해없음
2012031200100540,2012년 3월 12일 23시,월요일,부산광역시 북구 덕천동,중상사고,0,1,0,0,차량단독 - 공작물충돌,안전운전불이행,건조,맑음,단일로 - 기타,승용,남,38세,상해없음,,,,
2012031200100541,2012년 3월 12일 23시,월요일,부산광역시 해운대구 우동,중상사고,0,1,0,0,차대차 - 기타,안전운전불이행,건조,맑음,단일로 - 기타,승용,남,52세,상해없음,승용,남,36세,중상
2012031200100542,2012년 3월 12일 23시,월요일,부산광역시 부산진구 가야동,경상사고,0,0,3,0,차대차 - 기타,안전운전불이행,건조,맑음,단일로 - 기타,승용,남,41세,상해없음,승용,남,33세,경상
2012031200100543,2012년 3월 12일 23시,월요일,부산광역시 연제구 연산동,중상사고,0,1,0,0,차대차 - 추돌 - 주정차중,안전운전불이행,건조,흐림,기타 - 기타,승용,남,31세,상해없음,승용,남,52세,중상
2012031300100021,2012년 3월 13일 01시,화요일,부산광역시 강서구 생곡동,부상신고사고,0,0,0,1,차대차 - 기타,안전운전불이행,건조,맑음,기타 - 기타,화물,남,51세,상해없음,특수,남,41세,부상신고
2012031300100102,2012년 3월 13일 08시,화요일,부산광역시 남구 용호동,부상신고사고,0,0,0,1,차대사람 - 기타,안전운전불이행,건조,맑음,교차로 - 교차로부근,승용,여,54세,상해없음,보행자,남,41세,부상신고
2012031300100103,2012년 3월 13일 08시,화요일,부산광역시 부산진구 부전동,중상사고,0,1,0,0,차대차 - 추돌 - 진행중,신호위반,건조,맑음,교차로 - 교차로부근,화물,남,61세,상해없음,이륜,남,52세,중상
2012031300100104,2012년 3월 13일 08시,화요일,부산광역시 금정구 서동,중상사고,0,1,0,0,차대사람 - 기타,안전운전불이행,건조,맑음,단일로 - 기타,승용,여,24세,상해없음,보행자,남,69세,중상
2012031300100105,2012년 3월 13일 08시,화요일,부산광역시 기장군 정관면,중상사고,0,1,0,0,차대사람 - 횡단중,보행자보호의무위반,건조,맑음,단일로 - 횡단보도상,건설기계,남,42세,상해없음,보행자,남,13세,중상
2012031300100106,2012년 3월 13일 08시,화요일,부산광역시 강서구 대저1동,중상사고,0,2,0,0,차대차 - 측면직각충돌,안전운전불이행,건조,맑음,단일로 - 기타,승용,남,66세,상해없음,승용,남,32세,중상
2012031300100142,2012년 3월 13일 09시,화요일,부산광역시 금정구 노포동,사망사고,1,0,0,0,차대차 - 추돌 - 진행중,안전운전불이행,건조,맑음,단일로 - 기타,화물,남,32세,사망,승합,남,59세,상해없음
2012031300100143,2012년 3월 13일 09시,화요일,부산광역시 금정구 서동,중상사고,0,1,0,0,차대사람 - 횡단중,안전운전불이행,건조,맑음,교차로 - 교차로부근,승용,남,55세,상해없음,보행자,여,80세,중상
2012031300100144,2012년 3월 13일 09시,화요일,부산광역시 사하구 다대동,경상사고,0,0,1,0,차대차 - 추돌 - 진행중,안전거리미확보,건조,맑음,교차로 - 교차로부근,승합,여,37세,상해없음,승용,남,43세,경상
2012031300100169,2012년 3월 13일 10시,화요일,부산광역시 사하구 다대동,경상사고,0,0,1,0,차대사람 - 기타,안전운전불이행,건조,맑음,단일로 - 기타,승용,여,50세,상해없음,보행자,여,61세,경상
2012031300100195,2012년 3월 13일 11시,화요일,부산광역시 연제구 연산동,경상사고,0,0,1,0,차대차 - 추돌 - 주정차중,안전운전불이행,건조,맑음,단일로 - 기타,승합,남,47세,상해없음,승용,남,28세,상해없음
2012031300100196,2012년 3월 13일 11시,화요일,부산광역시 강서구 대저1동,중상사고,0,3,4,0,차대차 - 추돌 - 진행중,안전거리미확보,건조,맑음,단일로 - 기타,화물,남,21세,상해없음,화물,남,53세,상해없음
2012031300100233,2012년 3월 13일 12시,화요일,부산광역시 부산진구 부암동,경상사고,0,0,1,0,차대차 - 측면직각충돌,안전거리미확보,건조,맑음,교차로 - 교차로부근,승용,여,28세,기타불명,승용,남,38세,경상
2012031300100253,2012년 3월 13일 13시,화요일,부산광역시 강서구 송정동,경상사고,0,0,1,0,차대차 - 추돌 - 주정차중,안전운전불이행,건조,맑음,단일로 - 기타,승용,여,48세,기타불명,승용,남,26세,경상
2012031300100284,2012년 3월 13일 14시,화요일,부산광역시 사하구 하단동,중상사고,0,1,2,0,차대차 - 추돌 - 주정차중,안전운전불이행,건조,맑음,단일로 - 기타,승합,남,37세,상해없음,승용,여,49세,경상
2012031300100312,2012년 3월 13일 15시,화요일,부산광역시 남구 용호동,중상사고,0,1,0,0,차대차 - 측면직각충돌,직진우회전진행방해,건조,맑음,교차로 - 교차로안,승용,남,58세,상해없음,승용,여,50세,중상
2012031300100313,2012년 3월 13일 15시,화요일,부산광역시 부산진구 부전동,중상사고,0,1,0,0,차대사람 - 기타,안전운전불이행,건조,맑음,교차로 - 교차로안,승용,남,40세,상해없음,보행자,여,67세,중상
2012031300100342,2012년 3월 13일 16시,화요일,부산광역시 사하구 장림동,부상신고사고,0,0,0,2,차대차 - 측면직각충돌,안전운전불이행,건조,맑음,단일로 - 기타,화물,남,36세,기타불명,화물,남,34세,부상신고
2012031300100365,2012년 3월 13일 17시,화요일,부산광역시 남구 문현동,경상사고,0,0,1,0,차대차 - 기타,차로위반,건조,맑음,교차로 - 교차로부근,화물,남,39세,상해없음,원동기,남,56세,경상
2012031300100366,2012년 3월 13일 17시,화요일,부산광역시 강서구 강동동,경상사고,0,0,1,0,차대사람 - 기타,안전운전불이행,건조,맑음,단일로 - 기타,승용,남,49세,상해없음,보행자,여,48세,경상
2012031300100367,2012년 3월 13일 17시,화요일,부산광역시 사상구 모라동,중상사고,0,1,0,0,차대사람 - 횡단중,안전운전불이행,건조,맑음,단일로 - 횡단보도상,승용,남,38세,상해없음,보행자,여,26세,중상
2012031300100399,2012년 3월 13일 18시,화요일,부산광역시 수영구 남천동,부상신고사고,0,0,0,1,차대사람 - 기타,안전운전불이행,건조,맑음,단일로 - 기타,승용,여,51세,상해없음,보행자,남,28세,부상신고
2012031300100400,2012년 3월 13일 18시,화요일,부산광역시 해운대구 우동,중상사고,0,1,0,0,차량단독 - 기타,안전운전불이행,건조,맑음,단일로 - 기타,승합,남,55세,상해없음,,,,
2012031300100465,2012년 3월 13일 20시,화요일,부산광역시 강서구 송정동,경상사고,0,0,1,0,차대차 - 기타,신호위반,건조,맑음,교차로 - 교차로안,승용,남,43세,상해없음,승용,남,26세,경상
2012031300100491,2012년 3월 13일 21시,화요일,부산광역시 남구 대연동,경상사고,0,0,1,0,차대사람 - 보도통행중,안전운전불이행,건조,맑음,단일로 - 기타,이륜,남,18세,상해없음,보행자,여,59세,경상
2012031300100492,2012년 3월 13일 21시,화요일,부산광역시 남구 문현동,부상신고사고,0,0,0,1,차대사람 - 기타,신호위반,건조,맑음,교차로 - 교차로부근,승용,남,63세,상해없음,보행자,여,14세,부상신고
2012031300100493,2012년 3월 13일 21시,화요일,부산광역시 금정구 구서동,부상신고사고,0,0,0,1,차대사람 - 횡단중,보행자보호의무위반,건조,맑음,단일로 - 횡단보도상,승용,여,44세,상해없음,보행자,남,30세,부상신고
2012031300100494,2012년 3월 13일 21시,화요일,부산광역시 금정구 금사동,부상신고사고,0,0,0,1,차대차 - 추돌 - 진행중,안전거리미확보,건조,맑음,교차로 - 교차로부근,기타불명,기타불명,기타불명,기타불명,승용,여,35세,부상신고
2012031300100527,2012년 3월 13일 22시,화요일,부산광역시 수영구 광안동,부상신고사고,0,0,0,1,차대차 - 추돌 - 진행중,중앙선침범,건조,맑음,단일로 - 기타,승용,남,56세,상해없음,자전거,남,31세,부상신고
2012031300100528,2012년 3월 13일 22시,화요일,부산광역시 부산진구 부전동,중상사고,0,1,0,0,차대사람 - 차도통행중,안전운전불이행,건조,맑음,교차로 - 교차로부근,승용,남,39세,상해없음,보행자,여,19세,중상
2012031300100530,2012년 3월 13일 22시,화요일,부산광역시 연제구 연산동,중상사고,0,1,0,0,차대사람 - 차도통행중,안전운전불이행,건조,맑음,교차로 - 교차로안,승용,남,32세,상해없음,보행자,남,33세,중상