사고번호,사고일시,요일,시군구,사고내용,사망자수,중상자수,경상자수,부상신고자수,사고유형,법규위반,노면상태,기상상태,도로형태,가해운전자 차종,가해운전자 성별,가해운전자 연령,가해운전자 상해정도,피해운전자 차종,피해운전자 성별,피해운전자 연령,피해운전자 상해정도
2012040400100009,2012년 4월 4일 00시,수요일,부산광역시 남구 대연동,경상사고,0,0,1,0,차대차 - 측면직각충돌,안전운전불이행,건조,맑음,교차로 - 교차로안,원동기,남,34세,경상,승용,남,39세,상해없음
2012040400100048,2012년 4월 4일 04시,수요일,부산광역시 사상구 감전동,경상사고,0,0,1,0,차대차 - 측면직각충돌,신호위반,건조,맑음,교차로 - 교차로안,승용,남,25세,상해없음,승용,남,59세,경상
2012040400100067,2012년 4월 4일 06시,수요일,부산광역시 동래구 수안동,경상사고,0,0,1,0,차대차 - 추돌 - 진행중,안전거리미확보,건조,맑음,단일로 - 기타,승용,남,30세,상해없음,원동기,남,35세,경상
2012040400100083,2012년 4월 4일 07시,수요일,부산광역시 금정구 금사동,중상사고,0,1,0,0,차대사람 - 횡단중,보행자보호의무위반,건조,맑음,교차로 - 교차로안,승용,남,34세,상해없음,보행자,여,29세,중상
2012040400100104,2012년 4월 4일 08시,수요일,부산광역시 남구 문현동,중상사고,0,1,0,0,차대사람 - 차도통행중,안전운전불이행,건조,맑음,교차로 - 교차로안,승용,여,23세,상해없음,보행자,여,77세,중상
2012040400100105,2012년 4월 4일 08시,수요일,부산광역시 해운대구 반송동,경상사고,0,0,1,0,차대사람 - 횡단중,신호위반,건조,맑음,단일로 - 횡단보도상,승용,여,43세,상해없음,보행자,남,12세,경상
2012040400100106,2012년 4월 4일 08시,수요일,부산광역시 부산진구 부암동,경상사고,0,0,1,0,차대차 - 추돌 - 진행중,안전거리미확보,건조,맑음,단일로 - 기타,승용,여,29세,상해없음,이륜,남,42세,경상
2012040400100107,2012년 4월 4일 08시,수요일,부산광역시 강서구 명지동,경상사고,0,0,1,0,차대차 - 추돌 - 주정차중,안전거리미확보,건조,맑음,교차로 - 교차로부근,승용,여,29세,상해없음,승용,남,60세,경상
2012040400100143,2012년 4월 4일 09시,수요일,부산광역시 강서구 송정동,중상사고,0,1,1,0,차대차 - 기타,안전운전불이행,건조,맑음,기타 - 기타,승용,남,34세,상해없음,승용,남,30세,중상
2012040400100182,2012년 4월 4일 11시,수요일,부산광역시 중구 중앙동4가,경상사고,0,0,4,0,차대차 - 측면직각충돌,차로위반,건조,맑음,단일로 - 기타,화물,남,58세,상해없음,승용,남,44세,경상
2012040400100183,2012년 4월 4일 11시,수요일,부산광역시 금정구 금사동,경상사고,0,0,2,0,차대차 - 측면직각충돌,안전운전불이행,건조,맑음,단일로 - 기타,승용,남,34세,경상,화물,남,47세,경상
2012040400100184,2012년 4월 4일 11시,수요일,부산광역시 사하구 다대동,경상사고,0,0,1,0,차대사람 - 보도통행중,중앙선침범,건조,맑음,단일로 - 기타,자전거,남,24세,상해없음,보행자,여,69세,경상
2012040400100185,2012년 4월 4일 11시,수요일,부산광역시 강서구 명지동,경상사고,0,0,1,0,차대차 - 기타,안전운전불이행,건조,맑음,기타 - 기타,화물,남,31세,상해없음,승용,남,63세,경상
2012040400100217,2012년 4월 4일 13시,수요일,부산광역시 해운대구 반송동,중상사고,0,1,0,0,차대사람 - 횡단중,안전운전불이행,건조,맑음,단일로 - 횡단보도부근,승용,남,51세,상해없음,보행자,남,41세,중상
2012040400100218,2012년 4월 4일 13시,수요일,부산광역시 강서구 송정동,중상사고,0,1,0,0,차대차 - 기타,안전운전불이행,건조,맑음,교차로 - 교차로부근,화물,남,35세,상해없음,승용,남,46세,중상
2012040400100303,2012년 4월 4일 16시,수요일,부산광역시 동래구 사직동,중상사고,0,1,0,0,차대차 - 추돌 - 주정차중,기타,건조,맑음,단일로 - 기타,승용,남,46세,상해없음,승합,미분류,12세,기타불명
2012040400100304,2012년 4월 4일 16시,수요일,부산광역시 부산진구 부전동,중상사고,0,1,0,0,차대차 - 측면직각충돌,신호위반,건조,맑음,교차로 - 교차로안,승용,여,50세,상해없음,이륜,남,35세,중상
2012040400100305,2012년 4월 4일 16시,수요일,부산광역시 사하구 괴정동,중상사고,0,1,0,0,차대사람 - 기타,안전운전불이행,건조,맑음,단일로 - 횡단보도상,이륜,남,50세,상해없음,보행자,여,56세,중상
2012040400100306,2012년 4월 4일 16시,수요일,부산광역시 강서구 죽동동,경상사고,0,0,1,0,차대차 - 기타,안전운전불이행,건조,맑음,기타 - 기타,승용,여,45세,상해없음,승용,여,48세,경상
2012040400100339,2012년 4월 4일 17시,수요일,부산광역시 서구 남부민동,중상사고,0,1,0,0,차대사람 - 횡단중,안전운전불이행,건조,맑음,단일로 - 기타,이륜,남,59세,상해없음,보행자,여,56세,중상
2012040400100340,2012년 4월 4일 17시,수요일,부산광역시 금정구 부곡동,경상사고,0,0,1,0,차대사람 - 횡단중,안전운전불이행,건조,맑음,교차로 - 교차로부근,승합,남,29세,상해없음,보행자,남,8세,경상
2012040400100341,2012년 4월 4일 17시,수요일,부산광역시 사상구 감전동,경상사고,0,0,1,0,차대차 - 측면직각충돌,교차로운행방법위반,건조,맑음,교차로 - 교차로안,승용,남,32세,경상,승용,남,23세,상해없음
2012040400100379,2012년 4월 4일 18시,수요일,부산광역시 강서구 대저1동,중상사고,0,1,0,0,차대차 - 기타,안전운전불이행,건조,맑음,기타 - 기타,승합,남,48세,상해없음,이륜,남,14세,중상
2012040400100403,2012년 4월 4일 19시,수요일,부산광역시 부산진구 당감동,중상사고,0,1,0,0,차대사람 - 횡단중,안전운전불이행,건조,흐림,단일로 - 기타,승합,남,50세,상해없음,보행자,남,62세,중상
2012040400100404,2012년 4월 4일 19시,수요일,부산광역시 금정구 장전동,경상사고,0,0,1,0,차대사람 - 횡단중,보행자보호의무위반,건조,맑음,단일로 - 횡단보도상,승용,남,31세,상해없음,보행자,여,47세,경상
2012040400100440,2012년 4월 4일 20시,수요일,부산광역시 서구 암남동,중상사고,0,1,3,0,차대차 - 추돌 - 진행중,안전운전불이행,건조,맑음,단일로 - 기타,승용,남,33세,상해없음,승용,여,43세,중상
2012040400100441,2012년 4월 4일 20시,수요일,부산광역시 사하구 장림동,중상사고,0,1,0,0,차대사람 - 횡단중,안전운전불이행,건조,맑음,교차로 - 교차로안,승용,남,51세,상해없음,보행자,남,29세,중상
2012040400100477,2012년 4월 4일 21시,수요일,부산광역시 수영구 남천동,부상신고사고,0,0,0,1,차대차 - 기타,안전운전불이행,건조,맑음,단일로 - 기타,승합,남,25세,기타불명,승용,여,51세,부상신고
2012040400100478,2012년 4월 4일 21시,수요일,부산광역시 기장군 장안읍,경상사고,0,0,2,0,차대차 - 추돌 - 진행중,안전운전불이행,건조,맑음,단일로 - 기타,건설기계,남,32세,상해없음,승용,남,39세,경상
2012040400100507,2012년 4월 4일 22시,수요일,부산광역시 남구 감만동,중상사고,0,1,0,0,차대차 - 추돌 - 진행중,안전운전불이행,건조,맑음,단일로 - 횡단보도부근,원동기,남,46세,중상,승용,남,52세,상해없음
2012040400100508,2012년 4월 4일 22시,수요일,부산광역시 해운대구 우동,경상사고,0,0,1,0,차대차 - 추돌 - 주정차중,안전운전불이행,건조,흐림,단일로 - 기타,승용,남,40세,상해없음,승용,여,54세,경상
2012040400100509,2012년 4월 4일 22시,수요일,부산광역시 해운대구 우동,경상사고,0,0,1,0,차대차 - 기타,안전운전불이행,건조,흐림,교차로 - 교차로부근,승용,남,54세,상해없음,자전거,남,53세,경상
2012040400100510,2012년 4월 4일 22시,수요일,부산광역시 사하구 신평동,중상사고,0,1,0,0,차대차 - 측면직각충돌,신호위반,건조,맑음,교차로 - 교차로안,승용,여,44세,상해없음,승용,남,55세,중상
2012040400100543,2012년 4월 4일 23시,수요일,부산광역시 연제구 연산동,중상사고,0,1,0,0,차대사람 - 횡단중,신호위반,건조,맑음,단일로 - 횡단보도상,승용,여,55세,상해없음,보행자,남,53세,중상
2012040500100006,2012년 4월 5일 00시,목요일,부산광역시 남구 대연동,중상사고,0,1,2,0,차대차 - 추돌 - 진행중,안전거리미확보,건조,맑음,단일로 - 터널,승용,남,30세,상해없음,승용,남,27세,경상
2012040500100007,2012년 4월 5일 00시,목요일,부산광역시 북구 만덕동,경상사고,0,0,2,0,차대차 - 추돌 - 진행중,안전거리미확보,건조,맑음,단일로 - 기타,승용,남,50세,상해없음,승용,남,51세,경상
2012040500100063,2012년 4월 5일 03시,목요일,부산광역시 사하구 다대동,중상사고,0,1,0,0,차량단독 - 공작물충돌,안전운전불이행,건조,맑음,단일로 - 기타,원동기,남,15세,상해없음,,,,
2012040500100075,2012년 4월 5일 04시,목요일,부산광역시 금정구 서동,경상사고,0,0,2,0,차대차 - 추돌 - 진행중,직진우회전진행방해,건조,맑음,단일로 - 기타,승용,남,28세,상해없음,화물,남,38세,경상
2012040500100076,2012년 4월 5일 04시,목요일,부산광역시 사하구 괴정동,중상사고,0,1,0,0,차대사람 - 기타,신호위반,건조,맑음,단일로 - 횡단보도상,승합,남,55세,상해없음,보행자,여,21세,중상
2012040500100104,2012년 4월 5일 07시,목요일,부산광역시 남구 용호동,중상사고,0,1,0,0,차대사람 - 기타,안전운전불이행,건조,맑음,교차로 - 교차로안,승용,여,48세,상해없음,보행자,여,83세,중상
2012040500100105,2012년 4월 5일 07시,목요일,부산광역시 영도구 봉래동1가,경상사고,0,0,1,0,차대차 - 기타,중앙선침범,건조,맑음,기타 - 기타,승용,남,65세,상해없음,승용,남,46세,상해없음
2012040500100106,2012년 4월 5일 07시,목요일,부산광역시 사하구 신평동,중상사고,0,1,0,0,차대차 - 측면직각충돌,신호위반,건조,맑음,교차로 - 교차로안,승용,남,47세,상해없음,원동기,남,27세,중상
2012040500100107,2012년 4월 5일 07시,목요일,부산광역시 기장군 철마면,부상신고사고,0,0,0,1,차량단독 - 공작물충돌,안전운전불이행,건조,맑음,단일로 - 기타,승용,남,27세,부상신고,,,,
2012040500100137,2012년 4월 5일 08시,목요일,부산광역시 해운대구 좌동,중상사고,0,2,0,0,차대차 - 추돌 - 진행중,안전운전불이행,건조,맑음,교차로 - 교차로안,승합,남,50세,중상,승합,남,39세,상해없음
2012040500100138,2012년 4월 5일 08시,목요일,부산광역시 연제구 거제동,경상사고,0,0,1,0,차대차 - 측면직각충돌,안전운전불이행,건조,맑음,교차로 - 교차로안,화물,남,43세,상해없음,자전거,남,13세,경상
2012040500100163,2012년 4월 5일 09시,목요일,부산광역시 중구 부평동1가,중상사고,0,1,0,0,차대사람 - 차도통행중,안전운전불이행,건조,맑음,교차로 - 교차로부근,이륜,남,56세,상해없음,보행자,여,73세,중상
2012040500100164,2012년 4월 5일 09시,목요일,부산광역시 사상구 감전동,중상사고,0,1,0,0,차대사람 - 길가장자리구역통행중,안전운전불이행,건조,맑음,단일로 - 기타,승합,남,48세,상해없음,보행자,남,65세,중상
2012040500100184,2012년 4월 5일 10시,목요일,부산광역시 사하구 신평동,경상사고,0,0,1,0,차대차 - 추돌 - 진행중,안전운전불이행,건조,맑음,단일로 - 기타,승용,남,38세,상해없음,원동기,남,51세,경상
2012040500100209,2012년 4월 5일 11시,목요일,부산광역시 부산진구 부암동,경상사고,0,0,1,0,차대차 - 기타,안전거리미확보,건조,맑음,단일로 - 기타,승용,남,47세,상해없음,승용,남,28세,경상
2012040500100210,2012년 4월 5일 11시,목요일,부산광역시 사하구 하단동,경상사고,0,0,1,0,차대차 - 추돌 - 진행중,안전운전불이행,건조,맑음,단일로 - 기타,승용,여,51세,상해없음,이륜,남,51세,경상
2012040500100237,2012년 4월 5일 12시,목요일,부산광역시 중구 남포동1가,중상사고,0,1,0,0,차대차 - 측면직각충돌,안전운전불이행,건조,맑음,교차로 - 교차로부근,승용,남,60세,상해없음,승용,남,32세,중상
2012040500100238,2012년 4월 5일 12시,목요일,부산광역시 수영구 광안동,부상신고사고,0,0,0,1,차대차 - 기타,안전운전불이행,건조,맑음,교차로 - 교차로안,승용,여,49세,상해없음,이륜,남,27세,부상신고
2012040500100239,2012년 4월 5일 12시,목요일,부산광역시 북구 금곡동,부상신고사고,0,0,0,1,차대차 - 측면직각충돌,교차로운행방법위반,건조,맑음,교차로 - 교차로안,승용,여,46세,상해없음,승용,남,29세,부상신고
2012040500100240,2012년 4월 5일 12시,목요일,부산광역시 해운대구 우동,경상사고,0,0,3,0,차대차 - 측면직각충돌,안전운전불이행,건조,맑음,교차로 - 교차로안,화물,남,58세,상해없음,승용,남,27세,경상
2012040500100266,2012년 4월 5일 13시,목요일,부산광역시 영도구 대교동1가,경상사고,0,0,1,0,차대차 - 추돌 - 진행중,안전운전불이행,건조,맑음,단일로 - 기타,승용,남,55세,상해없음,승용,남,28세,경상
2012040500100267,2012년 4월 5일 13시,목요일,부산광역시 부산진구 연지동,중상사고,0,1,0,0,차대사람 - 횡단중,안전운전불이행,건조,맑음,단일로 - 기타,승용,남,36세,상해없음,보행자,남,80세,중상
2012040500100294,2012년 4월 5일 14시,목요일,부산광역시 사상구 주례동,중상사고,0,1,1,0,차대차 - 측면직각충돌,신호위반,건조,맑음,교차로 - 교차로안,승용,여,41세,상해없음,이륜,남,66세,중상
2012040500100326,2012년 4월 5일 15시,목요일,부산광역시 남구 용호동,경상사고,0,0,1,0,차대사람 - 횡단중,안전운전불이행,건조,맑음,단일로 - 기타,원동기,남,21세,상해없음,보행자,여,13세,경상
2012040500100327,2012년 4월 5일 15시,목요일,부산광역시 연제구 연산동,중상사고,0,2,0,0,차대차 - 추돌 - 진행중,안전거리미확보,건조,맑음,단일로 - 기타,승용,여,45세,상해없음,승용,남,65세,중상
2012040500100356,2012년 4월 5일 16시,목요일,부산광역시 수영구 남천동,경상사고,0,0,1,0,차대차 - 추돌 - 진행중,안전거리미확보,건조,맑음,단일로 - 기타,승용,남,33세,상해없음,승용,여,46세,경상
2012040500100357,2012년 4월 5일 16시,목요일,부산광역시 수영구 남천동,중상사고,0,1,0,0,차대차 - 측면직각충돌,기타,건조,맑음,단일로 - 기타,승용,여,47세,상해없음,원동기,남,72세,중상
2012040500100392,2012년 4월 5일 17시,목요일,부산광역시 남구 대연동,경상사고,0,0,1,0,차대사람 - 기타,안전운전불이행,건조,맑음,교차로 - 교차로부근,승합,남,59세,상해없음,보행자,남,24세,경상
2012040500100393,2012년 4월 5일 17시,목요일,부산광역시 북구 덕천동,경상사고,0,0,1,0,차대사람 - 차도통행중,안전운전불이행,건조,맑음,기타 - 기타,승용,여,32세,상해없음,보행자,여,16세,경상
2012040500100394,2012년 4월 5일 17시,목요일,부산광역시 동래구 온천동,중상사고,0,2,0,1,차대차 - 추돌 - 주정차중,안전거리미확보,건조,맑음,교차로 - 교차로부근,승용,남,29세,기타불명,승용,남,53세,부상신고
2012040500100395,2012년 4월 5일 17시,목요일,부산광역시 동래구 사직동,경상사고,0,0,1,0,차대사람 - 차도통행중,안전운전불이행,건조,맑음,단일로 - 기타,승용,여,41세,기타불명,보행자,여,64세,경상
2012040500100396,2012년 4월 5일 17시,목요일,부산광역시 해운대구 반송동,경상사고,0,0,1,0,차대차 - 추돌 - 진행중,안전운전불이행,건조,맑음,단일로 - 기타,승용,남,41세,상해없음,화물,남,42세,경상
2012040500100427,2012년 4월 5일 18시,목요일,부산광역시 해운대구 송정동,경상사고,0,0,2,0,차대차 - 추돌 - 주정차중,안전운전불이행,건조,맑음,단일로 - 기타,승용,여,55세,상해없음,승용,남,41세,경상
2012040500100428,2012년 4월 5일 18시,목요일,부산광역시 금정구 구서동,경상사고,0,0,1,0,차대차 - 추돌 - 진행중,기타,건조,맑음,교차로 - 교차로안,원동기,남,17세,상해없음,승용,남,61세,경상
2012040500100429,2012년 4월 5일 18시,목요일,부산광역시 사상구 학장동,경상사고,0,0,1,0,차대사람 - 기타,안전운전불이행,건조,맑음,단일로 - 기타,승용,남,34세,상해없음,보행자,남,23세,경상
2012040500100470,2012년 4월 5일 19시,목요일,부산광역시 동래구 낙민동,부상신고사고,0,0,0,1,차량단독 - 전도전복,안전운전불이행,건조,맑음,단일로 - 기타,이륜,남,30세,부상신고,,,,
2012040500100471,2012년 4월 5일 19시,목요일,부산광역시 해운대구 반여동,경상사고,0,0,1,0,차대사람 - 횡단중,신호위반,건조,맑음,단일로 - 횡단보도상,이륜,남,16세,상해없음,보행자,여,16세,경상
2012040500100472,2012년 4월 5일 19시,목요일,부산광역시 금정구 장전동,사망사고,1,0,0,0,차대사람 - 횡단중,안전운전불이행,건조,맑음,단일로 - 기타,승합,남,49세,상해없음,보행자,남,51세,사망
2012040500100502,2012년 4월 5일 20시,목요일,부산광역시 북구 덕천동,경상사고,0,0,1,0,차대차 - 측면직각충돌,중앙선침범,건조,맑음,단일로 - 기타,승용,남,56세,상해없음,승용,남,34세,경상
2012040500100503,2012년 4월 5일 20시,목요일,부산광역시 연제구 연산동,부상신고사고,0,0,0,1,차대차 - 추돌 - 진행중,안전운전불이행,건조,흐림,단일로 - 기타,승합,남,52세,상해없음,승용,남,57세,부상신고
2012040500100504,2012년 4월 5일 20시,목요일,부산광역시 강서구 녹산동,경상사고,0,0,1,0,차대차 - 기타,교차로운행방법위반,건조,맑음,교차로 - 교차로안,승합,남,53세,상해없음,승용,남,59세,경상
2012040500100538,2012년 4월 5일 21시,목요일,부산광역시 금정구 구서동,경상사고,0,0,1,0,차대차 - 측면직각충돌,교차로운행방법위반,건조,맑음,교차로 - 교차로부근,승용,남,51세,상해없음,이륜,남,22세,경상
2012040500100539,2012년 4월 5일 21시,목요일,부산광역시 사하구 괴정동,경상사고,0,0,1,0,차대사람 - 기타,안전운전불이행,건조,맑음,단일로 - 기타,승용,남,32세,상해없음,보행자,남,23세,경상
2012040500100572,2012년 4월 5일 22시,목요일,부산광역시 사하구 괴정동,경상사고,0,0,1,0,차대차 - 기타,안전거리미확보,건조,맑음,단일로 - 기타,승용,여,39세,상해없음,승용,남,60세,상해없음
2012040500100573,2012년 4월 5일 22시,목요일,부산광역시 기장군 일광면,중상사고,0,1,0,0,차대차 - 추돌 - 주정차중,안전운전불이행,건조,맑음,단일로 - 기타,승용,남,56세,기타불명,승용,남,38세,중상
2012040500100607,2012년 4월 5일 23시,목요일,부산광역시 수영구 광안동,경상사고,0,0,3,0,차대차 - 추돌 - 진행중,안전운전불이행,건조,맑음,교차로 - 교차로부근,승용,여,40세,상해없음,승용,남,47세,경상
2012040500100608,2012년 4월 5일 23시,목요일,부산광역시 북구 덕천동,경상사고,0,0,1,0,차대사람 - 기타,안전운전불이행,건조,맑음,단일로 - 기타,승용,남,33세,상해없음,보행자,남,55세,경상
2012040500100609,2012년 4월 5일 23시,목요일,부산광역시 북구 화명동,경상사고,0,0,2,0,차대차 - 추돌 - 진행중,안전운전불이행,건조,맑음,기타 - 기타,화물,남,51세,상해없음,승용,남,41세,경상
2012040500100610,2012년 4월 5일 23시,목요일,부산광역시 연제구 연산동,사망사고,1,0,0,0,차대사람 - 횡단중,안전운전불이행,건조,맑음,단일로 - 기타,승합,남,70세,상해없음,보행자,남,58세,사망
2012040500100611,2012년 4월 5일 23시,목요일,부산광역시 사상구 덕포동,중상사고,0,1,0,0,차대차 - 기타,안전운전불이행,건조,맑음,교차로 - 교차로안,승용,남,51세,상해없음,승용,남,49세,중상
2012040600100005,2012년 4월 6일 00시,금요일,부산광역시 동구 범일동,경상사고,0,0,1,0,차대차 - 기타,안전거리미확보,건조,맑음,단일로 - 기타,화물,남,23세,상해없음,승용,남,54세,경상
2012040600100027,2012년 4월 6일 01시,금요일,부산광역시 부산진구 부암동,경상사고,0,0,1,0,차대차 - 추돌 - 주정차중,안전운전불이행,건조,맑음,단일로 - 기타,승용,남,41세,상해없음,승용,남,51세,경상
2012040600100075,2012년 4월 6일 05시,금요일,부산광역시 부산진구 부전동,중상사고,0,1,0,0,차대차 - 정면충돌,신호위반,건조,맑음,교차로 - 교차로부근,승용,남,21세,상해없음,승용,남,40세,중상
2012040600100087,2012년 4월 6일 06시,금요일,부산광역시 수영구 광안동,부상신고사고,0,0,0,1,차대사람 - 기타,안전운전불이행,건조,맑음,교차로 - 교차로안,기타불명,기타불명,기타불명,기타불명,보행자,남,16세,부상신고
2012040600100088,2012년 4월 6일 06시,금요일,부산광역시 북구 화명동,경상사고,0,0,1,0,차대차 - 측면직각충돌,안전거리미확보,건조,맑음,단일로 - 기타,승용,남,18세,상해없음,이륜,남,50세,경상
2012040600100089,2012년 4월 6일 06시,금요일,부산광역시 동래구 복천동,중상사고,0,1,0,0,차대사람 - 기타,안전운전불이행,건조,맑음,단일로 - 기타,승용,남,58세,상해없음,보행자,남,27세,중상
2012040600100105,2012년 4월 6일 07시,금요일,부산광역시 해운대구 중동,중상사고,0,1,0,0,차대차 - 측면직각충돌,직진우회전진행방해,건조,맑음,교차로 - 교차로안,승용,남,66세,상해없음,자전거,남,51세,중상
2012040600100131,2012년 4월 6일 08시,금요일,부산광역시 부산진구 연지동,경상사고,0,0,1,0,차대사람 - 보도통행중,보행자보호의무위반,건조,맑음,단일로 - 횡단보도상,원동기,기타불명,기타불명,기타불명,보행자,여,24세,경상
2012040600100173,2012년 4월 6일 09시,금요일,부산광역시 중구 남포동2가,경상사고,0,0,1,0,차대차 - 기타,안전거리미확보,건조,맑음,단일로 - 기타,화물,남,38세,상해없음,승합,남,41세,상해없음
2012040600100174,2012년 4월 6일 09시,금요일,부산광역시 금정구 금사동,경상사고,0,0,1,0,차대차 - 측면직각충돌,직진우회전진행방해,건조,맑음,교차로 - 교차로안,승용,남,22세,경상,화물,남,62세,상해없음
2012040600100175,2012년 4월 6일 09시,금요일,부산광역시 사하구 감천동,경상사고,0,0,1,0,차대차 - 측면직각충돌,교차로운행방법위반,건조,맑음,교차로 - 교차로안,승합,여,47세,상해없음,승용,남,64세,경상
2012040600100176,2012년 4월 6일 09시,금요일,부산광역시 사하구 하단동,경상사고,0,0,3,0,차대차 - 추돌 - 진행중,안전운전불이행,건조,맑음,단일로 - 기타,승용,남,22세,상해없음,승용,남,54세,경상
2012040600100207,2012년 4월 6일 10시,금요일,부산광역시 남구 대연동,부상신고사고,0,0,0,1,차량단독 - 기타,안전운전불이행,건조,맑음,단일로 - 기타,승합,남,51세,상해없음,,,,
2012040600100208,2012년 4월 6일 10시,금요일,부산광역시 동래구 낙민동,경상사고,0,0,1,0,차대차 - 추돌 - 주정차중,안전운전불이행,건조,맑음,단일로 - 기타,원동기,남,29세,상해없음,승합,남,49세,상해없음
2012040600100223,2012년 4월 6일 11시,금요일,부산광역시 금정구 부곡동,경상사고,0,0,1,0,차대차 - 측면직각충돌,기타,건조,맑음,교차로 - 교차로안,승용,남,53세,상해없음,승용,남,56세,상해없음
2012040600100241,2012년 4월 6일 12시,금요일,부산광역시 사상구 괘법동,경상사고,0,0,2,0,차대차 - 측면직각충돌,교차로운행방법위반,건조,맑음,단일로 - 기타,승용,남,49세,상해없음,승용,남,51세,상해없음
2012040600100292,2012년 4월 6일 14시,금요일,부산광역시 남구 대연동,중상사고,0,1,0,0,차대차 - 기타,안전운전불이행,건조,맑음,단일로 - 기타,승용,여,47세,상해없음,이륜,남,45세,중상
2012040600100320,2012년 4월 6일 15시,금요일,부산광역시 중구 부평동4가,중상사고,0,1,0,0,차대사람 - 기타,안전운전불이행,건조,맑음,단일로 - 횡단보도상,승용,남,54세,상해없음,보행자,여,9세,중상
2012040600100322,2012년 4월 6일 15시,금요일,부산광역시 부산진구 범전동,중상사고,0,1,0,0,차대사람 - 기타,안전운전불이행,건조,맑음,단일로 - 기타,승용,남,47세,상해없음,보행자,여,72세,중상
2012040600100323,2012년 4월 6일 15시,금요일,부산광역시 금정구 남산동,부상신고사고,0,0,0,1,차대사람 - 횡단중,안전운전불이행,건조,맑음,단일로 - 기타,승용,여,36세,상해없음,보행자,남,7세,부상신고
2012040600100325,2012년 4월 6일 15시,금요일,부산광역시 사하구 신평동,경상사고,0,0,1,0,차대차 - 기타,안전운전불이행,건조,맑음,단일로 - 기타,화물,남,52세,상해없음,승용,여,31세,경상
2012040600100349,2012년 4월 6일 16시,금요일,부산광역시 영도구 신선동1가,경상사고,0,0,1,0,차대사람 - 길가장자리구역통행중,안전운전불이행,건조,맑음,단일로 - 기타,승합,남,36세,상해없음,보행자,남,25세,경상
2012040600100350,2012년 4월 6일 16시,금요일,부산광역시 해운대구 재송동,중상사고,0,1,0,0,차대차 - 정면충돌,신호위반,건조,맑음,교차로 - 교차로안,승용,남,70세,상해없음,원동기,남,40세,중상
2012040600100384,2012년 4월 6일 17시,금요일,부산광역시 부산진구 범천동,경상사고,0,0,1,0,차대차 - 측면직각충돌,안전운전불이행,건조,맑음,단일로 - 기타,승용,여,47세,상해없음,화물,남,67세,경상
2012040600100425,2012년 4월 6일 18시,금요일,부산광역시 동구 초량동,경상사고,0,0,1,0,차대사람 - 길가장자리구역통행중,안전운전불이행,건조,맑음,단일로 - 기타,화물,남,41세,상해없음,보행자,여,60세,경상
2012040600100426,2012년 4월 6일 18시,금요일,부산광역시 동구 수정동,경상사고,0,0,1,0,차대차 - 기타,안전거리미확보,건조,맑음,단일로 - 기타,승용,여,44세,상해없음,승합,남,46세,상해없음
2012040600100427,2012년 4월 6일 18시,금요일,부산광역시 해운대구 우동,부상신고사고,0,0,0,1,차대차 - 추돌 - 주정차중,안전운전불이행,건조,맑음,미분류 - 미분류,승용,남,44세,상해없음,승용,남,41세,부상신고
2012040600100428,2012년 4월 6일 18시,금요일,부산광역시 부산진구 전포동,중상사고,0,1,0,0,차대사람 - 길가장자리구역통행중,안전운전불이행,건조,맑음,단일로 - 기타,화물,남,67세,상해없음,보행자,남,61세,중상
2012040600100466,2012년 4월 6일 19시,금요일,부산광역시 북구 덕천동,경상사고,0,0,1,0,차대사람 - 차도통행중,안전운전불이행,건조,맑음,단일로 - 기타,승용,여,48세,상해없음,보행자,여,24세,경상
2012040600100467,2012년 4월 6일 19시,금요일,부산광역시 사하구 다대동,경상사고,0,0,1,0,차대차 - 추돌 - 진행중,중앙선침범,건조,맑음,교차로 - 교차로안,승용,남,57세,상해없음,원동기,미분류,기타불명,기타불명
2012040600100468,2012년 4월 6일 19시,금요일,부산광역시 사하구 신평동,중상사고,0,1,0,0,차대사람 - 횡단중,보행자보호의무위반,건조,맑음,단일로 - 횡단보도상,원동기,남,57세,상해없음,보행자,여,84세,중상
2012040600100469,2012년 4월 6일 19시,금요일,부산광역시 수영구 망미동,중상사고,0,1,0,0,차대차 - 측면직각충돌,기타,건조,맑음,단일로 - 기타,승용,남,39세,상해없음,이륜,남,44세,중상
2012040600100518,2012년 4월 6일 20시,금요일,부산광역시 남구 대연동,경상사고,0,0,1,0,차대차 - 측면직각충돌,신호위반,건조,맑음,단일로 - 횡단보도상,승용,여,46세,상해없음,원동기,남,24세,상해없음
2012040600100520,2012년 4월 6일 20시,금요일,부산광역시 해운대구 재송동,경상사고,0,0,1,0,차대차 - 측면직각충돌,안전거리미확보,건조,맑음,단일로 - 교량,승용,남,28세,상해없음,승용,여,61세,경상
2012040600100521,2012년 4월 6일 20시,금요일,부산광역시 해운대구 반송동,경상사고,0,0,1,0,차대사람 - 횡단중,안전운전불이행,건조,맑음,교차로 - 교차로부근,승합,남,40세,상해없음,보행자,남,58세,경상
2012040600100522,2012년 4월 6일 20시,금요일,부산광역시 사하구 다대동,중상사고,0,1,1,0,차대차 - 측면직각충돌,신호위반,건조,맑음,교차로 - 교차로안,승용,남,57세,상해없음,승용,남,63세,중상
2012040600100552,2012년 4월 6일 21시,금요일,부산광역시 동래구 명장동,경상사고,0,0,2,0,차대차 - 측면직각충돌,안전운전불이행,건조,맑음,단일로 - 기타,화물,남,26세,기타불명,화물,남,30세,경상
2012040600100620,2012년 4월 6일 23시,금요일,부산광역시 동래구 명장동,중상사고,0,7,5,0,차대차 - 측면직각충돌,안전운전불이행,건조,맑음,단일로 - 기타,승합,남,39세,중상,승용,남,30세,기타불명
2012040600100621,2012년 4월 6일 23시,금요일,부산광역시 영도구 대교동1가,경상사고,0,0,1,0,차대차 - 기타,안전운전불이행,건조,맑음,교차로 - 교차로안,승용,남,37세,상해없음,이륜,남,18세,경상