사고번호,사고일시,요일,시군구,사고내용,사망자수,중상자수,경상자수,부상신고자수,사고유형,법규위반,노면상태,기상상태,도로형태,가해운전자 차종,가해운전자 성별,가해운전자 연령,가해운전자 상해정도,피해운전자 차종,피해운전자 성별,피해운전자 연령,피해운전자 상해정도
2012040600100622,2012년 4월 6일 23시,금요일,부산광역시 부산진구 당감동,경상사고,0,0,1,0,차대차 - 기타,안전운전불이행,건조,맑음,단일로 - 기타,화물,남,47세,상해없음,승용,남,26세,경상
2012040600100623,2012년 4월 6일 23시,금요일,부산광역시 금정구 서동,중상사고,0,1,0,0,차대사람 - 횡단중,보행자보호의무위반,건조,맑음,단일로 - 횡단보도상,승용,남,49세,상해없음,보행자,여,48세,중상
2012040600100624,2012년 4월 6일 23시,금요일,부산광역시 강서구 명지동,경상사고,0,0,1,0,차대차 - 추돌 - 진행중,안전운전불이행,건조,맑음,단일로 - 기타,승합,남,27세,상해없음,승용,남,50세,경상
2012040600100625,2012년 4월 6일 23시,금요일,부산광역시 사상구 학장동,부상신고사고,0,0,0,1,차대사람 - 기타,안전운전불이행,습기,비,단일로 - 기타,승합,남,53세,기타불명,보행자,남,44세,부상신고
2012040700100007,2012년 4월 7일 00시,토요일,부산광역시 금정구 부곡동,경상사고,0,0,1,0,차대차 - 측면직각충돌,직진우회전진행방해,건조,맑음,교차로 - 교차로안,승용,남,50세,상해없음,승용,남,65세,상해없음
2012040700100035,2012년 4월 7일 01시,토요일,부산광역시 수영구 남천동,중상사고,0,2,1,0,차대차 - 추돌 - 진행중,안전거리미확보,건조,맑음,단일로 - 기타,승용,여,24세,상해없음,승용,여,45세,중상
2012040700100058,2012년 4월 7일 02시,토요일,부산광역시 금정구 구서동,경상사고,0,0,1,1,차대차 - 추돌 - 진행중,안전운전불이행,건조,맑음,단일로 - 기타,승용,남,30세,경상,승용,남,49세,부상신고
2012040700100076,2012년 4월 7일 03시,토요일,부산광역시 영도구 대교동1가,사망사고,1,0,0,0,차대사람 - 횡단중,안전운전불이행,건조,맑음,단일로 - 횡단보도부근,승용,남,66세,상해없음,보행자,남,72세,사망
2012040700100077,2012년 4월 7일 03시,토요일,부산광역시 부산진구 양정동,경상사고,0,0,1,0,차대사람 - 기타,안전운전불이행,기타,맑음,단일로 - 기타,승용,남,41세,상해없음,보행자,남,37세,경상
2012040700100103,2012년 4월 7일 05시,토요일,부산광역시 금정구 구서동,경상사고,0,0,2,0,차대차 - 정면충돌,중앙선침범,건조,맑음,단일로 - 기타,승용,남,59세,상해없음,승용,남,21세,경상
2012040700100120,2012년 4월 7일 06시,토요일,부산광역시 동래구 낙민동,경상사고,0,0,1,0,차대차 - 측면직각충돌,안전운전불이행,건조,맑음,교차로 - 교차로안,승용,남,28세,기타불명,원동기,남,41세,경상
2012040700100121,2012년 4월 7일 06시,토요일,부산광역시 해운대구 반송동,경상사고,0,0,1,0,차대차 - 추돌 - 주정차중,안전운전불이행,건조,맑음,교차로 - 교차로부근,승용,남,59세,상해없음,승합,남,45세,경상
2012040700100135,2012년 4월 7일 07시,토요일,부산광역시 연제구 연산동,경상사고,0,0,1,0,차대사람 - 보도통행중,신호위반,건조,맑음,단일로 - 횡단보도부근,승용,남,65세,상해없음,보행자,남,64세,경상
2012040700100136,2012년 4월 7일 07시,토요일,부산광역시 기장군 정관면,경상사고,0,0,1,0,차대사람 - 기타,안전운전불이행,건조,맑음,단일로 - 기타,승합,남,42세,상해없음,보행자,남,50세,경상
2012040700100160,2012년 4월 7일 08시,토요일,부산광역시 부산진구 당감동,경상사고,0,0,1,0,차대차 - 기타,안전운전불이행,건조,맑음,교차로 - 교차로안,승용,여,39세,기타불명,승용,남,41세,경상
2012040700100161,2012년 4월 7일 08시,토요일,부산광역시 사하구 괴정동,중상사고,0,1,1,0,차대차 - 추돌 - 진행중,안전운전불이행,건조,맑음,단일로 - 기타,승용,남,28세,상해없음,화물,남,61세,중상
2012040700100182,2012년 4월 7일 09시,토요일,부산광역시 사하구 괴정동,중상사고,0,1,0,0,차대차 - 측면직각충돌,직진우회전진행방해,건조,맑음,단일로 - 기타,승용,여,34세,상해없음,원동기,남,41세,중상
2012040700100183,2012년 4월 7일 09시,토요일,부산광역시 수영구 망미동,중상사고,0,1,0,0,차대차 - 추돌 - 주정차중,안전거리미확보,기타,맑음,단일로 - 기타,승용,기타불명,기타불명,기타불명,승합,남,49세,중상
2012040700100212,2012년 4월 7일 10시,토요일,부산광역시 영도구 영선동1가,중상사고,0,1,0,0,차대사람 - 기타,안전운전불이행,건조,맑음,단일로 - 기타,승용,여,42세,상해없음,보행자,남,12세,중상
2012040700100213,2012년 4월 7일 10시,토요일,부산광역시 사하구 하단동,경상사고,0,0,1,0,차대차 - 측면직각충돌,신호위반,건조,맑음,교차로 - 교차로안,승용,남,31세,상해없음,승합,남,49세,경상
2012040700100214,2012년 4월 7일 10시,토요일,부산광역시 사상구 감전동,중상사고,0,1,1,0,차대차 - 측면직각충돌,신호위반,건조,맑음,교차로 - 교차로안,화물,남,39세,경상,승용,남,57세,상해없음
2012040700100232,2012년 4월 7일 11시,토요일,부산광역시 남구 대연동,중상사고,0,1,0,0,차대차 - 추돌 - 주정차중,안전거리미확보,건조,맑음,단일로 - 기타,이륜,남,16세,중상,승용,남,58세,상해없음
2012040700100233,2012년 4월 7일 11시,토요일,부산광역시 수영구 남천동,중상사고,0,1,0,0,차대차 - 기타,직진우회전진행방해,건조,맑음,교차로 - 교차로안,승용,여,41세,상해없음,승용,남,51세,중상
2012040700100234,2012년 4월 7일 11시,토요일,부산광역시 남구 문현동,중상사고,0,1,0,0,차대차 - 기타,안전운전불이행,건조,맑음,교차로 - 교차로안,승용,여,53세,상해없음,자전거,남,41세,중상
2012040700100235,2012년 4월 7일 11시,토요일,부산광역시 북구 화명동,경상사고,0,0,1,0,차대사람 - 보도통행중,보행자보호의무위반,건조,맑음,교차로 - 교차로안,승용,여,41세,상해없음,보행자,남,19세,경상
2012040700100236,2012년 4월 7일 11시,토요일,부산광역시 동래구 안락동,부상신고사고,0,0,0,1,차대차 - 측면직각충돌,안전거리미확보,건조,맑음,단일로 - 기타,승용,남,58세,상해없음,화물,남,33세,부상신고
2012040700100237,2012년 4월 7일 11시,토요일,부산광역시 해운대구 좌동,경상사고,0,0,2,0,차대차 - 추돌 - 진행중,안전운전불이행,건조,맑음,기타 - 기타,이륜,남,29세,상해없음,승용,여,46세,경상
2012040700100238,2012년 4월 7일 11시,토요일,부산광역시 연제구 연산동,경상사고,0,0,1,0,차대차 - 측면직각충돌,차로위반,건조,맑음,단일로 - 교량,승용,남,37세,상해없음,이륜,남,28세,경상
2012040700100261,2012년 4월 7일 12시,토요일,부산광역시 부산진구 양정동,중상사고,0,1,0,0,차대차 - 측면직각충돌,신호위반,건조,맑음,단일로 - 기타,승용,남,66세,상해없음,이륜,남,55세,중상
2012040700100262,2012년 4월 7일 12시,토요일,부산광역시 부산진구 당감동,중상사고,0,1,3,0,차대차 - 추돌 - 주정차중,안전거리미확보,건조,맑음,단일로 - 기타,승용,남,51세,중상,승용,남,30세,상해없음
2012040700100289,2012년 4월 7일 13시,토요일,부산광역시 영도구 영선동1가,경상사고,0,0,1,0,차대차 - 기타,안전운전불이행,건조,맑음,단일로 - 기타,승용,남,44세,상해없음,승용,남,62세,상해없음
2012040700100290,2012년 4월 7일 13시,토요일,부산광역시 해운대구 반여동,중상사고,0,1,0,0,차대차 - 측면직각충돌,안전운전불이행,건조,맑음,단일로 - 횡단보도부근,승용,여,27세,상해없음,승용,남,26세,중상
2012040700100291,2012년 4월 7일 13시,토요일,부산광역시 사상구 삼락동,중상사고,0,1,1,1,차대차 - 추돌 - 주정차중,안전운전불이행,건조,맑음,교차로 - 교차로부근,승용,여,51세,부상신고,화물,남,41세,경상
2012040700100292,2012년 4월 7일 13시,토요일,부산광역시 기장군 일광면,경상사고,0,0,1,0,차대차 - 측면직각충돌,안전거리미확보,건조,맑음,단일로 - 기타,원동기,여,63세,경상,승용,미분류,기타불명,기타불명
2012040700100293,2012년 4월 7일 13시,토요일,부산광역시 기장군 일광면,중상사고,0,1,0,0,차대차 - 추돌 - 진행중,교차로운행방법위반,건조,맑음,단일로 - 기타,승용,여,39세,상해없음,원동기,남,42세,중상
2012040700100320,2012년 4월 7일 14시,토요일,부산광역시 서구 충무동1가,중상사고,0,1,0,0,차대사람 - 횡단중,안전운전불이행,건조,맑음,단일로 - 기타,승용,남,56세,상해없음,보행자,남,20세,중상
2012040700100321,2012년 4월 7일 14시,토요일,부산광역시 해운대구 반여동,경상사고,0,0,1,0,차대사람 - 기타,안전운전불이행,건조,맑음,단일로 - 횡단보도부근,화물,남,40세,상해없음,보행자,남,26세,경상
2012040700100322,2012년 4월 7일 14시,토요일,부산광역시 해운대구 우동,경상사고,0,0,1,0,차량단독 - 기타,안전운전불이행,건조,맑음,단일로 - 기타,승합,남,38세,상해없음,,,,
2012040700100323,2012년 4월 7일 14시,토요일,부산광역시 금정구 두구동,경상사고,0,0,2,0,차대차 - 추돌 - 진행중,안전거리미확보,건조,맑음,단일로 - 기타,승합,남,45세,상해없음,승용,남,42세,경상
2012040700100324,2012년 4월 7일 14시,토요일,부산광역시 강서구 송정동,중상사고,0,1,0,0,차대차 - 측면직각충돌,안전운전불이행,건조,맑음,교차로 - 교차로안,이륜,남,55세,중상,승용,남,30세,상해없음
2012040700100364,2012년 4월 7일 15시,토요일,부산광역시 남구 대연동,중상사고,0,1,0,0,차대차 - 추돌 - 진행중,안전운전불이행,건조,맑음,단일로 - 기타,승용,남,52세,상해없음,원동기,남,54세,상해없음
2012040700100399,2012년 4월 7일 16시,토요일,부산광역시 서구 서대신동1가,경상사고,0,0,1,2,차대차 - 추돌 - 주정차중,안전운전불이행,건조,맑음,단일로 - 기타,화물,남,46세,상해없음,승용,남,43세,경상
2012040700100400,2012년 4월 7일 16시,토요일,부산광역시 동래구 명륜동,경상사고,0,0,2,0,차대차 - 추돌 - 주정차중,안전운전불이행,건조,맑음,교차로 - 교차로안,승용,남,39세,상해없음,승용,여,40세,경상
2012040700100401,2012년 4월 7일 16시,토요일,부산광역시 해운대구 우동,경상사고,0,0,1,0,차대차 - 추돌 - 주정차중,안전운전불이행,건조,맑음,단일로 - 기타,승용,남,56세,상해없음,승용,남,51세,경상
2012040700100402,2012년 4월 7일 16시,토요일,부산광역시 해운대구 우동,중상사고,0,2,0,1,차대차 - 측면직각충돌,안전운전불이행,건조,맑음,단일로 - 기타,승용,남,30세,상해없음,승용,남,33세,중상
2012040700100403,2012년 4월 7일 16시,토요일,부산광역시 사하구 감천동,경상사고,0,0,1,0,차대사람 - 차도통행중,안전운전불이행,건조,맑음,단일로 - 기타,승합,남,71세,기타불명,보행자,남,43세,경상
2012040700100440,2012년 4월 7일 17시,토요일,부산광역시 서구 동대신동1가,중상사고,0,1,2,0,차대차 - 추돌 - 진행중,안전거리미확보,건조,맑음,교차로 - 교차로안,승용,남,23세,상해없음,승용,여,41세,중상
2012040700100480,2012년 4월 7일 18시,토요일,부산광역시 부산진구 부전동,중상사고,0,1,0,0,차대사람 - 기타,중앙선침범,건조,맑음,단일로 - 기타,승용,남,46세,상해없음,보행자,여,22세,중상
2012040700100481,2012년 4월 7일 18시,토요일,부산광역시 부산진구 부전동,경상사고,0,0,1,0,차대사람 - 기타,안전운전불이행,건조,맑음,단일로 - 기타,승용,남,22세,상해없음,보행자,남,39세,경상
2012040700100525,2012년 4월 7일 19시,토요일,부산광역시 강서구 대저1동,경상사고,0,0,1,0,차대차 - 추돌 - 주정차중,안전운전불이행,건조,맑음,단일로 - 기타,승용,남,51세,상해없음,승합,남,52세,상해없음
2012040700100558,2012년 4월 7일 20시,토요일,부산광역시 중구 부평동1가,경상사고,0,0,1,0,차대차 - 측면직각충돌,중앙선침범,건조,맑음,단일로 - 기타,승용,남,26세,상해없음,원동기,남,66세,경상
2012040700100559,2012년 4월 7일 20시,토요일,부산광역시 동구 초량동,경상사고,0,0,1,0,차대차 - 추돌 - 진행중,안전거리미확보,건조,맑음,교차로 - 교차로부근,승용,남,21세,상해없음,승용,남,52세,경상
2012040700100560,2012년 4월 7일 20시,토요일,부산광역시 강서구 녹산동,경상사고,0,0,3,0,차대차 - 측면직각충돌,안전운전불이행,건조,맑음,교차로 - 교차로안,화물,남,57세,상해없음,화물,남,33세,경상
2012040700100589,2012년 4월 7일 21시,토요일,부산광역시 부산진구 부전동,경상사고,0,0,1,0,차대차 - 기타,안전운전불이행,기타,맑음,단일로 - 기타,승용,남,28세,상해없음,승용,남,45세,경상
2012040700100621,2012년 4월 7일 22시,토요일,부산광역시 서구 충무동1가,경상사고,0,0,1,1,차대차 - 측면직각충돌,교차로운행방법위반,건조,맑음,교차로 - 교차로안,승용,남,60세,부상신고,승용,여,59세,경상
2012040700100622,2012년 4월 7일 22시,토요일,부산광역시 부산진구 부전동,경상사고,0,0,1,0,차대차 - 기타,안전운전불이행,건조,맑음,단일로 - 기타,승용,남,39세,상해없음,승용,남,49세,경상
2012040700100623,2012년 4월 7일 22시,토요일,부산광역시 사하구 하단동,경상사고,0,0,1,0,차대차 - 측면직각충돌,교차로운행방법위반,건조,맑음,교차로 - 교차로안,승용,남,53세,상해없음,이륜,남,19세,경상
2012040700100655,2012년 4월 7일 23시,토요일,부산광역시 동래구 온천동,중상사고,0,1,0,0,차대차 - 측면직각충돌,교차로운행방법위반,건조,맑음,교차로 - 교차로안,승합,남,38세,상해없음,이륜,남,17세,중상
2012040800100065,2012년 4월 8일 02시,일요일,부산광역시 해운대구 우동,부상신고사고,0,0,0,4,차대차 - 측면직각충돌,안전운전불이행,건조,맑음,단일로 - 기타,승용,남,24세,상해없음,승용,남,28세,부상신고
2012040800100084,2012년 4월 8일 03시,일요일,부산광역시 수영구 광안동,중상사고,0,1,0,0,차대차 - 측면직각충돌,신호위반,건조,맑음,교차로 - 교차로안,승용,남,21세,상해없음,승용,여,49세,중상
2012040800100085,2012년 4월 8일 03시,일요일,부산광역시 해운대구 우동,중상사고,0,2,0,0,차대사람 - 기타,안전운전불이행,건조,맑음,단일로 - 기타,승용,여,32세,상해없음,보행자,여,71세,중상
2012040800100106,2012년 4월 8일 05시,일요일,부산광역시 해운대구 반여동,중상사고,0,1,2,0,차대차 - 추돌 - 진행중,안전운전불이행,건조,맑음,단일로 - 기타,화물,남,20세,중상,건설기계,남,56세,경상
2012040800100107,2012년 4월 8일 05시,일요일,부산광역시 부산진구 전포동,중상사고,0,1,1,0,차대차 - 기타,중앙선침범,기타,맑음,단일로 - 기타,승용,남,60세,상해없음,승용,남,55세,중상
2012040800100119,2012년 4월 8일 06시,일요일,부산광역시 북구 구포동,경상사고,0,0,1,0,차량단독 - 기타,안전운전불이행,건조,맑음,단일로 - 기타,원동기,남,22세,상해없음,,,,
2012040800100120,2012년 4월 8일 06시,일요일,부산광역시 연제구 연산동,중상사고,0,2,0,0,차대차 - 정면충돌,중앙선침범,건조,맑음,단일로 - 기타,승용,여,25세,상해없음,승용,남,56세,중상
2012040800100121,2012년 4월 8일 06시,일요일,부산광역시 강서구 대저2동,경상사고,0,0,3,0,차대차 - 측면직각충돌,신호위반,건조,맑음,교차로 - 교차로안,승용,여,43세,경상,승용,남,35세,경상
2012040800100143,2012년 4월 8일 08시,일요일,부산광역시 강서구 봉림동,중상사고,0,1,0,0,차대차 - 측면직각충돌,안전운전불이행,건조,맑음,단일로 - 기타,건설기계,남,56세,상해없음,이륜,남,23세,중상
2012040800100154,2012년 4월 8일 09시,일요일,부산광역시 서구 아미동2가,중상사고,0,4,0,0,차대차 - 추돌 - 주정차중,안전운전불이행,건조,맑음,단일로 - 기타,승용,여,55세,상해없음,승합,남,41세,상해없음
2012040800100173,2012년 4월 8일 10시,일요일,부산광역시 동래구 안락동,중상사고,0,1,0,0,차대사람 - 횡단중,안전운전불이행,건조,맑음,단일로 - 기타,승용,남,30세,상해없음,보행자,여,57세,중상
2012040800100220,2012년 4월 8일 12시,일요일,부산광역시 중구 부평동1가,중상사고,0,1,0,0,차대차 - 측면직각충돌,안전거리미확보,건조,맑음,단일로 - 기타,화물,남,50세,중상,승용,여,39세,상해없음
2012040800100251,2012년 4월 8일 13시,일요일,부산광역시 수영구 수영동,경상사고,0,0,1,0,차대차 - 기타,안전거리미확보,건조,맑음,단일로 - 기타,승용,남,56세,상해없음,승합,남,52세,상해없음
2012040800100252,2012년 4월 8일 13시,일요일,부산광역시 사하구 다대동,경상사고,0,0,1,0,차대사람 - 횡단중,보행자보호의무위반,건조,맑음,단일로 - 횡단보도상,승용,남,60세,상해없음,보행자,남,12세,경상
2012040800100253,2012년 4월 8일 13시,일요일,부산광역시 연제구 거제동,중상사고,0,1,0,0,차대차 - 측면직각충돌,신호위반,건조,맑음,단일로 - 기타,승용,남,38세,상해없음,원동기,남,27세,중상
2012040800100254,2012년 4월 8일 13시,일요일,부산광역시 강서구 대저1동,경상사고,0,0,3,0,차대차 - 기타,신호위반,건조,맑음,교차로 - 교차로안,승용,남,24세,상해없음,승용,남,49세,경상
2012040800100255,2012년 4월 8일 13시,일요일,부산광역시 강서구 명지동,경상사고,0,0,1,0,차대사람 - 횡단중,보행자보호의무위반,건조,맑음,단일로 - 횡단보도상,승용,여,33세,상해없음,보행자,남,6세,경상
2012040800100285,2012년 4월 8일 14시,일요일,부산광역시 부산진구 전포동,중상사고,0,5,1,0,차대차 - 측면직각충돌,신호위반,건조,맑음,교차로 - 교차로안,승용,남,64세,상해없음,승용,남,42세,중상
2012040800100286,2012년 4월 8일 14시,일요일,부산광역시 금정구 구서동,경상사고,0,0,1,0,차대차 - 측면직각충돌,중앙선침범,건조,맑음,단일로 - 기타,승용,남,50세,상해없음,이륜,남,40세,경상
2012040800100287,2012년 4월 8일 14시,일요일,부산광역시 사하구 장림동,경상사고,0,0,1,0,차대사람 - 횡단중,안전운전불이행,건조,맑음,단일로 - 횡단보도상,승용,여,37세,상해없음,보행자,남,7세,경상
2012040800100323,2012년 4월 8일 15시,일요일,부산광역시 동래구 명장동,중상사고,0,2,1,0,차대사람 - 보도통행중,안전운전불이행,건조,맑음,교차로 - 교차로부근,승용,여,63세,중상,보행자,남,64세,경상
2012040800100324,2012년 4월 8일 15시,일요일,부산광역시 동래구 온천동,경상사고,0,0,3,0,차대차 - 추돌 - 진행중,안전운전불이행,건조,맑음,단일로 - 기타,화물,남,49세,기타불명,승용,남,53세,경상
2012040800100325,2012년 4월 8일 15시,일요일,부산광역시 해운대구 우동,경상사고,0,0,1,0,차대차 - 추돌 - 주정차중,안전운전불이행,건조,맑음,교차로 - 교차로부근,승용,여,60세,상해없음,승용,남,54세,경상
2012040800100326,2012년 4월 8일 15시,일요일,부산광역시 부산진구 부암동,경상사고,0,0,4,0,차대차 - 기타,안전운전불이행,건조,맑음,단일로 - 기타,승용,남,55세,상해없음,승용,남,49세,경상
2012040800100327,2012년 4월 8일 15시,일요일,부산광역시 사하구 감천동,중상사고,0,3,1,0,차대차 - 정면충돌,중앙선침범,건조,맑음,단일로 - 기타,승용,여,54세,상해없음,승용,남,44세,중상
2012040800100328,2012년 4월 8일 15시,일요일,부산광역시 사상구 주례동,중상사고,0,1,3,0,차대차 - 추돌 - 주정차중,안전운전불이행,건조,맑음,미분류 - 미분류,승용,남,26세,상해없음,승용,남,51세,중상
2012040800100469,2012년 4월 8일 19시,일요일,부산광역시 금정구 장전동,경상사고,0,0,2,0,차대사람 - 기타,보행자보호의무위반,건조,맑음,단일로 - 횡단보도상,승용,여,47세,상해없음,보행자,여,21세,경상
2012040800100499,2012년 4월 8일 20시,일요일,부산광역시 동구 범일동,중상사고,0,2,0,2,차대차 - 추돌 - 주정차중,안전거리미확보,건조,맑음,단일로 - 횡단보도부근,승용,남,28세,상해없음,승용,남,57세,중상
2012040800100500,2012년 4월 8일 20시,일요일,부산광역시 서구 충무동3가,부상신고사고,0,0,0,1,차대사람 - 기타,안전운전불이행,건조,맑음,단일로 - 기타,승용,남,28세,상해없음,보행자,남,61세,부상신고
2012040800100501,2012년 4월 8일 20시,일요일,부산광역시 동래구 명장동,중상사고,0,1,0,0,차대사람 - 횡단중,안전운전불이행,건조,맑음,단일로 - 기타,승용,남,55세,상해없음,보행자,여,49세,중상
2012040800100502,2012년 4월 8일 20시,일요일,부산광역시 사하구 감천동,중상사고,0,1,1,0,차대차 - 측면직각충돌,중앙선침범,건조,맑음,단일로 - 횡단보도부근,승용,남,21세,상해없음,원동기,남,17세,중상
2012040800100517,2012년 4월 8일 21시,일요일,부산광역시 남구 문현동,경상사고,0,0,2,0,차대차 - 측면직각충돌,교차로운행방법위반,건조,맑음,교차로 - 교차로안,승용,남,22세,경상,승용,남,40세,경상
2012040800100518,2012년 4월 8일 21시,일요일,부산광역시 북구 만덕동,중상사고,0,1,0,0,차대차 - 측면직각충돌,교차로운행방법위반,건조,맑음,교차로 - 교차로안,승용,여,46세,중상,승용,남,60세,상해없음
2012040800100519,2012년 4월 8일 21시,일요일,부산광역시 동래구 안락동,중상사고,0,2,1,0,차대차 - 측면직각충돌,신호위반,건조,맑음,교차로 - 교차로부근,승용,남,65세,기타불명,승용,남,41세,경상
2012040800100520,2012년 4월 8일 21시,일요일,부산광역시 강서구 명지동,중상사고,0,1,0,0,차대차 - 기타,안전운전불이행,건조,맑음,교차로 - 교차로부근,기타불명,기타불명,기타불명,기타불명,자전거,남,66세,중상
2012040800100549,2012년 4월 8일 22시,일요일,부산광역시 동래구 온천동,중상사고,0,1,1,1,차대차 - 추돌 - 진행중,안전운전불이행,건조,맑음,단일로 - 기타,화물,남,55세,상해없음,승용,남,51세,중상
2012040800100550,2012년 4월 8일 22시,일요일,부산광역시 사상구 괘법동,중상사고,0,1,0,1,차대차 - 추돌 - 진행중,중앙선침범,건조,맑음,단일로 - 횡단보도부근,승용,남,19세,상해없음,승용,남,35세,부상신고
2012040800100566,2012년 4월 8일 23시,일요일,부산광역시 동래구 온천동,경상사고,0,0,1,0,차대차 - 측면직각충돌,안전거리미확보,건조,맑음,단일로 - 기타,승용,남,57세,상해없음,이륜,남,26세,경상
2012040800100567,2012년 4월 8일 23시,일요일,부산광역시 동래구 온천동,중상사고,0,1,1,0,차대차 - 추돌 - 주정차중,안전운전불이행,건조,맑음,단일로 - 기타,승용,남,48세,상해없음,승용,남,25세,경상
2012040800100568,2012년 4월 8일 23시,일요일,부산광역시 연제구 연산동,경상사고,0,0,4,0,차대차 - 추돌 - 진행중,안전운전불이행,건조,맑음,교차로 - 교차로부근,승용,남,56세,상해없음,승용,남,40세,상해없음
2012040800100569,2012년 4월 8일 23시,일요일,부산광역시 사상구 엄궁동,경상사고,0,0,2,0,차대사람 - 횡단중,안전운전불이행,건조,맑음,단일로 - 기타,승용,남,66세,상해없음,보행자,여,23세,경상
2012040900100017,2012년 4월 9일 01시,월요일,부산광역시 수영구 광안동,중상사고,0,1,0,0,차대사람 - 횡단중,안전운전불이행,건조,맑음,단일로 - 기타,승용,남,54세,상해없음,보행자,남,42세,중상
2012040900100018,2012년 4월 9일 01시,월요일,부산광역시 강서구 대저1동,중상사고,0,2,2,0,차대차 - 추돌 - 주정차중,안전운전불이행,건조,맑음,단일로 - 기타,승용,남,28세,상해없음,승용,남,52세,경상
2012040900100029,2012년 4월 9일 02시,월요일,부산광역시 사하구 다대동,경상사고,0,0,3,0,차대차 - 정면충돌,신호위반,건조,맑음,교차로 - 교차로안,승용,남,23세,상해없음,승용,남,56세,경상
2012040900100065,2012년 4월 9일 07시,월요일,부산광역시 서구 서대신동1가,중상사고,0,1,0,0,차대사람 - 기타,안전운전불이행,건조,맑음,교차로 - 교차로안,승용,남,55세,상해없음,보행자,남,67세,중상
2012040900100066,2012년 4월 9일 07시,월요일,부산광역시 북구 화명동,중상사고,0,1,0,0,차대차 - 기타,안전운전불이행,건조,맑음,단일로 - 기타,승용,여,34세,상해없음,자전거,여,47세,중상
2012040900100067,2012년 4월 9일 07시,월요일,부산광역시 사상구 학장동,경상사고,0,0,1,0,차대차 - 측면직각충돌,안전운전불이행,건조,맑음,단일로 - 기타,승용,남,39세,상해없음,원동기,남,29세,경상
2012040900100068,2012년 4월 9일 07시,월요일,부산광역시 사상구 모라동,경상사고,0,0,3,0,차대차 - 기타,안전거리미확보,건조,맑음,단일로 - 기타,화물,남,66세,경상,화물,남,32세,경상
2012040900100069,2012년 4월 9일 07시,월요일,부산광역시 기장군 정관면,경상사고,0,0,4,0,차대차 - 추돌 - 진행중,안전거리미확보,건조,맑음,단일로 - 기타,승용,남,36세,상해없음,승용,여,36세,경상
2012040900100094,2012년 4월 9일 08시,월요일,부산광역시 동래구 수안동,중상사고,0,1,0,0,차대사람 - 횡단중,안전운전불이행,건조,맑음,단일로 - 횡단보도상,승용,남,46세,상해없음,보행자,여,27세,중상
2012040900100095,2012년 4월 9일 08시,월요일,부산광역시 해운대구 재송동,경상사고,0,0,1,0,차대차 - 추돌 - 주정차중,안전운전불이행,건조,맑음,교차로 - 교차로부근,승용,남,55세,상해없음,승용,여,38세,경상
2012040900100096,2012년 4월 9일 08시,월요일,부산광역시 사하구 괴정동,경상사고,0,0,1,0,차대차 - 추돌 - 진행중,안전거리미확보,건조,맑음,단일로 - 기타,승용,남,39세,상해없음,원동기,남,22세,경상
2012040900100125,2012년 4월 9일 09시,월요일,부산광역시 북구 화명동,경상사고,0,0,7,0,차대차 - 측면직각충돌,안전운전불이행,건조,맑음,교차로 - 교차로안,화물,남,61세,상해없음,승합,여,51세,경상
2012040900100150,2012년 4월 9일 10시,월요일,부산광역시 동구 초량동,중상사고,0,1,0,0,차대사람 - 길가장자리구역통행중,안전운전불이행,건조,맑음,교차로 - 교차로부근,화물,남,49세,상해없음,보행자,여,64세,중상
2012040900100151,2012년 4월 9일 10시,월요일,부산광역시 서구 서대신동1가,경상사고,0,0,1,0,차대차 - 측면직각충돌,신호위반,기타,맑음,교차로 - 교차로안,승용,남,43세,상해없음,승용,남,57세,경상
2012040900100172,2012년 4월 9일 11시,월요일,부산광역시 동구 초량동,중상사고,0,1,0,0,차대차 - 측면직각충돌,중앙선침범,건조,맑음,단일로 - 기타,이륜,남,78세,중상,승합,남,34세,상해없음
2012040900100173,2012년 4월 9일 11시,월요일,부산광역시 북구 금곡동,경상사고,0,0,2,0,차대차 - 추돌 - 주정차중,안전운전불이행,건조,맑음,단일로 - 기타,승용,남,34세,상해없음,승용,남,31세,경상
2012040900100174,2012년 4월 9일 11시,월요일,부산광역시 연제구 연산동,중상사고,0,1,0,0,차대사람 - 기타,안전운전불이행,건조,맑음,단일로 - 기타,승용,여,32세,상해없음,보행자,남,32세,중상
2012040900100175,2012년 4월 9일 11시,월요일,부산광역시 사상구 엄궁동,경상사고,0,0,1,0,차대차 - 기타,안전운전불이행,건조,맑음,교차로 - 교차로안,화물,남,35세,상해없음,승용,여,48세,경상
2012040900100204,2012년 4월 9일 12시,월요일,부산광역시 남구 대연동,경상사고,0,0,1,0,차대사람 - 보도통행중,기타,건조,맑음,단일로 - 기타,승용,남,34세,상해없음,보행자,남,45세,경상
2012040900100205,2012년 4월 9일 12시,월요일,부산광역시 북구 화명동,중상사고,0,1,0,0,차량단독 - 도로외이탈 - 추락,안전운전불이행,건조,맑음,단일로 - 기타,이륜,남,76세,중상,,,,
2012040900100206,2012년 4월 9일 12시,월요일,부산광역시 해운대구 반여동,중상사고,0,1,0,0,차대차 - 측면직각충돌,중앙선침범,건조,맑음,교차로 - 교차로안,화물,남,66세,상해없음,원동기,남,46세,중상
2012040900100232,2012년 4월 9일 13시,월요일,부산광역시 중구 대청동1가,경상사고,0,0,1,0,차대사람 - 기타,안전운전불이행,건조,맑음,단일로 - 기타,승용,여,39세,상해없음,보행자,여,30세,경상
2012040900100263,2012년 4월 9일 14시,월요일,부산광역시 해운대구 우동,부상신고사고,0,0,0,1,차대차 - 측면직각충돌,안전운전불이행,건조,맑음,교차로 - 교차로안,화물,남,58세,상해없음,화물,남,30세,부상신고