사고번호,사고일시,요일,시군구,사고내용,사망자수,중상자수,경상자수,부상신고자수,사고유형,법규위반,노면상태,기상상태,도로형태,가해운전자 차종,가해운전자 성별,가해운전자 연령,가해운전자 상해정도,피해운전자 차종,피해운전자 성별,피해운전자 연령,피해운전자 상해정도
2012040900100264,2012년 4월 9일 14시,월요일,부산광역시 강서구 송정동,경상사고,0,0,1,0,차대차 - 측면직각충돌,안전운전불이행,건조,맑음,단일로 - 기타,승용,여,51세,상해없음,승용,남,35세,경상
2012040900100290,2012년 4월 9일 15시,월요일,부산광역시 사하구 하단동,경상사고,0,0,1,0,차대차 - 추돌 - 진행중,안전운전불이행,건조,맑음,교차로 - 교차로부근,화물,남,46세,상해없음,승용,남,39세,경상
2012040900100291,2012년 4월 9일 15시,월요일,부산광역시 사상구 삼락동,경상사고,0,0,1,1,차대사람 - 보도통행중,안전운전불이행,건조,맑음,단일로 - 기타,승용,여,59세,상해없음,보행자,여,25세,경상
2012040900100325,2012년 4월 9일 16시,월요일,부산광역시 중구 영주동,경상사고,0,0,1,0,차대차 - 추돌 - 주정차중,안전거리미확보,건조,맑음,단일로 - 기타,승용,남,71세,상해없음,승용,남,56세,상해없음
2012040900100326,2012년 4월 9일 16시,월요일,부산광역시 영도구 봉래동1가,경상사고,0,0,5,1,차대차 - 추돌 - 진행중,안전거리미확보,건조,흐림,단일로 - 기타,승합,남,35세,상해없음,화물,남,39세,상해없음
2012040900100327,2012년 4월 9일 16시,월요일,부산광역시 영도구 봉래동3가,중상사고,0,1,5,0,차대차 - 추돌 - 진행중,안전거리미확보,건조,맑음,단일로 - 기타,화물,남,29세,상해없음,승합,남,43세,중상
2012040900100328,2012년 4월 9일 16시,월요일,부산광역시 강서구 천성동,중상사고,0,1,1,0,차대차 - 측면직각충돌,안전거리미확보,건조,맑음,단일로 - 기타,화물,남,59세,상해없음,승합,남,51세,경상
2012040900100355,2012년 4월 9일 17시,월요일,부산광역시 남구 대연동,경상사고,0,0,1,0,차대사람 - 횡단중,안전운전불이행,건조,맑음,교차로 - 교차로부근,승용,기타불명,기타불명,기타불명,보행자,여,15세,경상
2012040900100356,2012년 4월 9일 17시,월요일,부산광역시 사하구 당리동,중상사고,0,1,0,0,차대사람 - 횡단중,보행자보호의무위반,건조,맑음,단일로 - 횡단보도상,원동기,남,27세,상해없음,보행자,여,47세,중상
2012040900100357,2012년 4월 9일 17시,월요일,부산광역시 사상구 학장동,경상사고,0,0,2,0,차대차 - 측면직각충돌,안전거리미확보,습기,흐림,단일로 - 기타,승합,남,53세,상해없음,승합,남,35세,경상
2012040900100388,2012년 4월 9일 18시,월요일,부산광역시 금정구 금사동,중상사고,0,1,0,0,차대사람 - 횡단중,신호위반,건조,맑음,교차로 - 교차로부근,승합,남,76세,상해없음,보행자,여,45세,중상
2012040900100425,2012년 4월 9일 19시,월요일,부산광역시 동구 초량동,경상사고,0,0,1,0,차대차 - 기타,안전거리미확보,건조,맑음,단일로 - 기타,승용,남,38세,기타불명,승용,여,38세,경상
2012040900100426,2012년 4월 9일 19시,월요일,부산광역시 수영구 민락동,중상사고,0,1,0,0,차대차 - 측면직각충돌,안전거리미확보,건조,맑음,단일로 - 기타,승합,남,47세,상해없음,승용,남,47세,중상
2012040900100427,2012년 4월 9일 19시,월요일,부산광역시 해운대구 좌동,경상사고,0,0,1,0,차대차 - 추돌 - 주정차중,안전운전불이행,건조,기타,단일로 - 기타,승용,남,51세,상해없음,승용,여,31세,경상
2012040900100428,2012년 4월 9일 19시,월요일,부산광역시 연제구 거제동,중상사고,0,1,0,0,차대사람 - 기타,보행자보호의무위반,건조,맑음,단일로 - 횡단보도상,화물,남,51세,상해없음,보행자,여,53세,중상
2012040900100429,2012년 4월 9일 19시,월요일,부산광역시 강서구 명지동,중상사고,0,1,0,0,차대차 - 측면직각충돌,안전운전불이행,건조,맑음,단일로 - 기타,승용,여,50세,상해없음,승용,남,37세,중상
2012040900100467,2012년 4월 9일 20시,월요일,부산광역시 부산진구 개금동,중상사고,0,1,0,0,차대차 - 추돌 - 진행중,안전운전불이행,건조,맑음,단일로 - 기타,승용,남,48세,상해없음,승용,남,46세,중상
2012040900100468,2012년 4월 9일 20시,월요일,부산광역시 사상구 감전동,중상사고,0,3,0,1,차대차 - 측면직각충돌,중앙선침범,건조,맑음,단일로 - 기타,승합,남,38세,부상신고,화물,남,48세,중상
2012040900100502,2012년 4월 9일 21시,월요일,부산광역시 중구 부평동1가,경상사고,0,0,1,0,차대사람 - 횡단중,안전운전불이행,건조,맑음,단일로 - 기타,승합,남,43세,상해없음,보행자,남,41세,상해없음
2012040900100503,2012년 4월 9일 21시,월요일,부산광역시 남구 용호동,경상사고,0,0,2,0,차대차 - 측면직각충돌,중앙선침범,건조,맑음,단일로 - 기타,승용,여,18세,상해없음,승용,남,34세,경상
2012040900100504,2012년 4월 9일 21시,월요일,부산광역시 연제구 연산동,경상사고,0,0,1,0,차대사람 - 기타,안전운전불이행,건조,맑음,단일로 - 기타,원동기,남,17세,상해없음,보행자,남,16세,경상
2012040900100505,2012년 4월 9일 21시,월요일,부산광역시 수영구 망미동,경상사고,0,0,1,0,차량단독 - 기타,기타,건조,맑음,단일로 - 기타,승합,남,58세,상해없음,,,,
2012040900100540,2012년 4월 9일 22시,월요일,부산광역시 사상구 모라동,중상사고,0,1,0,0,차량단독 - 전도전복,안전운전불이행,건조,맑음,기타 - 기타,이륜,남,16세,중상,,,,
2012040900100563,2012년 4월 9일 23시,월요일,부산광역시 동래구 안락동,중상사고,0,1,0,0,차대차 - 측면직각충돌,안전거리미확보,건조,맑음,단일로 - 기타,승용,남,58세,상해없음,승용,남,31세,중상
2012040900100564,2012년 4월 9일 23시,월요일,부산광역시 해운대구 재송동,경상사고,0,0,1,0,차대차 - 측면직각충돌,안전운전불이행,건조,맑음,단일로 - 기타,승합,남,57세,상해없음,승용,남,55세,경상
2012041000100042,2012년 4월 10일 02시,화요일,부산광역시 동구 좌천동,중상사고,0,1,1,0,차대차 - 기타,신호위반,건조,맑음,교차로 - 교차로안,승용,남,42세,기타불명,승용,남,50세,중상
2012041000100057,2012년 4월 10일 04시,화요일,부산광역시 부산진구 부전동,경상사고,0,0,1,1,차대사람 - 기타,안전운전불이행,건조,맑음,단일로 - 기타,승용,남,29세,상해없음,보행자,남,21세,경상
2012041000100090,2012년 4월 10일 07시,화요일,부산광역시 해운대구 우동,중상사고,0,1,0,0,차대차 - 측면직각충돌,신호위반,건조,맑음,교차로 - 교차로안,승용,여,32세,상해없음,승용,남,30세,중상
2012041000100115,2012년 4월 10일 08시,화요일,부산광역시 동구 수정동,중상사고,0,1,0,0,차대차 - 기타,교차로운행방법위반,건조,맑음,교차로 - 교차로안,승용,여,28세,상해없음,승용,여,42세,중상
2012041000100116,2012년 4월 10일 08시,화요일,부산광역시 영도구 영선동1가,사망사고,1,0,0,0,차대사람 - 횡단중,안전운전불이행,건조,맑음,단일로 - 기타,건설기계,남,45세,상해없음,보행자,여,87세,사망
2012041000100117,2012년 4월 10일 08시,화요일,부산광역시 연제구 거제동,경상사고,0,0,1,0,차대차 - 기타,교차로운행방법위반,건조,맑음,교차로 - 교차로부근,승용,남,34세,상해없음,승용,남,27세,경상
2012041000100118,2012년 4월 10일 08시,화요일,부산광역시 강서구 지사동,경상사고,0,0,1,0,차대차 - 측면직각충돌,신호위반,건조,맑음,교차로 - 교차로안,승용,남,33세,상해없음,승용,남,45세,경상
2012041000100119,2012년 4월 10일 08시,화요일,부산광역시 사상구 주례동,경상사고,0,0,1,0,차대차 - 측면직각충돌,직진우회전진행방해,건조,맑음,교차로 - 교차로안,화물,남,26세,상해없음,승용,여,49세,경상
2012041000100160,2012년 4월 10일 09시,화요일,부산광역시 금정구 서동,경상사고,0,0,1,0,차대사람 - 기타,안전운전불이행,건조,맑음,단일로 - 기타,승용,남,39세,상해없음,보행자,여,19세,경상
2012041000100185,2012년 4월 10일 10시,화요일,부산광역시 서구 동대신동3가,경상사고,0,0,2,0,차대사람 - 횡단중,신호위반,습기,비,단일로 - 횡단보도상,승용,여,42세,상해없음,보행자,여,46세,경상
2012041000100186,2012년 4월 10일 10시,화요일,부산광역시 남구 대연동,중상사고,0,1,0,0,차대사람 - 기타,안전운전불이행,습기,비,단일로 - 기타,원동기,여,53세,상해없음,보행자,여,69세,중상
2012041000100187,2012년 4월 10일 10시,화요일,부산광역시 금정구 서동,경상사고,0,0,1,0,차대차 - 측면직각충돌,중앙선침범,건조,흐림,단일로 - 기타,승용,남,51세,상해없음,이륜,남,45세,경상
2012041000100210,2012년 4월 10일 11시,화요일,부산광역시 수영구 광안동,부상신고사고,0,0,0,1,차대사람 - 보도통행중,안전운전불이행,건조,맑음,교차로 - 교차로부근,승용,여,57세,상해없음,보행자,여,23세,부상신고
2012041000100211,2012년 4월 10일 11시,화요일,부산광역시 동래구 복천동,중상사고,0,1,0,0,차대사람 - 횡단중,보행자보호의무위반,건조,맑음,단일로 - 횡단보도상,승용,여,47세,상해없음,보행자,여,52세,중상
2012041000100212,2012년 4월 10일 11시,화요일,부산광역시 해운대구 우동,경상사고,0,0,1,0,차대차 - 추돌 - 주정차중,안전운전불이행,건조,맑음,단일로 - 기타,승용,남,41세,상해없음,승용,남,31세,경상
2012041000100213,2012년 4월 10일 11시,화요일,부산광역시 사상구 감전동,경상사고,0,0,1,0,차대사람 - 횡단중,보행자보호의무위반,습기,흐림,교차로 - 교차로부근,승용,남,45세,상해없음,보행자,여,61세,경상
2012041000100240,2012년 4월 10일 12시,화요일,부산광역시 해운대구 좌동,경상사고,0,0,1,0,차대차 - 기타,안전거리미확보,건조,맑음,교차로 - 교차로부근,화물,남,58세,상해없음,원동기,남,48세,경상
2012041000100241,2012년 4월 10일 12시,화요일,부산광역시 강서구 대저2동,경상사고,0,0,1,0,차대차 - 측면직각충돌,안전운전불이행,건조,맑음,교차로 - 교차로안,승용,남,55세,상해없음,승용,남,52세,경상
2012041000100270,2012년 4월 10일 13시,화요일,부산광역시 동구 범일동,중상사고,0,1,1,0,차대차 - 측면직각충돌,안전거리미확보,건조,맑음,단일로 - 기타,특수,남,40세,상해없음,승용,여,64세,중상
2012041000100271,2012년 4월 10일 13시,화요일,부산광역시 동래구 명륜동,중상사고,0,1,0,0,차대차 - 측면직각충돌,교차로운행방법위반,건조,맑음,교차로 - 교차로안,화물,남,38세,상해없음,이륜,남,21세,중상
2012041000100272,2012년 4월 10일 13시,화요일,부산광역시 부산진구 부암동,경상사고,0,0,1,0,차대차 - 기타,안전운전불이행,건조,맑음,교차로 - 교차로안,화물,남,57세,상해없음,자전거,남,62세,경상
2012041000100301,2012년 4월 10일 14시,화요일,부산광역시 중구 중앙동4가,경상사고,0,0,1,0,차량단독 - 기타,기타,건조,맑음,단일로 - 기타,승합,남,43세,상해없음,,,,
2012041000100329,2012년 4월 10일 15시,화요일,부산광역시 중구 부평동1가,경상사고,0,0,1,0,차대차 - 측면직각충돌,신호위반,건조,맑음,교차로 - 교차로안,승용,남,67세,상해없음,승용,남,61세,경상
2012041000100330,2012년 4월 10일 15시,화요일,부산광역시 부산진구 당감동,중상사고,0,1,0,0,차대사람 - 횡단중,보행자보호의무위반,건조,맑음,단일로 - 횡단보도상,승용,여,35세,상해없음,보행자,여,21세,중상
2012041000100356,2012년 4월 10일 16시,화요일,부산광역시 해운대구 재송동,경상사고,0,0,1,0,차대사람 - 횡단중,보행자보호의무위반,건조,맑음,단일로 - 기타,승용,여,51세,상해없음,보행자,남,6세,경상
2012041000100357,2012년 4월 10일 16시,화요일,부산광역시 사상구 모라동,경상사고,0,0,3,0,차대차 - 측면직각충돌,교차로운행방법위반,건조,맑음,교차로 - 교차로안,승용,여,55세,경상,화물,남,37세,경상
2012041000100389,2012년 4월 10일 17시,화요일,부산광역시 동래구 안락동,경상사고,0,0,1,0,차대사람 - 보도통행중,기타,건조,맑음,단일로 - 기타,이륜,남,16세,상해없음,보행자,여,6세,경상
2012041000100390,2012년 4월 10일 17시,화요일,부산광역시 동래구 온천동,경상사고,0,0,1,0,차대사람 - 보도통행중,기타,건조,맑음,단일로 - 기타,화물,남,36세,기타불명,보행자,여,21세,경상
2012041000100429,2012년 4월 10일 18시,화요일,부산광역시 해운대구 반송동,경상사고,0,0,1,0,차대사람 - 기타,안전운전불이행,습기,흐림,기타 - 기타,원동기,남,21세,상해없음,보행자,여,35세,경상
2012041000100430,2012년 4월 10일 18시,화요일,부산광역시 해운대구 반송동,경상사고,0,0,1,0,차대사람 - 횡단중,안전운전불이행,습기,비,교차로 - 교차로부근,승용,남,28세,상해없음,보행자,여,56세,경상
2012041000100431,2012년 4월 10일 18시,화요일,부산광역시 강서구 강동동,경상사고,0,0,1,0,차대차 - 측면직각충돌,안전운전불이행,습기,비,단일로 - 기타,승용,여,49세,상해없음,화물,남,51세,경상
2012041000100476,2012년 4월 10일 19시,화요일,부산광역시 사하구 괴정동,경상사고,0,0,1,0,차대차 - 추돌 - 진행중,안전운전불이행,습기,비,교차로 - 교차로부근,승용,남,51세,기타불명,이륜,남,48세,경상
2012041000100516,2012년 4월 10일 20시,화요일,부산광역시 동래구 낙민동,경상사고,0,0,1,0,차대사람 - 횡단중,보행자보호의무위반,습기,비,단일로 - 기타,승용,남,59세,기타불명,보행자,여,11세,경상
2012041000100517,2012년 4월 10일 20시,화요일,부산광역시 금정구 장전동,중상사고,0,1,0,0,차대사람 - 횡단중,보행자보호의무위반,습기,비,단일로 - 횡단보도상,승용,남,27세,상해없음,보행자,남,24세,중상
2012041000100518,2012년 4월 10일 20시,화요일,부산광역시 연제구 거제동,경상사고,0,0,1,0,차대차 - 추돌 - 진행중,안전거리미확보,습기,비,교차로 - 교차로부근,승용,남,52세,상해없음,승용,남,36세,경상
2012041000100577,2012년 4월 10일 21시,화요일,부산광역시 동래구 명장동,중상사고,0,1,0,0,차대차 - 측면직각충돌,교차로운행방법위반,습기,비,교차로 - 교차로안,승용,여,48세,상해없음,원동기,남,16세,중상
2012041000100578,2012년 4월 10일 21시,화요일,부산광역시 영도구 청학동,중상사고,0,2,2,0,차대차 - 정면충돌,중앙선침범,습기,비,단일로 - 기타,승용,남,62세,상해없음,승용,남,43세,중상
2012041000100579,2012년 4월 10일 21시,화요일,부산광역시 강서구 명지동,중상사고,0,1,0,0,차대차 - 측면직각충돌,안전거리미확보,습기,비,단일로 - 기타,승용,여,51세,상해없음,화물,여,44세,상해없음
2012041000100629,2012년 4월 10일 22시,화요일,부산광역시 수영구 민락동,중상사고,0,1,0,0,차대차 - 기타,안전운전불이행,습기,비,단일로 - 기타,승용,기타불명,기타불명,기타불명,자전거,남,67세,중상
2012041000100630,2012년 4월 10일 22시,화요일,부산광역시 부산진구 부전동,중상사고,0,1,0,0,차대사람 - 기타,중앙선침범,습기,비,단일로 - 기타,승용,남,28세,상해없음,보행자,남,44세,중상
2012041000100631,2012년 4월 10일 22시,화요일,부산광역시 부산진구 연지동,중상사고,0,1,0,0,차대차 - 기타,기타,습기,비,단일로 - 기타,원동기,남,61세,중상,기타불명,미분류,기타불명,기타불명
2012041000100632,2012년 4월 10일 22시,화요일,부산광역시 수영구 망미동,경상사고,0,0,3,0,차대차 - 추돌 - 진행중,중앙선침범,습기,비,교차로 - 교차로안,승용,남,51세,상해없음,승용,남,46세,경상
2012041000100633,2012년 4월 10일 22시,화요일,부산광역시 연제구 연산동,경상사고,0,0,1,0,차대사람 - 횡단중,안전운전불이행,습기,비,단일로 - 횡단보도상,승용,남,25세,상해없음,보행자,여,24세,경상
2012041000100634,2012년 4월 10일 22시,화요일,부산광역시 강서구 명지동,부상신고사고,0,0,0,1,차대사람 - 횡단중,안전운전불이행,습기,비,교차로 - 교차로부근,승용,남,49세,상해없음,보행자,여,15세,부상신고
2012041000100635,2012년 4월 10일 22시,화요일,부산광역시 사상구 주례동,경상사고,0,0,1,0,차대차 - 기타,안전운전불이행,습기,비,단일로 - 기타,승용,남,55세,상해없음,승용,남,42세,경상
2012041000100636,2012년 4월 10일 22시,화요일,부산광역시 사상구 주례동,중상사고,0,1,0,0,차대사람 - 횡단중,안전운전불이행,습기,비,단일로 - 기타,승용,남,55세,상해없음,보행자,여,52세,중상
2012041000100637,2012년 4월 10일 22시,화요일,부산광역시 기장군 정관면,중상사고,0,1,0,0,차량단독 - 공작물충돌,안전운전불이행,습기,비,단일로 - 기타,승용,남,45세,상해없음,,,,
2012041000100693,2012년 4월 10일 23시,화요일,부산광역시 중구 남포동1가,중상사고,0,1,0,0,차대사람 - 횡단중,안전운전불이행,습기,비,단일로 - 기타,승용,남,59세,상해없음,보행자,여,18세,중상
2012041000100694,2012년 4월 10일 23시,화요일,부산광역시 동래구 명장동,중상사고,0,1,0,0,차대사람 - 횡단중,보행자보호의무위반,습기,비,교차로 - 교차로부근,승용,남,31세,상해없음,보행자,여,42세,중상
2012041000100695,2012년 4월 10일 23시,화요일,부산광역시 동래구 온천동,중상사고,0,1,0,0,차대차 - 추돌 - 주정차중,안전거리미확보,건조,맑음,교차로 - 교차로부근,승용,남,37세,상해없음,승용,남,34세,중상
2012041000100696,2012년 4월 10일 23시,화요일,부산광역시 해운대구 반여동,중상사고,0,1,2,0,차대차 - 추돌 - 주정차중,안전운전불이행,습기,비,교차로 - 교차로부근,승용,여,44세,상해없음,승용,여,40세,중상
2012041000100697,2012년 4월 10일 23시,화요일,부산광역시 연제구 연산동,중상사고,0,1,1,0,차대차 - 추돌 - 진행중,안전거리미확보,습기,비,단일로 - 기타,승용,남,31세,상해없음,승용,남,55세,경상
2012041000100698,2012년 4월 10일 23시,화요일,부산광역시 기장군 장안읍,중상사고,0,1,0,0,차대사람 - 기타,안전운전불이행,습기,비,단일로 - 기타,승합,여,42세,상해없음,보행자,남,14세,중상
2012041000100699,2012년 4월 10일 23시,화요일,부산광역시 강서구 대저1동,중상사고,0,1,0,0,차대차 - 추돌 - 진행중,안전거리미확보,습기,비,단일로 - 기타,승용,남,28세,상해없음,승용,남,35세,중상
2012041100100010,2012년 4월 11일 00시,수요일,부산광역시 수영구 광안동,중상사고,0,1,0,1,차대차 - 측면직각충돌,안전운전불이행,습기,비,교차로 - 교차로부근,승용,남,33세,상해없음,승용,남,44세,부상신고
2012041100100011,2012년 4월 11일 00시,수요일,부산광역시 북구 구포동,중상사고,0,1,0,0,차대사람 - 차도통행중,안전운전불이행,습기,비,단일로 - 기타,승용,남,29세,상해없음,보행자,남,40세,중상
2012041100100012,2012년 4월 11일 00시,수요일,부산광역시 북구 덕천동,경상사고,0,0,1,0,차대차 - 추돌 - 진행중,안전운전불이행,건조,맑음,교차로 - 교차로안,승용,남,54세,상해없음,승용,여,40세,경상
2012041100100013,2012년 4월 11일 00시,수요일,부산광역시 북구 금곡동,중상사고,0,1,0,0,차대사람 - 기타,안전운전불이행,습기,비,단일로 - 기타,승용,남,60세,상해없음,보행자,여,54세,중상
2012041100100014,2012년 4월 11일 00시,수요일,부산광역시 영도구 대교동1가,중상사고,0,1,0,0,차대차 - 기타,신호위반,습기,비,교차로 - 교차로안,승용,남,52세,상해없음,승용,남,21세,상해없음
2012041100100015,2012년 4월 11일 00시,수요일,부산광역시 연제구 연산동,경상사고,0,0,1,0,차대차 - 추돌 - 주정차중,안전운전불이행,습기,비,단일로 - 기타,승용,남,52세,상해없음,승용,남,32세,상해없음
2012041100100058,2012년 4월 11일 01시,수요일,부산광역시 북구 구포동,경상사고,0,0,2,0,차대차 - 정면충돌,안전운전불이행,습기,비,교차로 - 교차로안,승합,남,38세,상해없음,승용,남,66세,경상
2012041100100059,2012년 4월 11일 01시,수요일,부산광역시 해운대구 석대동,경상사고,0,0,1,0,차대차 - 측면직각충돌,안전운전불이행,습기,비,단일로 - 교량,승용,남,42세,상해없음,승용,남,29세,상해없음
2012041100100060,2012년 4월 11일 01시,수요일,부산광역시 사하구 신평동,중상사고,0,1,0,0,차대차 - 추돌 - 진행중,중앙선침범,습기,비,교차로 - 교차로부근,승용,남,32세,기타불명,승용,남,55세,중상
2012041100100090,2012년 4월 11일 02시,수요일,부산광역시 해운대구 반여동,경상사고,0,0,2,0,차대차 - 측면직각충돌,중앙선침범,습기,비,단일로 - 기타,승용,여,35세,상해없음,승합,남,47세,상해없음
2012041100100091,2012년 4월 11일 02시,수요일,부산광역시 해운대구 우동,경상사고,0,0,2,0,차대차 - 측면직각충돌,교차로운행방법위반,습기,맑음,교차로 - 교차로안,승용,남,34세,상해없음,승용,남,55세,경상
2012041100100092,2012년 4월 11일 02시,수요일,부산광역시 부산진구 가야동,중상사고,0,3,0,0,차대차 - 기타,교차로운행방법위반,습기,비,교차로 - 교차로안,승용,남,63세,상해없음,승용,남,55세,중상
2012041100100093,2012년 4월 11일 02시,수요일,부산광역시 금정구 부곡동,경상사고,0,0,1,0,차대차 - 정면충돌,중앙선침범,건조,맑음,단일로 - 기타,승용,남,40세,기타불명,승용,남,52세,경상
2012041100100125,2012년 4월 11일 03시,수요일,부산광역시 부산진구 양정동,중상사고,0,1,0,0,차량단독 - 공작물충돌,안전운전불이행,습기,비,단일로 - 기타,승용,남,17세,상해없음,,,,
2012041100100140,2012년 4월 11일 04시,수요일,부산광역시 동구 초량동,경상사고,0,0,2,0,차대차 - 기타,교차로운행방법위반,건조,맑음,교차로 - 교차로안,승용,남,30세,상해없음,승용,남,34세,경상
2012041100100141,2012년 4월 11일 04시,수요일,부산광역시 해운대구 석대동,경상사고,0,0,1,0,차량단독 - 전도전복,안전운전불이행,습기,비,단일로 - 기타,승용,남,50세,상해없음,,,,
2012041100100142,2012년 4월 11일 04시,수요일,부산광역시 부산진구 부전동,중상사고,0,2,0,0,차대차 - 기타,안전운전불이행,습기,비,교차로 - 교차로안,승용,남,17세,상해없음,승용,남,25세,기타불명
2012041100100157,2012년 4월 11일 05시,수요일,부산광역시 금정구 금사동,중상사고,0,1,1,0,차대차 - 측면직각충돌,직진우회전진행방해,습기,비,교차로 - 교차로안,승용,남,36세,상해없음,화물,남,43세,경상
2012041100100158,2012년 4월 11일 05시,수요일,부산광역시 사상구 삼락동,중상사고,0,1,0,0,차대차 - 측면직각충돌,신호위반,건조,맑음,교차로 - 교차로안,승용,남,42세,상해없음,승용,남,63세,상해없음
2012041100100182,2012년 4월 11일 06시,수요일,부산광역시 수영구 남천동,경상사고,0,0,1,0,차대사람 - 길가장자리구역통행중,안전운전불이행,습기,비,교차로 - 교차로부근,화물,남,55세,상해없음,보행자,남,54세,경상
2012041100100183,2012년 4월 11일 06시,수요일,부산광역시 남구 대연동,경상사고,0,0,1,0,차대사람 - 기타,안전운전불이행,건조,맑음,교차로 - 교차로안,승용,남,65세,상해없음,보행자,여,56세,경상
2012041100100210,2012년 4월 11일 08시,수요일,부산광역시 남구 문현동,경상사고,0,0,1,0,차대차 - 기타,안전운전불이행,건조,맑음,교차로 - 교차로안,승용,기타불명,기타불명,기타불명,승용,미분류,기타불명,기타불명
2012041100100230,2012년 4월 11일 09시,수요일,부산광역시 서구 동대신동1가,경상사고,0,0,1,0,차대차 - 정면충돌,안전운전불이행,습기,비,단일로 - 기타,승용,남,44세,상해없음,승용,남,47세,경상
2012041100100231,2012년 4월 11일 09시,수요일,부산광역시 해운대구 우동,중상사고,0,1,0,0,차대차 - 측면직각충돌,신호위반,습기,비,교차로 - 교차로안,승용,남,40세,상해없음,승용,여,51세,중상
2012041100100232,2012년 4월 11일 09시,수요일,부산광역시 부산진구 전포동,중상사고,0,1,0,0,차대차 - 추돌 - 진행중,안전운전불이행,건조,맑음,교차로 - 교차로안,승용,남,58세,상해없음,이륜,남,63세,중상
2012041100100233,2012년 4월 11일 09시,수요일,부산광역시 사상구 모라동,중상사고,0,2,0,0,차대차 - 측면직각충돌,안전운전불이행,습기,비,단일로 - 기타,승용,남,51세,상해없음,승용,남,62세,중상
2012041100100234,2012년 4월 11일 09시,수요일,부산광역시 사상구 덕포동,경상사고,0,0,1,0,차대사람 - 기타,안전운전불이행,습기,비,단일로 - 기타,승용,여,33세,상해없음,보행자,여,9세,경상
2012041100100235,2012년 4월 11일 09시,수요일,부산광역시 기장군 정관면,중상사고,0,3,0,0,차대차 - 측면직각충돌,안전운전불이행,습기,비,교차로 - 교차로안,승용,남,43세,중상,승용,남,53세,중상
2012041100100259,2012년 4월 11일 10시,수요일,부산광역시 해운대구 우동,중상사고,0,1,0,0,차대차 - 추돌 - 주정차중,안전운전불이행,습기,비,단일로 - 기타,화물,남,36세,상해없음,승용,남,65세,상해없음
2012041100100260,2012년 4월 11일 10시,수요일,부산광역시 기장군 기장읍,경상사고,0,0,4,0,차대차 - 측면직각충돌,신호위반,습기,비,교차로 - 교차로안,승합,남,48세,상해없음,승용,여,28세,경상
2012041100100344,2012년 4월 11일 13시,수요일,부산광역시 영도구 신선동1가,중상사고,0,1,0,0,차대사람 - 길가장자리구역통행중,안전운전불이행,건조,맑음,단일로 - 기타,승용,남,63세,상해없음,보행자,여,62세,중상
2012041100100345,2012년 4월 11일 13시,수요일,부산광역시 강서구 대저1동,중상사고,0,1,0,0,차대사람 - 횡단중,안전운전불이행,건조,맑음,단일로 - 기타,화물,남,39세,상해없음,보행자,여,69세,중상
2012041100100376,2012년 4월 11일 14시,수요일,부산광역시 중구 부평동1가,중상사고,0,1,0,0,차대사람 - 횡단중,보행자보호의무위반,습기,비,단일로 - 횡단보도상,화물,남,44세,상해없음,보행자,여,23세,중상
2012041100100377,2012년 4월 11일 14시,수요일,부산광역시 남구 감만동,경상사고,0,0,1,0,차대사람 - 기타,안전운전불이행,건조,맑음,단일로 - 기타,원동기,기타불명,기타불명,기타불명,보행자,여,41세,경상
2012041100100378,2012년 4월 11일 14시,수요일,부산광역시 사하구 다대동,중상사고,0,1,0,0,차대사람 - 횡단중,안전운전불이행,건조,맑음,단일로 - 기타,승용,남,55세,상해없음,보행자,여,80세,중상
2012041100100379,2012년 4월 11일 14시,수요일,부산광역시 사상구 엄궁동,경상사고,0,0,2,0,차대차 - 기타,안전운전불이행,건조,맑음,단일로 - 기타,자전거,남,40세,경상,자전거,여,16세,경상
2012041100100409,2012년 4월 11일 15시,수요일,부산광역시 중구 중앙동5가,경상사고,0,0,1,0,차대차 - 추돌 - 주정차중,안전거리미확보,습기,비,단일로 - 기타,승합,남,54세,상해없음,승용,남,57세,상해없음
2012041100100410,2012년 4월 11일 15시,수요일,부산광역시 수영구 광안동,중상사고,0,1,0,0,차대차 - 기타,안전거리미확보,건조,맑음,단일로 - 기타,이륜,남,23세,기타불명,이륜,남,65세,중상
2012041100100411,2012년 4월 11일 15시,수요일,부산광역시 수영구 광안동,경상사고,0,0,1,0,차대사람 - 기타,안전운전불이행,습기,비,단일로 - 기타,승용,남,48세,상해없음,보행자,여,54세,경상
2012041100100412,2012년 4월 11일 15시,수요일,부산광역시 부산진구 부전동,경상사고,0,0,1,0,차대차 - 측면직각충돌,안전운전불이행,건조,맑음,단일로 - 기타,이륜,남,45세,상해없음,이륜,남,24세,경상
2012041100100413,2012년 4월 11일 15시,수요일,부산광역시 사상구 엄궁동,경상사고,0,0,1,0,차대차 - 추돌 - 주정차중,안전거리미확보,습기,비,단일로 - 기타,승용,남,53세,상해없음,승용,여,53세,상해없음
2012041100100414,2012년 4월 11일 15시,수요일,부산광역시 사상구 감전동,부상신고사고,0,0,0,1,차대사람 - 기타,안전운전불이행,습기,흐림,단일로 - 기타,승용,여,41세,상해없음,보행자,남,15세,부상신고
2012041100100474,2012년 4월 11일 17시,수요일,부산광역시 사하구 장림동,경상사고,0,0,4,0,차대차 - 측면직각충돌,안전운전불이행,건조,맑음,단일로 - 기타,원동기,남,22세,경상,승용,남,25세,경상