사고번호,사고일시,요일,시군구,사고내용,사망자수,중상자수,경상자수,부상신고자수,사고유형,법규위반,노면상태,기상상태,도로형태,가해운전자 차종,가해운전자 성별,가해운전자 연령,가해운전자 상해정도,피해운전자 차종,피해운전자 성별,피해운전자 연령,피해운전자 상해정도
2012041100100505,2012년 4월 11일 18시,수요일,부산광역시 동구 수정동,중상사고,0,1,0,0,차대사람 - 기타,안전운전불이행,건조,흐림,단일로 - 횡단보도상,승합,남,43세,상해없음,보행자,남,56세,중상
2012041100100506,2012년 4월 11일 18시,수요일,부산광역시 해운대구 반여동,중상사고,0,2,0,0,차대차 - 측면직각충돌,안전운전불이행,건조,맑음,교차로 - 교차로부근,승용,남,63세,상해없음,승용,여,38세,중상
2012041100100507,2012년 4월 11일 18시,수요일,부산광역시 사하구 다대동,중상사고,0,3,0,0,차대차 - 추돌 - 진행중,안전거리미확보,건조,맑음,단일로 - 기타,승용,남,49세,상해없음,승용,여,49세,중상
2012041100100538,2012년 4월 11일 19시,수요일,부산광역시 동래구 안락동,중상사고,0,1,0,0,차대사람 - 차도통행중,안전운전불이행,건조,맑음,단일로 - 기타,승용,남,62세,상해없음,보행자,여,55세,중상
2012041100100539,2012년 4월 11일 19시,수요일,부산광역시 연제구 연산동,경상사고,0,0,1,0,차대차 - 측면직각충돌,차로위반,건조,맑음,단일로 - 기타,승용,남,28세,상해없음,승합,남,54세,경상
2012041100100572,2012년 4월 11일 20시,수요일,부산광역시 영도구 봉래동1가,중상사고,0,1,1,0,차대차 - 기타,안전거리미확보,건조,맑음,기타 - 기타,승용,남,43세,상해없음,승용,남,65세,상해없음
2012041100100573,2012년 4월 11일 20시,수요일,부산광역시 해운대구 송정동,중상사고,0,2,0,0,차대차 - 추돌 - 주정차중,안전운전불이행,건조,맑음,교차로 - 교차로부근,승용,남,36세,중상,승합,남,56세,상해없음
2012041100100574,2012년 4월 11일 20시,수요일,부산광역시 부산진구 부전동,중상사고,0,1,1,0,차대사람 - 횡단중,안전운전불이행,기타,흐림,단일로 - 기타,승용,남,25세,상해없음,보행자,남,19세,중상
2012041100100606,2012년 4월 11일 21시,수요일,부산광역시 서구 암남동,경상사고,0,0,1,0,차대차 - 기타,안전거리미확보,건조,맑음,단일로 - 횡단보도부근,승용,남,51세,상해없음,원동기,남,24세,경상
2012041100100607,2012년 4월 11일 21시,수요일,부산광역시 동래구 사직동,경상사고,0,0,1,0,차대차 - 측면직각충돌,안전거리미확보,건조,맑음,단일로 - 기타,승용,남,28세,상해없음,승합,남,55세,상해없음
2012041100100608,2012년 4월 11일 21시,수요일,부산광역시 사하구 하단동,경상사고,0,0,1,0,차대사람 - 길가장자리구역통행중,안전운전불이행,건조,맑음,단일로 - 기타,승용,남,58세,상해없음,보행자,남,24세,경상
2012041200100002,2012년 4월 12일 00시,목요일,부산광역시 중구 부평동3가,부상신고사고,0,0,0,3,차대차 - 측면직각충돌,교차로운행방법위반,건조,맑음,교차로 - 교차로안,원동기,남,50세,부상신고,이륜,남,65세,부상신고
2012041200100017,2012년 4월 12일 01시,목요일,부산광역시 기장군 기장읍,경상사고,0,0,1,0,차대차 - 추돌 - 주정차중,안전운전불이행,건조,맑음,단일로 - 기타,승용,남,27세,상해없음,승용,남,57세,경상
2012041200100060,2012년 4월 12일 06시,목요일,부산광역시 서구 서대신동1가,중상사고,0,1,0,0,차대차 - 기타,안전거리미확보,건조,맑음,교차로 - 교차로부근,승용,남,52세,상해없음,원동기,남,57세,중상
2012041200100061,2012년 4월 12일 06시,목요일,부산광역시 사상구 감전동,중상사고,0,1,0,0,차대차 - 추돌 - 진행중,교차로운행방법위반,건조,맑음,교차로 - 교차로부근,화물,남,41세,상해없음,이륜,남,66세,중상
2012041200100072,2012년 4월 12일 07시,목요일,부산광역시 남구 용당동,중상사고,0,1,0,0,차대차 - 기타,교차로운행방법위반,건조,맑음,교차로 - 교차로안,승용,남,52세,상해없음,이륜,남,40세,중상
2012041200100073,2012년 4월 12일 07시,목요일,부산광역시 동래구 명륜동,중상사고,0,1,0,0,차대사람 - 차도통행중,안전운전불이행,건조,맑음,단일로 - 기타,승용,여,54세,상해없음,보행자,남,35세,중상
2012041200100074,2012년 4월 12일 07시,목요일,부산광역시 부산진구 가야동,경상사고,0,0,1,0,차대차 - 측면직각충돌,안전거리미확보,건조,맑음,교차로 - 교차로부근,화물,기타불명,기타불명,기타불명,원동기,남,31세,경상
2012041200100075,2012년 4월 12일 07시,목요일,부산광역시 사상구 괘법동,경상사고,0,0,1,0,차대차 - 측면직각충돌,안전거리미확보,건조,맑음,단일로 - 기타,화물,남,45세,상해없음,승용,여,29세,경상
2012041200100109,2012년 4월 12일 08시,목요일,부산광역시 동구 초량동,경상사고,0,0,1,0,차대차 - 기타,안전운전불이행,건조,맑음,단일로 - 기타,승용,남,72세,상해없음,화물,남,68세,기타불명
2012041200100110,2012년 4월 12일 08시,목요일,부산광역시 영도구 남항동1가,경상사고,0,0,1,0,차대차 - 기타,안전거리미확보,건조,맑음,단일로 - 기타,승용,남,51세,상해없음,승용,남,69세,경상
2012041200100111,2012년 4월 12일 08시,목요일,부산광역시 해운대구 좌동,중상사고,0,1,2,0,차대차 - 추돌 - 진행중,안전운전불이행,건조,맑음,단일로 - 기타,화물,남,63세,상해없음,승용,남,53세,중상
2012041200100112,2012년 4월 12일 08시,목요일,부산광역시 해운대구 좌동,중상사고,0,1,1,0,차대차 - 추돌 - 진행중,안전운전불이행,건조,맑음,교차로 - 교차로부근,승용,남,23세,상해없음,승용,남,56세,중상
2012041200100113,2012년 4월 12일 08시,목요일,부산광역시 해운대구 재송동,경상사고,0,0,1,0,차대차 - 기타,안전운전불이행,건조,맑음,교차로 - 교차로부근,기타불명,기타불명,기타불명,기타불명,승용,남,62세,경상
2012041200100148,2012년 4월 12일 09시,목요일,부산광역시 북구 덕천동,경상사고,0,0,1,0,차대사람 - 기타,안전운전불이행,건조,맑음,단일로 - 기타,원동기,남,67세,상해없음,보행자,여,49세,경상
2012041200100149,2012년 4월 12일 09시,목요일,부산광역시 사상구 삼락동,경상사고,0,0,1,0,차대차 - 추돌 - 진행중,안전거리미확보,건조,맑음,교차로 - 교차로안,승용,여,44세,상해없음,이륜,남,67세,경상
2012041200100179,2012년 4월 12일 10시,목요일,부산광역시 사하구 하단동,중상사고,0,1,0,0,차대차 - 측면직각충돌,신호위반,건조,맑음,교차로 - 교차로안,화물,남,63세,상해없음,승용,남,47세,중상
2012041200100180,2012년 4월 12일 10시,목요일,부산광역시 사하구 장림동,경상사고,0,0,1,0,차대차 - 측면직각충돌,안전운전불이행,건조,맑음,교차로 - 교차로부근,화물,남,44세,상해없음,이륜,남,27세,경상
2012041200100213,2012년 4월 12일 11시,목요일,부산광역시 동구 초량동,사망사고,1,0,0,0,차대사람 - 횡단중,안전운전불이행,건조,맑음,교차로 - 교차로안,화물,남,24세,상해없음,보행자,여,69세,사망
2012041200100214,2012년 4월 12일 11시,목요일,부산광역시 사하구 하단동,경상사고,0,0,2,0,차대차 - 추돌 - 진행중,안전거리미확보,건조,맑음,교차로 - 교차로안,건설기계,남,54세,상해없음,화물,남,38세,경상
2012041200100215,2012년 4월 12일 11시,목요일,부산광역시 연제구 연산동,중상사고,0,1,0,0,차대사람 - 횡단중,보행자보호의무위반,건조,맑음,교차로 - 교차로안,승용,여,44세,상해없음,보행자,남,67세,중상
2012041200100241,2012년 4월 12일 12시,목요일,부산광역시 부산진구 당감동,경상사고,0,0,1,0,차대차 - 측면직각충돌,안전거리미확보,건조,맑음,단일로 - 기타,승용,남,54세,상해없음,원동기,남,15세,경상
2012041200100242,2012년 4월 12일 12시,목요일,부산광역시 사상구 삼락동,경상사고,0,0,4,0,차대차 - 추돌 - 주정차중,안전거리미확보,건조,맑음,단일로 - 기타,승용,남,68세,상해없음,승용,여,35세,경상
2012041200100243,2012년 4월 12일 12시,목요일,부산광역시 사상구 엄궁동,경상사고,0,0,1,0,차대차 - 기타,안전운전불이행,건조,맑음,교차로 - 교차로안,화물,남,41세,상해없음,승용,남,43세,경상
2012041200100284,2012년 4월 12일 13시,목요일,부산광역시 동구 초량동,경상사고,0,0,1,0,차대차 - 기타,차로위반,건조,맑음,단일로 - 기타,승용,남,61세,경상,승용,남,63세,상해없음
2012041200100319,2012년 4월 12일 14시,목요일,부산광역시 영도구 청학동,중상사고,0,1,0,0,차대사람 - 길가장자리구역통행중,안전운전불이행,기타,기타,단일로 - 기타,승용,남,64세,상해없음,보행자,여,64세,중상
2012041200100345,2012년 4월 12일 15시,목요일,부산광역시 동구 범일동,중상사고,0,1,0,0,차대사람 - 횡단중,안전운전불이행,건조,맑음,단일로 - 기타,승합,남,54세,상해없음,보행자,여,73세,중상
2012041200100377,2012년 4월 12일 16시,목요일,부산광역시 기장군 정관면,중상사고,0,2,0,0,차대차 - 측면직각충돌,신호위반,건조,맑음,교차로 - 교차로안,승용,남,33세,상해없음,승용,남,57세,중상
2012041200100401,2012년 4월 12일 17시,목요일,부산광역시 동래구 온천동,중상사고,0,1,0,0,차대사람 - 횡단중,보행자보호의무위반,건조,맑음,단일로 - 횡단보도상,화물,남,53세,상해없음,보행자,남,8세,중상
2012041200100402,2012년 4월 12일 17시,목요일,부산광역시 동래구 명륜동,경상사고,0,0,1,0,차대차 - 기타,기타,건조,맑음,단일로 - 기타,승용,남,39세,상해없음,자전거,남,66세,경상
2012041200100403,2012년 4월 12일 17시,목요일,부산광역시 영도구 남항동3가,경상사고,0,0,1,0,차대사람 - 기타,안전운전불이행,건조,맑음,기타 - 기타,승용,여,57세,상해없음,보행자,남,19세,경상
2012041200100404,2012년 4월 12일 17시,목요일,부산광역시 사하구 구평동,중상사고,0,1,0,0,차대차 - 정면충돌,중앙선침범,건조,맑음,교차로 - 교차로부근,승용,남,56세,상해없음,승용,남,53세,중상
2012041200100405,2012년 4월 12일 17시,목요일,부산광역시 강서구 미음동,부상신고사고,0,0,0,1,차대차 - 측면직각충돌,안전운전불이행,건조,맑음,교차로 - 교차로부근,승용,남,32세,상해없음,특수,남,56세,상해없음
2012041200100406,2012년 4월 12일 17시,목요일,부산광역시 기장군 정관면,경상사고,0,0,1,0,차대차 - 추돌 - 주정차중,안전운전불이행,건조,맑음,단일로 - 기타,원동기,남,24세,상해없음,승합,남,41세,경상
2012041200100435,2012년 4월 12일 18시,목요일,부산광역시 사하구 괴정동,경상사고,0,0,1,0,차대차 - 기타,중앙선침범,건조,맑음,교차로 - 교차로부근,승용,남,65세,상해없음,승합,남,43세,상해없음
2012041200100487,2012년 4월 12일 19시,목요일,부산광역시 부산진구 부전동,중상사고,0,1,0,0,차대차 - 측면직각충돌,신호위반,건조,맑음,교차로 - 교차로안,이륜,남,22세,상해없음,이륜,남,42세,중상
2012041200100488,2012년 4월 12일 19시,목요일,부산광역시 강서구 대저1동,중상사고,0,2,0,0,차대차 - 추돌 - 주정차중,안전운전불이행,건조,맑음,단일로 - 기타,승용,남,35세,상해없음,승용,남,38세,중상
2012041200100489,2012년 4월 12일 19시,목요일,부산광역시 기장군 장안읍,경상사고,0,0,1,0,차대차 - 추돌 - 주정차중,안전거리미확보,건조,맑음,교차로 - 교차로부근,화물,남,44세,상해없음,승용,남,33세,경상
2012041200100524,2012년 4월 12일 20시,목요일,부산광역시 북구 덕천동,경상사고,0,0,2,0,차대차 - 추돌 - 진행중,안전거리미확보,건조,맑음,단일로 - 기타,승용,남,60세,상해없음,승용,남,35세,상해없음
2012041200100525,2012년 4월 12일 20시,목요일,부산광역시 해운대구 반송동,경상사고,0,0,1,0,차대사람 - 횡단중,보행자보호의무위반,건조,맑음,교차로 - 교차로부근,승용,남,49세,상해없음,보행자,남,47세,경상
2012041200100555,2012년 4월 12일 21시,목요일,부산광역시 북구 화명동,경상사고,0,0,1,0,차대사람 - 차도통행중,안전운전불이행,건조,맑음,단일로 - 기타,승용,여,43세,상해없음,보행자,남,36세,경상
2012041200100589,2012년 4월 12일 22시,목요일,부산광역시 남구 문현동,경상사고,0,0,1,0,차대사람 - 길가장자리구역통행중,안전운전불이행,건조,맑음,단일로 - 기타,승용,남,74세,상해없음,보행자,남,17세,경상
2012041200100590,2012년 4월 12일 22시,목요일,부산광역시 동래구 낙민동,경상사고,0,0,1,1,차대차 - 측면직각충돌,안전거리미확보,건조,맑음,단일로 - 기타,승용,남,51세,상해없음,승용,남,54세,경상
2012041200100591,2012년 4월 12일 22시,목요일,부산광역시 사상구 괘법동,중상사고,0,1,0,0,차대사람 - 길가장자리구역통행중,안전운전불이행,건조,맑음,교차로 - 교차로부근,승용,남,63세,상해없음,보행자,여,42세,중상
2012041200100615,2012년 4월 12일 23시,목요일,부산광역시 사하구 다대동,경상사고,0,0,1,0,차대차 - 추돌 - 주정차중,안전거리미확보,건조,맑음,교차로 - 교차로부근,승용,남,40세,상해없음,승용,여,42세,경상
2012041300100002,2012년 4월 13일 00시,금요일,부산광역시 해운대구 반여동,중상사고,0,2,0,0,차대차 - 측면직각충돌,교차로운행방법위반,건조,맑음,교차로 - 교차로안,승용,남,30세,상해없음,승용,남,56세,상해없음
2012041300100020,2012년 4월 13일 01시,금요일,부산광역시 북구 만덕동,중상사고,0,1,0,0,차대사람 - 기타,안전운전불이행,건조,맑음,기타 - 기타,기타불명,기타불명,기타불명,기타불명,보행자,남,19세,중상
2012041300100021,2012년 4월 13일 01시,금요일,부산광역시 부산진구 양정동,경상사고,0,0,4,0,차대차 - 추돌 - 주정차중,안전운전불이행,건조,맑음,단일로 - 기타,화물,남,27세,상해없음,승용,남,58세,경상
2012041300100086,2012년 4월 13일 06시,금요일,부산광역시 남구 문현동,경상사고,0,0,3,0,차대차 - 기타,교차로운행방법위반,건조,맑음,교차로 - 교차로안,승용,여,44세,상해없음,승용,남,55세,경상
2012041300100125,2012년 4월 13일 08시,금요일,부산광역시 금정구 금사동,경상사고,0,0,1,1,차대차 - 측면직각충돌,교차로운행방법위반,건조,맑음,교차로 - 교차로안,승용,여,44세,경상,승합,남,57세,부상신고
2012041300100158,2012년 4월 13일 09시,금요일,부산광역시 해운대구 우동,경상사고,0,0,1,1,차대차 - 추돌 - 주정차중,안전운전불이행,건조,맑음,단일로 - 기타,승용,남,27세,상해없음,승용,여,32세,부상신고
2012041300100159,2012년 4월 13일 09시,금요일,부산광역시 금정구 노포동,경상사고,0,0,1,0,차대차 - 측면직각충돌,안전거리미확보,건조,맑음,교차로 - 교차로안,승용,남,22세,상해없음,이륜,남,58세,경상
2012041300100202,2012년 4월 13일 11시,금요일,부산광역시 남구 문현동,중상사고,0,1,0,0,차대차 - 측면직각충돌,안전운전불이행,습기,비,교차로 - 교차로안,승용,남,48세,상해없음,이륜,남,39세,중상
2012041300100203,2012년 4월 13일 11시,금요일,부산광역시 수영구 광안동,중상사고,0,1,0,0,차대사람 - 기타,안전운전불이행,습기,비,단일로 - 기타,승용,여,66세,상해없음,보행자,여,75세,중상
2012041300100204,2012년 4월 13일 11시,금요일,부산광역시 해운대구 우동,경상사고,0,0,1,1,차대차 - 측면직각충돌,신호위반,습기,흐림,교차로 - 교차로안,승용,남,74세,상해없음,승용,여,32세,경상
2012041300100205,2012년 4월 13일 11시,금요일,부산광역시 기장군 기장읍,경상사고,0,0,1,0,차대차 - 측면직각충돌,안전운전불이행,건조,맑음,단일로 - 기타,이륜,여,63세,경상,승용,여,49세,상해없음
2012041300100225,2012년 4월 13일 12시,금요일,부산광역시 수영구 남천동,경상사고,0,0,2,1,차대차 - 측면직각충돌,안전운전불이행,습기,비,교차로 - 교차로안,승용,여,32세,부상신고,승용,남,37세,경상
2012041300100226,2012년 4월 13일 12시,금요일,부산광역시 사하구 하단동,중상사고,0,1,0,0,차대차 - 정면충돌,중앙선침범,습기,흐림,단일로 - 기타,승용,남,66세,상해없음,승용,남,36세,중상
2012041300100227,2012년 4월 13일 12시,금요일,부산광역시 강서구 범방동,중상사고,0,1,0,0,차대차 - 측면직각충돌,신호위반,습기,흐림,교차로 - 교차로안,화물,남,43세,상해없음,승용,남,28세,중상
2012041300100247,2012년 4월 13일 13시,금요일,부산광역시 남구 용당동,경상사고,0,0,1,0,차대차 - 측면직각충돌,안전운전불이행,건조,맑음,교차로 - 교차로안,승합,남,58세,기타불명,승용,여,36세,경상
2012041300100248,2012년 4월 13일 13시,금요일,부산광역시 해운대구 반여동,중상사고,0,1,0,0,차대사람 - 횡단중,안전운전불이행,건조,맑음,단일로 - 횡단보도상,승용,남,47세,상해없음,보행자,여,34세,중상
2012041300100280,2012년 4월 13일 14시,금요일,부산광역시 강서구 명지동,경상사고,0,0,1,0,차대차 - 추돌 - 주정차중,안전운전불이행,습기,비,교차로 - 교차로부근,화물,남,53세,상해없음,승용,여,45세,경상
2012041300100281,2012년 4월 13일 14시,금요일,부산광역시 사상구 삼락동,경상사고,0,0,1,0,차대차 - 측면직각충돌,안전거리미확보,습기,비,단일로 - 기타,승용,남,61세,상해없음,이륜,남,49세,경상
2012041300100282,2012년 4월 13일 14시,금요일,부산광역시 기장군 장안읍,경상사고,0,0,1,0,차대차 - 측면직각충돌,안전운전불이행,건조,맑음,단일로 - 기타,화물,남,62세,상해없음,화물,남,54세,경상
2012041300100309,2012년 4월 13일 15시,금요일,부산광역시 동래구 명륜동,중상사고,0,1,0,0,차대사람 - 횡단중,기타,습기,비,단일로 - 기타,승합,남,43세,상해없음,보행자,남,73세,중상
2012041300100310,2012년 4월 13일 15시,금요일,부산광역시 금정구 남산동,경상사고,0,0,1,0,차대차 - 기타,안전운전불이행,습기,비,단일로 - 기타,승용,남,50세,상해없음,이륜,남,55세,경상
2012041300100335,2012년 4월 13일 16시,금요일,부산광역시 북구 만덕동,중상사고,0,1,0,0,차대차 - 측면직각충돌,신호위반,습기,비,교차로 - 교차로안,승용,남,57세,상해없음,이륜,남,59세,중상
2012041300100364,2012년 4월 13일 17시,금요일,부산광역시 남구 용호동,부상신고사고,0,0,0,1,차대사람 - 기타,기타,건조,맑음,단일로 - 기타,승용,여,37세,상해없음,보행자,남,6세,부상신고
2012041300100365,2012년 4월 13일 17시,금요일,부산광역시 해운대구 재송동,경상사고,0,0,1,0,차대차 - 측면직각충돌,안전운전불이행,건조,맑음,단일로 - 기타,자전거,남,30세,경상,특수,남,50세,상해없음
2012041300100366,2012년 4월 13일 17시,금요일,부산광역시 사상구 감전동,중상사고,0,2,0,0,차대차 - 측면직각충돌,신호위반,건조,맑음,교차로 - 교차로안,화물,남,30세,상해없음,승용,남,54세,중상
2012041300100398,2012년 4월 13일 18시,금요일,부산광역시 북구 화명동,중상사고,0,1,1,0,차대사람 - 보도통행중,안전운전불이행,건조,맑음,기타 - 기타,이륜,기타불명,기타불명,기타불명,보행자,남,18세,중상
2012041300100399,2012년 4월 13일 18시,금요일,부산광역시 금정구 회동동,경상사고,0,0,1,0,차대차 - 추돌 - 주정차중,안전운전불이행,습기,비,단일로 - 기타,승용,남,31세,상해없음,승용,여,36세,상해없음
2012041300100400,2012년 4월 13일 18시,금요일,부산광역시 강서구 녹산동,경상사고,0,0,1,0,차대차 - 추돌 - 주정차중,안전거리미확보,습기,비,단일로 - 기타,화물,남,49세,상해없음,승용,남,65세,상해없음
2012041300100401,2012년 4월 13일 18시,금요일,부산광역시 사상구 감전동,중상사고,0,1,0,0,차대차 - 측면직각충돌,안전거리미확보,습기,비,단일로 - 기타,원동기,남,43세,중상,승용,남,37세,상해없음
2012041300100428,2012년 4월 13일 19시,금요일,부산광역시 동래구 안락동,경상사고,0,0,1,0,차대사람 - 횡단중,안전운전불이행,건조,맑음,단일로 - 기타,화물,남,30세,상해없음,보행자,여,64세,경상
2012041300100429,2012년 4월 13일 19시,금요일,부산광역시 해운대구 좌동,경상사고,0,0,1,0,차대사람 - 보도통행중,안전운전불이행,건조,흐림,단일로 - 기타,승용,남,52세,상해없음,보행자,여,47세,경상
2012041300100469,2012년 4월 13일 20시,금요일,부산광역시 남구 대연동,경상사고,0,0,1,0,차대차 - 추돌 - 진행중,안전운전불이행,건조,맑음,단일로 - 기타,승용,남,36세,상해없음,승용,여,49세,경상
2012041300100470,2012년 4월 13일 20시,금요일,부산광역시 북구 구포동,경상사고,0,0,5,1,차대차 - 추돌 - 주정차중,안전운전불이행,건조,맑음,단일로 - 교량,승용,남,42세,상해없음,승용,남,53세,경상
2012041300100471,2012년 4월 13일 20시,금요일,부산광역시 수영구 수영동,경상사고,0,0,1,0,차대차 - 측면직각충돌,안전운전불이행,건조,맑음,단일로 - 기타,승용,남,57세,상해없음,이륜,남,34세,경상
2012041300100516,2012년 4월 13일 21시,금요일,부산광역시 부산진구 부전동,경상사고,0,0,1,0,차대차 - 측면직각충돌,신호위반,건조,맑음,교차로 - 교차로안,승용,여,47세,상해없음,원동기,남,53세,경상
2012041300100517,2012년 4월 13일 21시,금요일,부산광역시 사하구 하단동,중상사고,0,1,0,0,차대차 - 측면직각충돌,안전운전불이행,건조,맑음,교차로 - 교차로안,승합,남,70세,상해없음,승용,여,40세,중상
2012041400100006,2012년 4월 14일 00시,토요일,부산광역시 해운대구 반여동,중상사고,0,1,0,0,차대차 - 측면직각충돌,직진우회전진행방해,건조,맑음,교차로 - 교차로안,승용,남,35세,상해없음,이륜,남,17세,중상
2012041400100022,2012년 4월 14일 01시,토요일,부산광역시 북구 구포동,중상사고,0,2,0,0,차대차 - 추돌 - 주정차중,안전운전불이행,건조,맑음,교차로 - 교차로부근,승용,남,33세,상해없음,승용,남,56세,중상
2012041400100023,2012년 4월 14일 01시,토요일,부산광역시 강서구 강동동,경상사고,0,0,2,0,차대차 - 정면충돌,중앙선침범,건조,맑음,단일로 - 기타,승용,여,32세,상해없음,승용,남,50세,경상
2012041400100045,2012년 4월 14일 02시,토요일,부산광역시 연제구 연산동,중상사고,0,1,1,0,차대사람 - 기타,안전운전불이행,건조,맑음,단일로 - 기타,승용,남,61세,상해없음,보행자,남,46세,중상
2012041400100046,2012년 4월 14일 02시,토요일,부산광역시 기장군 장안읍,중상사고,0,1,3,1,차량단독 - 공작물충돌,안전운전불이행,습기,비,교차로 - 교차로안,승용,남,26세,경상,,,,
2012041400100065,2012년 4월 14일 03시,토요일,부산광역시 연제구 연산동,중상사고,0,4,2,0,차대차 - 기타,안전운전불이행,습기,비,기타 - 기타,승용,남,18세,상해없음,승용,남,58세,중상
2012041400100103,2012년 4월 14일 05시,토요일,부산광역시 동구 초량동,중상사고,0,1,2,0,차대차 - 정면충돌,중앙선침범,건조,맑음,단일로 - 기타,승용,남,32세,경상,승합,남,42세,경상
2012041400100112,2012년 4월 14일 06시,토요일,부산광역시 부산진구 부암동,중상사고,0,1,0,0,차대사람 - 횡단중,보행자보호의무위반,건조,맑음,단일로 - 횡단보도상,승용,남,65세,상해없음,보행자,여,65세,중상
2012041400100129,2012년 4월 14일 07시,토요일,부산광역시 강서구 대저1동,중상사고,0,1,1,0,차대차 - 추돌 - 진행중,안전운전불이행,건조,맑음,단일로 - 기타,승용,여,30세,상해없음,이륜,남,65세,경상
2012041400100143,2012년 4월 14일 08시,토요일,부산광역시 사하구 하단동,부상신고사고,0,0,0,1,차대사람 - 횡단중,안전운전불이행,건조,맑음,단일로 - 기타,승용,남,44세,상해없음,보행자,남,62세,부상신고
2012041400100172,2012년 4월 14일 09시,토요일,부산광역시 사하구 하단동,중상사고,0,1,0,0,차대차 - 기타,안전운전불이행,건조,맑음,교차로 - 교차로안,승용,남,37세,상해없음,원동기,여,51세,중상
2012041400100190,2012년 4월 14일 10시,토요일,부산광역시 남구 문현동,경상사고,0,0,1,1,차대차 - 추돌 - 주정차중,안전거리미확보,건조,맑음,단일로 - 터널,화물,남,55세,부상신고,승용,남,40세,경상
2012041400100191,2012년 4월 14일 10시,토요일,부산광역시 사하구 신평동,경상사고,0,0,1,0,차대사람 - 기타,안전운전불이행,건조,맑음,교차로 - 교차로부근,화물,남,32세,상해없음,보행자,남,61세,경상
2012041400100221,2012년 4월 14일 11시,토요일,부산광역시 사상구 감전동,중상사고,0,1,0,0,차대사람 - 횡단중,보행자보호의무위반,건조,맑음,교차로 - 교차로부근,승용,남,59세,상해없음,보행자,여,30세,중상
2012041400100257,2012년 4월 14일 12시,토요일,부산광역시 부산진구 부전동,경상사고,0,0,2,0,차대차 - 기타,중앙선침범,건조,맑음,단일로 - 기타,승용,남,28세,상해없음,승용,남,64세,경상
2012041400100258,2012년 4월 14일 12시,토요일,부산광역시 부산진구 당감동,중상사고,0,1,0,0,차대차 - 기타,안전운전불이행,건조,맑음,교차로 - 교차로안,승용,여,61세,상해없음,이륜,남,29세,중상
2012041400100259,2012년 4월 14일 12시,토요일,부산광역시 금정구 남산동,중상사고,0,1,0,0,차대사람 - 기타,기타,건조,맑음,단일로 - 기타,이륜,남,33세,상해없음,보행자,남,4세,중상
2012041400100307,2012년 4월 14일 13시,토요일,부산광역시 영도구 대교동1가,경상사고,0,0,1,0,차대차 - 기타,안전거리미확보,건조,맑음,단일로 - 기타,승용,남,56세,상해없음,승용,남,44세,경상
2012041400100308,2012년 4월 14일 13시,토요일,부산광역시 해운대구 우동,경상사고,0,0,2,0,차대차 - 정면충돌,안전운전불이행,건조,맑음,교차로 - 교차로안,화물,남,33세,상해없음,승용,남,47세,경상
2012041400100309,2012년 4월 14일 13시,토요일,부산광역시 해운대구 우동,경상사고,0,0,1,0,차대차 - 추돌 - 주정차중,안전운전불이행,건조,맑음,교차로 - 교차로안,승용,남,58세,상해없음,승용,남,39세,경상
2012041400100310,2012년 4월 14일 13시,토요일,부산광역시 부산진구 부암동,경상사고,0,0,1,0,차대사람 - 기타,안전운전불이행,건조,맑음,단일로 - 기타,승용,여,34세,상해없음,보행자,남,69세,경상
2012041400100311,2012년 4월 14일 13시,토요일,부산광역시 연제구 연산동,경상사고,0,0,1,0,차대사람 - 길가장자리구역통행중,안전운전불이행,건조,맑음,단일로 - 기타,승용,남,23세,상해없음,보행자,여,13세,경상
2012041400100356,2012년 4월 14일 14시,토요일,부산광역시 영도구 동삼동,경상사고,0,0,1,0,차대사람 - 기타,안전운전불이행,건조,맑음,교차로 - 교차로부근,화물,남,39세,상해없음,보행자,여,35세,경상
2012041400100357,2012년 4월 14일 14시,토요일,부산광역시 해운대구 반여동,경상사고,0,0,1,0,차대차 - 추돌 - 진행중,차로위반,건조,맑음,단일로 - 기타,승용,남,26세,상해없음,승용,남,33세,상해없음
2012041400100358,2012년 4월 14일 14시,토요일,부산광역시 해운대구 반여동,중상사고,0,1,0,0,차대사람 - 기타,안전운전불이행,기타,맑음,기타 - 기타,건설기계,남,32세,기타불명,보행자,여,51세,중상
2012041400100400,2012년 4월 14일 15시,토요일,부산광역시 해운대구 우동,경상사고,0,0,2,0,차대차 - 정면충돌,직진우회전진행방해,건조,맑음,교차로 - 교차로안,승용,남,41세,상해없음,승용,남,71세,경상
2012041400100401,2012년 4월 14일 15시,토요일,부산광역시 금정구 부곡동,경상사고,0,0,1,0,차대사람 - 기타,안전운전불이행,건조,맑음,단일로 - 기타,승용,여,34세,상해없음,보행자,남,15세,경상
2012041400100431,2012년 4월 14일 16시,토요일,부산광역시 해운대구 중동,경상사고,0,0,1,0,차대사람 - 기타,안전운전불이행,건조,맑음,단일로 - 기타,승용,남,31세,상해없음,보행자,남,2세,경상
2012041400100432,2012년 4월 14일 16시,토요일,부산광역시 사하구 다대동,중상사고,0,1,0,0,차대사람 - 횡단중,안전운전불이행,건조,맑음,단일로 - 기타,승용,남,61세,상해없음,보행자,남,4세,중상
2012041400100433,2012년 4월 14일 16시,토요일,부산광역시 사하구 장림동,경상사고,0,0,1,0,차대차 - 추돌 - 주정차중,안전운전불이행,건조,맑음,단일로 - 기타,원동기,기타불명,기타불명,기타불명,승용,여,44세,기타불명