사고번호,사고일시,요일,시군구,사고내용,사망자수,중상자수,경상자수,부상신고자수,사고유형,법규위반,노면상태,기상상태,도로형태,가해운전자 차종,가해운전자 성별,가해운전자 연령,가해운전자 상해정도,피해운전자 차종,피해운전자 성별,피해운전자 연령,피해운전자 상해정도
2012041400100434,2012년 4월 14일 16시,토요일,부산광역시 사상구 학장동,경상사고,0,0,1,0,차대차 - 측면직각충돌,신호위반,건조,기타,교차로 - 교차로안,승용,여,35세,상해없음,승용,여,36세,경상
2012041400100435,2012년 4월 14일 16시,토요일,부산광역시 기장군 철마면,경상사고,0,0,2,3,차대차 - 측면직각충돌,안전운전불이행,건조,맑음,교차로 - 교차로부근,승용,남,64세,상해없음,승용,남,32세,경상
2012041400100476,2012년 4월 14일 17시,토요일,부산광역시 중구 부평동3가,중상사고,0,1,0,0,차대사람 - 기타,안전운전불이행,건조,맑음,단일로 - 횡단보도상,승용,남,57세,상해없음,보행자,여,57세,중상
2012041400100517,2012년 4월 14일 18시,토요일,부산광역시 부산진구 개금동,중상사고,0,1,0,0,차대차 - 추돌 - 진행중,안전운전불이행,건조,맑음,교차로 - 교차로부근,승용,남,52세,상해없음,이륜,남,17세,중상
2012041400100556,2012년 4월 14일 19시,토요일,부산광역시 중구 보수동1가,경상사고,0,0,1,0,차대사람 - 차도통행중,안전운전불이행,건조,맑음,교차로 - 교차로안,승용,남,41세,기타불명,보행자,남,39세,경상
2012041400100557,2012년 4월 14일 19시,토요일,부산광역시 동구 좌천동,중상사고,0,1,0,0,차대사람 - 횡단중,안전운전불이행,건조,맑음,교차로 - 교차로부근,화물,남,71세,상해없음,보행자,여,56세,중상
2012041400100558,2012년 4월 14일 19시,토요일,부산광역시 연제구 연산동,경상사고,0,0,1,0,차대차 - 측면직각충돌,교차로운행방법위반,건조,맑음,교차로 - 교차로안,승용,남,49세,상해없음,이륜,남,23세,경상
2012041400100610,2012년 4월 14일 20시,토요일,부산광역시 남구 대연동,중상사고,0,1,1,0,차대사람 - 횡단중,안전운전불이행,건조,맑음,단일로 - 횡단보도상,이륜,남,47세,상해없음,보행자,남,45세,경상
2012041400100611,2012년 4월 14일 20시,토요일,부산광역시 남구 대연동,중상사고,0,1,1,0,차대차 - 측면직각충돌,안전거리미확보,건조,맑음,단일로 - 기타,승용,여,28세,상해없음,승용,여,56세,상해없음
2012041400100612,2012년 4월 14일 20시,토요일,부산광역시 동래구 사직동,중상사고,0,1,0,0,차대사람 - 횡단중,보행자보호의무위반,건조,맑음,단일로 - 횡단보도상,원동기,기타불명,기타불명,기타불명,보행자,남,5세,중상
2012041400100643,2012년 4월 14일 21시,토요일,부산광역시 동래구 명장동,경상사고,0,0,1,0,차대차 - 측면직각충돌,안전거리미확보,건조,맑음,단일로 - 기타,화물,남,45세,상해없음,승용,여,50세,경상
2012041400100644,2012년 4월 14일 21시,토요일,부산광역시 해운대구 반여동,경상사고,0,0,3,0,차대차 - 추돌 - 주정차중,안전거리미확보,건조,맑음,교차로 - 교차로부근,승용,남,33세,상해없음,승용,남,27세,경상
2012041400100645,2012년 4월 14일 21시,토요일,부산광역시 금정구 구서동,중상사고,0,1,0,0,차대사람 - 횡단중,보행자보호의무위반,건조,맑음,단일로 - 횡단보도상,이륜,남,24세,상해없음,보행자,여,47세,중상
2012041500100008,2012년 4월 15일 00시,일요일,부산광역시 남구 대연동,경상사고,0,0,1,0,차대차 - 측면직각충돌,안전운전불이행,건조,맑음,단일로 - 기타,이륜,남,17세,상해없음,승용,남,21세,경상
2012041500100034,2012년 4월 15일 01시,일요일,부산광역시 동구 수정동,경상사고,0,0,1,0,차대사람 - 기타,안전운전불이행,건조,맑음,단일로 - 횡단보도부근,승용,남,59세,상해없음,보행자,남,26세,경상
2012041500100035,2012년 4월 15일 01시,일요일,부산광역시 동구 초량동,중상사고,0,1,1,0,차대차 - 추돌 - 진행중,교차로운행방법위반,건조,맑음,교차로 - 교차로안,승용,남,51세,상해없음,승용,남,19세,중상
2012041500100036,2012년 4월 15일 01시,일요일,부산광역시 사하구 당리동,중상사고,0,1,0,0,차대차 - 측면직각충돌,안전거리미확보,건조,맑음,단일로 - 기타,승용,남,48세,상해없음,이륜,남,17세,중상
2012041500100066,2012년 4월 15일 02시,일요일,부산광역시 부산진구 전포동,경상사고,0,0,1,1,차대차 - 추돌 - 진행중,안전거리미확보,건조,맑음,단일로 - 기타,이륜,남,29세,경상,승용,남,58세,상해없음
2012041500100067,2012년 4월 15일 02시,일요일,부산광역시 사하구 괴정동,중상사고,0,1,0,0,차대사람 - 횡단중,안전운전불이행,건조,맑음,단일로 - 횡단보도부근,승용,남,64세,상해없음,보행자,남,57세,중상
2012041500100086,2012년 4월 15일 03시,일요일,부산광역시 동래구 명륜동,경상사고,0,0,1,0,차대사람 - 차도통행중,안전운전불이행,건조,맑음,단일로 - 기타,승용,남,20세,상해없음,보행자,남,36세,경상
2012041500100087,2012년 4월 15일 03시,일요일,부산광역시 해운대구 재송동,중상사고,0,1,0,0,차대차 - 측면직각충돌,신호위반,건조,맑음,교차로 - 교차로안,승용,남,40세,상해없음,승용,남,50세,중상
2012041500100088,2012년 4월 15일 03시,일요일,부산광역시 사하구 신평동,경상사고,0,0,1,0,차대차 - 추돌 - 진행중,안전운전불이행,건조,맑음,단일로 - 기타,승용,남,90세 이상,상해없음,승용,남,32세,경상
2012041500100102,2012년 4월 15일 04시,일요일,부산광역시 사하구 괴정동,중상사고,0,1,2,0,차대차 - 정면충돌,중앙선침범,건조,맑음,단일로 - 기타,승용,남,53세,상해없음,승용,남,57세,경상
2012041500100116,2012년 4월 15일 05시,일요일,부산광역시 수영구 남천동,중상사고,0,2,0,0,차대차 - 정면충돌,중앙선침범,건조,맑음,단일로 - 기타,승용,남,20세,상해없음,화물,남,39세,중상
2012041500100117,2012년 4월 15일 05시,일요일,부산광역시 강서구 명지동,중상사고,0,1,0,0,차대차 - 측면직각충돌,안전운전불이행,건조,맑음,교차로 - 교차로안,화물,남,58세,상해없음,화물,남,57세,중상
2012041500100125,2012년 4월 15일 06시,일요일,부산광역시 연제구 연산동,중상사고,0,1,0,0,차대사람 - 보도통행중,안전운전불이행,건조,맑음,단일로 - 기타,승용,남,27세,상해없음,보행자,여,41세,중상
2012041500100150,2012년 4월 15일 08시,일요일,부산광역시 기장군 정관면,경상사고,0,0,1,0,차대차 - 추돌 - 진행중,안전운전불이행,건조,맑음,단일로 - 기타,승용,남,32세,기타불명,화물,남,62세,경상
2012041500100163,2012년 4월 15일 09시,일요일,부산광역시 남구 대연동,경상사고,0,0,1,0,차대사람 - 기타,안전운전불이행,건조,맑음,단일로 - 기타,승용,기타불명,기타불명,기타불명,보행자,남,7세,경상
2012041500100164,2012년 4월 15일 09시,일요일,부산광역시 동래구 복천동,중상사고,0,1,0,0,차대사람 - 기타,안전운전불이행,건조,맑음,단일로 - 횡단보도부근,승합,남,57세,상해없음,보행자,남,5세,중상
2012041500100202,2012년 4월 15일 11시,일요일,부산광역시 해운대구 재송동,중상사고,0,2,0,0,차대차 - 측면직각충돌,교차로운행방법위반,건조,맑음,교차로 - 교차로안,화물,남,41세,상해없음,원동기,남,16세,중상
2012041500100223,2012년 4월 15일 12시,일요일,부산광역시 남구 대연동,경상사고,0,0,1,0,차대차 - 추돌 - 진행중,안전운전불이행,건조,맑음,단일로 - 터널,승용,남,35세,상해없음,승용,남,27세,상해없음
2012041500100224,2012년 4월 15일 12시,일요일,부산광역시 남구 문현동,중상사고,0,1,0,0,차대사람 - 기타,기타,건조,맑음,단일로 - 기타,승합,남,49세,상해없음,보행자,여,79세,중상
2012041500100225,2012년 4월 15일 12시,일요일,부산광역시 강서구 대저2동,중상사고,0,1,0,0,차대차 - 기타,교차로운행방법위반,건조,맑음,교차로 - 교차로안,화물,남,49세,상해없음,이륜,남,51세,중상
2012041500100226,2012년 4월 15일 12시,일요일,부산광역시 강서구 대저1동,중상사고,0,1,2,0,차대차 - 추돌 - 진행중,안전운전불이행,건조,맑음,단일로 - 기타,승용,남,62세,상해없음,승용,여,42세,경상
2012041500100227,2012년 4월 15일 12시,일요일,부산광역시 기장군 철마면,부상신고사고,0,0,0,1,차대차 - 기타,교차로운행방법위반,건조,맑음,단일로 - 기타,승용,남,43세,상해없음,이륜,남,52세,부상신고
2012041500100280,2012년 4월 15일 14시,일요일,부산광역시 수영구 남천동,중상사고,0,1,0,0,차대사람 - 횡단중,안전운전불이행,건조,맑음,교차로 - 교차로안,승용,여,44세,상해없음,보행자,여,58세,중상
2012041500100281,2012년 4월 15일 14시,일요일,부산광역시 남구 용호동,중상사고,0,1,1,0,차대차 - 추돌 - 주정차중,안전거리미확보,건조,맑음,단일로 - 기타,승용,여,59세,상해없음,승용,여,48세,중상
2012041500100282,2012년 4월 15일 14시,일요일,부산광역시 사상구 엄궁동,중상사고,0,1,0,0,차대차 - 측면직각충돌,안전운전불이행,건조,맑음,단일로 - 기타,승용,남,31세,상해없음,자전거,남,44세,중상
2012041500100309,2012년 4월 15일 15시,일요일,부산광역시 수영구 남천동,중상사고,0,1,0,0,차대차 - 기타,안전거리미확보,건조,맑음,교차로 - 교차로부근,승용,여,39세,상해없음,승합,남,39세,상해없음
2012041500100310,2012년 4월 15일 15시,일요일,부산광역시 북구 구포동,경상사고,0,0,1,0,차대차 - 기타,안전운전불이행,건조,맑음,단일로 - 기타,화물,남,53세,상해없음,이륜,남,25세,경상
2012041500100311,2012년 4월 15일 15시,일요일,부산광역시 영도구 청학동,경상사고,0,0,1,0,차대사람 - 기타,안전운전불이행,건조,맑음,단일로 - 기타,승용,여,52세,상해없음,보행자,남,56세,경상
2012041500100312,2012년 4월 15일 15시,일요일,부산광역시 해운대구 좌동,중상사고,0,1,1,0,차대차 - 추돌 - 주정차중,안전운전불이행,건조,맑음,단일로 - 터널,승용,여,53세,상해없음,원동기,남,17세,중상
2012041500100313,2012년 4월 15일 15시,일요일,부산광역시 사상구 괘법동,경상사고,0,0,1,0,차대차 - 추돌 - 주정차중,안전운전불이행,건조,맑음,교차로 - 교차로안,승용,남,50세,경상,승용,남,60세,상해없음
2012041500100343,2012년 4월 15일 16시,일요일,부산광역시 부산진구 범천동,중상사고,0,1,0,0,차대차 - 추돌 - 진행중,안전거리미확보,건조,맑음,교차로 - 교차로부근,승용,여,37세,상해없음,승용,여,41세,중상
2012041500100344,2012년 4월 15일 16시,일요일,부산광역시 사하구 다대동,중상사고,0,1,0,0,차대사람 - 기타,신호위반,건조,맑음,단일로 - 횡단보도상,승용,남,32세,상해없음,보행자,남,8세,중상
2012041500100345,2012년 4월 15일 16시,일요일,부산광역시 사상구 학장동,중상사고,0,3,0,0,차대차 - 추돌 - 주정차중,기타,건조,맑음,교차로 - 교차로부근,승용,남,54세,상해없음,이륜,남,15세,중상
2012041500100375,2012년 4월 15일 17시,일요일,부산광역시 남구 문현동,중상사고,0,1,0,0,차대차 - 기타,교차로운행방법위반,건조,맑음,교차로 - 교차로안,승용,남,29세,상해없음,이륜,남,33세,중상
2012041500100376,2012년 4월 15일 17시,일요일,부산광역시 부산진구 전포동,경상사고,0,0,1,0,차대차 - 기타,신호위반,건조,맑음,교차로 - 교차로안,승용,여,47세,상해없음,승용,남,40세,경상
2012041500100378,2012년 4월 15일 17시,일요일,부산광역시 강서구 대저1동,경상사고,0,0,1,0,차대차 - 측면직각충돌,안전운전불이행,건조,맑음,교차로 - 교차로안,화물,남,55세,상해없음,승용,여,66세,경상
2012041500100379,2012년 4월 15일 17시,일요일,부산광역시 기장군 기장읍,중상사고,0,2,0,0,차대차 - 측면직각충돌,안전거리미확보,건조,맑음,단일로 - 기타,승용,여,49세,상해없음,승용,남,62세,중상
2012041500100485,2012년 4월 15일 21시,일요일,부산광역시 남구 대연동,부상신고사고,0,0,0,1,차대사람 - 기타,안전운전불이행,건조,맑음,단일로 - 횡단보도부근,승용,여,56세,상해없음,보행자,남,51세,부상신고
2012041500100511,2012년 4월 15일 22시,일요일,부산광역시 중구 중앙동2가,경상사고,0,0,1,0,차대차 - 기타,신호위반,건조,맑음,교차로 - 교차로안,승합,남,52세,상해없음,승용,남,48세,경상
2012041500100512,2012년 4월 15일 22시,일요일,부산광역시 금정구 부곡동,부상신고사고,0,0,0,1,차대차 - 측면직각충돌,중앙선침범,건조,맑음,교차로 - 교차로부근,승용,여,23세,상해없음,이륜,남,48세,부상신고
2012041500100513,2012년 4월 15일 22시,일요일,부산광역시 금정구 구서동,중상사고,0,1,0,0,차대차 - 추돌 - 주정차중,안전거리미확보,건조,맑음,단일로 - 기타,화물,남,26세,상해없음,승용,남,65세,중상
2012041500100538,2012년 4월 15일 23시,일요일,부산광역시 수영구 민락동,경상사고,0,0,2,0,차대차 - 추돌 - 진행중,안전운전불이행,건조,맑음,교차로 - 교차로부근,승용,남,43세,상해없음,승용,남,32세,경상
2012041500100539,2012년 4월 15일 23시,일요일,부산광역시 해운대구 재송동,경상사고,0,0,1,0,차대차 - 정면충돌,안전운전불이행,건조,맑음,교차로 - 교차로안,승용,남,51세,상해없음,원동기,남,71세,경상
2012041600100003,2012년 4월 16일 00시,월요일,부산광역시 해운대구 반여동,중상사고,0,1,1,0,차대차 - 측면직각충돌,신호위반,건조,맑음,교차로 - 교차로안,화물,남,37세,상해없음,승용,남,60세,중상
2012041600100019,2012년 4월 16일 02시,월요일,부산광역시 해운대구 우동,중상사고,0,2,0,0,차대차 - 측면직각충돌,중앙선침범,건조,맑음,단일로 - 기타,승용,남,29세,상해없음,승용,남,27세,중상
2012041600100037,2012년 4월 16일 05시,월요일,부산광역시 연제구 연산동,중상사고,0,1,0,0,차량단독 - 기타,안전운전불이행,건조,맑음,단일로 - 기타,승용,남,54세,상해없음,,,,
2012041600100049,2012년 4월 16일 06시,월요일,부산광역시 수영구 망미동,중상사고,0,1,1,0,차대차 - 측면직각충돌,교차로운행방법위반,건조,맑음,교차로 - 교차로안,승용,남,41세,경상,화물,남,54세,중상
2012041600100065,2012년 4월 16일 07시,월요일,부산광역시 수영구 남천동,부상신고사고,0,0,0,1,차대사람 - 기타,안전운전불이행,건조,맑음,단일로 - 기타,승용,기타불명,기타불명,기타불명,보행자,여,17세,부상신고
2012041600100095,2012년 4월 16일 08시,월요일,부산광역시 부산진구 전포동,중상사고,0,1,0,0,차대차 - 추돌 - 주정차중,안전운전불이행,건조,맑음,단일로 - 기타,승용,남,28세,상해없음,승용,남,48세,중상
2012041600100096,2012년 4월 16일 08시,월요일,부산광역시 금정구 금사동,경상사고,0,0,1,0,차대사람 - 기타,안전운전불이행,건조,맑음,단일로 - 기타,기타불명,기타불명,기타불명,기타불명,보행자,남,10세,경상
2012041600100097,2012년 4월 16일 08시,월요일,부산광역시 연제구 연산동,경상사고,0,0,1,0,차대차 - 측면직각충돌,안전운전불이행,건조,맑음,단일로 - 기타,이륜,남,34세,상해없음,승용,남,68세,경상
2012041600100098,2012년 4월 16일 08시,월요일,부산광역시 사상구 학장동,부상신고사고,0,0,0,1,차대차 - 기타,안전거리미확보,건조,맑음,단일로 - 기타,승용,남,29세,상해없음,승용,남,50세,부상신고
2012041600100155,2012년 4월 16일 10시,월요일,부산광역시 동래구 온천동,경상사고,0,0,1,0,차대차 - 추돌 - 주정차중,안전거리미확보,건조,맑음,단일로 - 기타,승용,남,45세,상해없음,승용,남,42세,상해없음
2012041600100190,2012년 4월 16일 11시,월요일,부산광역시 동래구 온천동,경상사고,0,0,1,0,차대사람 - 기타,안전운전불이행,건조,맑음,단일로 - 기타,화물,남,41세,상해없음,보행자,남,3세,경상
2012041600100191,2012년 4월 16일 11시,월요일,부산광역시 연제구 연산동,경상사고,0,0,1,0,차대사람 - 길가장자리구역통행중,안전운전불이행,건조,맑음,단일로 - 기타,이륜,여,47세,상해없음,보행자,여,65세,경상
2012041600100249,2012년 4월 16일 13시,월요일,부산광역시 부산진구 양정동,경상사고,0,0,1,0,차대사람 - 횡단중,안전운전불이행,건조,맑음,단일로 - 기타,승용,여,52세,상해없음,보행자,여,19세,경상
2012041600100277,2012년 4월 16일 14시,월요일,부산광역시 남구 문현동,경상사고,0,0,1,0,차대사람 - 길가장자리구역통행중,안전운전불이행,건조,맑음,기타 - 기타,승용,남,52세,상해없음,보행자,여,74세,경상
2012041600100278,2012년 4월 16일 14시,월요일,부산광역시 연제구 연산동,경상사고,0,0,1,0,차대차 - 측면직각충돌,안전거리미확보,건조,맑음,단일로 - 기타,승용,남,61세,상해없음,자전거,남,32세,경상
2012041600100279,2012년 4월 16일 14시,월요일,부산광역시 사상구 괘법동,경상사고,0,0,1,0,차대차 - 측면직각충돌,안전운전불이행,건조,맑음,단일로 - 기타,승용,남,46세,상해없음,승용,여,50세,경상
2012041600100309,2012년 4월 16일 15시,월요일,부산광역시 부산진구 양정동,경상사고,0,0,1,0,차대차 - 측면직각충돌,신호위반,건조,맑음,교차로 - 교차로안,승용,여,44세,상해없음,이륜,남,30세,경상
2012041600100348,2012년 4월 16일 16시,월요일,부산광역시 사하구 장림동,경상사고,0,0,2,0,차대차 - 측면직각충돌,중앙선침범,건조,맑음,교차로 - 교차로부근,이륜,남,16세,상해없음,이륜,남,16세,상해없음
2012041600100349,2012년 4월 16일 16시,월요일,부산광역시 강서구 대저1동,사망사고,1,0,0,0,차대사람 - 기타,기타,건조,맑음,기타 - 기타,화물,남,51세,상해없음,보행자,남,62세,사망
2012041600100380,2012년 4월 16일 17시,월요일,부산광역시 남구 우암동,중상사고,0,1,0,0,차대사람 - 횡단중,안전운전불이행,건조,맑음,교차로 - 교차로부근,승용,여,39세,상해없음,보행자,여,41세,중상
2012041600100381,2012년 4월 16일 17시,월요일,부산광역시 동래구 사직동,경상사고,0,0,1,0,차대차 - 측면직각충돌,안전운전불이행,건조,맑음,단일로 - 기타,화물,남,39세,상해없음,자전거,남,63세,경상
2012041600100413,2012년 4월 16일 18시,월요일,부산광역시 해운대구 반여동,경상사고,0,0,1,0,차대사람 - 횡단중,보행자보호의무위반,건조,맑음,교차로 - 교차로안,화물,남,33세,상해없음,보행자,여,4세,경상
2012041600100414,2012년 4월 16일 18시,월요일,부산광역시 금정구 구서동,경상사고,0,0,1,0,차대차 - 기타,안전운전불이행,건조,맑음,단일로 - 기타,승용,기타불명,기타불명,기타불명,이륜,남,47세,경상
2012041600100451,2012년 4월 16일 19시,월요일,부산광역시 영도구 봉래동5가,경상사고,0,0,1,0,차대사람 - 차도통행중,안전운전불이행,건조,맑음,단일로 - 기타,기타불명,기타불명,기타불명,기타불명,보행자,여,47세,경상
2012041600100452,2012년 4월 16일 19시,월요일,부산광역시 사하구 괴정동,중상사고,0,1,1,0,차대차 - 추돌 - 주정차중,안전운전불이행,건조,맑음,단일로 - 기타,승용,여,22세,상해없음,승용,남,68세,경상
2012041600100453,2012년 4월 16일 19시,월요일,부산광역시 사하구 하단동,중상사고,0,1,0,0,차대차 - 측면직각충돌,기타,건조,맑음,교차로 - 교차로안,승용,남,40세,상해없음,원동기,여,19세,중상
2012041600100454,2012년 4월 16일 19시,월요일,부산광역시 수영구 망미동,중상사고,0,1,0,0,차대차 - 측면직각충돌,안전거리미확보,건조,맑음,단일로 - 기타,승용,남,47세,상해없음,이륜,남,16세,중상
2012041600100455,2012년 4월 16일 19시,월요일,부산광역시 강서구 대저1동,중상사고,0,1,0,0,차대사람 - 기타,안전운전불이행,건조,맑음,단일로 - 기타,승합,남,31세,상해없음,보행자,남,4세,중상
2012041600100482,2012년 4월 16일 20시,월요일,부산광역시 서구 서대신동1가,경상사고,0,0,1,0,차대차 - 추돌 - 주정차중,안전운전불이행,건조,맑음,단일로 - 기타,승용,남,59세,상해없음,승용,남,52세,경상
2012041600100483,2012년 4월 16일 20시,월요일,부산광역시 연제구 거제동,경상사고,0,0,1,0,차대차 - 추돌 - 주정차중,안전운전불이행,건조,맑음,교차로 - 교차로부근,화물,남,43세,상해없음,화물,남,63세,경상
2012041600100484,2012년 4월 16일 20시,월요일,부산광역시 강서구 신호동,경상사고,0,0,2,0,차대차 - 추돌 - 주정차중,안전운전불이행,건조,맑음,교차로 - 교차로부근,승용,여,39세,상해없음,승용,남,32세,경상
2012041600100546,2012년 4월 16일 22시,월요일,부산광역시 해운대구 반송동,경상사고,0,0,1,0,차대사람 - 횡단중,안전운전불이행,건조,맑음,단일로 - 횡단보도부근,이륜,남,20세,상해없음,보행자,여,51세,경상
2012041600100547,2012년 4월 16일 22시,월요일,부산광역시 부산진구 개금동,중상사고,0,2,0,0,차대차 - 기타,신호위반,기타,맑음,교차로 - 교차로안,승용,여,27세,상해없음,승용,남,29세,중상
2012041700100005,2012년 4월 17일 00시,화요일,부산광역시 해운대구 좌동,경상사고,0,0,2,0,차대차 - 추돌 - 주정차중,안전운전불이행,건조,맑음,단일로 - 기타,승용,남,51세,상해없음,승용,남,52세,경상
2012041700100006,2012년 4월 17일 00시,화요일,부산광역시 연제구 거제동,사망사고,1,0,0,0,차량단독 - 공작물충돌,안전운전불이행,건조,맑음,교차로 - 교차로부근,원동기,남,24세,상해없음,,,,
2012041700100034,2012년 4월 17일 02시,화요일,부산광역시 금정구 서동,부상신고사고,0,0,0,1,차대사람 - 기타,안전운전불이행,건조,맑음,단일로 - 기타,화물,남,69세,상해없음,보행자,남,46세,부상신고
2012041700100035,2012년 4월 17일 02시,화요일,부산광역시 사하구 하단동,중상사고,0,1,0,0,차대차 - 기타,안전운전불이행,건조,맑음,단일로 - 기타,승용,남,33세,상해없음,승용,남,35세,기타불명
2012041700100061,2012년 4월 17일 05시,화요일,부산광역시 연제구 연산동,경상사고,0,0,1,0,차대차 - 측면직각충돌,신호위반,건조,맑음,교차로 - 교차로안,승용,남,74세,상해없음,승용,남,55세,경상
2012041700100092,2012년 4월 17일 07시,화요일,부산광역시 서구 서대신동2가,경상사고,0,0,1,0,차대사람 - 횡단중,안전운전불이행,건조,맑음,단일로 - 기타,승용,남,42세,상해없음,보행자,여,54세,경상
2012041700100093,2012년 4월 17일 07시,화요일,부산광역시 수영구 남천동,경상사고,0,0,1,0,차대사람 - 기타,안전운전불이행,건조,맑음,단일로 - 기타,화물,남,62세,상해없음,보행자,남,40세,경상
2012041700100094,2012년 4월 17일 07시,화요일,부산광역시 동래구 명장동,경상사고,0,0,1,0,차대사람 - 길가장자리구역통행중,안전운전불이행,건조,맑음,단일로 - 기타,승용,여,46세,상해없음,보행자,남,15세,경상
2012041700100095,2012년 4월 17일 07시,화요일,부산광역시 금정구 구서동,중상사고,0,1,0,0,차대사람 - 기타,교차로운행방법위반,건조,맑음,교차로 - 교차로안,승용,여,42세,상해없음,보행자,남,12세,중상
2012041700100096,2012년 4월 17일 07시,화요일,부산광역시 사하구 괴정동,경상사고,0,0,1,0,차대차 - 측면직각충돌,신호위반,건조,맑음,교차로 - 교차로부근,승용,남,40세,상해없음,승용,남,48세,경상
2012041700100128,2012년 4월 17일 08시,화요일,부산광역시 동래구 사직동,중상사고,0,1,0,0,차대사람 - 횡단중,안전운전불이행,건조,맑음,교차로 - 교차로부근,승용,남,30세,상해없음,보행자,남,11세,중상
2012041700100129,2012년 4월 17일 08시,화요일,부산광역시 해운대구 반송동,경상사고,0,0,1,0,차대사람 - 기타,안전운전불이행,건조,맑음,기타 - 기타,승용,남,57세,상해없음,보행자,여,14세,경상
2012041700100171,2012년 4월 17일 09시,화요일,부산광역시 금정구 장전동,중상사고,0,1,0,0,차대차 - 측면직각충돌,안전운전불이행,건조,맑음,교차로 - 교차로부근,화물,남,46세,상해없음,승용,여,26세,중상
2012041700100196,2012년 4월 17일 10시,화요일,부산광역시 북구 구포동,경상사고,0,0,1,0,차대사람 - 차도통행중,안전운전불이행,건조,맑음,단일로 - 기타,승용,남,49세,상해없음,보행자,남,42세,경상
2012041700100197,2012년 4월 17일 10시,화요일,부산광역시 사하구 다대동,경상사고,0,0,1,2,차대차 - 추돌 - 진행중,안전운전불이행,건조,맑음,단일로 - 기타,승용,여,20세,상해없음,화물,남,26세,부상신고
2012041700100198,2012년 4월 17일 10시,화요일,부산광역시 기장군 기장읍,중상사고,0,1,4,0,차대차 - 측면직각충돌,안전운전불이행,건조,맑음,단일로 - 기타,승합,남,61세,상해없음,승용,여,51세,중상
2012041700100226,2012년 4월 17일 11시,화요일,부산광역시 중구 보수동1가,경상사고,0,0,1,0,차대차 - 기타,안전거리미확보,건조,맑음,단일로 - 횡단보도부근,승용,남,43세,상해없음,이륜,남,54세,경상
2012041700100227,2012년 4월 17일 11시,화요일,부산광역시 해운대구 우동,중상사고,0,1,0,0,차대차 - 측면직각충돌,안전운전불이행,건조,맑음,단일로 - 기타,승용,여,50세,상해없음,이륜,남,56세,중상
2012041700100247,2012년 4월 17일 12시,화요일,부산광역시 남구 감만동,중상사고,0,1,0,0,차대차 - 기타,안전거리미확보,건조,맑음,교차로 - 교차로안,이륜,남,19세,중상,승용,여,28세,상해없음
2012041700100248,2012년 4월 17일 12시,화요일,부산광역시 남구 문현동,경상사고,0,0,1,0,차대차 - 기타,안전운전불이행,건조,맑음,교차로 - 교차로부근,화물,남,58세,상해없음,승용,여,23세,경상
2012041700100249,2012년 4월 17일 12시,화요일,부산광역시 강서구 송정동,경상사고,0,0,1,0,차대차 - 기타,안전운전불이행,건조,맑음,단일로 - 교량,특수,남,29세,상해없음,승용,여,30세,경상
2012041700100250,2012년 4월 17일 12시,화요일,부산광역시 강서구 송정동,경상사고,0,0,2,0,차대차 - 기타,안전운전불이행,건조,맑음,단일로 - 기타,화물,남,41세,상해없음,승용,남,33세,경상
2012041700100269,2012년 4월 17일 13시,화요일,부산광역시 해운대구 재송동,경상사고,0,0,1,0,차대차 - 측면직각충돌,교차로운행방법위반,건조,맑음,교차로 - 교차로안,승용,남,27세,상해없음,승용,남,53세,경상
2012041700100270,2012년 4월 17일 13시,화요일,부산광역시 기장군 철마면,경상사고,0,0,1,0,차대차 - 기타,중앙선침범,건조,맑음,단일로 - 기타,승용,남,51세,상해없음,승용,여,24세,경상
2012041700100296,2012년 4월 17일 14시,화요일,부산광역시 남구 대연동,경상사고,0,0,1,0,차대차 - 추돌 - 진행중,안전운전불이행,건조,맑음,교차로 - 교차로안,승용,여,45세,상해없음,승용,남,25세,경상
2012041700100297,2012년 4월 17일 14시,화요일,부산광역시 강서구 대저1동,경상사고,0,0,2,0,차대차 - 측면직각충돌,신호위반,건조,맑음,교차로 - 교차로부근,승용,남,67세,상해없음,승용,여,60세,경상
2012041700100298,2012년 4월 17일 14시,화요일,부산광역시 기장군 철마면,경상사고,0,0,1,0,차량단독 - 도로외이탈 - 기타,안전운전불이행,건조,맑음,단일로 - 기타,농기계,남,57세,경상,,,,
2012041700100325,2012년 4월 17일 15시,화요일,부산광역시 동래구 명륜동,중상사고,0,1,0,0,차대사람 - 횡단중,안전운전불이행,건조,맑음,교차로 - 교차로안,화물,남,32세,상해없음,보행자,여,68세,중상
2012041700100363,2012년 4월 17일 16시,화요일,부산광역시 해운대구 좌동,중상사고,0,1,0,0,차대사람 - 기타,안전운전불이행,건조,맑음,기타 - 기타,승용,여,58세,상해없음,보행자,여,79세,중상
2012041700100364,2012년 4월 17일 16시,화요일,부산광역시 금정구 서동,경상사고,0,0,1,0,차대차 - 측면직각충돌,중앙선침범,건조,맑음,단일로 - 기타,승용,남,31세,상해없음,승용,남,61세,경상
2012041700100392,2012년 4월 17일 17시,화요일,부산광역시 동구 초량동,경상사고,0,0,1,0,차대차 - 측면직각충돌,신호위반,건조,맑음,교차로 - 교차로안,승용,남,45세,상해없음,이륜,남,34세,경상
2012041700100393,2012년 4월 17일 17시,화요일,부산광역시 동래구 온천동,경상사고,0,0,1,0,차대차 - 측면직각충돌,안전운전불이행,건조,맑음,교차로 - 교차로안,승용,남,54세,상해없음,자전거,남,11세,경상
2012041700100394,2012년 4월 17일 17시,화요일,부산광역시 해운대구 우동,중상사고,0,1,0,0,차대사람 - 횡단중,안전운전불이행,건조,맑음,단일로 - 기타,승용,여,38세,상해없음,보행자,남,34세,중상