사고번호,사고일시,요일,시군구,사고내용,사망자수,중상자수,경상자수,부상신고자수,사고유형,법규위반,노면상태,기상상태,도로형태,가해운전자 차종,가해운전자 성별,가해운전자 연령,가해운전자 상해정도,피해운전자 차종,피해운전자 성별,피해운전자 연령,피해운전자 상해정도
2012041700100427,2012년 4월 17일 18시,화요일,부산광역시 남구 대연동,부상신고사고,0,0,0,1,차대사람 - 기타,안전운전불이행,습기,비,단일로 - 기타,승용,남,34세,상해없음,보행자,남,47세,부상신고
2012041700100428,2012년 4월 17일 18시,화요일,부산광역시 해운대구 좌동,중상사고,0,1,0,0,차대차 - 측면직각충돌,안전운전불이행,건조,맑음,교차로 - 교차로안,화물,남,55세,기타불명,승용,여,46세,중상
2012041700100429,2012년 4월 17일 18시,화요일,부산광역시 금정구 구서동,중상사고,0,1,0,0,차대사람 - 기타,안전운전불이행,건조,맑음,단일로 - 기타,승용,여,48세,상해없음,보행자,여,71세,중상
2012041700100492,2012년 4월 17일 20시,화요일,부산광역시 부산진구 초읍동,중상사고,0,1,0,0,차대사람 - 횡단중,안전운전불이행,건조,맑음,단일로 - 기타,승합,남,49세,상해없음,보행자,여,54세,중상
2012041700100493,2012년 4월 17일 20시,화요일,부산광역시 강서구 녹산동,중상사고,0,1,1,0,차대차 - 기타,신호위반,건조,맑음,교차로 - 교차로안,화물,남,39세,상해없음,승용,남,41세,경상
2012041700100516,2012년 4월 17일 21시,화요일,부산광역시 중구 보수동1가,중상사고,0,1,0,0,차대사람 - 길가장자리구역통행중,안전운전불이행,건조,맑음,단일로 - 기타,원동기,기타불명,기타불명,기타불명,보행자,남,15세,중상
2012041700100517,2012년 4월 17일 21시,화요일,부산광역시 북구 구포동,중상사고,0,1,0,0,차대차 - 추돌 - 주정차중,안전거리미확보,건조,맑음,교차로 - 교차로부근,승용,남,41세,상해없음,승용,남,25세,중상
2012041700100518,2012년 4월 17일 21시,화요일,부산광역시 해운대구 반송동,경상사고,0,0,1,0,차대사람 - 기타,안전운전불이행,건조,맑음,단일로 - 기타,승용,남,26세,기타불명,보행자,남,53세,경상
2012041700100519,2012년 4월 17일 21시,화요일,부산광역시 금정구 장전동,경상사고,0,0,2,0,차대차 - 추돌 - 주정차중,안전운전불이행,건조,맑음,교차로 - 교차로부근,승용,남,58세,상해없음,승용,남,42세,경상
2012041700100520,2012년 4월 17일 21시,화요일,부산광역시 금정구 남산동,부상신고사고,0,0,0,2,차대차 - 추돌 - 진행중,안전운전불이행,건조,맑음,단일로 - 기타,화물,남,62세,기타불명,승용,남,34세,부상신고
2012041700100554,2012년 4월 17일 22시,화요일,부산광역시 동래구 명륜동,부상신고사고,0,0,0,1,차대사람 - 기타,안전운전불이행,건조,맑음,단일로 - 기타,특수,남,28세,상해없음,보행자,남,31세,부상신고
2012041700100593,2012년 4월 17일 23시,화요일,부산광역시 동래구 낙민동,경상사고,0,0,1,0,차대차 - 추돌 - 주정차중,안전운전불이행,건조,맑음,교차로 - 교차로부근,승용,여,51세,상해없음,승용,남,31세,경상
2012041700100594,2012년 4월 17일 23시,화요일,부산광역시 해운대구 좌동,경상사고,0,0,1,0,차대차 - 측면직각충돌,신호위반,건조,맑음,교차로 - 교차로안,승용,남,31세,상해없음,승용,남,57세,경상
2012041700100595,2012년 4월 17일 23시,화요일,부산광역시 사상구 감전동,경상사고,0,0,1,0,차대차 - 측면직각충돌,교차로운행방법위반,건조,맑음,교차로 - 교차로안,승용,여,46세,경상,화물,남,42세,상해없음
2012041800100004,2012년 4월 18일 00시,수요일,부산광역시 서구 서대신동1가,중상사고,0,1,0,0,차대사람 - 횡단중,신호위반,습기,비,단일로 - 기타,승용,남,57세,상해없음,보행자,여,41세,중상
2012041800100051,2012년 4월 18일 03시,수요일,부산광역시 동구 범일동,경상사고,0,0,1,0,차대차 - 기타,교차로운행방법위반,건조,맑음,교차로 - 교차로안,승용,남,31세,상해없음,승용,남,47세,상해없음
2012041800100081,2012년 4월 18일 06시,수요일,부산광역시 북구 덕천동,경상사고,0,0,1,1,차대차 - 기타,차로위반,건조,맑음,미분류 - 미분류,승용,남,35세,상해없음,승용,남,29세,경상
2012041800100118,2012년 4월 18일 08시,수요일,부산광역시 금정구 장전동,경상사고,0,0,1,0,차대사람 - 횡단중,안전운전불이행,건조,맑음,단일로 - 횡단보도상,건설기계,남,55세,상해없음,보행자,남,21세,경상
2012041800100159,2012년 4월 18일 09시,수요일,부산광역시 해운대구 좌동,경상사고,0,0,1,0,차대차 - 측면직각충돌,안전운전불이행,건조,맑음,교차로 - 교차로안,승용,여,46세,상해없음,승용,남,26세,경상
2012041800100160,2012년 4월 18일 09시,수요일,부산광역시 금정구 구서동,중상사고,0,1,0,0,차대차 - 측면직각충돌,중앙선침범,건조,맑음,단일로 - 기타,화물,남,36세,상해없음,승합,남,40세,중상
2012041800100161,2012년 4월 18일 09시,수요일,부산광역시 강서구 강동동,중상사고,0,1,1,0,차대차 - 정면충돌,안전운전불이행,건조,맑음,단일로 - 기타,화물,남,34세,경상,화물,여,54세,중상
2012041800100179,2012년 4월 18일 10시,수요일,부산광역시 남구 우암동,중상사고,0,2,0,1,차대사람 - 기타,중앙선침범,건조,맑음,단일로 - 기타,승용,여,51세,부상신고,보행자,여,52세,중상
2012041800100180,2012년 4월 18일 10시,수요일,부산광역시 사상구 감전동,경상사고,0,0,1,0,차대차 - 측면직각충돌,안전거리미확보,건조,맑음,단일로 - 기타,승용,남,67세,상해없음,승합,남,35세,경상
2012041800100200,2012년 4월 18일 11시,수요일,부산광역시 수영구 광안동,경상사고,0,0,1,0,차대차 - 추돌 - 진행중,안전운전불이행,건조,맑음,단일로 - 기타,이륜,남,24세,경상,승용,남,69세,상해없음
2012041800100230,2012년 4월 18일 12시,수요일,부산광역시 동래구 수안동,중상사고,0,1,0,0,차대차 - 측면직각충돌,신호위반,건조,맑음,교차로 - 교차로안,화물,남,50세,상해없음,승용,여,52세,중상
2012041800100231,2012년 4월 18일 12시,수요일,부산광역시 해운대구 반송동,부상신고사고,0,0,0,1,차대차 - 정면충돌,중앙선침범,건조,맑음,단일로 - 기타,승용,여,25세,상해없음,승용,남,38세,부상신고
2012041800100232,2012년 4월 18일 12시,수요일,부산광역시 부산진구 부암동,경상사고,0,0,1,0,차대차 - 기타,안전운전불이행,건조,맑음,교차로 - 교차로안,승용,남,63세,상해없음,승용,남,28세,상해없음
2012041800100292,2012년 4월 18일 14시,수요일,부산광역시 수영구 광안동,경상사고,0,0,2,0,차대차 - 기타,안전운전불이행,건조,맑음,교차로 - 교차로부근,승용,여,41세,경상,승용,여,28세,기타불명
2012041800100293,2012년 4월 18일 14시,수요일,부산광역시 기장군 기장읍,경상사고,0,0,2,0,차대차 - 추돌 - 진행중,안전운전불이행,건조,맑음,교차로 - 교차로부근,승용,남,57세,상해없음,승용,여,44세,경상
2012041800100325,2012년 4월 18일 15시,수요일,부산광역시 수영구 남천동,중상사고,0,1,0,0,차대차 - 기타,안전거리미확보,건조,맑음,단일로 - 기타,승용,남,56세,상해없음,이륜,남,23세,중상
2012041800100326,2012년 4월 18일 15시,수요일,부산광역시 북구 구포동,경상사고,0,0,1,0,차대차 - 측면직각충돌,안전거리미확보,건조,맑음,단일로 - 기타,승용,남,68세,상해없음,승합,남,47세,상해없음
2012041800100359,2012년 4월 18일 16시,수요일,부산광역시 동래구 명장동,중상사고,0,1,0,0,차대사람 - 횡단중,보행자보호의무위반,건조,맑음,단일로 - 횡단보도상,승용,여,46세,상해없음,보행자,여,57세,중상
2012041800100360,2012년 4월 18일 16시,수요일,부산광역시 영도구 동삼동,경상사고,0,0,1,0,차대차 - 추돌 - 진행중,교차로운행방법위반,건조,맑음,교차로 - 교차로안,승용,남,41세,상해없음,승용,여,26세,경상
2012041800100361,2012년 4월 18일 16시,수요일,부산광역시 금정구 부곡동,중상사고,0,1,0,0,차대사람 - 기타,안전운전불이행,건조,맑음,단일로 - 기타,승용,여,44세,상해없음,보행자,남,59세,중상
2012041800100362,2012년 4월 18일 16시,수요일,부산광역시 사하구 하단동,경상사고,0,0,1,0,차대차 - 측면직각충돌,안전거리미확보,건조,맑음,교차로 - 교차로부근,승용,남,48세,상해없음,승합,남,56세,상해없음
2012041800100414,2012년 4월 18일 18시,수요일,부산광역시 북구 구포동,경상사고,0,0,1,0,차대차 - 기타,중앙선침범,건조,맑음,단일로 - 기타,승용,남,56세,상해없음,원동기,남,41세,경상
2012041800100415,2012년 4월 18일 18시,수요일,부산광역시 동래구 온천동,경상사고,0,0,1,0,차대사람 - 횡단중,보행자보호의무위반,건조,맑음,단일로 - 횡단보도부근,승용,남,40세,상해없음,보행자,여,60세,경상
2012041800100416,2012년 4월 18일 18시,수요일,부산광역시 해운대구 우동,중상사고,0,1,1,0,차대차 - 기타,안전운전불이행,건조,맑음,단일로 - 횡단보도상,승용,남,27세,상해없음,자전거,남,26세,중상
2012041800100417,2012년 4월 18일 18시,수요일,부산광역시 사하구 신평동,중상사고,0,1,0,0,차대차 - 측면직각충돌,안전거리미확보,건조,맑음,단일로 - 기타,승합,남,48세,상해없음,원동기,남,33세,중상
2012041800100418,2012년 4월 18일 18시,수요일,부산광역시 사하구 신평동,중상사고,0,1,0,0,차대차 - 측면직각충돌,안전운전불이행,습기,흐림,단일로 - 기타,승용,남,48세,상해없음,이륜,여,18세,중상
2012041800100449,2012년 4월 18일 19시,수요일,부산광역시 중구 중앙동2가,경상사고,0,0,2,0,차대차 - 기타,안전거리미확보,건조,맑음,교차로 - 교차로부근,이륜,남,37세,경상,이륜,남,28세,경상
2012041800100450,2012년 4월 18일 19시,수요일,부산광역시 동래구 온천동,경상사고,0,0,2,0,차대차 - 추돌 - 진행중,안전거리미확보,건조,맑음,단일로 - 기타,승용,기타불명,기타불명,기타불명,화물,남,50세,경상
2012041800100451,2012년 4월 18일 19시,수요일,부산광역시 금정구 청룡동,경상사고,0,0,1,0,차대차 - 기타,안전거리미확보,건조,맑음,단일로 - 기타,승합,남,41세,상해없음,승합,남,62세,상해없음
2012041800100452,2012년 4월 18일 19시,수요일,부산광역시 금정구 금사동,경상사고,0,0,1,0,차대사람 - 횡단중,보행자보호의무위반,건조,맑음,교차로 - 교차로안,화물,남,39세,상해없음,보행자,여,49세,경상
2012041800100482,2012년 4월 18일 20시,수요일,부산광역시 중구 대청동1가,부상신고사고,0,0,0,1,차대차 - 기타,교차로운행방법위반,건조,맑음,교차로 - 교차로안,승용,남,41세,상해없음,이륜,남,21세,부상신고
2012041800100483,2012년 4월 18일 20시,수요일,부산광역시 영도구 대교동1가,경상사고,0,0,3,0,차대차 - 기타,안전운전불이행,건조,맑음,기타 - 기타,승용,남,54세,상해없음,승용,남,25세,경상
2012041800100484,2012년 4월 18일 20시,수요일,부산광역시 해운대구 반여동,경상사고,0,0,1,0,차대사람 - 횡단중,안전운전불이행,건조,맑음,단일로 - 횡단보도부근,승용,여,29세,상해없음,보행자,여,80세,경상
2012041800100485,2012년 4월 18일 20시,수요일,부산광역시 사하구 당리동,부상신고사고,0,0,0,1,차대차 - 측면직각충돌,안전거리미확보,건조,흐림,단일로 - 기타,승용,여,48세,상해없음,승합,남,43세,상해없음
2012041800100516,2012년 4월 18일 21시,수요일,부산광역시 북구 만덕동,경상사고,0,0,2,0,차대차 - 추돌 - 진행중,안전운전불이행,건조,맑음,기타 - 기타,승용,남,32세,상해없음,승합,남,52세,경상
2012041800100517,2012년 4월 18일 21시,수요일,부산광역시 해운대구 우동,경상사고,0,0,1,0,차대차 - 기타,안전운전불이행,건조,맑음,단일로 - 기타,승용,남,41세,상해없음,자전거,남,45세,경상
2012041800100554,2012년 4월 18일 22시,수요일,부산광역시 서구 동대신동2가,경상사고,0,0,1,0,차대차 - 측면직각충돌,교차로운행방법위반,기타,흐림,교차로 - 교차로안,승용,남,45세,상해없음,승용,남,55세,경상
2012041800100555,2012년 4월 18일 22시,수요일,부산광역시 해운대구 우동,경상사고,0,0,1,0,차대차 - 측면직각충돌,안전운전불이행,건조,기타,기타 - 기타,승용,기타불명,기타불명,기타불명,승용,남,24세,경상
2012041800100593,2012년 4월 18일 23시,수요일,부산광역시 북구 덕천동,중상사고,0,1,0,0,차대사람 - 횡단중,신호위반,건조,맑음,단일로 - 기타,이륜,남,18세,상해없음,보행자,여,28세,중상
2012041800100594,2012년 4월 18일 23시,수요일,부산광역시 부산진구 개금동,경상사고,0,0,1,0,차대사람 - 횡단중,보행자보호의무위반,건조,맑음,단일로 - 횡단보도상,승용,남,47세,상해없음,보행자,여,25세,경상
2012041800100595,2012년 4월 18일 23시,수요일,부산광역시 부산진구 부전동,중상사고,0,1,0,0,차대사람 - 기타,안전운전불이행,건조,맑음,교차로 - 교차로안,승용,남,60세,상해없음,보행자,여,23세,중상
2012041800100596,2012년 4월 18일 23시,수요일,부산광역시 연제구 연산동,경상사고,0,0,7,0,차대차 - 추돌 - 주정차중,안전거리미확보,건조,맑음,단일로 - 기타,승용,남,32세,상해없음,승용,남,68세,경상
2012041900100034,2012년 4월 19일 01시,목요일,부산광역시 동래구 온천동,경상사고,0,0,1,0,차대차 - 측면직각충돌,안전운전불이행,건조,맑음,교차로 - 교차로안,승용,남,22세,상해없음,승용,남,57세,경상
2012041900100053,2012년 4월 19일 02시,목요일,부산광역시 사상구 괘법동,경상사고,0,0,2,2,차대차 - 측면직각충돌,신호위반,건조,맑음,교차로 - 교차로안,승용,남,65세,상해없음,승합,남,43세,상해없음
2012041900100054,2012년 4월 19일 02시,목요일,부산광역시 사상구 주례동,중상사고,0,2,1,0,차대차 - 측면직각충돌,중앙선침범,건조,맑음,교차로 - 교차로부근,승용,남,47세,상해없음,원동기,남,15세,경상
2012041900100072,2012년 4월 19일 04시,목요일,부산광역시 부산진구 범천동,중상사고,0,1,0,0,차대차 - 측면직각충돌,안전거리미확보,건조,맑음,단일로 - 기타,승용,남,37세,상해없음,승용,남,49세,중상
2012041900100080,2012년 4월 19일 05시,목요일,부산광역시 부산진구 초읍동,경상사고,0,0,1,0,차대차 - 측면직각충돌,안전운전불이행,건조,맑음,교차로 - 교차로안,승용,남,20세,상해없음,승용,남,62세,경상
2012041900100087,2012년 4월 19일 06시,목요일,부산광역시 사상구 학장동,경상사고,0,0,1,0,차대사람 - 횡단중,보행자보호의무위반,건조,맑음,교차로 - 교차로부근,승합,남,48세,상해없음,보행자,남,25세,경상
2012041900100105,2012년 4월 19일 07시,목요일,부산광역시 금정구 금사동,부상신고사고,0,0,0,1,차대차 - 측면직각충돌,안전운전불이행,건조,맑음,교차로 - 교차로부근,화물,남,69세,상해없음,승용,남,25세,부상신고
2012041900100163,2012년 4월 19일 09시,목요일,부산광역시 사상구 모라동,중상사고,0,1,0,0,차대차 - 추돌 - 진행중,신호위반,건조,맑음,교차로 - 교차로안,이륜,남,54세,중상,승용,여,49세,상해없음
2012041900100185,2012년 4월 19일 10시,목요일,부산광역시 북구 구포동,경상사고,0,0,1,0,차대사람 - 길가장자리구역통행중,안전운전불이행,건조,맑음,단일로 - 기타,건설기계,남,31세,상해없음,보행자,여,64세,경상
2012041900100186,2012년 4월 19일 10시,목요일,부산광역시 금정구 금사동,경상사고,0,0,1,0,차대차 - 측면직각충돌,교차로운행방법위반,건조,흐림,교차로 - 교차로안,화물,남,49세,상해없음,자전거,남,52세,경상
2012041900100187,2012년 4월 19일 10시,목요일,부산광역시 강서구 대저1동,경상사고,0,0,1,0,차대사람 - 기타,기타,건조,맑음,단일로 - 기타,화물,남,67세,상해없음,보행자,여,56세,경상
2012041900100208,2012년 4월 19일 11시,목요일,부산광역시 사상구 덕포동,중상사고,0,1,3,0,차대차 - 추돌 - 주정차중,중앙선침범,건조,흐림,교차로 - 교차로부근,화물,남,46세,상해없음,승용,여,41세,경상
2012041900100232,2012년 4월 19일 12시,목요일,부산광역시 수영구 남천동,중상사고,0,1,0,0,차대차 - 측면직각충돌,안전운전불이행,건조,흐림,교차로 - 교차로안,자전거,여,20세,중상,승용,여,40세,상해없음
2012041900100233,2012년 4월 19일 12시,목요일,부산광역시 금정구 서동,경상사고,0,0,1,0,차대차 - 정면충돌,중앙선침범,건조,맑음,단일로 - 기타,이륜,남,64세,상해없음,승용,여,32세,경상
2012041900100234,2012년 4월 19일 12시,목요일,부산광역시 강서구 녹산동,사망사고,1,0,0,0,차대차 - 기타,안전거리미확보,건조,맑음,단일로 - 기타,이륜,여,62세,사망,화물,남,46세,상해없음
2012041900100235,2012년 4월 19일 12시,목요일,부산광역시 사상구 감전동,경상사고,0,0,1,0,차대차 - 기타,안전운전불이행,건조,맑음,단일로 - 기타,승용,남,65세,상해없음,이륜,남,45세,경상
2012041900100261,2012년 4월 19일 13시,목요일,부산광역시 기장군 기장읍,경상사고,0,0,2,0,차대차 - 측면직각충돌,교차로운행방법위반,건조,맑음,교차로 - 교차로안,승합,남,39세,상해없음,승용,남,48세,경상
2012041900100287,2012년 4월 19일 14시,목요일,부산광역시 금정구 장전동,경상사고,0,0,1,0,차대사람 - 횡단중,보행자보호의무위반,건조,맑음,교차로 - 교차로안,이륜,남,22세,상해없음,보행자,남,25세,경상
2012041900100337,2012년 4월 19일 16시,목요일,부산광역시 수영구 남천동,경상사고,0,0,1,0,차대차 - 기타,안전거리미확보,건조,맑음,교차로 - 교차로부근,승용,남,43세,상해없음,이륜,남,23세,경상
2012041900100368,2012년 4월 19일 17시,목요일,부산광역시 해운대구 반송동,경상사고,0,0,1,0,차대사람 - 횡단중,보행자보호의무위반,건조,맑음,교차로 - 교차로안,승용,남,34세,상해없음,보행자,남,32세,경상
2012041900100369,2012년 4월 19일 17시,목요일,부산광역시 사하구 신평동,경상사고,0,0,1,0,차대차 - 측면직각충돌,신호위반,건조,맑음,교차로 - 교차로부근,승용,여,46세,상해없음,승용,남,57세,경상
2012041900100370,2012년 4월 19일 17시,목요일,부산광역시 강서구 대저1동,경상사고,0,0,1,0,차대차 - 측면직각충돌,교차로운행방법위반,건조,맑음,교차로 - 교차로안,화물,남,60세,상해없음,화물,남,54세,경상
2012041900100371,2012년 4월 19일 17시,목요일,부산광역시 기장군 기장읍,중상사고,0,2,1,0,차대차 - 측면직각충돌,신호위반,건조,맑음,교차로 - 교차로안,승용,남,65세,상해없음,승용,남,68세,중상
2012041900100411,2012년 4월 19일 18시,목요일,부산광역시 해운대구 반여동,경상사고,0,0,1,0,차대차 - 측면직각충돌,안전운전불이행,건조,흐림,단일로 - 기타,승용,남,66세,상해없음,이륜,남,16세,경상
2012041900100412,2012년 4월 19일 18시,목요일,부산광역시 부산진구 범천동,부상신고사고,0,0,0,2,차대차 - 기타,안전운전불이행,건조,맑음,단일로 - 기타,승합,남,38세,상해없음,승용,남,37세,부상신고
2012041900100449,2012년 4월 19일 19시,목요일,부산광역시 중구 대청동1가,경상사고,0,0,3,0,차대차 - 측면직각충돌,안전운전불이행,건조,흐림,단일로 - 기타,승용,남,52세,상해없음,승용,여,46세,경상
2012041900100450,2012년 4월 19일 19시,목요일,부산광역시 동래구 온천동,중상사고,0,1,0,0,차대사람 - 길가장자리구역통행중,안전운전불이행,습기,비,단일로 - 기타,자전거,남,17세,상해없음,보행자,여,51세,중상
2012041900100479,2012년 4월 19일 20시,목요일,부산광역시 동래구 온천동,중상사고,0,1,0,0,차대사람 - 차도통행중,안전운전불이행,건조,흐림,단일로 - 기타,승용,남,29세,상해없음,보행자,남,63세,중상
2012041900100480,2012년 4월 19일 20시,목요일,부산광역시 해운대구 우동,중상사고,0,1,0,0,차대사람 - 횡단중,보행자보호의무위반,습기,비,교차로 - 교차로부근,승용,남,64세,상해없음,보행자,남,25세,중상
2012041900100481,2012년 4월 19일 20시,목요일,부산광역시 사상구 모라동,경상사고,0,0,2,0,차대차 - 추돌 - 진행중,안전거리미확보,습기,비,단일로 - 기타,승용,남,30세,경상,화물,남,48세,경상
2012041900100513,2012년 4월 19일 21시,목요일,부산광역시 동래구 온천동,경상사고,0,0,2,0,차대차 - 추돌 - 주정차중,안전운전불이행,건조,맑음,단일로 - 기타,승용,남,69세,상해없음,승용,남,34세,경상
2012041900100549,2012년 4월 19일 22시,목요일,부산광역시 동구 범일동,중상사고,0,1,1,0,차대차 - 측면직각충돌,신호위반,습기,비,교차로 - 교차로안,승용,여,57세,상해없음,승용,남,46세,중상
2012041900100550,2012년 4월 19일 22시,목요일,부산광역시 남구 대연동,중상사고,0,1,0,0,차대사람 - 기타,안전운전불이행,습기,비,단일로 - 기타,승합,남,45세,상해없음,보행자,여,67세,중상
2012041900100551,2012년 4월 19일 22시,목요일,부산광역시 동래구 명륜동,중상사고,0,1,0,0,차대사람 - 차도통행중,안전운전불이행,건조,맑음,단일로 - 기타,승용,남,31세,상해없음,보행자,남,72세,중상
2012041900100552,2012년 4월 19일 22시,목요일,부산광역시 동래구 온천동,중상사고,0,2,1,0,차대차 - 추돌 - 주정차중,안전거리미확보,습기,비,단일로 - 기타,승용,여,42세,상해없음,승용,남,25세,중상
2012041900100553,2012년 4월 19일 22시,목요일,부산광역시 영도구 남항동1가,경상사고,0,0,1,0,차대사람 - 횡단중,안전운전불이행,습기,비,교차로 - 교차로안,기타불명,기타불명,기타불명,기타불명,보행자,남,34세,경상
2012041900100554,2012년 4월 19일 22시,목요일,부산광역시 부산진구 부암동,경상사고,0,0,4,0,차대차 - 기타,신호위반,습기,비,교차로 - 교차로안,승용,남,23세,상해없음,승용,남,42세,경상
2012041900100555,2012년 4월 19일 22시,목요일,부산광역시 사하구 괴정동,경상사고,0,0,1,0,차대사람 - 기타,안전운전불이행,건조,맑음,단일로 - 기타,승용,남,49세,상해없음,보행자,남,49세,경상
2012041900100596,2012년 4월 19일 23시,목요일,부산광역시 남구 문현동,경상사고,0,0,1,0,차대차 - 추돌 - 진행중,안전거리미확보,습기,비,단일로 - 기타,승용,남,49세,상해없음,승용,여,35세,경상
2012042000100005,2012년 4월 20일 00시,금요일,부산광역시 기장군 장안읍,경상사고,0,0,1,1,차대차 - 추돌 - 진행중,안전운전불이행,습기,비,단일로 - 기타,승용,남,44세,상해없음,승용,남,55세,경상
2012042000100025,2012년 4월 20일 01시,금요일,부산광역시 해운대구 우동,중상사고,0,5,0,0,차대차 - 추돌 - 진행중,신호위반,습기,비,교차로 - 교차로부근,승용,남,45세,상해없음,승용,남,45세,중상
2012042000100047,2012년 4월 20일 02시,금요일,부산광역시 동구 초량동,경상사고,0,0,1,0,차대차 - 측면직각충돌,안전운전불이행,습기,비,단일로 - 기타,승용,여,48세,상해없음,화물,남,47세,경상
2012042000100048,2012년 4월 20일 02시,금요일,부산광역시 북구 구포동,경상사고,0,0,2,0,차대차 - 정면충돌,신호위반,습기,비,교차로 - 교차로안,승용,남,29세,상해없음,승용,남,47세,경상
2012042000100067,2012년 4월 20일 03시,금요일,부산광역시 해운대구 재송동,경상사고,0,0,1,0,차대차 - 측면직각충돌,안전운전불이행,습기,비,교차로 - 교차로부근,승용,기타불명,기타불명,기타불명,승용,여,44세,경상
2012042000100079,2012년 4월 20일 04시,금요일,부산광역시 부산진구 부전동,경상사고,0,0,2,0,차대차 - 추돌 - 진행중,안전운전불이행,건조,맑음,단일로 - 기타,승용,남,31세,상해없음,승용,남,46세,경상
2012042000100100,2012년 4월 20일 06시,금요일,부산광역시 해운대구 중동,경상사고,0,0,2,0,차대차 - 측면직각충돌,안전운전불이행,습기,흐림,교차로 - 교차로안,승용,남,61세,기타불명,승용,남,43세,경상
2012042000100117,2012년 4월 20일 07시,금요일,부산광역시 영도구 청학동,경상사고,0,0,1,0,차대차 - 정면충돌,안전운전불이행,습기,비,단일로 - 기타,승용,남,37세,상해없음,승용,남,57세,경상
2012042000100118,2012년 4월 20일 07시,금요일,부산광역시 사상구 감전동,경상사고,0,0,1,0,차대차 - 추돌 - 주정차중,안전거리미확보,습기,비,단일로 - 기타,승용,남,44세,경상,화물,남,45세,상해없음
2012042000100157,2012년 4월 20일 08시,금요일,부산광역시 해운대구 재송동,경상사고,0,0,1,0,차대사람 - 횡단중,보행자보호의무위반,습기,비,단일로 - 횡단보도상,승용,남,54세,상해없음,보행자,여,51세,경상
2012042000100158,2012년 4월 20일 08시,금요일,부산광역시 해운대구 우동,중상사고,0,1,0,0,차대차 - 측면직각충돌,차로위반,건조,맑음,단일로 - 터널,승용,여,46세,상해없음,승용,남,35세,중상
2012042000100159,2012년 4월 20일 08시,금요일,부산광역시 사하구 장림동,경상사고,0,0,1,0,차대차 - 기타,안전운전불이행,건조,맑음,교차로 - 교차로안,승용,남,55세,상해없음,승용,남,46세,경상
2012042000100200,2012년 4월 20일 09시,금요일,부산광역시 남구 용호동,경상사고,0,0,1,0,차대차 - 기타,안전운전불이행,습기,비,단일로 - 기타,승용,남,39세,상해없음,승합,남,50세,상해없음
2012042000100242,2012년 4월 20일 10시,금요일,부산광역시 북구 화명동,중상사고,0,2,0,0,차대차 - 추돌 - 주정차중,안전운전불이행,건조,맑음,단일로 - 기타,승용,남,43세,상해없음,승용,남,31세,중상
2012042000100243,2012년 4월 20일 10시,금요일,부산광역시 해운대구 우동,중상사고,0,1,0,0,차대차 - 측면직각충돌,안전거리미확보,건조,기타,단일로 - 기타,승용,남,27세,상해없음,승용,여,32세,중상
2012042000100270,2012년 4월 20일 11시,금요일,부산광역시 사하구 괴정동,경상사고,0,0,1,0,차대사람 - 횡단중,보행자보호의무위반,건조,맑음,단일로 - 횡단보도상,화물,남,47세,상해없음,보행자,남,37세,경상
2012042000100271,2012년 4월 20일 11시,금요일,부산광역시 연제구 거제동,중상사고,0,1,0,0,차대차 - 측면직각충돌,안전운전불이행,건조,맑음,교차로 - 교차로안,승용,남,60세,상해없음,이륜,남,59세,중상
2012042000100344,2012년 4월 20일 14시,금요일,부산광역시 동구 초량동,경상사고,0,0,2,0,차대차 - 기타,차로위반,건조,맑음,단일로 - 기타,이륜,여,46세,상해없음,승용,남,68세,경상
2012042000100345,2012년 4월 20일 14시,금요일,부산광역시 해운대구 우동,중상사고,0,1,0,0,차대차 - 측면직각충돌,기타,건조,맑음,교차로 - 교차로안,승용,남,31세,상해없음,승용,여,32세,중상
2012042000100346,2012년 4월 20일 14시,금요일,부산광역시 사하구 괴정동,중상사고,0,1,0,0,차대사람 - 횡단중,보행자보호의무위반,건조,맑음,단일로 - 횡단보도상,화물,남,60세,상해없음,보행자,남,68세,중상
2012042000100372,2012년 4월 20일 15시,금요일,부산광역시 사하구 감천동,경상사고,0,0,1,0,차대차 - 추돌 - 진행중,안전운전불이행,건조,맑음,단일로 - 기타,승용,남,55세,상해없음,승용,남,59세,경상
2012042000100402,2012년 4월 20일 16시,금요일,부산광역시 금정구 구서동,경상사고,0,0,1,0,차대사람 - 기타,안전운전불이행,건조,흐림,기타 - 기타,승용,남,51세,상해없음,보행자,여,65세,경상
2012042000100403,2012년 4월 20일 16시,금요일,부산광역시 연제구 연산동,중상사고,0,1,0,0,차대사람 - 기타,안전운전불이행,건조,맑음,단일로 - 기타,승용,남,49세,상해없음,보행자,남,51세,중상
2012042000100437,2012년 4월 20일 17시,금요일,부산광역시 해운대구 중동,중상사고,0,1,0,0,차대차 - 정면충돌,안전운전불이행,건조,맑음,단일로 - 기타,승용,남,59세,상해없음,자전거,남,13세,중상
2012042000100474,2012년 4월 20일 18시,금요일,부산광역시 영도구 동삼동,경상사고,0,0,2,0,차대차 - 측면직각충돌,안전운전불이행,건조,맑음,단일로 - 기타,승용,남,61세,상해없음,승용,남,47세,경상
2012042000100475,2012년 4월 20일 18시,금요일,부산광역시 부산진구 전포동,중상사고,0,1,0,0,차대차 - 기타,안전운전불이행,건조,맑음,단일로 - 기타,승용,남,60세,상해없음,이륜,남,25세,중상