사고번호,사고일시,요일,시군구,사고내용,사망자수,중상자수,경상자수,부상신고자수,사고유형,법규위반,노면상태,기상상태,도로형태,가해운전자 차종,가해운전자 성별,가해운전자 연령,가해운전자 상해정도,피해운전자 차종,피해운전자 성별,피해운전자 연령,피해운전자 상해정도
2012042000100476,2012년 4월 20일 18시,금요일,부산광역시 사하구 다대동,경상사고,0,0,1,0,차대차 - 추돌 - 진행중,안전거리미확보,건조,맑음,단일로 - 기타,승용,남,38세,상해없음,승용,여,41세,경상
2012042000100477,2012년 4월 20일 18시,금요일,부산광역시 사상구 학장동,경상사고,0,0,1,0,차대차 - 측면직각충돌,안전거리미확보,건조,맑음,단일로 - 기타,승용,남,57세,상해없음,승용,남,38세,경상
2012042000100516,2012년 4월 20일 19시,금요일,부산광역시 북구 덕천동,경상사고,0,0,2,0,차대차 - 추돌 - 진행중,차로위반,건조,맑음,단일로 - 기타,승용,남,58세,상해없음,승용,남,27세,경상
2012042000100517,2012년 4월 20일 19시,금요일,부산광역시 해운대구 중동,경상사고,0,0,1,0,차대차 - 측면직각충돌,안전운전불이행,건조,흐림,교차로 - 교차로안,승합,남,48세,상해없음,승용,여,36세,상해없음
2012042000100518,2012년 4월 20일 19시,금요일,부산광역시 사하구 장림동,경상사고,0,0,1,0,차대사람 - 길가장자리구역통행중,안전운전불이행,건조,맑음,교차로 - 교차로안,승용,여,29세,상해없음,보행자,남,60세,경상
2012042000100519,2012년 4월 20일 19시,금요일,부산광역시 연제구 연산동,경상사고,0,0,1,0,차대차 - 측면직각충돌,교차로운행방법위반,건조,맑음,교차로 - 교차로안,승용,남,32세,상해없음,자전거,남,9세,경상
2012042000100520,2012년 4월 20일 19시,금요일,부산광역시 사상구 엄궁동,중상사고,0,1,0,0,차대사람 - 기타,안전운전불이행,건조,맑음,단일로 - 기타,승합,남,54세,상해없음,보행자,여,71세,중상
2012042000100554,2012년 4월 20일 20시,금요일,부산광역시 사하구 장림동,경상사고,0,0,1,0,차대차 - 측면직각충돌,안전운전불이행,건조,맑음,단일로 - 기타,화물,여,61세,상해없음,승용,남,56세,경상
2012042000100596,2012년 4월 20일 21시,금요일,부산광역시 해운대구 우동,중상사고,0,1,0,0,차대차 - 측면직각충돌,안전거리미확보,건조,흐림,단일로 - 기타,승용,남,15세,상해없음,이륜,남,21세,중상
2012042000100597,2012년 4월 20일 21시,금요일,부산광역시 해운대구 우동,중상사고,0,3,0,0,차대차 - 측면직각충돌,신호위반,건조,맑음,교차로 - 교차로안,승용,남,40세,상해없음,승용,남,55세,중상
2012042000100598,2012년 4월 20일 21시,금요일,부산광역시 사하구 장림동,중상사고,0,2,1,0,차대차 - 추돌 - 주정차중,안전운전불이행,건조,맑음,교차로 - 교차로부근,원동기,남,19세,상해없음,승용,남,60세,경상
2012042000100635,2012년 4월 20일 22시,금요일,부산광역시 동구 수정동,경상사고,0,0,1,0,차대차 - 측면직각충돌,직진우회전진행방해,건조,맑음,교차로 - 교차로안,승용,남,47세,상해없음,승용,남,47세,경상
2012042000100636,2012년 4월 20일 22시,금요일,부산광역시 연제구 거제동,중상사고,0,1,0,0,차량단독 - 기타,안전운전불이행,건조,맑음,단일로 - 기타,원동기,남,17세,상해없음,,,,
2012042000100637,2012년 4월 20일 22시,금요일,부산광역시 연제구 거제동,중상사고,0,1,2,0,차대차 - 측면직각충돌,신호위반,건조,맑음,교차로 - 교차로안,승용,남,32세,상해없음,승용,남,51세,중상
2012042000100690,2012년 4월 20일 23시,금요일,부산광역시 사상구 주례동,중상사고,0,1,0,0,차대차 - 추돌 - 주정차중,안전거리미확보,건조,맑음,단일로 - 기타,승용,남,57세,상해없음,승용,남,47세,상해없음
2012042100100002,2012년 4월 21일 00시,토요일,부산광역시 수영구 광안동,경상사고,0,0,1,0,차대차 - 측면직각충돌,신호위반,건조,맑음,교차로 - 교차로안,승용,남,71세,상해없음,원동기,남,26세,경상
2012042100100003,2012년 4월 21일 00시,토요일,부산광역시 남구 문현동,중상사고,0,1,0,0,차대사람 - 기타,안전운전불이행,건조,맑음,교차로 - 교차로부근,승용,남,61세,상해없음,보행자,남,63세,중상
2012042100100004,2012년 4월 21일 00시,토요일,부산광역시 부산진구 부전동,중상사고,0,1,0,0,차대사람 - 기타,안전운전불이행,건조,흐림,단일로 - 기타,승용,남,31세,상해없음,보행자,남,37세,중상
2012042100100035,2012년 4월 21일 01시,토요일,부산광역시 사하구 다대동,경상사고,0,0,1,0,차대차 - 추돌 - 주정차중,안전운전불이행,건조,맑음,단일로 - 기타,승용,남,29세,상해없음,승합,남,39세,경상
2012042100100059,2012년 4월 21일 02시,토요일,부산광역시 서구 충무동1가,경상사고,0,0,1,0,차대사람 - 횡단중,안전운전불이행,건조,맑음,교차로 - 교차로부근,승용,남,52세,상해없음,보행자,남,44세,경상
2012042100100060,2012년 4월 21일 02시,토요일,부산광역시 동래구 온천동,중상사고,0,2,0,0,차대사람 - 횡단중,안전운전불이행,건조,맑음,교차로 - 교차로안,승용,남,45세,상해없음,보행자,남,35세,중상
2012042100100061,2012년 4월 21일 02시,토요일,부산광역시 해운대구 반송동,사망사고,1,0,0,0,차대차 - 추돌 - 주정차중,안전운전불이행,건조,흐림,단일로 - 기타,승용,남,28세,사망,승합,남,60세,기타불명
2012042100100087,2012년 4월 21일 03시,토요일,부산광역시 부산진구 부암동,중상사고,0,1,0,0,차대사람 - 기타,안전운전불이행,건조,맑음,단일로 - 기타,승용,남,33세,상해없음,보행자,여,62세,중상
2012042100100149,2012년 4월 21일 06시,토요일,부산광역시 부산진구 부전동,경상사고,0,0,1,0,차대차 - 기타,신호위반,습기,비,교차로 - 교차로안,승용,남,36세,상해없음,승용,여,54세,경상
2012042100100150,2012년 4월 21일 06시,토요일,부산광역시 부산진구 부전동,중상사고,0,1,0,0,차대차 - 기타,기타,건조,맑음,단일로 - 기타,승합,남,52세,상해없음,승용,남,55세,중상
2012042100100151,2012년 4월 21일 06시,토요일,부산광역시 연제구 연산동,경상사고,0,0,2,0,차대차 - 측면직각충돌,신호위반,습기,비,교차로 - 교차로안,승용,남,36세,상해없음,승용,남,39세,경상
2012042100100187,2012년 4월 21일 08시,토요일,부산광역시 중구 영주동,경상사고,0,0,1,0,차대차 - 추돌 - 주정차중,안전거리미확보,건조,맑음,교차로 - 교차로부근,화물,남,60세,상해없음,승용,남,54세,경상
2012042100100188,2012년 4월 21일 08시,토요일,부산광역시 해운대구 우동,경상사고,0,0,1,0,차대차 - 측면직각충돌,중앙선침범,습기,비,단일로 - 기타,승용,여,40세,상해없음,승용,남,38세,경상
2012042100100211,2012년 4월 21일 09시,토요일,부산광역시 영도구 봉래동4가,경상사고,0,0,1,0,차대차 - 측면직각충돌,신호위반,습기,비,교차로 - 교차로안,승용,남,60세,상해없음,승용,남,62세,경상
2012042100100212,2012년 4월 21일 09시,토요일,부산광역시 사상구 주례동,중상사고,0,1,1,0,차대차 - 측면직각충돌,교차로운행방법위반,습기,비,교차로 - 교차로안,화물,남,54세,중상,승용,여,44세,경상
2012042100100277,2012년 4월 21일 11시,토요일,부산광역시 서구 서대신동2가,경상사고,0,0,1,0,차대사람 - 횡단중,안전운전불이행,습기,비,교차로 - 교차로부근,승용,남,51세,상해없음,보행자,여,78세,경상
2012042100100278,2012년 4월 21일 11시,토요일,부산광역시 북구 만덕동,경상사고,0,0,1,0,차대차 - 추돌 - 주정차중,안전운전불이행,습기,비,단일로 - 기타,화물,남,59세,상해없음,승용,여,58세,경상
2012042100100279,2012년 4월 21일 11시,토요일,부산광역시 금정구 금사동,경상사고,0,0,2,0,차대차 - 측면직각충돌,신호위반,습기,비,교차로 - 교차로안,승용,남,18세,상해없음,화물,남,38세,경상
2012042100100280,2012년 4월 21일 11시,토요일,부산광역시 금정구 회동동,경상사고,0,0,2,0,차대차 - 추돌 - 진행중,안전거리미확보,습기,비,단일로 - 기타,승용,남,35세,기타불명,승용,남,34세,경상
2012042100100308,2012년 4월 21일 12시,토요일,부산광역시 동구 수정동,중상사고,0,1,0,0,차대차 - 기타,안전거리미확보,건조,맑음,단일로 - 기타,화물,남,53세,상해없음,승합,남,44세,상해없음
2012042100100309,2012년 4월 21일 12시,토요일,부산광역시 해운대구 재송동,경상사고,0,0,1,0,차대차 - 측면직각충돌,안전운전불이행,습기,비,단일로 - 기타,승용,여,59세,상해없음,승용,남,29세,상해없음
2012042100100310,2012년 4월 21일 12시,토요일,부산광역시 사하구 구평동,중상사고,0,1,1,0,차대차 - 기타,안전거리미확보,습기,비,단일로 - 기타,승용,남,33세,상해없음,승용,남,61세,경상
2012042100100344,2012년 4월 21일 13시,토요일,부산광역시 동래구 온천동,중상사고,0,1,0,0,차대차 - 정면충돌,중앙선침범,습기,비,단일로 - 기타,화물,남,31세,상해없음,승용,남,35세,중상
2012042100100345,2012년 4월 21일 13시,토요일,부산광역시 기장군 정관면,경상사고,0,0,2,0,차대차 - 측면직각충돌,안전운전불이행,습기,비,단일로 - 터널,화물,남,53세,상해없음,승용,남,42세,경상
2012042100100346,2012년 4월 21일 13시,토요일,부산광역시 금정구 노포동,중상사고,0,2,1,0,차대차 - 측면직각충돌,안전거리미확보,습기,비,단일로 - 기타,승용,남,60세,상해없음,승용,남,31세,중상
2012042100100384,2012년 4월 21일 14시,토요일,부산광역시 수영구 광안동,중상사고,0,1,0,0,차대차 - 기타,직진우회전진행방해,습기,비,교차로 - 교차로안,승용,여,60세,상해없음,이륜,남,48세,중상
2012042100100385,2012년 4월 21일 14시,토요일,부산광역시 해운대구 우동,경상사고,0,0,2,0,차대차 - 측면직각충돌,교차로운행방법위반,습기,비,교차로 - 교차로부근,화물,남,58세,상해없음,승용,남,68세,경상
2012042100100386,2012년 4월 21일 14시,토요일,부산광역시 부산진구 범천동,경상사고,0,0,2,0,차대차 - 측면직각충돌,신호위반,습기,비,교차로 - 교차로안,화물,남,56세,상해없음,승용,남,70세,경상
2012042100100387,2012년 4월 21일 14시,토요일,부산광역시 기장군 정관면,중상사고,0,2,0,0,차대차 - 추돌 - 진행중,안전거리미확보,습기,비,단일로 - 터널,특수,남,31세,상해없음,승용,남,40세,중상
2012042100100415,2012년 4월 21일 15시,토요일,부산광역시 서구 서대신동1가,중상사고,0,2,0,0,차대차 - 측면직각충돌,중앙선침범,습기,비,단일로 - 기타,승용,남,39세,중상,승용,남,42세,중상
2012042100100547,2012년 4월 21일 18시,토요일,부산광역시 중구 중앙동4가,중상사고,0,1,0,0,차대차 - 추돌 - 주정차중,안전운전불이행,습기,비,단일로 - 기타,승용,남,62세,상해없음,승용,남,40세,중상
2012042100100548,2012년 4월 21일 18시,토요일,부산광역시 강서구 명지동,사망사고,1,0,0,0,차량단독 - 공작물충돌,안전운전불이행,습기,비,단일로 - 교량,승용,남,40세,사망,,,,
2012042100100549,2012년 4월 21일 18시,토요일,부산광역시 사하구 하단동,부상신고사고,0,0,0,3,차대차 - 추돌 - 진행중,안전거리미확보,습기,비,단일로 - 교량,승용,남,23세,상해없음,승용,남,30세,부상신고
2012042100100550,2012년 4월 21일 18시,토요일,부산광역시 강서구 범방동,경상사고,0,0,1,0,차대차 - 정면충돌,중앙선침범,습기,비,단일로 - 기타,화물,남,59세,상해없음,승용,남,38세,경상
2012042100100599,2012년 4월 21일 19시,토요일,부산광역시 동래구 안락동,경상사고,0,0,1,0,차대사람 - 횡단중,안전운전불이행,습기,비,단일로 - 기타,승용,남,46세,상해없음,보행자,남,61세,경상
2012042100100600,2012년 4월 21일 19시,토요일,부산광역시 연제구 연산동,경상사고,0,0,2,0,차대차 - 측면직각충돌,안전운전불이행,건조,맑음,단일로 - 기타,승용,남,54세,상해없음,승용,남,43세,경상
2012042100100664,2012년 4월 21일 20시,토요일,부산광역시 동구 초량동,중상사고,0,3,1,0,차대차 - 기타,중앙선침범,습기,비,단일로 - 기타,화물,남,49세,경상,승용,남,33세,중상
2012042100100665,2012년 4월 21일 20시,토요일,부산광역시 수영구 남천동,중상사고,0,1,0,0,차대사람 - 횡단중,신호위반,습기,비,교차로 - 교차로부근,원동기,여,38세,상해없음,보행자,남,34세,중상
2012042100100666,2012년 4월 21일 20시,토요일,부산광역시 부산진구 부전동,중상사고,0,1,0,0,차대사람 - 기타,안전운전불이행,기타,비,단일로 - 기타,승용,남,33세,상해없음,보행자,여,65세,중상
2012042100100667,2012년 4월 21일 20시,토요일,부산광역시 부산진구 가야동,경상사고,0,0,2,0,차대차 - 기타,안전거리미확보,기타,비,교차로 - 교차로부근,화물,남,23세,상해없음,승용,남,68세,경상
2012042100100668,2012년 4월 21일 20시,토요일,부산광역시 사상구 주례동,경상사고,0,0,1,0,차대차 - 기타,안전운전불이행,습기,흐림,교차로 - 교차로안,승용,여,55세,상해없음,승용,남,63세,경상
2012042100100729,2012년 4월 21일 21시,토요일,부산광역시 중구 남포동6가,중상사고,0,1,2,0,차대차 - 측면직각충돌,신호위반,습기,비,교차로 - 교차로안,승용,남,23세,상해없음,승용,남,45세,경상
2012042100100730,2012년 4월 21일 21시,토요일,부산광역시 동구 범일동,중상사고,0,1,0,0,차대차 - 기타,안전운전불이행,습기,비,단일로 - 기타,기타불명,기타불명,기타불명,기타불명,승용,남,57세,상해없음
2012042100100797,2012년 4월 21일 22시,토요일,부산광역시 중구 남포동4가,경상사고,0,0,2,0,차대차 - 추돌 - 진행중,안전운전불이행,습기,비,단일로 - 기타,승용,여,46세,상해없음,승용,남,57세,경상
2012042100100798,2012년 4월 21일 22시,토요일,부산광역시 동구 범일동,경상사고,0,0,1,0,차량단독 - 기타,기타,습기,비,단일로 - 기타,승용,남,37세,상해없음,,,,
2012042100100799,2012년 4월 21일 22시,토요일,부산광역시 서구 아미동1가,경상사고,0,0,3,0,차대차 - 측면직각충돌,직진우회전진행방해,건조,맑음,교차로 - 교차로안,승용,남,43세,상해없음,승용,남,62세,경상
2012042100100800,2012년 4월 21일 22시,토요일,부산광역시 남구 용당동,중상사고,0,1,0,0,차대차 - 정면충돌,교차로운행방법위반,습기,비,교차로 - 교차로안,승용,남,32세,상해없음,이륜,남,47세,중상
2012042100100801,2012년 4월 21일 22시,토요일,부산광역시 북구 덕천동,경상사고,0,0,1,0,차대차 - 추돌 - 진행중,안전운전불이행,기타,비,교차로 - 교차로부근,승용,여,47세,상해없음,이륜,남,35세,경상
2012042100100802,2012년 4월 21일 22시,토요일,부산광역시 영도구 봉래동3가,경상사고,0,0,1,0,차대차 - 추돌 - 진행중,신호위반,습기,비,교차로 - 교차로안,승용,남,52세,상해없음,승용,남,22세,상해없음
2012042100100803,2012년 4월 21일 22시,토요일,부산광역시 해운대구 우동,경상사고,0,0,3,0,차대차 - 측면직각충돌,안전운전불이행,습기,비,단일로 - 기타,승용,여,45세,상해없음,승용,남,30세,경상
2012042100100804,2012년 4월 21일 22시,토요일,부산광역시 해운대구 우동,중상사고,0,1,0,0,차대사람 - 횡단중,보행자보호의무위반,습기,비,단일로 - 횡단보도상,승용,남,54세,상해없음,보행자,여,27세,중상
2012042100100863,2012년 4월 21일 23시,토요일,부산광역시 남구 대연동,부상신고사고,0,0,0,2,차대차 - 정면충돌,신호위반,습기,비,교차로 - 교차로안,승용,기타불명,기타불명,기타불명,승용,남,48세,부상신고
2012042100100864,2012년 4월 21일 23시,토요일,부산광역시 남구 대연동,경상사고,0,0,1,0,차대차 - 추돌 - 진행중,안전운전불이행,습기,비,단일로 - 기타,승용,기타불명,기타불명,기타불명,승용,여,50세,경상
2012042100100865,2012년 4월 21일 23시,토요일,부산광역시 수영구 광안동,중상사고,0,1,0,0,차대차 - 측면직각충돌,안전운전불이행,습기,비,단일로 - 기타,승용,남,33세,상해없음,원동기,남,17세,중상
2012042100100866,2012년 4월 21일 23시,토요일,부산광역시 수영구 광안동,경상사고,0,0,4,0,차대차 - 기타,직진우회전진행방해,습기,비,교차로 - 교차로안,승용,여,25세,경상,승용,남,48세,경상
2012042100100867,2012년 4월 21일 23시,토요일,부산광역시 북구 구포동,경상사고,0,0,1,0,차대차 - 측면직각충돌,교차로운행방법위반,건조,맑음,교차로 - 교차로안,승용,남,58세,상해없음,원동기,남,43세,경상
2012042100100868,2012년 4월 21일 23시,토요일,부산광역시 부산진구 연지동,중상사고,0,1,1,0,차대차 - 기타,신호위반,습기,비,교차로 - 교차로안,승용,남,30세,상해없음,승용,남,53세,상해없음
2012042100100869,2012년 4월 21일 23시,토요일,부산광역시 금정구 남산동,중상사고,0,1,0,0,차대차 - 추돌 - 주정차중,안전운전불이행,습기,비,교차로 - 교차로부근,승용,남,77세,상해없음,승용,남,39세,중상
2012042100100870,2012년 4월 21일 23시,토요일,부산광역시 사상구 주례동,경상사고,0,0,2,0,차대차 - 기타,차로위반,습기,비,단일로 - 기타,승용,기타불명,기타불명,기타불명,승용,남,42세,경상
2012042200100010,2012년 4월 22일 00시,일요일,부산광역시 중구 남포동4가,중상사고,0,1,0,0,차대사람 - 횡단중,신호위반,습기,비,단일로 - 횡단보도상,승용,기타불명,기타불명,기타불명,보행자,여,53세,중상
2012042200100011,2012년 4월 22일 00시,일요일,부산광역시 동래구 안락동,중상사고,0,2,0,1,차대차 - 측면직각충돌,안전운전불이행,습기,비,미분류 - 미분류,승용,남,36세,상해없음,승용,남,21세,중상
2012042200100012,2012년 4월 22일 00시,일요일,부산광역시 금정구 구서동,중상사고,0,1,0,1,차대차 - 측면직각충돌,신호위반,습기,비,교차로 - 교차로안,승용,남,45세,상해없음,승용,여,55세,부상신고
2012042200100013,2012년 4월 22일 00시,일요일,부산광역시 연제구 거제동,경상사고,0,0,3,0,차대차 - 측면직각충돌,중앙선침범,습기,비,교차로 - 교차로안,승용,남,49세,상해없음,승용,남,55세,상해없음
2012042200100014,2012년 4월 22일 00시,일요일,부산광역시 수영구 망미동,중상사고,0,2,1,0,차대차 - 정면충돌,중앙선침범,습기,비,단일로 - 기타,승용,남,34세,경상,승용,여,54세,중상
2012042200100063,2012년 4월 22일 01시,일요일,부산광역시 부산진구 당감동,경상사고,0,0,1,0,차대차 - 추돌 - 주정차중,안전운전불이행,습기,비,단일로 - 기타,승용,남,33세,상해없음,승용,남,47세,경상
2012042200100064,2012년 4월 22일 01시,일요일,부산광역시 금정구 부곡동,중상사고,0,1,1,0,차대차 - 측면직각충돌,신호위반,습기,비,교차로 - 교차로안,승용,남,54세,상해없음,승용,남,43세,경상
2012042200100065,2012년 4월 22일 01시,일요일,부산광역시 사하구 하단동,중상사고,0,1,1,0,차대차 - 추돌 - 진행중,안전거리미확보,습기,비,교차로 - 교차로부근,승용,남,34세,상해없음,승용,남,39세,중상
2012042200100103,2012년 4월 22일 02시,일요일,부산광역시 부산진구 부전동,중상사고,0,1,0,0,차대사람 - 횡단중,안전운전불이행,습기,비,단일로 - 기타,승용,남,53세,상해없음,보행자,여,17세,중상
2012042200100133,2012년 4월 22일 03시,일요일,부산광역시 서구 충무동1가,경상사고,0,0,3,0,차대차 - 측면직각충돌,신호위반,건조,흐림,교차로 - 교차로안,승용,남,50세,상해없음,승용,남,52세,경상
2012042200100134,2012년 4월 22일 03시,일요일,부산광역시 북구 화명동,중상사고,0,1,2,0,차대차 - 추돌 - 진행중,안전운전불이행,습기,흐림,단일로 - 기타,승합,남,16세,상해없음,승용,여,42세,경상
2012042200100135,2012년 4월 22일 03시,일요일,부산광역시 부산진구 부암동,경상사고,0,0,1,0,차대차 - 추돌 - 주정차중,안전운전불이행,습기,비,단일로 - 기타,화물,남,48세,상해없음,승용,남,56세,경상
2012042200100195,2012년 4월 22일 05시,일요일,부산광역시 북구 만덕동,경상사고,0,0,1,0,차대차 - 측면직각충돌,안전거리미확보,습기,비,교차로 - 교차로부근,승용,남,19세,상해없음,승용,남,62세,경상
2012042200100219,2012년 4월 22일 07시,일요일,부산광역시 동래구 낙민동,중상사고,0,1,0,0,차대차 - 측면직각충돌,안전운전불이행,건조,맑음,단일로 - 기타,화물,남,46세,상해없음,자전거,남,64세,중상
2012042200100220,2012년 4월 22일 07시,일요일,부산광역시 사상구 주례동,중상사고,0,2,1,0,차대차 - 추돌 - 진행중,차로위반,건조,맑음,단일로 - 기타,승용,남,21세,상해없음,승용,남,23세,중상
2012042200100281,2012년 4월 22일 11시,일요일,부산광역시 북구 화명동,부상신고사고,0,0,0,1,차대차 - 측면직각충돌,안전운전불이행,건조,맑음,단일로 - 기타,이륜,남,61세,부상신고,기타불명,미분류,기타불명,기타불명
2012042200100282,2012년 4월 22일 11시,일요일,부산광역시 사하구 감천동,경상사고,0,0,2,0,차대차 - 추돌 - 진행중,안전거리미확보,건조,맑음,교차로 - 교차로안,승용,남,53세,상해없음,승용,여,47세,경상
2012042200100305,2012년 4월 22일 12시,일요일,부산광역시 해운대구 중동,부상신고사고,0,0,0,1,차대사람 - 차도통행중,안전운전불이행,건조,맑음,단일로 - 기타,승용,남,39세,기타불명,보행자,남,45세,부상신고
2012042200100306,2012년 4월 22일 12시,일요일,부산광역시 기장군 기장읍,중상사고,0,5,2,0,차대차 - 측면직각충돌,교차로운행방법위반,건조,맑음,교차로 - 교차로안,승용,남,58세,상해없음,승용,남,65세,상해없음
2012042200100326,2012년 4월 22일 13시,일요일,부산광역시 수영구 망미동,중상사고,0,1,1,0,차대차 - 추돌 - 진행중,교차로운행방법위반,건조,맑음,교차로 - 교차로안,승용,남,27세,상해없음,승용,남,30세,경상
2012042200100375,2012년 4월 22일 15시,일요일,부산광역시 해운대구 송정동,경상사고,0,0,1,0,차대차 - 측면직각충돌,교차로운행방법위반,건조,맑음,교차로 - 교차로안,승용,남,49세,상해없음,원동기,여,51세,경상
2012042200100402,2012년 4월 22일 16시,일요일,부산광역시 수영구 광안동,중상사고,0,1,0,0,차량단독 - 기타,기타,건조,맑음,단일로 - 기타,승합,남,60세,상해없음,,,,
2012042200100425,2012년 4월 22일 17시,일요일,부산광역시 중구 중앙동2가,경상사고,0,0,1,0,차대차 - 측면직각충돌,안전운전불이행,건조,맑음,단일로 - 기타,승용,남,23세,상해없음,승합,남,51세,상해없음
2012042200100426,2012년 4월 22일 17시,일요일,부산광역시 영도구 동삼동,경상사고,0,0,3,0,차대차 - 기타,직진우회전진행방해,건조,맑음,교차로 - 교차로안,승용,여,33세,상해없음,승용,남,22세,경상
2012042200100427,2012년 4월 22일 17시,일요일,부산광역시 부산진구 당감동,중상사고,0,1,0,0,차대차 - 기타,안전운전불이행,건조,맑음,단일로 - 기타,승용,남,48세,상해없음,자전거,여,13세,중상
2012042200100454,2012년 4월 22일 18시,일요일,부산광역시 동래구 사직동,중상사고,0,1,0,0,차대사람 - 횡단중,안전운전불이행,건조,흐림,단일로 - 기타,승용,여,59세,상해없음,보행자,남,53세,중상
2012042200100455,2012년 4월 22일 18시,일요일,부산광역시 해운대구 반송동,부상신고사고,0,0,0,1,차대사람 - 횡단중,보행자보호의무위반,건조,맑음,단일로 - 횡단보도부근,승용,여,51세,상해없음,보행자,남,60세,부상신고
2012042200100456,2012년 4월 22일 18시,일요일,부산광역시 연제구 거제동,경상사고,0,0,1,0,차대사람 - 차도통행중,안전운전불이행,건조,맑음,교차로 - 교차로부근,화물,남,54세,상해없음,보행자,여,55세,경상
2012042200100487,2012년 4월 22일 19시,일요일,부산광역시 북구 화명동,중상사고,0,1,0,0,차대차 - 기타,안전운전불이행,건조,맑음,교차로 - 교차로안,승용,여,51세,상해없음,이륜,남,16세,중상
2012042200100541,2012년 4월 22일 20시,일요일,부산광역시 사하구 장림동,경상사고,0,0,1,0,차대차 - 측면직각충돌,안전거리미확보,건조,맑음,교차로 - 교차로안,승용,남,34세,상해없음,이륜,남,33세,경상
2012042200100588,2012년 4월 22일 21시,일요일,부산광역시 중구 대청동1가,중상사고,0,1,1,0,차대차 - 측면직각충돌,신호위반,건조,맑음,단일로 - 횡단보도상,자전거,남,29세,경상,이륜,남,37세,중상
2012042200100589,2012년 4월 22일 21시,일요일,부산광역시 동래구 온천동,중상사고,0,1,0,0,차대차 - 측면직각충돌,안전운전불이행,건조,맑음,교차로 - 교차로안,승용,남,24세,상해없음,승용,남,62세,상해없음
2012042200100590,2012년 4월 22일 21시,일요일,부산광역시 금정구 부곡동,중상사고,0,1,0,0,차대사람 - 기타,안전운전불이행,건조,맑음,단일로 - 기타,승용,남,53세,상해없음,보행자,남,51세,중상
2012042200100591,2012년 4월 22일 21시,일요일,부산광역시 사상구 덕포동,경상사고,0,0,1,0,차대사람 - 기타,불법유턴,건조,맑음,단일로 - 기타,화물,남,47세,상해없음,보행자,남,54세,경상
2012042200100624,2012년 4월 22일 22시,일요일,부산광역시 사상구 모라동,경상사고,0,0,2,0,차대차 - 추돌 - 진행중,안전거리미확보,건조,맑음,단일로 - 기타,이륜,남,18세,경상,승용,남,51세,상해없음
2012042200100625,2012년 4월 22일 22시,일요일,부산광역시 기장군 일광면,중상사고,0,1,0,0,차대차 - 측면직각충돌,신호위반,건조,맑음,교차로 - 교차로안,승용,여,42세,상해없음,승용,남,47세,중상
2012042300100054,2012년 4월 23일 05시,월요일,부산광역시 부산진구 가야동,경상사고,0,0,1,0,차대차 - 추돌 - 주정차중,안전운전불이행,건조,흐림,단일로 - 기타,승용,남,27세,상해없음,승용,남,65세,경상
2012042300100064,2012년 4월 23일 06시,월요일,부산광역시 기장군 기장읍,중상사고,0,1,1,0,차대차 - 측면직각충돌,안전거리미확보,건조,맑음,단일로 - 기타,화물,남,57세,상해없음,화물,남,51세,중상
2012042300100076,2012년 4월 23일 07시,월요일,부산광역시 사하구 하단동,중상사고,0,1,0,0,차대차 - 추돌 - 진행중,신호위반,건조,맑음,단일로 - 기타,승용,남,23세,상해없음,승용,남,38세,중상
2012042300100077,2012년 4월 23일 07시,월요일,부산광역시 연제구 거제동,중상사고,0,1,0,0,차대차 - 정면충돌,교차로운행방법위반,건조,맑음,교차로 - 교차로안,승용,남,28세,상해없음,자전거,여,52세,중상
2012042300100103,2012년 4월 23일 08시,월요일,부산광역시 부산진구 부암동,사망사고,1,0,0,0,차량단독 - 도로외이탈 - 기타,안전운전불이행,건조,맑음,단일로 - 기타,이륜,남,54세,사망,,,,
2012042300100104,2012년 4월 23일 08시,월요일,부산광역시 부산진구 부암동,중상사고,0,1,0,0,차대사람 - 기타,안전운전불이행,건조,맑음,단일로 - 기타,승용,남,63세,상해없음,보행자,여,26세,중상
2012042300100138,2012년 4월 23일 09시,월요일,부산광역시 사하구 당리동,중상사고,0,2,0,0,차대차 - 추돌 - 진행중,안전거리미확보,건조,맑음,교차로 - 교차로안,승용,여,40세,상해없음,승용,남,68세,중상
2012042300100162,2012년 4월 23일 10시,월요일,부산광역시 금정구 부곡동,경상사고,0,0,1,1,차대차 - 추돌 - 진행중,신호위반,건조,맑음,교차로 - 교차로안,원동기,남,23세,부상신고,승용,여,33세,상해없음
2012042300100163,2012년 4월 23일 10시,월요일,부산광역시 금정구 서동,경상사고,0,0,1,0,차대차 - 측면직각충돌,안전거리미확보,건조,맑음,단일로 - 기타,승용,남,70세,상해없음,승합,남,57세,경상
2012042300100187,2012년 4월 23일 11시,월요일,부산광역시 서구 동대신동3가,경상사고,0,0,1,0,차대사람 - 기타,기타,건조,맑음,단일로 - 기타,승용,기타불명,기타불명,기타불명,보행자,여,44세,경상
2012042300100232,2012년 4월 23일 13시,월요일,부산광역시 동래구 온천동,중상사고,0,1,0,0,차대차 - 측면직각충돌,직진우회전진행방해,건조,맑음,교차로 - 교차로안,승용,남,58세,상해없음,이륜,남,34세,중상
2012042300100233,2012년 4월 23일 13시,월요일,부산광역시 부산진구 부암동,경상사고,0,0,1,0,차대차 - 측면직각충돌,교차로운행방법위반,건조,맑음,단일로 - 기타,승용,남,28세,상해없음,이륜,남,30세,경상