사고번호,사고일시,요일,시군구,사고내용,사망자수,중상자수,경상자수,부상신고자수,사고유형,법규위반,노면상태,기상상태,도로형태,가해운전자 차종,가해운전자 성별,가해운전자 연령,가해운전자 상해정도,피해운전자 차종,피해운전자 성별,피해운전자 연령,피해운전자 상해정도
2012042300100266,2012년 4월 23일 14시,월요일,부산광역시 부산진구 가야동,경상사고,0,0,1,0,차대차 - 기타,중앙선침범,건조,맑음,단일로 - 기타,승용,남,31세,상해없음,승용,남,51세,경상
2012042300100267,2012년 4월 23일 14시,월요일,부산광역시 사하구 다대동,경상사고,0,0,1,0,차대차 - 측면직각충돌,안전운전불이행,건조,맑음,단일로 - 기타,승용,남,53세,상해없음,승용,여,32세,상해없음
2012042300100296,2012년 4월 23일 15시,월요일,부산광역시 남구 대연동,중상사고,0,1,0,0,차대사람 - 기타,안전운전불이행,건조,맑음,단일로 - 기타,승용,여,62세,상해없음,보행자,남,41세,중상
2012042300100334,2012년 4월 23일 16시,월요일,부산광역시 동구 범일동,경상사고,0,0,1,0,차대차 - 측면직각충돌,직진우회전진행방해,건조,맑음,교차로 - 교차로안,승용,남,60세,상해없음,승합,남,52세,상해없음
2012042300100335,2012년 4월 23일 16시,월요일,부산광역시 기장군 정관면,중상사고,0,1,0,0,차대사람 - 기타,기타,건조,맑음,단일로 - 기타,승용,여,42세,상해없음,보행자,여,86세,중상
2012042300100365,2012년 4월 23일 17시,월요일,부산광역시 서구 동대신동1가,경상사고,0,0,1,0,차대차 - 측면직각충돌,교차로운행방법위반,건조,맑음,교차로 - 교차로안,승용,남,53세,상해없음,승용,남,52세,경상
2012042300100367,2012년 4월 23일 17시,월요일,부산광역시 영도구 영선동2가,중상사고,0,1,0,0,차대사람 - 길가장자리구역통행중,안전운전불이행,건조,맑음,단일로 - 기타,화물,남,51세,상해없음,보행자,남,65세,중상
2012042300100368,2012년 4월 23일 17시,월요일,부산광역시 해운대구 재송동,경상사고,0,0,1,0,차대사람 - 기타,안전운전불이행,건조,맑음,기타 - 기타,승용,남,54세,상해없음,보행자,여,74세,경상
2012042300100369,2012년 4월 23일 17시,월요일,부산광역시 기장군 기장읍,경상사고,0,0,2,0,차대차 - 추돌 - 진행중,교차로운행방법위반,건조,맑음,교차로 - 교차로부근,화물,남,55세,상해없음,승용,남,31세,경상
2012042300100405,2012년 4월 23일 18시,월요일,부산광역시 동구 초량동,중상사고,0,1,0,0,차대차 - 기타,안전운전불이행,건조,맑음,교차로 - 교차로부근,승용,남,36세,상해없음,원동기,남,37세,중상
2012042300100406,2012년 4월 23일 18시,월요일,부산광역시 해운대구 좌동,경상사고,0,0,1,0,차대차 - 기타,안전운전불이행,건조,맑음,교차로 - 교차로부근,승용,여,31세,상해없음,승용,여,33세,경상
2012042300100444,2012년 4월 23일 19시,월요일,부산광역시 동래구 안락동,경상사고,0,0,1,0,차대차 - 측면직각충돌,안전거리미확보,건조,맑음,단일로 - 기타,승용,여,34세,상해없음,자전거,여,27세,경상
2012042300100445,2012년 4월 23일 19시,월요일,부산광역시 강서구 강동동,부상신고사고,0,0,0,1,차대차 - 기타,안전운전불이행,건조,맑음,단일로 - 기타,승용,남,33세,상해없음,원동기,여,60세,부상신고
2012042300100474,2012년 4월 23일 20시,월요일,부산광역시 동래구 안락동,중상사고,0,1,1,0,차대차 - 추돌 - 주정차중,안전거리미확보,건조,맑음,단일로 - 기타,승용,남,53세,상해없음,승용,남,56세,중상
2012042300100475,2012년 4월 23일 20시,월요일,부산광역시 동래구 복천동,경상사고,0,0,1,0,차대차 - 측면직각충돌,교차로운행방법위반,건조,맑음,교차로 - 교차로안,자전거,남,14세,경상,승용,남,51세,상해없음
2012042300100514,2012년 4월 23일 21시,월요일,부산광역시 영도구 대교동1가,중상사고,0,1,0,0,차대사람 - 횡단중,안전운전불이행,건조,맑음,단일로 - 기타,승용,남,36세,상해없음,보행자,남,56세,중상
2012042300100515,2012년 4월 23일 21시,월요일,부산광역시 연제구 연산동,중상사고,0,1,0,0,차대사람 - 기타,기타,건조,맑음,단일로 - 기타,승합,남,53세,기타불명,보행자,여,60세,중상
2012042300100516,2012년 4월 23일 21시,월요일,부산광역시 사상구 모라동,경상사고,0,0,1,0,차대차 - 추돌 - 주정차중,안전운전불이행,건조,맑음,기타 - 기타,승합,남,55세,상해없음,승용,남,28세,경상
2012042300100517,2012년 4월 23일 21시,월요일,부산광역시 사상구 덕포동,경상사고,0,0,1,0,차대차 - 추돌 - 진행중,안전거리미확보,습기,비,단일로 - 기타,승용,남,21세,상해없음,승용,남,54세,경상
2012042300100557,2012년 4월 23일 22시,월요일,부산광역시 사하구 괴정동,경상사고,0,0,2,0,차대차 - 추돌 - 진행중,안전거리미확보,건조,맑음,교차로 - 교차로안,승용,남,37세,상해없음,승용,여,42세,경상
2012042300100581,2012년 4월 23일 23시,월요일,부산광역시 동구 초량동,중상사고,0,1,0,1,차대차 - 측면직각충돌,안전운전불이행,건조,맑음,단일로 - 기타,승용,여,24세,상해없음,승용,남,24세,부상신고
2012042300100582,2012년 4월 23일 23시,월요일,부산광역시 금정구 남산동,중상사고,0,1,0,0,차대사람 - 기타,안전운전불이행,건조,맑음,단일로 - 기타,승용,남,36세,상해없음,보행자,남,54세,중상
2012042400100042,2012년 4월 24일 03시,화요일,부산광역시 동구 초량동,부상신고사고,0,0,0,1,차대차 - 정면충돌,중앙선침범,건조,맑음,교차로 - 교차로부근,승용,남,58세,부상신고,화물,남,49세,상해없음
2012042400100069,2012년 4월 24일 06시,화요일,부산광역시 부산진구 전포동,중상사고,0,1,1,0,차대차 - 측면직각충돌,안전거리미확보,건조,맑음,단일로 - 기타,화물,남,36세,상해없음,승용,남,53세,중상
2012042400100080,2012년 4월 24일 07시,화요일,부산광역시 수영구 광안동,경상사고,0,0,1,0,차대차 - 기타,직진우회전진행방해,건조,맑음,교차로 - 교차로부근,승용,여,62세,상해없음,이륜,남,26세,경상
2012042400100120,2012년 4월 24일 08시,화요일,부산광역시 동래구 명륜동,중상사고,0,1,0,0,차대사람 - 횡단중,신호위반,건조,맑음,교차로 - 교차로안,승용,남,68세,상해없음,보행자,여,30세,중상
2012042400100121,2012년 4월 24일 08시,화요일,부산광역시 해운대구 반여동,중상사고,0,1,1,0,차대차 - 정면충돌,신호위반,건조,맑음,교차로 - 교차로안,승용,남,26세,상해없음,승용,남,56세,중상
2012042400100122,2012년 4월 24일 08시,화요일,부산광역시 금정구 부곡동,중상사고,0,1,0,0,차대차 - 측면직각충돌,안전운전불이행,건조,맑음,단일로 - 기타,승용,남,42세,상해없음,승용,남,27세,중상
2012042400100123,2012년 4월 24일 08시,화요일,부산광역시 수영구 망미동,경상사고,0,0,1,0,차대차 - 추돌 - 주정차중,안전운전불이행,건조,맑음,교차로 - 교차로부근,승용,여,38세,상해없음,승용,남,63세,경상
2012042400100155,2012년 4월 24일 09시,화요일,부산광역시 서구 서대신동1가,중상사고,0,1,0,0,차대차 - 기타,안전거리미확보,건조,맑음,기타 - 기타,승용,여,56세,상해없음,승합,남,53세,상해없음
2012042400100182,2012년 4월 24일 10시,화요일,부산광역시 금정구 서동,경상사고,0,0,1,0,차대사람 - 횡단중,보행자보호의무위반,건조,맑음,단일로 - 횡단보도상,승용,여,57세,상해없음,보행자,남,55세,경상
2012042400100201,2012년 4월 24일 11시,화요일,부산광역시 동구 수정동,부상신고사고,0,0,0,1,차대사람 - 기타,안전운전불이행,건조,맑음,단일로 - 기타,승합,남,57세,상해없음,보행자,여,17세,부상신고
2012042400100202,2012년 4월 24일 11시,화요일,부산광역시 수영구 남천동,경상사고,0,0,1,0,차대차 - 추돌 - 진행중,기타,건조,맑음,교차로 - 교차로부근,화물,남,46세,상해없음,승용,여,47세,경상
2012042400100229,2012년 4월 24일 12시,화요일,부산광역시 강서구 대저1동,부상신고사고,0,0,0,1,차대차 - 기타,안전거리미확보,건조,맑음,단일로 - 기타,기타불명,기타불명,기타불명,기타불명,승용,남,31세,부상신고
2012042400100259,2012년 4월 24일 13시,화요일,부산광역시 서구 동대신동1가,부상신고사고,0,0,0,1,차대사람 - 기타,안전운전불이행,건조,맑음,단일로 - 기타,화물,기타불명,기타불명,기타불명,보행자,여,14세,부상신고
2012042400100285,2012년 4월 24일 14시,화요일,부산광역시 동래구 명장동,경상사고,0,0,1,0,차대사람 - 차도통행중,안전운전불이행,건조,맑음,교차로 - 교차로부근,화물,남,52세,상해없음,보행자,여,15세,경상
2012042400100286,2012년 4월 24일 14시,화요일,부산광역시 사상구 감전동,중상사고,0,1,0,0,차대차 - 측면직각충돌,교차로운행방법위반,건조,맑음,교차로 - 교차로안,화물,남,48세,상해없음,원동기,남,40세,중상
2012042400100319,2012년 4월 24일 15시,화요일,부산광역시 수영구 광안동,경상사고,0,0,1,0,차대차 - 추돌 - 진행중,안전운전불이행,건조,맑음,교차로 - 교차로부근,승합,남,36세,상해없음,화물,남,45세,경상
2012042400100320,2012년 4월 24일 15시,화요일,부산광역시 수영구 수영동,중상사고,0,1,0,0,차대사람 - 기타,기타,건조,맑음,단일로 - 횡단보도부근,이륜,여,34세,상해없음,보행자,여,29세,중상
2012042400100361,2012년 4월 24일 16시,화요일,부산광역시 중구 남포동2가,부상신고사고,0,0,0,1,차대차 - 측면직각충돌,안전운전불이행,건조,맑음,단일로 - 기타,승용,남,51세,상해없음,원동기,남,35세,부상신고
2012042400100362,2012년 4월 24일 16시,화요일,부산광역시 해운대구 재송동,경상사고,0,0,1,0,차대차 - 측면직각충돌,교차로운행방법위반,건조,맑음,교차로 - 교차로안,승용,남,37세,상해없음,승용,남,55세,경상
2012042400100441,2012년 4월 24일 18시,화요일,부산광역시 해운대구 중동,경상사고,0,0,1,0,차대사람 - 기타,안전운전불이행,건조,맑음,단일로 - 기타,승용,남,62세,상해없음,보행자,남,61세,경상
2012042400100442,2012년 4월 24일 18시,화요일,부산광역시 부산진구 부전동,경상사고,0,0,1,0,차대사람 - 기타,안전운전불이행,건조,맑음,단일로 - 기타,승용,남,56세,상해없음,보행자,여,55세,경상
2012042400100443,2012년 4월 24일 18시,화요일,부산광역시 금정구 부곡동,중상사고,0,1,4,0,차대차 - 추돌 - 진행중,안전운전불이행,건조,맑음,단일로 - 기타,승용,여,47세,상해없음,승용,남,42세,중상
2012042400100444,2012년 4월 24일 18시,화요일,부산광역시 연제구 연산동,경상사고,0,0,1,0,차대차 - 기타,기타,건조,맑음,단일로 - 기타,승용,남,38세,상해없음,원동기,남,16세,경상
2012042400100446,2012년 4월 24일 18시,화요일,부산광역시 기장군 기장읍,경상사고,0,0,1,0,차대사람 - 차도통행중,안전운전불이행,건조,맑음,단일로 - 기타,이륜,남,18세,상해없음,보행자,여,23세,경상
2012042400100485,2012년 4월 24일 19시,화요일,부산광역시 해운대구 반여동,중상사고,0,1,0,0,차대사람 - 기타,보행자보호의무위반,건조,맑음,교차로 - 교차로부근,승용,남,59세,상해없음,보행자,남,6세,중상
2012042400100486,2012년 4월 24일 19시,화요일,부산광역시 해운대구 반여동,경상사고,0,0,1,0,차대사람 - 기타,보행자보호의무위반,건조,기타,기타 - 기타,원동기,남,16세,상해없음,보행자,여,62세,경상
2012042400100487,2012년 4월 24일 19시,화요일,부산광역시 부산진구 부전동,중상사고,0,1,0,0,차대차 - 기타,기타,건조,흐림,단일로 - 기타,승용,남,54세,상해없음,자전거,남,23세,중상
2012042400100522,2012년 4월 24일 20시,화요일,부산광역시 부산진구 부암동,경상사고,0,0,1,0,차대차 - 추돌 - 주정차중,안전운전불이행,건조,흐림,단일로 - 기타,승용,여,28세,상해없음,승용,남,42세,경상
2012042400100552,2012년 4월 24일 21시,화요일,부산광역시 사상구 삼락동,경상사고,0,0,1,0,차대차 - 추돌 - 진행중,차로위반,건조,맑음,단일로 - 기타,승용,기타불명,기타불명,기타불명,승용,남,34세,경상
2012042400100593,2012년 4월 24일 22시,화요일,부산광역시 동구 범일동,경상사고,0,0,2,0,차대차 - 측면직각충돌,신호위반,건조,맑음,교차로 - 교차로안,특수,남,44세,상해없음,승용,남,47세,경상
2012042400100594,2012년 4월 24일 22시,화요일,부산광역시 북구 구포동,경상사고,0,0,1,0,차대차 - 기타,안전운전불이행,건조,맑음,단일로 - 기타,화물,남,40세,상해없음,승용,남,48세,경상
2012042400100595,2012년 4월 24일 22시,화요일,부산광역시 영도구 남항동1가,경상사고,0,0,1,0,차대차 - 기타,교차로운행방법위반,건조,맑음,교차로 - 교차로안,승용,남,35세,상해없음,승용,남,27세,경상
2012042400100633,2012년 4월 24일 23시,화요일,부산광역시 북구 덕천동,경상사고,0,0,1,0,차대사람 - 보도통행중,안전운전불이행,건조,맑음,기타 - 기타,승용,남,18세,상해없음,보행자,남,26세,경상
2012042400100634,2012년 4월 24일 23시,화요일,부산광역시 동래구 안락동,중상사고,0,1,0,0,차대사람 - 횡단중,안전운전불이행,건조,맑음,단일로 - 교량,승용,남,58세,상해없음,보행자,남,58세,중상
2012042400100635,2012년 4월 24일 23시,화요일,부산광역시 해운대구 우동,사망사고,1,0,1,0,차대차 - 측면직각충돌,중앙선침범,건조,흐림,단일로 - 횡단보도부근,승용,남,57세,사망,승용,남,24세,경상
2012042400100636,2012년 4월 24일 23시,화요일,부산광역시 부산진구 가야동,경상사고,0,0,2,0,차대차 - 기타,안전거리미확보,습기,비,단일로 - 기타,승용,남,34세,기타불명,승용,남,35세,경상
2012042400100637,2012년 4월 24일 23시,화요일,부산광역시 부산진구 당감동,경상사고,0,0,2,0,차대차 - 기타,안전거리미확보,건조,맑음,단일로 - 교량,승용,남,37세,상해없음,승용,남,60세,경상
2012042400100638,2012년 4월 24일 23시,화요일,부산광역시 부산진구 초읍동,경상사고,0,0,2,0,차대사람 - 기타,안전운전불이행,건조,맑음,교차로 - 교차로안,승용,남,53세,상해없음,보행자,남,37세,경상
2012042500100009,2012년 4월 25일 00시,수요일,부산광역시 중구 남포동2가,경상사고,0,0,1,0,차대차 - 추돌 - 주정차중,안전운전불이행,건조,맑음,단일로 - 기타,승용,남,51세,상해없음,화물,남,49세,경상
2012042500100010,2012년 4월 25일 00시,수요일,부산광역시 남구 용호동,경상사고,0,0,1,0,차대사람 - 기타,안전운전불이행,건조,맑음,단일로 - 기타,승용,남,50세,기타불명,보행자,남,50세,경상
2012042500100011,2012년 4월 25일 00시,수요일,부산광역시 부산진구 부전동,경상사고,0,0,1,0,차량단독 - 전도전복,안전운전불이행,건조,기타,기타 - 기타,원동기,남,47세,경상,,,,
2012042500100012,2012년 4월 25일 00시,수요일,부산광역시 부산진구 양정동,경상사고,0,0,1,0,차대차 - 기타,안전운전불이행,건조,맑음,단일로 - 기타,승용,남,46세,상해없음,승용,남,48세,상해없음
2012042500100013,2012년 4월 25일 00시,수요일,부산광역시 강서구 송정동,경상사고,0,0,3,0,차대차 - 측면직각충돌,안전운전불이행,건조,맑음,단일로 - 기타,승용,여,49세,상해없음,특수,남,42세,경상
2012042500100040,2012년 4월 25일 01시,수요일,부산광역시 수영구 광안동,경상사고,0,0,1,0,차대차 - 기타,안전운전불이행,건조,맑음,교차로 - 교차로안,승용,기타불명,기타불명,기타불명,승용,남,41세,상해없음
2012042500100041,2012년 4월 25일 01시,수요일,부산광역시 동래구 온천동,경상사고,0,0,2,0,차대차 - 측면직각충돌,교차로운행방법위반,건조,맑음,교차로 - 교차로안,원동기,남,18세,경상,승용,여,34세,상해없음
2012042500100042,2012년 4월 25일 01시,수요일,부산광역시 사하구 감천동,경상사고,0,0,4,0,차대차 - 추돌 - 진행중,안전거리미확보,건조,맑음,단일로 - 기타,승용,남,55세,상해없음,승용,남,39세,경상
2012042500100052,2012년 4월 25일 02시,수요일,부산광역시 북구 구포동,중상사고,0,1,0,0,차대사람 - 기타,안전운전불이행,건조,맑음,단일로 - 기타,승용,남,51세,상해없음,보행자,남,24세,중상
2012042500100053,2012년 4월 25일 02시,수요일,부산광역시 사상구 모라동,경상사고,0,0,1,0,차대차 - 추돌 - 주정차중,안전운전불이행,건조,맑음,단일로 - 기타,승용,남,31세,상해없음,승용,남,58세,경상
2012042500100075,2012년 4월 25일 05시,수요일,부산광역시 강서구 명지동,경상사고,0,0,2,0,차대차 - 기타,안전운전불이행,건조,맑음,교차로 - 교차로부근,승용,남,33세,상해없음,승용,여,50세,경상
2012042500100086,2012년 4월 25일 06시,수요일,부산광역시 연제구 연산동,경상사고,0,0,1,0,차대차 - 측면직각충돌,교차로운행방법위반,건조,맑음,교차로 - 교차로안,승용,남,35세,상해없음,승용,남,58세,경상
2012042500100096,2012년 4월 25일 07시,수요일,부산광역시 남구 문현동,경상사고,0,0,1,0,차대사람 - 길가장자리구역통행중,안전운전불이행,건조,흐림,교차로 - 교차로안,승용,남,66세,상해없음,보행자,여,29세,경상
2012042500100097,2012년 4월 25일 07시,수요일,부산광역시 사상구 주례동,부상신고사고,0,0,0,1,차대차 - 측면직각충돌,안전운전불이행,건조,맑음,교차로 - 교차로부근,원동기,남,22세,부상신고,승용,남,25세,기타불명
2012042500100127,2012년 4월 25일 08시,수요일,부산광역시 서구 동대신동1가,경상사고,0,0,1,0,차대차 - 측면직각충돌,신호위반,건조,맑음,교차로 - 교차로안,승용,남,47세,상해없음,이륜,남,30세,경상
2012042500100128,2012년 4월 25일 08시,수요일,부산광역시 사하구 구평동,중상사고,0,1,0,0,차대차 - 측면직각충돌,차로위반,습기,비,단일로 - 기타,승용,남,36세,상해없음,이륜,남,69세,중상
2012042500100165,2012년 4월 25일 09시,수요일,부산광역시 연제구 연산동,경상사고,0,0,1,0,차대차 - 측면직각충돌,안전운전불이행,습기,비,교차로 - 교차로부근,승용,남,23세,상해없음,승용,남,58세,상해없음
2012042500100166,2012년 4월 25일 09시,수요일,부산광역시 강서구 송정동,경상사고,0,0,3,0,차대차 - 측면직각충돌,신호위반,건조,맑음,교차로 - 교차로안,승용,남,39세,상해없음,승용,여,56세,경상
2012042500100189,2012년 4월 25일 10시,수요일,부산광역시 사하구 신평동,부상신고사고,0,0,0,4,차대차 - 기타,안전거리미확보,습기,비,단일로 - 기타,화물,남,52세,상해없음,승용,여,25세,부상신고
2012042500100190,2012년 4월 25일 10시,수요일,부산광역시 기장군 기장읍,중상사고,0,1,0,0,차대사람 - 차도통행중,안전운전불이행,습기,비,교차로 - 교차로안,승용,여,61세,상해없음,보행자,여,73세,중상
2012042500100212,2012년 4월 25일 11시,수요일,부산광역시 해운대구 반여동,중상사고,0,2,0,0,차대차 - 기타,안전운전불이행,습기,비,단일로 - 기타,화물,남,61세,상해없음,승용,남,31세,중상
2012042500100213,2012년 4월 25일 11시,수요일,부산광역시 해운대구 우동,경상사고,0,0,3,0,차대차 - 측면직각충돌,안전운전불이행,습기,비,단일로 - 기타,승용,남,29세,상해없음,승용,남,42세,경상
2012042500100239,2012년 4월 25일 12시,수요일,부산광역시 남구 용호동,중상사고,0,1,0,0,차대사람 - 횡단중,안전운전불이행,습기,비,단일로 - 기타,승용,남,31세,상해없음,보행자,남,18세,중상
2012042500100240,2012년 4월 25일 12시,수요일,부산광역시 사상구 학장동,경상사고,0,0,2,1,차대차 - 측면직각충돌,안전거리미확보,습기,비,단일로 - 기타,승용,남,55세,상해없음,승용,남,54세,경상
2012042500100241,2012년 4월 25일 12시,수요일,부산광역시 사상구 모라동,경상사고,0,0,1,0,차대차 - 추돌 - 주정차중,안전운전불이행,습기,비,단일로 - 기타,승용,남,64세,상해없음,승합,남,54세,경상
2012042500100256,2012년 4월 25일 13시,수요일,부산광역시 동래구 안락동,경상사고,0,0,1,0,차대차 - 추돌 - 진행중,안전거리미확보,습기,비,단일로 - 기타,화물,남,24세,상해없음,승용,남,54세,경상
2012042500100257,2012년 4월 25일 13시,수요일,부산광역시 금정구 남산동,중상사고,0,1,0,0,차대차 - 정면충돌,신호위반,습기,비,교차로 - 교차로안,승용,남,55세,상해없음,화물,남,49세,상해없음
2012042500100258,2012년 4월 25일 13시,수요일,부산광역시 강서구 명지동,중상사고,0,4,5,2,차량단독 - 전도전복,안전운전불이행,습기,비,단일로 - 기타,승합,남,62세,부상신고,,,,
2012042500100259,2012년 4월 25일 13시,수요일,부산광역시 기장군 기장읍,중상사고,0,1,1,0,차대차 - 측면직각충돌,중앙선침범,습기,비,단일로 - 기타,승용,여,40세,상해없음,승용,남,29세,경상
2012042500100284,2012년 4월 25일 14시,수요일,부산광역시 기장군 기장읍,경상사고,0,0,1,0,차대사람 - 횡단중,안전운전불이행,습기,비,단일로 - 기타,승용,여,52세,상해없음,보행자,여,12세,경상
2012042500100317,2012년 4월 25일 15시,수요일,부산광역시 동래구 온천동,경상사고,0,0,1,0,차대차 - 측면직각충돌,신호위반,건조,맑음,교차로 - 교차로안,승용,남,54세,상해없음,승용,남,25세,경상
2012042500100318,2012년 4월 25일 15시,수요일,부산광역시 사하구 괴정동,경상사고,0,0,1,0,차대사람 - 횡단중,보행자보호의무위반,습기,비,단일로 - 기타,승용,남,59세,상해없음,보행자,남,40세,경상
2012042500100356,2012년 4월 25일 16시,수요일,부산광역시 강서구 구랑동,경상사고,0,0,2,10,차대차 - 추돌 - 주정차중,과속,습기,비,단일로 - 기타,승용,남,31세,상해없음,승합,남,29세,경상
2012042500100384,2012년 4월 25일 17시,수요일,부산광역시 금정구 남산동,경상사고,0,0,1,0,차대사람 - 기타,안전운전불이행,습기,비,교차로 - 교차로안,화물,남,49세,상해없음,보행자,여,49세,경상
2012042500100385,2012년 4월 25일 17시,수요일,부산광역시 사하구 감천동,경상사고,0,0,1,0,차대사람 - 길가장자리구역통행중,안전운전불이행,습기,비,단일로 - 기타,승용,남,58세,상해없음,보행자,여,47세,경상
2012042500100386,2012년 4월 25일 17시,수요일,부산광역시 강서구 지사동,경상사고,0,0,1,0,차대차 - 측면직각충돌,안전운전불이행,습기,비,교차로 - 교차로안,승용,남,58세,상해없음,승용,남,31세,경상
2012042500100421,2012년 4월 25일 18시,수요일,부산광역시 수영구 광안동,중상사고,0,1,0,0,차대차 - 측면직각충돌,중앙선침범,습기,흐림,단일로 - 기타,승용,남,30세,상해없음,이륜,남,16세,중상
2012042500100422,2012년 4월 25일 18시,수요일,부산광역시 남구 용당동,중상사고,0,1,0,0,차대사람 - 보도통행중,보행자보호의무위반,건조,맑음,단일로 - 기타,승용,남,31세,상해없음,보행자,여,45세,중상
2012042500100423,2012년 4월 25일 18시,수요일,부산광역시 동래구 안락동,중상사고,0,1,0,0,차대사람 - 보도통행중,보행자보호의무위반,습기,비,단일로 - 기타,승용,남,35세,상해없음,보행자,남,8세,중상
2012042500100424,2012년 4월 25일 18시,수요일,부산광역시 해운대구 송정동,중상사고,0,1,0,0,차대사람 - 횡단중,안전운전불이행,습기,비,단일로 - 기타,승용,여,33세,상해없음,보행자,여,45세,중상
2012042500100425,2012년 4월 25일 18시,수요일,부산광역시 강서구 구랑동,중상사고,0,1,3,0,차대차 - 추돌 - 주정차중,안전거리미확보,습기,비,교차로 - 교차로부근,화물,남,28세,경상,화물,남,63세,상해없음
2012042500100426,2012년 4월 25일 18시,수요일,부산광역시 기장군 일광면,경상사고,0,0,1,0,차대차 - 추돌 - 주정차중,안전운전불이행,습기,비,단일로 - 기타,승용,여,40세,상해없음,승용,남,28세,경상
2012042500100466,2012년 4월 25일 19시,수요일,부산광역시 남구 문현동,경상사고,0,0,2,0,차대차 - 추돌 - 진행중,안전거리미확보,습기,비,단일로 - 터널,화물,남,66세,상해없음,승용,남,66세,경상
2012042500100467,2012년 4월 25일 19시,수요일,부산광역시 남구 대연동,중상사고,0,1,0,0,차대차 - 측면직각충돌,중앙선침범,습기,비,교차로 - 교차로안,승용,남,78세,상해없음,승용,남,53세,상해없음
2012042500100507,2012년 4월 25일 20시,수요일,부산광역시 금정구 구서동,중상사고,0,1,0,0,차대차 - 기타,안전거리미확보,습기,비,교차로 - 교차로부근,승용,여,24세,상해없음,승용,남,40세,상해없음
2012042500100557,2012년 4월 25일 21시,수요일,부산광역시 동래구 온천동,경상사고,0,0,1,0,차대차 - 추돌 - 주정차중,안전운전불이행,습기,비,단일로 - 기타,승용,남,53세,상해없음,승합,남,39세,경상
2012042500100558,2012년 4월 25일 21시,수요일,부산광역시 부산진구 초읍동,중상사고,0,1,0,0,차대사람 - 기타,안전운전불이행,건조,맑음,단일로 - 기타,승용,여,25세,상해없음,보행자,남,64세,중상
2012042500100559,2012년 4월 25일 21시,수요일,부산광역시 연제구 연산동,중상사고,0,1,0,0,차대사람 - 횡단중,안전운전불이행,습기,비,교차로 - 교차로부근,승용,여,56세,상해없음,보행자,남,39세,중상
2012042500100607,2012년 4월 25일 22시,수요일,부산광역시 동래구 안락동,경상사고,0,0,1,0,차대차 - 추돌 - 주정차중,안전운전불이행,건조,맑음,교차로 - 교차로부근,승용,남,46세,상해없음,승용,남,42세,경상
2012042500100608,2012년 4월 25일 22시,수요일,부산광역시 동래구 온천동,중상사고,0,1,0,0,차대사람 - 횡단중,안전운전불이행,건조,맑음,단일로 - 기타,승용,여,53세,상해없음,보행자,남,30세,중상
2012042500100609,2012년 4월 25일 22시,수요일,부산광역시 부산진구 부전동,중상사고,0,3,0,0,차대차 - 기타,신호위반,습기,비,교차로 - 교차로안,승용,남,65세,상해없음,승용,남,49세,중상
2012042500100667,2012년 4월 25일 23시,수요일,부산광역시 해운대구 반여동,중상사고,0,1,3,1,차대차 - 추돌 - 주정차중,안전거리미확보,습기,흐림,단일로 - 기타,승용,여,49세,부상신고,승용,남,39세,경상
2012042500100668,2012년 4월 25일 23시,수요일,부산광역시 해운대구 반여동,경상사고,0,0,1,0,차대사람 - 기타,안전운전불이행,건조,맑음,단일로 - 기타,승용,남,35세,상해없음,보행자,여,34세,경상
2012042600100013,2012년 4월 26일 00시,목요일,부산광역시 부산진구 양정동,경상사고,0,0,1,0,차대차 - 추돌 - 주정차중,안전운전불이행,건조,흐림,단일로 - 기타,승용,남,29세,상해없음,승용,남,52세,경상
2012042600100014,2012년 4월 26일 00시,목요일,부산광역시 부산진구 부암동,경상사고,0,0,2,0,차대차 - 기타,안전거리미확보,건조,흐림,단일로 - 기타,승용,남,39세,상해없음,승용,남,39세,경상
2012042600100059,2012년 4월 26일 01시,목요일,부산광역시 금정구 금사동,부상신고사고,0,0,0,1,차량단독 - 전도전복,안전운전불이행,습기,비,단일로 - 기타,승용,남,33세,부상신고,,,,
2012042600100060,2012년 4월 26일 01시,목요일,부산광역시 연제구 거제동,중상사고,0,1,0,0,차대사람 - 기타,안전운전불이행,건조,맑음,단일로 - 기타,승용,남,25세,상해없음,보행자,남,31세,중상
2012042600100099,2012년 4월 26일 03시,목요일,부산광역시 연제구 연산동,사망사고,1,0,0,0,차대사람 - 기타,신호위반,건조,맑음,단일로 - 횡단보도상,승용,남,54세,상해없음,보행자,여,75세,사망
2012042600100113,2012년 4월 26일 04시,목요일,부산광역시 기장군 정관면,중상사고,0,1,0,0,차대차 - 추돌 - 주정차중,안전운전불이행,건조,맑음,교차로 - 교차로부근,승용,여,49세,중상,건설기계,남,49세,기타불명
2012042600100132,2012년 4월 26일 06시,목요일,부산광역시 부산진구 전포동,중상사고,0,1,1,0,차대차 - 기타,신호위반,건조,맑음,교차로 - 교차로안,승용,남,28세,상해없음,승용,남,62세,경상
2012042600100147,2012년 4월 26일 07시,목요일,부산광역시 부산진구 범전동,사망사고,1,0,0,0,차대사람 - 횡단중,보행자보호의무위반,건조,맑음,단일로 - 기타,화물,남,34세,상해없음,보행자,남,84세,사망
2012042600100188,2012년 4월 26일 08시,목요일,부산광역시 영도구 영선동2가,경상사고,0,0,1,0,차대사람 - 기타,안전운전불이행,건조,맑음,단일로 - 기타,화물,남,63세,상해없음,보행자,남,56세,경상