사고번호,사고일시,요일,시군구,사고내용,사망자수,중상자수,경상자수,부상신고자수,사고유형,법규위반,노면상태,기상상태,도로형태,가해운전자 차종,가해운전자 성별,가해운전자 연령,가해운전자 상해정도,피해운전자 차종,피해운전자 성별,피해운전자 연령,피해운전자 상해정도
2012042600100189,2012년 4월 26일 08시,목요일,부산광역시 부산진구 부암동,경상사고,0,0,1,0,차대차 - 측면직각충돌,안전운전불이행,건조,맑음,교차로 - 교차로부근,승용,남,54세,상해없음,승용,남,58세,경상
2012042600100233,2012년 4월 26일 09시,목요일,부산광역시 해운대구 송정동,경상사고,0,0,1,0,차대차 - 추돌 - 주정차중,안전운전불이행,건조,맑음,교차로 - 교차로부근,승용,남,56세,상해없음,승합,남,34세,경상
2012042600100234,2012년 4월 26일 09시,목요일,부산광역시 사하구 하단동,경상사고,0,0,1,0,차대사람 - 기타,안전운전불이행,건조,맑음,교차로 - 교차로안,승용,남,58세,상해없음,보행자,여,23세,경상
2012042600100268,2012년 4월 26일 10시,목요일,부산광역시 남구 용당동,중상사고,0,1,0,0,차대차 - 기타,교차로운행방법위반,건조,맑음,교차로 - 교차로부근,승용,여,42세,상해없음,이륜,남,25세,중상
2012042600100269,2012년 4월 26일 10시,목요일,부산광역시 금정구 장전동,경상사고,0,0,1,0,차대사람 - 기타,안전운전불이행,건조,맑음,교차로 - 교차로부근,승용,여,28세,상해없음,보행자,여,66세,경상
2012042600100300,2012년 4월 26일 11시,목요일,부산광역시 동래구 사직동,중상사고,0,1,0,0,차대사람 - 차도통행중,안전운전불이행,건조,맑음,교차로 - 교차로안,승용,남,56세,상해없음,보행자,여,67세,중상
2012042600100301,2012년 4월 26일 11시,목요일,부산광역시 해운대구 반여동,중상사고,0,1,0,0,차대차 - 추돌 - 진행중,안전운전불이행,건조,맑음,단일로 - 기타,화물,남,67세,상해없음,화물,남,47세,상해없음
2012042600100302,2012년 4월 26일 11시,목요일,부산광역시 해운대구 송정동,경상사고,0,0,1,0,차대차 - 기타,안전거리미확보,건조,맑음,단일로 - 기타,화물,남,26세,상해없음,승용,남,40세,경상
2012042600100303,2012년 4월 26일 11시,목요일,부산광역시 강서구 송정동,중상사고,0,1,0,0,차대차 - 측면직각충돌,안전운전불이행,건조,맑음,교차로 - 교차로안,특수,남,30세,상해없음,특수,남,52세,중상
2012042600100304,2012년 4월 26일 11시,목요일,부산광역시 기장군 장안읍,중상사고,0,1,1,0,차대차 - 측면직각충돌,신호위반,건조,맑음,교차로 - 교차로부근,승용,남,50세,상해없음,승용,여,32세,중상
2012042600100331,2012년 4월 26일 12시,목요일,부산광역시 동래구 수안동,중상사고,0,1,0,0,차대차 - 측면직각충돌,안전거리미확보,건조,맑음,교차로 - 교차로부근,승용,남,63세,상해없음,원동기,남,50세,중상
2012042600100332,2012년 4월 26일 12시,목요일,부산광역시 영도구 청학동,경상사고,0,0,1,0,차대사람 - 기타,안전운전불이행,건조,맑음,단일로 - 기타,승용,여,52세,상해없음,보행자,여,61세,경상
2012042600100333,2012년 4월 26일 12시,목요일,부산광역시 영도구 봉래동2가,중상사고,0,1,0,0,차대사람 - 횡단중,안전운전불이행,건조,맑음,교차로 - 교차로안,승용,남,52세,상해없음,보행자,남,54세,중상
2012042600100334,2012년 4월 26일 12시,목요일,부산광역시 기장군 철마면,경상사고,0,0,1,2,차대차 - 추돌 - 주정차중,안전운전불이행,건조,맑음,교차로 - 교차로부근,승용,여,36세,부상신고,화물,남,56세,경상
2012042600100361,2012년 4월 26일 13시,목요일,부산광역시 북구 금곡동,경상사고,0,0,1,0,차대차 - 추돌 - 주정차중,안전운전불이행,건조,맑음,교차로 - 교차로부근,화물,남,35세,상해없음,승용,여,54세,경상
2012042600100362,2012년 4월 26일 13시,목요일,부산광역시 해운대구 좌동,경상사고,0,0,2,0,차대차 - 추돌 - 진행중,안전운전불이행,건조,맑음,교차로 - 교차로안,승용,여,47세,상해없음,이륜,남,30세,경상
2012042600100363,2012년 4월 26일 13시,목요일,부산광역시 사상구 학장동,경상사고,0,0,2,0,차대차 - 기타,교차로운행방법위반,건조,맑음,교차로 - 교차로안,화물,남,39세,경상,승용,남,55세,경상
2012042600100392,2012년 4월 26일 14시,목요일,부산광역시 서구 서대신동1가,경상사고,0,0,1,0,차대차 - 기타,안전거리미확보,건조,맑음,교차로 - 교차로부근,승용,남,60세,상해없음,승합,남,55세,상해없음
2012042600100393,2012년 4월 26일 14시,목요일,부산광역시 수영구 광안동,부상신고사고,0,0,0,1,차대사람 - 기타,기타,건조,맑음,단일로 - 기타,승용,남,45세,상해없음,보행자,여,10세,부상신고
2012042600100394,2012년 4월 26일 14시,목요일,부산광역시 사하구 하단동,중상사고,0,1,1,0,차대차 - 추돌 - 진행중,안전거리미확보,건조,맑음,단일로 - 기타,화물,남,34세,상해없음,승용,남,52세,중상
2012042600100432,2012년 4월 26일 15시,목요일,부산광역시 사하구 하단동,경상사고,0,0,1,0,차대차 - 추돌 - 진행중,안전거리미확보,건조,맑음,단일로 - 기타,화물,남,35세,상해없음,화물,남,55세,경상
2012042600100433,2012년 4월 26일 15시,목요일,부산광역시 연제구 연산동,중상사고,0,1,0,0,차대사람 - 길가장자리구역통행중,안전운전불이행,건조,맑음,기타 - 기타,승합,남,28세,상해없음,보행자,여,57세,중상
2012042600100472,2012년 4월 26일 16시,목요일,부산광역시 동구 수정동,중상사고,0,1,1,0,차대차 - 측면직각충돌,안전거리미확보,건조,맑음,단일로 - 기타,승용,남,46세,중상,화물,남,57세,경상
2012042600100473,2012년 4월 26일 16시,목요일,부산광역시 남구 용호동,중상사고,0,1,0,0,차대사람 - 횡단중,보행자보호의무위반,건조,맑음,단일로 - 기타,이륜,남,58세,상해없음,보행자,여,67세,중상
2012042600100474,2012년 4월 26일 16시,목요일,부산광역시 북구 덕천동,부상신고사고,0,0,0,1,차대사람 - 길가장자리구역통행중,안전운전불이행,건조,맑음,단일로 - 기타,승용,남,53세,상해없음,보행자,여,29세,부상신고
2012042600100475,2012년 4월 26일 16시,목요일,부산광역시 해운대구 우동,중상사고,0,1,0,0,차대사람 - 기타,보행자보호의무위반,건조,맑음,교차로 - 교차로안,승용,남,68세,상해없음,보행자,여,19세,중상
2012042600100476,2012년 4월 26일 16시,목요일,부산광역시 부산진구 가야동,경상사고,0,0,1,0,차대차 - 기타,안전운전불이행,건조,맑음,단일로 - 기타,이륜,남,18세,상해없음,승용,남,65세,경상
2012042600100477,2012년 4월 26일 16시,목요일,부산광역시 사하구 장림동,경상사고,0,0,2,0,차대차 - 측면직각충돌,신호위반,건조,맑음,교차로 - 교차로안,승용,남,68세,상해없음,승용,남,45세,경상
2012042600100478,2012년 4월 26일 16시,목요일,부산광역시 사상구 학장동,중상사고,0,1,0,0,차량단독 - 기타,안전운전불이행,건조,맑음,단일로 - 기타,승합,남,48세,상해없음,,,,
2012042600100519,2012년 4월 26일 17시,목요일,부산광역시 동구 초량동,경상사고,0,0,2,0,차대차 - 추돌 - 주정차중,안전운전불이행,건조,맑음,단일로 - 기타,승용,남,61세,상해없음,승용,미분류,기타불명,기타불명
2012042600100520,2012년 4월 26일 17시,목요일,부산광역시 연제구 연산동,중상사고,0,1,0,0,차대사람 - 길가장자리구역통행중,기타,건조,맑음,단일로 - 기타,승용,남,55세,상해없음,보행자,여,62세,중상
2012042600100609,2012년 4월 26일 19시,목요일,부산광역시 중구 보수동1가,경상사고,0,0,1,0,차대차 - 추돌 - 진행중,안전거리미확보,건조,맑음,단일로 - 기타,승용,남,44세,상해없음,승용,남,50세,경상
2012042600100610,2012년 4월 26일 19시,목요일,부산광역시 사하구 하단동,중상사고,0,1,0,0,차대사람 - 횡단중,안전운전불이행,건조,맑음,단일로 - 횡단보도상,승용,남,34세,상해없음,보행자,남,55세,중상
2012042600100611,2012년 4월 26일 19시,목요일,부산광역시 사상구 주례동,경상사고,0,0,1,0,차대차 - 추돌 - 진행중,안전운전불이행,건조,맑음,단일로 - 기타,승용,남,55세,상해없음,승합,남,42세,경상
2012042600100651,2012년 4월 26일 20시,목요일,부산광역시 부산진구 부전동,중상사고,0,1,0,0,차대차 - 기타,차로위반,건조,맑음,단일로 - 기타,화물,남,50세,상해없음,승용,남,58세,상해없음
2012042600100652,2012년 4월 26일 20시,목요일,부산광역시 금정구 서동,경상사고,0,0,1,0,차대사람 - 기타,안전운전불이행,건조,맑음,단일로 - 기타,승용,여,72세,상해없음,보행자,남,46세,경상
2012042600100713,2012년 4월 26일 22시,목요일,부산광역시 북구 화명동,경상사고,0,0,1,0,차대차 - 추돌 - 진행중,차로위반,건조,맑음,단일로 - 기타,승용,여,40세,상해없음,원동기,남,32세,경상
2012042600100714,2012년 4월 26일 22시,목요일,부산광역시 동래구 온천동,중상사고,0,1,0,0,차대차 - 측면직각충돌,중앙선침범,건조,맑음,단일로 - 기타,승용,남,28세,상해없음,원동기,남,54세,중상
2012042600100715,2012년 4월 26일 22시,목요일,부산광역시 사하구 감천동,경상사고,0,0,1,0,차대차 - 측면직각충돌,교차로운행방법위반,건조,맑음,교차로 - 교차로안,승용,남,52세,상해없음,승용,남,39세,경상
2012042600100716,2012년 4월 26일 22시,목요일,부산광역시 연제구 연산동,중상사고,0,2,0,0,차대사람 - 횡단중,보행자보호의무위반,건조,맑음,단일로 - 횡단보도상,승용,남,27세,상해없음,보행자,여,36세,중상
2012042600100760,2012년 4월 26일 23시,목요일,부산광역시 동래구 안락동,경상사고,0,0,1,0,차대차 - 측면직각충돌,안전운전불이행,건조,맑음,단일로 - 기타,승용,남,58세,상해없음,승용,남,29세,상해없음
2012042600100761,2012년 4월 26일 23시,목요일,부산광역시 사상구 모라동,경상사고,0,0,1,0,차대사람 - 횡단중,신호위반,건조,맑음,단일로 - 횡단보도상,승용,남,38세,상해없음,보행자,여,34세,경상
2012042700100006,2012년 4월 27일 00시,금요일,부산광역시 금정구 장전동,경상사고,0,0,2,0,차대차 - 측면직각충돌,안전거리미확보,건조,맑음,단일로 - 기타,승용,여,53세,상해없음,승용,남,65세,경상
2012042700100035,2012년 4월 27일 01시,금요일,부산광역시 동래구 안락동,경상사고,0,0,2,0,차대차 - 추돌 - 주정차중,안전운전불이행,건조,맑음,교차로 - 교차로부근,승용,여,23세,상해없음,승용,남,50세,경상
2012042700100059,2012년 4월 27일 02시,금요일,부산광역시 부산진구 개금동,경상사고,0,0,1,0,차대사람 - 횡단중,신호위반,건조,맑음,단일로 - 횡단보도상,승용,남,34세,상해없음,보행자,여,53세,경상
2012042700100060,2012년 4월 27일 02시,금요일,부산광역시 강서구 송정동,중상사고,0,1,0,0,차량단독 - 전도전복,안전운전불이행,건조,맑음,단일로 - 기타,이륜,남,17세,상해없음,,,,
2012042700100121,2012년 4월 27일 07시,금요일,부산광역시 북구 구포동,중상사고,0,1,0,0,차대사람 - 기타,안전운전불이행,건조,맑음,단일로 - 기타,승용,여,40세,상해없음,보행자,여,25세,중상
2012042700100122,2012년 4월 27일 07시,금요일,부산광역시 사하구 다대동,중상사고,0,1,0,0,차대차 - 측면직각충돌,안전운전불이행,건조,맑음,교차로 - 교차로안,승용,남,22세,상해없음,원동기,남,71세,중상
2012042700100123,2012년 4월 27일 07시,금요일,부산광역시 강서구 강동동,중상사고,0,1,0,0,차대차 - 측면직각충돌,안전운전불이행,건조,맑음,교차로 - 교차로부근,화물,남,49세,상해없음,이륜,남,27세,중상
2012042700100153,2012년 4월 27일 08시,금요일,부산광역시 해운대구 송정동,중상사고,0,1,1,0,차대차 - 추돌 - 진행중,안전운전불이행,건조,맑음,교차로 - 교차로부근,승용,남,28세,상해없음,승용,남,26세,중상
2012042700100154,2012년 4월 27일 08시,금요일,부산광역시 해운대구 우동,경상사고,0,0,1,0,차대차 - 측면직각충돌,안전운전불이행,건조,맑음,단일로 - 기타,승용,남,44세,상해없음,승용,남,30세,경상
2012042700100155,2012년 4월 27일 08시,금요일,부산광역시 연제구 거제동,경상사고,0,0,1,0,차대사람 - 길가장자리구역통행중,안전운전불이행,건조,맑음,단일로 - 기타,승용,여,44세,상해없음,보행자,남,9세,경상
2012042700100156,2012년 4월 27일 08시,금요일,부산광역시 사상구 감전동,중상사고,0,1,0,0,차대차 - 측면직각충돌,직진우회전진행방해,건조,맑음,교차로 - 교차로안,승용,남,43세,상해없음,이륜,남,41세,중상
2012042700100157,2012년 4월 27일 08시,금요일,부산광역시 사상구 덕포동,경상사고,0,0,1,0,차대차 - 추돌 - 진행중,안전거리미확보,건조,맑음,단일로 - 기타,승용,남,31세,상해없음,승용,여,24세,경상
2012042700100158,2012년 4월 27일 08시,금요일,부산광역시 사상구 모라동,중상사고,0,1,0,0,차대차 - 기타,안전운전불이행,건조,맑음,교차로 - 교차로안,자전거,남,64세,중상,승용,남,54세,상해없음
2012042700100193,2012년 4월 27일 09시,금요일,부산광역시 사하구 신평동,경상사고,0,0,1,0,차대차 - 측면직각충돌,안전거리미확보,건조,맑음,단일로 - 기타,화물,남,41세,상해없음,승용,남,52세,경상
2012042700100219,2012년 4월 27일 10시,금요일,부산광역시 중구 부평동4가,중상사고,0,1,0,0,차대사람 - 기타,안전운전불이행,건조,맑음,단일로 - 기타,이륜,남,54세,상해없음,보행자,남,26세,중상
2012042700100220,2012년 4월 27일 10시,금요일,부산광역시 동구 초량동,중상사고,0,1,0,0,차대차 - 측면직각충돌,차로위반,건조,맑음,단일로 - 기타,승용,여,42세,상해없음,승합,남,34세,중상
2012042700100244,2012년 4월 27일 11시,금요일,부산광역시 동구 초량동,경상사고,0,0,1,0,차대차 - 추돌 - 주정차중,안전거리미확보,건조,맑음,단일로 - 기타,승용,남,26세,상해없음,승용,남,37세,상해없음
2012042700100245,2012년 4월 27일 11시,금요일,부산광역시 북구 금곡동,경상사고,0,0,1,0,차대차 - 추돌 - 진행중,안전운전불이행,건조,맑음,기타 - 기타,기타불명,기타불명,기타불명,기타불명,승용,여,32세,경상
2012042700100246,2012년 4월 27일 11시,금요일,부산광역시 부산진구 가야동,경상사고,0,0,2,0,차대차 - 추돌 - 주정차중,안전운전불이행,건조,맑음,단일로 - 횡단보도부근,화물,남,47세,상해없음,승용,남,55세,상해없음
2012042700100267,2012년 4월 27일 12시,금요일,부산광역시 북구 덕천동,중상사고,0,1,0,0,차대사람 - 기타,안전운전불이행,건조,맑음,단일로 - 기타,화물,남,34세,상해없음,보행자,여,47세,중상
2012042700100268,2012년 4월 27일 12시,금요일,부산광역시 동래구 온천동,중상사고,0,1,0,0,차대사람 - 길가장자리구역통행중,안전운전불이행,건조,맑음,단일로 - 기타,이륜,남,61세,상해없음,보행자,여,63세,중상
2012042700100295,2012년 4월 27일 13시,금요일,부산광역시 서구 서대신동1가,경상사고,0,0,1,0,차대사람 - 기타,안전운전불이행,건조,맑음,단일로 - 기타,승용,여,57세,상해없음,보행자,남,18세,경상
2012042700100296,2012년 4월 27일 13시,금요일,부산광역시 수영구 남천동,경상사고,0,0,1,0,차대차 - 측면직각충돌,신호위반,건조,맑음,교차로 - 교차로안,승용,남,37세,상해없음,이륜,남,39세,경상
2012042700100297,2012년 4월 27일 13시,금요일,부산광역시 금정구 장전동,경상사고,0,0,1,0,차량단독 - 기타,안전운전불이행,건조,맑음,단일로 - 기타,승합,남,51세,상해없음,,,,
2012042700100332,2012년 4월 27일 14시,금요일,부산광역시 동래구 안락동,중상사고,0,1,0,0,차대차 - 추돌 - 주정차중,안전운전불이행,건조,맑음,교차로 - 교차로부근,승용,여,34세,상해없음,승용,여,38세,중상
2012042700100333,2012년 4월 27일 14시,금요일,부산광역시 영도구 청학동,경상사고,0,0,1,0,차대사람 - 횡단중,보행자보호의무위반,건조,맑음,단일로 - 기타,승용,남,50세,상해없음,보행자,여,10세,경상
2012042700100335,2012년 4월 27일 14시,금요일,부산광역시 강서구 명지동,사망사고,1,0,1,0,차대차 - 기타,신호위반,건조,맑음,교차로 - 교차로부근,이륜,남,58세,사망,화물,남,42세,경상
2012042700100362,2012년 4월 27일 15시,금요일,부산광역시 동래구 명륜동,경상사고,0,0,3,0,차대차 - 추돌 - 주정차중,안전운전불이행,건조,맑음,단일로 - 기타,승용,남,45세,상해없음,승용,여,50세,경상
2012042700100363,2012년 4월 27일 15시,금요일,부산광역시 강서구 화전동,경상사고,0,0,1,0,차대차 - 기타,신호위반,건조,맑음,교차로 - 교차로안,화물,남,34세,상해없음,승용,남,58세,경상
2012042700100402,2012년 4월 27일 16시,금요일,부산광역시 사하구 장림동,경상사고,0,0,1,0,차대차 - 기타,안전거리미확보,건조,맑음,교차로 - 교차로부근,승용,남,44세,상해없음,승용,남,44세,경상
2012042700100444,2012년 4월 27일 17시,금요일,부산광역시 영도구 청학동,경상사고,0,0,1,0,차대차 - 기타,교차로운행방법위반,건조,맑음,교차로 - 교차로안,승합,남,59세,상해없음,이륜,남,70세,경상
2012042700100446,2012년 4월 27일 17시,금요일,부산광역시 사상구 모라동,중상사고,0,1,0,0,차량단독 - 기타,안전운전불이행,건조,맑음,단일로 - 기타,승합,남,57세,상해없음,,,,
2012042700100492,2012년 4월 27일 18시,금요일,부산광역시 북구 구포동,중상사고,0,1,0,0,차대사람 - 횡단중,신호위반,건조,흐림,교차로 - 교차로안,승용,남,37세,상해없음,보행자,여,80세,중상
2012042700100493,2012년 4월 27일 18시,금요일,부산광역시 사하구 하단동,경상사고,0,0,1,0,차대차 - 추돌 - 주정차중,안전거리미확보,건조,맑음,단일로 - 기타,화물,남,64세,상해없음,승용,남,31세,경상
2012042700100552,2012년 4월 27일 19시,금요일,부산광역시 수영구 민락동,중상사고,0,3,0,0,차대차 - 추돌 - 진행중,교차로운행방법위반,건조,맑음,교차로 - 교차로부근,승합,남,54세,상해없음,승용,남,32세,중상
2012042700100553,2012년 4월 27일 19시,금요일,부산광역시 사하구 하단동,경상사고,0,0,1,0,차대사람 - 횡단중,신호위반,건조,맑음,단일로 - 횡단보도상,화물,남,25세,상해없음,보행자,남,15세,경상
2012042700100617,2012년 4월 27일 21시,금요일,부산광역시 북구 구포동,중상사고,0,1,0,0,차대사람 - 길가장자리구역통행중,안전운전불이행,건조,맑음,단일로 - 기타,승합,남,44세,상해없음,보행자,여,56세,중상
2012042700100618,2012년 4월 27일 21시,금요일,부산광역시 북구 덕천동,경상사고,0,0,1,0,차대차 - 측면직각충돌,안전운전불이행,건조,맑음,단일로 - 기타,승용,남,62세,상해없음,승용,남,49세,상해없음
2012042700100619,2012년 4월 27일 21시,금요일,부산광역시 사하구 신평동,중상사고,0,1,0,0,차대사람 - 횡단중,안전운전불이행,건조,맑음,단일로 - 기타,승용,남,73세,상해없음,보행자,남,55세,중상
2012042700100661,2012년 4월 27일 22시,금요일,부산광역시 해운대구 중동,경상사고,0,0,1,1,차대차 - 추돌 - 주정차중,안전운전불이행,건조,맑음,단일로 - 기타,화물,남,27세,상해없음,승용,남,32세,경상
2012042700100702,2012년 4월 27일 23시,금요일,부산광역시 북구 덕천동,경상사고,0,0,1,0,차대사람 - 기타,안전운전불이행,건조,맑음,기타 - 기타,승용,남,27세,상해없음,보행자,남,17세,경상
2012042700100703,2012년 4월 27일 23시,금요일,부산광역시 영도구 청학동,중상사고,0,1,0,0,차대사람 - 횡단중,안전운전불이행,건조,맑음,단일로 - 기타,승용,여,53세,상해없음,보행자,남,49세,중상
2012042700100704,2012년 4월 27일 23시,금요일,부산광역시 금정구 노포동,경상사고,0,0,2,0,차대차 - 추돌 - 주정차중,안전운전불이행,건조,맑음,교차로 - 교차로부근,화물,남,64세,상해없음,승용,여,53세,경상
2012042800100007,2012년 4월 28일 00시,토요일,부산광역시 남구 대연동,경상사고,0,0,1,0,차대사람 - 기타,안전운전불이행,건조,맑음,단일로 - 기타,화물,남,33세,상해없음,보행자,남,26세,경상
2012042800100008,2012년 4월 28일 00시,토요일,부산광역시 동래구 명륜동,중상사고,0,1,0,0,차대사람 - 횡단중,안전운전불이행,건조,맑음,단일로 - 기타,승용,남,32세,상해없음,보행자,남,45세,중상
2012042800100030,2012년 4월 28일 01시,토요일,부산광역시 해운대구 재송동,경상사고,0,0,1,0,차대차 - 정면충돌,안전운전불이행,건조,맑음,교차로 - 교차로안,승용,남,59세,상해없음,이륜,남,22세,경상
2012042800100065,2012년 4월 28일 03시,토요일,부산광역시 해운대구 우동,경상사고,0,0,2,0,차대차 - 측면직각충돌,안전거리미확보,건조,맑음,단일로 - 교량,승용,남,26세,상해없음,승용,남,36세,경상
2012042800100066,2012년 4월 28일 03시,토요일,부산광역시 금정구 부곡동,경상사고,0,0,1,0,차대차 - 추돌 - 주정차중,안전거리미확보,건조,흐림,단일로 - 기타,승용,남,36세,상해없음,승용,남,24세,경상
2012042800100086,2012년 4월 28일 04시,토요일,부산광역시 연제구 연산동,중상사고,0,1,0,0,차대사람 - 횡단중,안전운전불이행,건조,맑음,단일로 - 기타,승용,남,70세,상해없음,보행자,남,21세,중상
2012042800100109,2012년 4월 28일 06시,토요일,부산광역시 해운대구 우동,중상사고,0,1,1,0,차대차 - 추돌 - 진행중,교차로운행방법위반,건조,맑음,교차로 - 교차로안,승용,남,42세,상해없음,승용,남,63세,중상
2012042800100110,2012년 4월 28일 06시,토요일,부산광역시 사상구 삼락동,중상사고,0,1,0,0,차대차 - 기타,안전운전불이행,건조,맑음,단일로 - 횡단보도상,승합,남,60세,상해없음,자전거,남,62세,중상
2012042800100131,2012년 4월 28일 07시,토요일,부산광역시 동래구 온천동,중상사고,0,1,0,0,차대사람 - 횡단중,안전운전불이행,건조,맑음,단일로 - 기타,승용,남,51세,상해없음,보행자,남,26세,중상
2012042800100132,2012년 4월 28일 07시,토요일,부산광역시 해운대구 재송동,중상사고,0,1,0,0,차대차 - 추돌 - 주정차중,안전운전불이행,건조,맑음,단일로 - 기타,특수,남,47세,상해없음,화물,남,38세,중상
2012042800100133,2012년 4월 28일 07시,토요일,부산광역시 기장군 장안읍,중상사고,0,1,2,0,차대차 - 측면직각충돌,교차로운행방법위반,건조,맑음,교차로 - 교차로안,화물,남,50세,상해없음,승용,남,36세,경상
2012042800100149,2012년 4월 28일 08시,토요일,부산광역시 사하구 괴정동,경상사고,0,0,1,1,차대차 - 추돌 - 진행중,신호위반,건조,맑음,교차로 - 교차로안,이륜,남,46세,부상신고,승용,여,38세,경상
2012042800100150,2012년 4월 28일 08시,토요일,부산광역시 연제구 거제동,중상사고,0,1,0,0,차대차 - 기타,안전운전불이행,건조,맑음,단일로 - 기타,승용,여,47세,상해없음,승용,남,46세,중상
2012042800100181,2012년 4월 28일 09시,토요일,부산광역시 영도구 남항동1가,중상사고,0,1,0,0,차대차 - 측면직각충돌,교차로운행방법위반,건조,맑음,교차로 - 교차로안,승용,남,50세,상해없음,이륜,남,33세,중상
2012042800100182,2012년 4월 28일 09시,토요일,부산광역시 연제구 연산동,중상사고,0,1,0,0,차대차 - 측면직각충돌,신호위반,건조,맑음,교차로 - 교차로안,승용,남,31세,상해없음,승용,남,37세,중상
2012042800100204,2012년 4월 28일 10시,토요일,부산광역시 수영구 민락동,중상사고,0,1,0,0,차대사람 - 길가장자리구역통행중,안전운전불이행,건조,맑음,단일로 - 기타,화물,남,35세,상해없음,보행자,여,59세,중상
2012042800100205,2012년 4월 28일 10시,토요일,부산광역시 북구 구포동,중상사고,0,1,0,0,차대차 - 측면직각충돌,안전운전불이행,건조,맑음,교차로 - 교차로부근,승용,여,47세,상해없음,화물,남,34세,중상
2012042800100206,2012년 4월 28일 10시,토요일,부산광역시 금정구 구서동,중상사고,0,1,0,0,차대사람 - 기타,안전운전불이행,건조,맑음,기타 - 기타,승용,여,32세,상해없음,보행자,여,84세,중상
2012042800100207,2012년 4월 28일 10시,토요일,부산광역시 연제구 거제동,중상사고,0,1,0,0,차대사람 - 기타,안전운전불이행,건조,맑음,미분류 - 미분류,승용,남,55세,상해없음,보행자,여,53세,중상
2012042800100238,2012년 4월 28일 11시,토요일,부산광역시 동래구 온천동,중상사고,0,1,0,1,차대차 - 추돌 - 진행중,안전운전불이행,건조,맑음,단일로 - 터널,화물,남,44세,상해없음,화물,남,53세,상해없음
2012042800100239,2012년 4월 28일 11시,토요일,부산광역시 사하구 다대동,중상사고,0,1,0,0,차대차 - 추돌 - 진행중,안전거리미확보,건조,맑음,단일로 - 기타,승용,남,22세,상해없음,화물,남,54세,중상
2012042800100271,2012년 4월 28일 12시,토요일,부산광역시 수영구 남천동,중상사고,0,1,0,0,차대차 - 추돌 - 진행중,안전거리미확보,건조,맑음,단일로 - 기타,승용,남,58세,상해없음,원동기,남,69세,중상
2012042800100272,2012년 4월 28일 12시,토요일,부산광역시 동래구 명륜동,중상사고,0,1,0,0,차대사람 - 횡단중,안전운전불이행,건조,맑음,단일로 - 기타,원동기,남,19세,상해없음,보행자,남,61세,중상
2012042800100273,2012년 4월 28일 12시,토요일,부산광역시 동래구 낙민동,경상사고,0,0,1,0,차대차 - 측면직각충돌,신호위반,건조,맑음,단일로 - 횡단보도부근,승용,남,65세,상해없음,이륜,남,62세,경상
2012042800100305,2012년 4월 28일 13시,토요일,부산광역시 동래구 안락동,중상사고,0,1,0,0,차대사람 - 길가장자리구역통행중,안전운전불이행,건조,맑음,단일로 - 기타,승용,여,33세,상해없음,보행자,여,47세,중상
2012042800100306,2012년 4월 28일 13시,토요일,부산광역시 금정구 부곡동,중상사고,0,1,0,0,차대사람 - 기타,안전운전불이행,건조,맑음,단일로 - 기타,승용,남,43세,상해없음,보행자,남,64세,중상
2012042800100307,2012년 4월 28일 13시,토요일,부산광역시 사상구 감전동,중상사고,0,1,0,0,차대차 - 기타,안전거리미확보,건조,맑음,교차로 - 교차로부근,승용,남,47세,상해없음,이륜,남,35세,중상
2012042800100341,2012년 4월 28일 14시,토요일,부산광역시 연제구 거제동,경상사고,0,0,1,0,차대차 - 측면직각충돌,직진우회전진행방해,건조,맑음,교차로 - 교차로안,승용,남,55세,상해없음,자전거,남,26세,경상
2012042800100376,2012년 4월 28일 15시,토요일,부산광역시 서구 암남동,중상사고,0,1,0,0,차대사람 - 횡단중,안전운전불이행,건조,맑음,교차로 - 교차로안,승용,남,27세,상해없음,보행자,남,6세,중상
2012042800100377,2012년 4월 28일 15시,토요일,부산광역시 수영구 남천동,중상사고,0,1,0,0,차대차 - 추돌 - 진행중,안전운전불이행,건조,맑음,단일로 - 기타,승용,남,23세,상해없음,승용,여,42세,중상
2012042800100417,2012년 4월 28일 16시,토요일,부산광역시 연제구 거제동,경상사고,0,0,1,0,차대사람 - 횡단중,보행자보호의무위반,건조,맑음,단일로 - 횡단보도상,화물,남,42세,상해없음,보행자,남,49세,경상
2012042800100418,2012년 4월 28일 16시,토요일,부산광역시 강서구 녹산동,경상사고,0,0,1,0,차대차 - 기타,안전운전불이행,건조,맑음,기타 - 기타,승용,남,33세,상해없음,건설기계,남,32세,경상
2012042800100459,2012년 4월 28일 17시,토요일,부산광역시 해운대구 반여동,경상사고,0,0,2,1,차대차 - 측면직각충돌,안전운전불이행,건조,기타,단일로 - 기타,승용,남,31세,경상,승용,남,35세,상해없음
2012042800100460,2012년 4월 28일 17시,토요일,부산광역시 금정구 남산동,경상사고,0,0,1,0,차대차 - 추돌 - 진행중,안전거리미확보,건조,맑음,단일로 - 기타,원동기,남,29세,상해없음,이륜,남,19세,경상
2012042800100461,2012년 4월 28일 17시,토요일,부산광역시 수영구 망미동,부상신고사고,0,0,0,2,차대차 - 측면직각충돌,안전거리미확보,건조,맑음,단일로 - 기타,승용,남,41세,상해없음,승용,남,25세,부상신고
2012042800100462,2012년 4월 28일 17시,토요일,부산광역시 강서구 녹산동,경상사고,0,0,2,0,차대차 - 기타,안전운전불이행,건조,맑음,기타 - 기타,승합,남,19세,상해없음,승용,남,25세,경상