사고번호,사고일시,요일,시군구,사고내용,사망자수,중상자수,경상자수,부상신고자수,사고유형,법규위반,노면상태,기상상태,도로형태,가해운전자 차종,가해운전자 성별,가해운전자 연령,가해운전자 상해정도,피해운전자 차종,피해운전자 성별,피해운전자 연령,피해운전자 상해정도
2012050400100065,2012년 5월 4일 04시,금요일,부산광역시 사하구 하단동,중상사고,0,1,0,0,차대차 - 추돌 - 진행중,안전운전불이행,건조,맑음,단일로 - 기타,승용,남,67세,상해없음,원동기,남,45세,중상
2012050400100076,2012년 5월 4일 05시,금요일,부산광역시 금정구 장전동,경상사고,0,0,1,0,차대차 - 추돌 - 진행중,안전운전불이행,건조,맑음,단일로 - 기타,자전거,남,36세,경상,승용,남,36세,상해없음
2012050400100142,2012년 5월 4일 08시,금요일,부산광역시 남구 대연동,중상사고,0,1,0,0,차대차 - 기타,안전운전불이행,건조,맑음,단일로 - 기타,승용,여,67세,상해없음,자전거,남,29세,중상
2012050400100143,2012년 5월 4일 08시,금요일,부산광역시 해운대구 반여동,경상사고,0,0,2,0,차대차 - 측면직각충돌,안전운전불이행,건조,맑음,교차로 - 교차로안,승용,여,54세,경상,승용,여,33세,경상
2012050400100145,2012년 5월 4일 08시,금요일,부산광역시 사하구 장림동,경상사고,0,0,1,0,차대사람 - 기타,안전운전불이행,건조,맑음,단일로 - 기타,승용,남,58세,상해없음,보행자,여,21세,경상
2012050400100189,2012년 5월 4일 09시,금요일,부산광역시 남구 대연동,경상사고,0,0,1,0,차대사람 - 횡단중,안전운전불이행,건조,맑음,교차로 - 교차로안,이륜,남,54세,상해없음,보행자,남,57세,경상
2012050400100190,2012년 5월 4일 09시,금요일,부산광역시 금정구 부곡동,경상사고,0,0,1,0,차대차 - 측면직각충돌,신호위반,건조,맑음,교차로 - 교차로안,승용,남,51세,상해없음,승용,여,39세,경상
2012050400100191,2012년 5월 4일 09시,금요일,부산광역시 사하구 괴정동,경상사고,0,0,1,0,차대차 - 추돌 - 진행중,안전거리미확보,건조,맑음,단일로 - 기타,화물,남,39세,상해없음,승용,남,46세,상해없음
2012050400100193,2012년 5월 4일 09시,금요일,부산광역시 사상구 주례동,경상사고,0,0,1,0,차대차 - 추돌 - 진행중,차로위반,건조,맑음,단일로 - 기타,승용,여,32세,상해없음,승합,남,49세,상해없음
2012050400100223,2012년 5월 4일 10시,금요일,부산광역시 동구 좌천동,경상사고,0,0,3,0,차대차 - 추돌 - 주정차중,안전운전불이행,건조,맑음,단일로 - 기타,승용,남,21세,상해없음,승용,남,40세,경상
2012050400100252,2012년 5월 4일 11시,금요일,부산광역시 영도구 동삼동,경상사고,0,0,1,0,차대사람 - 기타,안전운전불이행,건조,맑음,기타 - 기타,승용,기타불명,기타불명,기타불명,보행자,여,23세,경상
2012050400100253,2012년 5월 4일 11시,금요일,부산광역시 해운대구 석대동,경상사고,0,0,2,0,차대차 - 추돌 - 진행중,안전운전불이행,건조,맑음,교차로 - 교차로안,화물,남,46세,상해없음,승용,여,25세,경상
2012050400100283,2012년 5월 4일 12시,금요일,부산광역시 해운대구 좌동,부상신고사고,0,0,0,1,차대사람 - 횡단중,안전운전불이행,건조,맑음,단일로 - 횡단보도상,승용,여,62세,상해없음,보행자,남,7세,부상신고
2012050400100285,2012년 5월 4일 12시,금요일,부산광역시 금정구 장전동,경상사고,0,0,1,0,차대사람 - 기타,안전운전불이행,건조,맑음,단일로 - 기타,승용,남,52세,상해없음,보행자,남,66세,경상
2012050400100286,2012년 5월 4일 12시,금요일,부산광역시 사하구 하단동,중상사고,0,1,1,0,차대차 - 측면직각충돌,신호위반,건조,맑음,교차로 - 교차로안,승용,남,23세,상해없음,승용,남,71세,경상
2012050400100319,2012년 5월 4일 13시,금요일,부산광역시 북구 구포동,경상사고,0,0,3,0,차대차 - 추돌 - 진행중,안전운전불이행,건조,맑음,교차로 - 교차로부근,승용,남,75세,상해없음,승용,여,52세,상해없음
2012050400100353,2012년 5월 4일 14시,금요일,부산광역시 해운대구 재송동,경상사고,0,0,1,0,차대차 - 추돌 - 주정차중,안전운전불이행,건조,맑음,단일로 - 기타,화물,남,48세,상해없음,승용,여,60세,경상
2012050400100354,2012년 5월 4일 14시,금요일,부산광역시 해운대구 우동,경상사고,0,0,1,0,차대차 - 추돌 - 진행중,안전거리미확보,건조,맑음,교차로 - 교차로부근,승용,여,62세,상해없음,승용,여,63세,경상
2012050400100384,2012년 5월 4일 15시,금요일,부산광역시 사하구 하단동,경상사고,0,0,1,0,차대차 - 추돌 - 진행중,안전거리미확보,건조,맑음,교차로 - 교차로안,승용,남,64세,상해없음,승용,여,45세,경상
2012050400100416,2012년 5월 4일 16시,금요일,부산광역시 금정구 부곡동,부상신고사고,0,0,0,1,차대사람 - 기타,안전운전불이행,건조,맑음,단일로 - 기타,승용,남,36세,상해없음,보행자,남,61세,부상신고
2012050400100417,2012년 5월 4일 16시,금요일,부산광역시 사하구 신평동,중상사고,0,2,0,0,차량단독 - 전도전복,안전운전불이행,건조,맑음,단일로 - 기타,승용,남,56세,상해없음,,,,
2012050400100455,2012년 5월 4일 17시,금요일,부산광역시 해운대구 우동,중상사고,0,1,0,0,차대차 - 추돌 - 주정차중,기타,건조,맑음,단일로 - 기타,승용,남,51세,상해없음,이륜,남,50세,중상
2012050400100456,2012년 5월 4일 17시,금요일,부산광역시 부산진구 부전동,경상사고,0,0,1,0,차대차 - 기타,안전운전불이행,건조,맑음,단일로 - 기타,화물,남,57세,상해없음,승용,남,36세,경상
2012050400100457,2012년 5월 4일 17시,금요일,부산광역시 금정구 구서동,중상사고,0,1,1,0,차대차 - 추돌 - 진행중,안전운전불이행,건조,맑음,단일로 - 기타,승용,남,54세,상해없음,승용,남,30세,경상
2012050400100497,2012년 5월 4일 18시,금요일,부산광역시 강서구 대저2동,중상사고,0,1,0,0,차대차 - 기타,신호위반,건조,맑음,교차로 - 교차로부근,승용,여,27세,상해없음,원동기,남,58세,중상
2012050400100549,2012년 5월 4일 19시,금요일,부산광역시 해운대구 우동,경상사고,0,0,2,0,차대차 - 추돌 - 주정차중,안전운전불이행,건조,기타,기타 - 기타,승용,여,48세,상해없음,승용,남,36세,경상
2012050400100580,2012년 5월 4일 20시,금요일,부산광역시 사상구 덕포동,중상사고,0,2,0,0,차대차 - 측면직각충돌,중앙선침범,건조,맑음,단일로 - 기타,승용,남,56세,상해없음,이륜,남,17세,중상
2012050400100615,2012년 5월 4일 21시,금요일,부산광역시 북구 구포동,경상사고,0,0,1,0,차대차 - 추돌 - 진행중,안전운전불이행,건조,맑음,교차로 - 교차로부근,승용,남,61세,상해없음,승용,남,61세,경상
2012050400100616,2012년 5월 4일 21시,금요일,부산광역시 해운대구 반여동,중상사고,0,1,1,0,차대차 - 측면직각충돌,안전거리미확보,건조,기타,단일로 - 기타,승용,남,57세,상해없음,승용,남,28세,경상
2012050400100617,2012년 5월 4일 21시,금요일,부산광역시 강서구 봉림동,경상사고,0,0,1,0,차대차 - 추돌 - 주정차중,안전거리미확보,건조,맑음,단일로 - 기타,승용,남,24세,상해없음,승용,남,44세,경상
2012050400100650,2012년 5월 4일 22시,금요일,부산광역시 동구 초량동,중상사고,0,1,0,0,차대차 - 기타,신호위반,건조,맑음,교차로 - 교차로안,승용,남,27세,상해없음,승용,남,46세,중상
2012050400100651,2012년 5월 4일 22시,금요일,부산광역시 남구 대연동,경상사고,0,0,3,0,차대차 - 추돌 - 진행중,안전거리미확보,건조,맑음,단일로 - 기타,승용,남,59세,상해없음,승용,남,27세,경상
2012050400100652,2012년 5월 4일 22시,금요일,부산광역시 해운대구 좌동,중상사고,0,1,0,0,차대차 - 측면직각충돌,중앙선침범,건조,맑음,단일로 - 기타,승용,남,40세,상해없음,승용,남,24세,중상
2012050400100653,2012년 5월 4일 22시,금요일,부산광역시 사하구 다대동,경상사고,0,0,1,0,차대차 - 추돌 - 진행중,안전운전불이행,건조,맑음,단일로 - 기타,기타불명,기타불명,기타불명,기타불명,승용,남,57세,경상
2012050500100005,2012년 5월 5일 00시,토요일,부산광역시 사하구 신평동,중상사고,0,3,0,0,차대차 - 추돌 - 진행중,안전거리미확보,건조,맑음,단일로 - 기타,승용,남,30세,상해없음,승용,남,33세,중상
2012050500100030,2012년 5월 5일 01시,토요일,부산광역시 북구 화명동,부상신고사고,0,0,0,1,차대차 - 측면직각충돌,교차로운행방법위반,건조,맑음,교차로 - 교차로안,승용,남,43세,상해없음,승용,남,39세,부상신고
2012050500100031,2012년 5월 5일 01시,토요일,부산광역시 부산진구 부전동,경상사고,0,0,1,0,차대차 - 기타,안전운전불이행,건조,맑음,단일로 - 기타,승용,남,46세,기타불명,승용,남,33세,경상
2012050500100032,2012년 5월 5일 01시,토요일,부산광역시 부산진구 부전동,경상사고,0,0,1,0,차대사람 - 기타,안전운전불이행,건조,맑음,단일로 - 기타,승용,남,28세,상해없음,보행자,남,24세,경상
2012050500100033,2012년 5월 5일 01시,토요일,부산광역시 금정구 구서동,중상사고,0,2,3,0,차대차 - 추돌 - 진행중,안전운전불이행,건조,맑음,단일로 - 기타,화물,남,44세,상해없음,승용,남,54세,경상
2012050500100058,2012년 5월 5일 02시,토요일,부산광역시 동래구 온천동,경상사고,0,0,2,0,차대차 - 측면직각충돌,신호위반,건조,맑음,교차로 - 교차로안,원동기,남,21세,경상,승용,남,64세,상해없음
2012050500100059,2012년 5월 5일 02시,토요일,부산광역시 사하구 장림동,중상사고,0,1,1,0,차대차 - 추돌 - 진행중,안전운전불이행,건조,맑음,교차로 - 교차로부근,화물,남,49세,상해없음,승용,남,31세,중상
2012050500100099,2012년 5월 5일 04시,토요일,부산광역시 동래구 명륜동,중상사고,0,2,0,0,차대사람 - 차도통행중,안전운전불이행,건조,맑음,단일로 - 기타,승용,남,31세,기타불명,보행자,남,33세,중상
2012050500100100,2012년 5월 5일 04시,토요일,부산광역시 사하구 당리동,경상사고,0,0,1,0,차대차 - 추돌 - 진행중,중앙선침범,건조,맑음,단일로 - 기타,승용,남,48세,상해없음,승합,남,32세,경상
2012050500100130,2012년 5월 5일 06시,토요일,부산광역시 강서구 대저1동,경상사고,0,0,1,0,차대차 - 추돌 - 주정차중,안전운전불이행,건조,맑음,교차로 - 교차로부근,승용,남,29세,상해없음,승용,남,48세,경상
2012050500100150,2012년 5월 5일 07시,토요일,부산광역시 남구 용당동,중상사고,0,1,0,0,차대차 - 측면직각충돌,안전거리미확보,건조,맑음,단일로 - 기타,승용,남,40세,상해없음,승용,남,60세,중상
2012050500100151,2012년 5월 5일 07시,토요일,부산광역시 사하구 신평동,중상사고,0,1,0,0,차대차 - 추돌 - 진행중,기타,건조,맑음,교차로 - 교차로안,승용,남,43세,상해없음,자전거,남,60세,중상
2012050500100152,2012년 5월 5일 07시,토요일,부산광역시 수영구 망미동,경상사고,0,0,1,0,차대차 - 추돌 - 주정차중,안전운전불이행,건조,맑음,단일로 - 기타,승용,남,53세,상해없음,승용,남,56세,상해없음
2012050500100165,2012년 5월 5일 08시,토요일,부산광역시 부산진구 부전동,사망사고,1,0,0,0,차대사람 - 기타,안전운전불이행,기타,맑음,단일로 - 기타,화물,남,57세,상해없음,보행자,여,72세,사망
2012050500100236,2012년 5월 5일 11시,토요일,부산광역시 남구 용호동,경상사고,0,0,2,0,차대차 - 추돌 - 진행중,안전운전불이행,건조,맑음,단일로 - 교량,화물,남,19세,상해없음,승용,남,55세,경상
2012050500100237,2012년 5월 5일 11시,토요일,부산광역시 해운대구 반송동,중상사고,0,1,0,0,차대차 - 측면직각충돌,안전운전불이행,건조,맑음,단일로 - 기타,승용,남,41세,상해없음,원동기,남,16세,중상
2012050500100238,2012년 5월 5일 11시,토요일,부산광역시 해운대구 우동,중상사고,0,1,0,0,차대사람 - 차도통행중,안전운전불이행,건조,맑음,단일로 - 기타,승용,남,79세,상해없음,보행자,여,38세,중상
2012050500100239,2012년 5월 5일 11시,토요일,부산광역시 강서구 송정동,경상사고,0,0,6,0,차대차 - 추돌 - 주정차중,안전운전불이행,건조,맑음,교차로 - 교차로부근,건설기계,남,37세,상해없음,승용,남,40세,경상
2012050500100240,2012년 5월 5일 11시,토요일,부산광역시 사상구 감전동,경상사고,0,0,1,0,차대차 - 측면직각충돌,교차로운행방법위반,건조,맑음,교차로 - 교차로안,승용,남,46세,상해없음,승용,남,50세,상해없음
2012050500100262,2012년 5월 5일 12시,토요일,부산광역시 부산진구 범천동,경상사고,0,0,1,0,차대사람 - 횡단중,안전운전불이행,건조,맑음,단일로 - 횡단보도상,승용,남,32세,상해없음,보행자,남,7세,경상
2012050500100263,2012년 5월 5일 12시,토요일,부산광역시 금정구 장전동,부상신고사고,0,0,0,1,차대차 - 측면직각충돌,안전거리미확보,건조,맑음,교차로 - 교차로부근,이륜,남,63세,부상신고,승용,남,29세,상해없음
2012050500100303,2012년 5월 5일 13시,토요일,부산광역시 북구 덕천동,부상신고사고,0,0,0,1,차대사람 - 길가장자리구역통행중,안전운전불이행,건조,맑음,기타 - 기타,승용,여,23세,기타불명,보행자,남,66세,부상신고
2012050500100304,2012년 5월 5일 13시,토요일,부산광역시 북구 화명동,경상사고,0,0,1,0,차대차 - 기타,안전운전불이행,건조,맑음,단일로 - 기타,승용,여,52세,상해없음,승용,여,35세,경상
2012050500100305,2012년 5월 5일 13시,토요일,부산광역시 금정구 두구동,경상사고,0,0,1,0,차대차 - 기타,안전운전불이행,건조,맑음,기타 - 기타,원동기,남,17세,상해없음,자전거,남,10세,경상
2012050500100306,2012년 5월 5일 13시,토요일,부산광역시 수영구 망미동,경상사고,0,0,1,0,차대사람 - 기타,안전운전불이행,건조,맑음,단일로 - 기타,승합,남,58세,상해없음,보행자,여,40세,경상
2012050500100348,2012년 5월 5일 14시,토요일,부산광역시 중구 광복동2가,경상사고,0,0,2,0,차대차 - 추돌 - 진행중,안전거리미확보,건조,맑음,단일로 - 기타,승용,남,38세,상해없음,승용,남,37세,경상
2012050500100380,2012년 5월 5일 15시,토요일,부산광역시 서구 서대신동1가,중상사고,0,2,1,1,차대차 - 측면직각충돌,직진우회전진행방해,건조,맑음,교차로 - 교차로안,승용,남,65세,중상,승용,남,40세,경상
2012050500100381,2012년 5월 5일 15시,토요일,부산광역시 강서구 봉림동,중상사고,0,1,0,0,차대차 - 기타,안전운전불이행,건조,맑음,교차로 - 교차로부근,승용,남,46세,상해없음,이륜,남,32세,중상
2012050500100382,2012년 5월 5일 15시,토요일,부산광역시 사상구 괘법동,중상사고,0,1,0,0,차대차 - 측면직각충돌,안전운전불이행,건조,맑음,교차로 - 교차로안,승용,남,45세,상해없음,원동기,남,60세,중상
2012050500100413,2012년 5월 5일 16시,토요일,부산광역시 해운대구 좌동,경상사고,0,0,3,0,차대차 - 추돌 - 주정차중,안전거리미확보,건조,맑음,단일로 - 터널,화물,남,31세,상해없음,승용,남,22세,경상
2012050500100414,2012년 5월 5일 16시,토요일,부산광역시 부산진구 가야동,경상사고,0,0,2,0,차대차 - 기타,안전거리미확보,건조,맑음,단일로 - 기타,승용,남,30세,상해없음,승용,남,56세,경상
2012050500100415,2012년 5월 5일 16시,토요일,부산광역시 금정구 남산동,중상사고,0,1,0,0,차대사람 - 차도통행중,보행자보호의무위반,건조,맑음,단일로 - 기타,승용,남,38세,상해없음,보행자,남,39세,중상
2012050500100454,2012년 5월 5일 17시,토요일,부산광역시 동래구 명장동,중상사고,0,1,0,0,차대사람 - 횡단중,보행자보호의무위반,건조,맑음,단일로 - 기타,승용,남,52세,상해없음,보행자,여,44세,중상
2012050500100455,2012년 5월 5일 17시,토요일,부산광역시 해운대구 우동,경상사고,0,0,1,0,차대차 - 추돌 - 주정차중,기타,건조,맑음,단일로 - 기타,승용,여,22세,상해없음,자전거,남,18세,경상
2012050500100488,2012년 5월 5일 18시,토요일,부산광역시 동래구 낙민동,경상사고,0,0,1,0,차대차 - 측면직각충돌,안전운전불이행,건조,맑음,단일로 - 기타,승용,여,39세,상해없음,원동기,남,23세,경상
2012050500100489,2012년 5월 5일 18시,토요일,부산광역시 해운대구 우동,경상사고,0,0,2,0,차대차 - 추돌 - 진행중,안전거리미확보,건조,맑음,단일로 - 기타,승용,남,48세,상해없음,승용,남,27세,경상
2012050500100490,2012년 5월 5일 18시,토요일,부산광역시 금정구 구서동,부상신고사고,0,0,0,1,차대차 - 추돌 - 진행중,안전운전불이행,건조,맑음,교차로 - 교차로부근,승용,남,23세,상해없음,승용,남,60세,부상신고
2012050500100530,2012년 5월 5일 19시,토요일,부산광역시 서구 동대신동1가,중상사고,0,1,0,0,차대사람 - 횡단중,신호위반,건조,맑음,단일로 - 횡단보도상,승용,남,33세,상해없음,보행자,남,9세,중상
2012050500100531,2012년 5월 5일 19시,토요일,부산광역시 수영구 광안동,중상사고,0,1,0,0,차대차 - 기타,기타,건조,맑음,단일로 - 기타,승용,남,58세,상해없음,원동기,남,19세,중상
2012050500100532,2012년 5월 5일 19시,토요일,부산광역시 사상구 괘법동,경상사고,0,0,1,0,차대차 - 기타,교차로운행방법위반,건조,맑음,교차로 - 교차로안,이륜,남,48세,상해없음,승용,남,67세,상해없음
2012050500100533,2012년 5월 5일 19시,토요일,부산광역시 사상구 괘법동,중상사고,0,1,0,0,차량단독 - 기타,안전운전불이행,습기,흐림,단일로 - 기타,이륜,남,19세,상해없음,,,,
2012050500100574,2012년 5월 5일 20시,토요일,부산광역시 동래구 안락동,중상사고,0,1,1,0,차대차 - 추돌 - 주정차중,안전거리미확보,건조,맑음,단일로 - 기타,승용,남,23세,상해없음,승용,여,60세,중상
2012050500100623,2012년 5월 5일 21시,토요일,부산광역시 해운대구 중동,경상사고,0,0,1,0,차대차 - 추돌 - 진행중,중앙선침범,건조,맑음,교차로 - 교차로부근,승용,남,33세,상해없음,승용,남,28세,상해없음
2012050500100655,2012년 5월 5일 22시,토요일,부산광역시 남구 대연동,중상사고,0,1,0,0,차량단독 - 기타,안전거리미확보,건조,맑음,단일로 - 기타,승용,남,55세,상해없음,,,,
2012050500100692,2012년 5월 5일 23시,토요일,부산광역시 부산진구 부암동,중상사고,0,1,0,0,차대사람 - 기타,기타,기타,맑음,기타 - 기타,자전거,여,22세,상해없음,보행자,남,41세,중상
2012050600100045,2012년 5월 6일 02시,일요일,부산광역시 남구 대연동,부상신고사고,0,0,0,1,차대차 - 기타,중앙선침범,건조,맑음,단일로 - 기타,이륜,남,16세,부상신고,승용,남,37세,상해없음
2012050600100058,2012년 5월 6일 03시,일요일,부산광역시 남구 대연동,경상사고,0,0,2,0,차대차 - 추돌 - 주정차중,안전운전불이행,건조,맑음,교차로 - 교차로부근,승용,남,32세,상해없음,승용,남,32세,경상
2012050600100059,2012년 5월 6일 03시,일요일,부산광역시 동래구 명륜동,부상신고사고,0,0,0,1,차대사람 - 차도통행중,안전운전불이행,건조,맑음,단일로 - 기타,승용,남,31세,상해없음,보행자,남,22세,부상신고
2012050600100073,2012년 5월 6일 04시,일요일,부산광역시 수영구 남천동,중상사고,0,1,0,0,차대사람 - 기타,안전운전불이행,건조,맑음,교차로 - 교차로안,승합,남,54세,상해없음,보행자,남,33세,중상
2012050600100074,2012년 5월 6일 04시,일요일,부산광역시 강서구 대저1동,중상사고,0,1,0,0,차대차 - 기타,신호위반,건조,맑음,교차로 - 교차로안,화물,남,40세,상해없음,승용,남,33세,중상
2012050600100086,2012년 5월 6일 05시,일요일,부산광역시 해운대구 반송동,중상사고,0,1,0,0,차대사람 - 기타,보행자보호의무위반,건조,기타,기타 - 기타,승용,기타불명,기타불명,기타불명,보행자,남,26세,중상
2012050600100101,2012년 5월 6일 06시,일요일,부산광역시 사하구 신평동,경상사고,0,0,3,4,차대차 - 측면직각충돌,신호위반,건조,맑음,교차로 - 교차로안,승용,여,29세,상해없음,승합,남,47세,경상
2012050600100113,2012년 5월 6일 07시,일요일,부산광역시 서구 암남동,경상사고,0,0,1,0,차대사람 - 기타,안전운전불이행,건조,맑음,단일로 - 기타,화물,남,52세,상해없음,보행자,남,8세,경상
2012050600100114,2012년 5월 6일 07시,일요일,부산광역시 사상구 덕포동,사망사고,1,0,0,0,차대차 - 기타,안전거리미확보,건조,맑음,단일로 - 기타,이륜,남,52세,사망,승용,남,59세,상해없음
2012050600100129,2012년 5월 6일 08시,일요일,부산광역시 동구 좌천동,중상사고,0,1,0,0,차대차 - 기타,신호위반,건조,맑음,교차로 - 교차로부근,원동기,남,60세,중상,승용,남,66세,상해없음
2012050600100139,2012년 5월 6일 09시,일요일,부산광역시 동구 초량동,중상사고,0,1,0,0,차대차 - 측면직각충돌,중앙선침범,건조,맑음,단일로 - 기타,승용,남,56세,상해없음,승용,남,31세,중상
2012050600100156,2012년 5월 6일 10시,일요일,부산광역시 해운대구 우동,중상사고,0,1,0,0,차대사람 - 횡단중,안전운전불이행,건조,맑음,단일로 - 횡단보도부근,승용,여,45세,상해없음,보행자,남,24세,중상
2012050600100179,2012년 5월 6일 11시,일요일,부산광역시 동래구 수안동,중상사고,0,1,3,0,차대차 - 측면직각충돌,안전운전불이행,건조,맑음,교차로 - 교차로안,승용,남,53세,상해없음,승용,남,34세,중상
2012050600100204,2012년 5월 6일 12시,일요일,부산광역시 중구 부평동2가,경상사고,0,0,4,0,차대차 - 기타,안전운전불이행,건조,맑음,단일로 - 기타,승용,남,56세,상해없음,승용,남,36세,경상
2012050600100205,2012년 5월 6일 12시,일요일,부산광역시 사하구 하단동,경상사고,0,0,1,0,차대차 - 측면직각충돌,신호위반,건조,맑음,교차로 - 교차로안,승용,남,23세,상해없음,승용,남,51세,경상
2012050600100238,2012년 5월 6일 13시,일요일,부산광역시 북구 만덕동,경상사고,0,0,1,3,차대차 - 추돌 - 진행중,안전운전불이행,건조,맑음,교차로 - 교차로부근,승용,남,60세,상해없음,승용,남,30세,부상신고
2012050600100239,2012년 5월 6일 13시,일요일,부산광역시 부산진구 양정동,경상사고,0,0,2,0,차대차 - 기타,안전운전불이행,기타,맑음,단일로 - 기타,승용,남,57세,상해없음,원동기,남,71세,경상
2012050600100240,2012년 5월 6일 13시,일요일,부산광역시 부산진구 가야동,중상사고,0,1,0,0,차대차 - 기타,안전운전불이행,건조,맑음,단일로 - 기타,승용,남,45세,기타불명,승용,여,28세,중상
2012050600100241,2012년 5월 6일 13시,일요일,부산광역시 연제구 연산동,경상사고,0,0,3,0,차대차 - 추돌 - 진행중,안전거리미확보,건조,맑음,단일로 - 기타,승용,남,48세,상해없음,승용,남,44세,경상
2012050600100242,2012년 5월 6일 13시,일요일,부산광역시 기장군 기장읍,중상사고,0,2,1,0,차대차 - 추돌 - 주정차중,안전거리미확보,건조,맑음,교차로 - 교차로부근,승용,여,54세,상해없음,승용,남,35세,중상
2012050600100243,2012년 5월 6일 13시,일요일,부산광역시 기장군 기장읍,중상사고,0,3,0,0,차대차 - 기타,신호위반,건조,맑음,교차로 - 교차로안,원동기,남,14세,중상,승용,여,44세,중상
2012050600100279,2012년 5월 6일 14시,일요일,부산광역시 북구 만덕동,경상사고,0,0,2,0,차대차 - 기타,교차로운행방법위반,건조,맑음,교차로 - 교차로안,승용,남,39세,상해없음,승용,여,56세,경상
2012050600100280,2012년 5월 6일 14시,일요일,부산광역시 동래구 안락동,경상사고,0,0,1,0,차대사람 - 횡단중,안전운전불이행,건조,맑음,단일로 - 기타,승용,남,26세,상해없음,보행자,남,5세,경상
2012050600100281,2012년 5월 6일 14시,일요일,부산광역시 금정구 장전동,중상사고,0,1,0,0,차대사람 - 보도통행중,안전운전불이행,건조,맑음,단일로 - 기타,승용,남,34세,상해없음,보행자,여,57세,중상
2012050600100282,2012년 5월 6일 14시,일요일,부산광역시 연제구 연산동,경상사고,0,0,1,0,차대차 - 측면직각충돌,신호위반,건조,맑음,교차로 - 교차로안,승용,여,30세,상해없음,승용,남,52세,경상
2012050600100283,2012년 5월 6일 14시,일요일,부산광역시 기장군 기장읍,중상사고,0,3,1,0,차대차 - 추돌 - 주정차중,안전운전불이행,건조,맑음,단일로 - 기타,승용,여,52세,상해없음,승용,여,30세,경상
2012050600100312,2012년 5월 6일 15시,일요일,부산광역시 동구 범일동,부상신고사고,0,0,0,1,차대차 - 추돌 - 진행중,안전거리미확보,건조,맑음,교차로 - 교차로안,승용,남,56세,상해없음,승용,남,59세,부상신고
2012050600100340,2012년 5월 6일 16시,일요일,부산광역시 중구 부평동1가,중상사고,0,2,1,0,차대차 - 측면직각충돌,신호위반,건조,맑음,교차로 - 교차로안,승용,남,29세,상해없음,승용,남,61세,경상
2012050600100341,2012년 5월 6일 16시,일요일,부산광역시 북구 화명동,중상사고,0,3,0,0,차대차 - 측면직각충돌,안전거리미확보,건조,맑음,교차로 - 교차로부근,승합,남,52세,상해없음,화물,남,50세,중상
2012050600100342,2012년 5월 6일 16시,일요일,부산광역시 동래구 안락동,경상사고,0,0,1,0,차대차 - 측면직각충돌,안전운전불이행,건조,맑음,단일로 - 기타,승용,남,43세,상해없음,승용,남,24세,경상
2012050600100343,2012년 5월 6일 16시,일요일,부산광역시 해운대구 반여동,중상사고,0,2,0,0,차대차 - 추돌 - 진행중,교차로운행방법위반,건조,맑음,단일로 - 기타,승용,남,47세,상해없음,이륜,남,18세,중상
2012050600100369,2012년 5월 6일 17시,일요일,부산광역시 중구 대청동4가,중상사고,0,1,0,0,차대사람 - 차도통행중,안전운전불이행,건조,맑음,단일로 - 횡단보도부근,승용,남,42세,상해없음,보행자,여,9세,중상
2012050600100370,2012년 5월 6일 17시,일요일,부산광역시 북구 금곡동,중상사고,0,1,0,0,차대차 - 측면직각충돌,교차로운행방법위반,건조,맑음,교차로 - 교차로부근,화물,남,53세,상해없음,이륜,남,45세,중상
2012050600100371,2012년 5월 6일 17시,일요일,부산광역시 동래구 사직동,중상사고,0,1,0,0,차대차 - 측면직각충돌,안전운전불이행,건조,맑음,단일로 - 횡단보도상,승용,남,68세,상해없음,원동기,남,90세 이상,중상
2012050600100372,2012년 5월 6일 17시,일요일,부산광역시 동래구 수안동,경상사고,0,0,1,0,차대차 - 추돌 - 주정차중,차로위반,건조,맑음,단일로 - 기타,승용,남,62세,상해없음,승합,남,56세,상해없음
2012050600100406,2012년 5월 6일 18시,일요일,부산광역시 강서구 강동동,경상사고,0,0,1,0,차대차 - 측면직각충돌,안전운전불이행,건조,맑음,단일로 - 기타,승용,남,31세,상해없음,이륜,남,39세,경상
2012050600100440,2012년 5월 6일 19시,일요일,부산광역시 서구 서대신동1가,중상사고,0,1,3,0,차대차 - 측면직각충돌,신호위반,건조,맑음,교차로 - 교차로안,승용,남,24세,상해없음,승용,남,35세,중상
2012050600100441,2012년 5월 6일 19시,일요일,부산광역시 해운대구 중동,부상신고사고,0,0,0,1,차대차 - 측면직각충돌,안전운전불이행,건조,맑음,단일로 - 기타,자전거,남,22세,부상신고,승용,남,31세,상해없음
2012050600100442,2012년 5월 6일 19시,일요일,부산광역시 사상구 엄궁동,경상사고,0,0,3,0,차대차 - 측면직각충돌,교차로운행방법위반,건조,맑음,교차로 - 교차로안,승용,남,52세,상해없음,승합,남,36세,경상
2012050600100470,2012년 5월 6일 20시,일요일,부산광역시 해운대구 우동,중상사고,0,1,0,0,차대사람 - 횡단중,신호위반,건조,맑음,교차로 - 교차로부근,자전거,남,15세,상해없음,보행자,여,57세,중상
2012050600100541,2012년 5월 6일 22시,일요일,부산광역시 동래구 온천동,중상사고,0,1,1,0,차대차 - 추돌 - 주정차중,안전운전불이행,건조,맑음,교차로 - 교차로부근,승용,여,53세,상해없음,승용,여,28세,경상
2012050600100543,2012년 5월 6일 22시,일요일,부산광역시 사하구 신평동,중상사고,0,1,0,0,차대차 - 측면직각충돌,신호위반,건조,맑음,교차로 - 교차로안,승용,남,53세,상해없음,승용,남,60세,중상
2012050600100544,2012년 5월 6일 22시,일요일,부산광역시 사상구 모라동,경상사고,0,0,1,0,차대사람 - 차도통행중,안전운전불이행,건조,맑음,단일로 - 기타,승용,여,33세,상해없음,보행자,여,23세,경상
2012050700100031,2012년 5월 7일 02시,월요일,부산광역시 동래구 안락동,중상사고,0,1,0,0,차대차 - 측면직각충돌,신호위반,건조,맑음,교차로 - 교차로안,승용,남,50세,상해없음,승용,남,25세,중상