사고번호,사고일시,요일,시군구,사고내용,사망자수,중상자수,경상자수,부상신고자수,사고유형,법규위반,노면상태,기상상태,도로형태,가해운전자 차종,가해운전자 성별,가해운전자 연령,가해운전자 상해정도,피해운전자 차종,피해운전자 성별,피해운전자 연령,피해운전자 상해정도
2012050900100424,2012년 5월 9일 18시,수요일,부산광역시 사하구 하단동,경상사고,0,0,3,0,차대차 - 측면직각충돌,안전운전불이행,건조,맑음,교차로 - 교차로부근,승용,남,52세,상해없음,승용,여,36세,경상
2012050900100425,2012년 5월 9일 18시,수요일,부산광역시 연제구 연산동,중상사고,0,1,0,0,차대차 - 기타,안전운전불이행,건조,맑음,단일로 - 기타,승용,남,25세,상해없음,원동기,남,63세,중상
2012050900100426,2012년 5월 9일 18시,수요일,부산광역시 기장군 철마면,중상사고,0,1,0,0,차대사람 - 횡단중,안전운전불이행,건조,맑음,단일로 - 기타,화물,남,47세,상해없음,보행자,여,45세,중상
2012050900100458,2012년 5월 9일 19시,수요일,부산광역시 사하구 감천동,경상사고,0,0,1,0,차대차 - 추돌 - 진행중,안전거리미확보,건조,맑음,교차로 - 교차로부근,화물,남,49세,상해없음,승용,남,36세,경상
2012050900100459,2012년 5월 9일 19시,수요일,부산광역시 기장군 기장읍,경상사고,0,0,1,0,차대사람 - 횡단중,안전운전불이행,건조,맑음,교차로 - 교차로부근,화물,남,63세,기타불명,보행자,남,55세,경상
2012050900100495,2012년 5월 9일 20시,수요일,부산광역시 북구 구포동,경상사고,0,0,2,0,차대차 - 추돌 - 진행중,안전거리미확보,건조,맑음,단일로 - 기타,승용,여,35세,상해없음,이륜,남,53세,경상
2012050900100496,2012년 5월 9일 20시,수요일,부산광역시 강서구 송정동,중상사고,0,1,0,0,차대차 - 측면직각충돌,안전운전불이행,건조,맑음,교차로 - 교차로안,승용,남,50세,상해없음,승용,여,49세,중상
2012050900100542,2012년 5월 9일 21시,수요일,부산광역시 동래구 낙민동,중상사고,0,1,0,0,차대사람 - 기타,안전운전불이행,건조,맑음,단일로 - 기타,자전거,남,39세,상해없음,보행자,여,61세,중상
2012050900100543,2012년 5월 9일 21시,수요일,부산광역시 해운대구 중동,부상신고사고,0,0,0,1,차대차 - 기타,안전운전불이행,건조,맑음,단일로 - 기타,승용,남,57세,상해없음,화물,남,29세,상해없음
2012050900100544,2012년 5월 9일 21시,수요일,부산광역시 해운대구 우동,중상사고,0,1,2,0,차대차 - 정면충돌,안전운전불이행,건조,맑음,단일로 - 횡단보도부근,화물,여,49세,상해없음,승용,남,18세,중상
2012050900100545,2012년 5월 9일 21시,수요일,부산광역시 사하구 하단동,부상신고사고,0,0,0,1,차대사람 - 기타,안전운전불이행,건조,맑음,단일로 - 기타,이륜,남,31세,상해없음,보행자,남,53세,부상신고
2012050900100580,2012년 5월 9일 22시,수요일,부산광역시 부산진구 부암동,중상사고,0,1,2,0,차대차 - 기타,신호위반,건조,맑음,교차로 - 교차로안,승용,남,29세,상해없음,승용,남,61세,중상
2012050900100581,2012년 5월 9일 22시,수요일,부산광역시 부산진구 범천동,중상사고,0,1,0,0,차대사람 - 기타,안전운전불이행,건조,맑음,단일로 - 기타,승용,남,56세,상해없음,보행자,여,27세,중상
2012050900100582,2012년 5월 9일 22시,수요일,부산광역시 금정구 남산동,중상사고,0,1,1,0,차대차 - 추돌 - 진행중,안전거리미확보,건조,맑음,교차로 - 교차로부근,승합,남,48세,상해없음,승용,여,45세,중상
2012050900100583,2012년 5월 9일 22시,수요일,부산광역시 기장군 기장읍,중상사고,0,1,0,0,차대사람 - 횡단중,안전운전불이행,건조,맑음,단일로 - 기타,승용,남,49세,상해없음,보행자,남,50세,중상
2012050900100604,2012년 5월 9일 23시,수요일,부산광역시 동구 범일동,중상사고,0,1,0,0,차대사람 - 기타,안전운전불이행,건조,맑음,교차로 - 교차로부근,승용,남,50세,상해없음,보행자,여,35세,중상
2012051000100007,2012년 5월 10일 00시,목요일,부산광역시 금정구 두구동,경상사고,0,0,2,0,차대차 - 추돌 - 주정차중,안전거리미확보,건조,맑음,단일로 - 기타,승용,남,27세,상해없음,승용,남,56세,경상
2012051000100028,2012년 5월 10일 01시,목요일,부산광역시 남구 대연동,경상사고,0,0,1,0,차대사람 - 기타,안전운전불이행,건조,맑음,교차로 - 교차로부근,승용,남,27세,상해없음,보행자,남,29세,경상
2012051000100092,2012년 5월 10일 06시,목요일,부산광역시 북구 구포동,경상사고,0,0,1,0,차대차 - 측면직각충돌,신호위반,건조,맑음,교차로 - 교차로안,승합,남,36세,상해없음,이륜,남,40세,경상
2012051000100093,2012년 5월 10일 06시,목요일,부산광역시 동래구 수안동,경상사고,0,0,1,0,차대차 - 측면직각충돌,신호위반,건조,맑음,교차로 - 교차로안,승용,남,51세,상해없음,승용,남,47세,상해없음
2012051000100094,2012년 5월 10일 06시,목요일,부산광역시 부산진구 전포동,경상사고,0,0,1,0,차대사람 - 횡단중,안전운전불이행,건조,맑음,단일로 - 기타,승용,남,56세,상해없음,보행자,여,64세,경상
2012051000100095,2012년 5월 10일 06시,목요일,부산광역시 연제구 연산동,경상사고,0,0,1,0,차대차 - 측면직각충돌,신호위반,건조,흐림,교차로 - 교차로부근,승용,남,34세,상해없음,원동기,남,26세,경상
2012051000100110,2012년 5월 10일 07시,목요일,부산광역시 남구 대연동,중상사고,0,1,0,0,차대사람 - 기타,안전운전불이행,건조,맑음,교차로 - 교차로부근,화물,남,47세,상해없음,보행자,여,55세,중상
2012051000100111,2012년 5월 10일 07시,목요일,부산광역시 부산진구 범천동,중상사고,0,1,0,0,차대사람 - 기타,안전운전불이행,건조,맑음,단일로 - 기타,승용,여,43세,상해없음,보행자,여,53세,중상
2012051000100148,2012년 5월 10일 08시,목요일,부산광역시 해운대구 우동,경상사고,0,0,1,0,차대차 - 추돌 - 진행중,안전거리미확보,건조,맑음,교차로 - 교차로부근,승용,남,52세,상해없음,승용,남,34세,경상
2012051000100219,2012년 5월 10일 10시,목요일,부산광역시 금정구 청룡동,중상사고,0,3,1,0,차대차 - 측면직각충돌,안전운전불이행,건조,맑음,단일로 - 기타,승합,남,62세,상해없음,승용,남,53세,경상
2012051000100244,2012년 5월 10일 11시,목요일,부산광역시 기장군 장안읍,경상사고,0,0,1,0,차대차 - 측면직각충돌,안전거리미확보,건조,맑음,단일로 - 기타,승용,남,49세,상해없음,화물,남,41세,경상
2012051000100267,2012년 5월 10일 12시,목요일,부산광역시 사하구 하단동,경상사고,0,0,1,1,차대차 - 추돌 - 진행중,신호위반,건조,맑음,교차로 - 교차로안,화물,여,56세,부상신고,승합,남,52세,상해없음
2012051000100268,2012년 5월 10일 12시,목요일,부산광역시 사하구 괴정동,경상사고,0,0,1,0,차대차 - 추돌 - 진행중,안전거리미확보,건조,맑음,단일로 - 기타,화물,남,39세,상해없음,승용,남,42세,경상
2012051000100269,2012년 5월 10일 12시,목요일,부산광역시 기장군 정관면,중상사고,0,1,0,0,차대차 - 추돌 - 진행중,안전거리미확보,건조,맑음,단일로 - 기타,승용,남,69세,상해없음,승용,남,54세,중상
2012051000100384,2012년 5월 10일 16시,목요일,부산광역시 동구 초량동,중상사고,0,1,0,0,차대사람 - 횡단중,안전운전불이행,건조,맑음,단일로 - 기타,승용,남,28세,상해없음,보행자,여,30세,중상
2012051000100458,2012년 5월 10일 18시,목요일,부산광역시 사하구 다대동,경상사고,0,0,1,0,차대사람 - 기타,안전운전불이행,건조,맑음,단일로 - 기타,승용,남,54세,상해없음,보행자,남,52세,경상
2012051000100498,2012년 5월 10일 19시,목요일,부산광역시 부산진구 개금동,중상사고,0,1,0,0,차대차 - 정면충돌,중앙선침범,건조,맑음,교차로 - 교차로부근,이륜,남,28세,상해없음,이륜,남,30세,중상
2012051000100499,2012년 5월 10일 19시,목요일,부산광역시 연제구 연산동,중상사고,0,1,0,0,차대차 - 측면직각충돌,신호위반,건조,흐림,교차로 - 교차로안,승용,여,43세,상해없음,원동기,남,24세,중상
2012051000100541,2012년 5월 10일 20시,목요일,부산광역시 영도구 신선동1가,경상사고,0,0,1,0,차대차 - 추돌 - 진행중,교차로운행방법위반,건조,맑음,교차로 - 교차로안,승용,남,57세,상해없음,승용,남,50세,경상
2012051000100542,2012년 5월 10일 20시,목요일,부산광역시 사상구 괘법동,경상사고,0,0,1,0,차량단독 - 기타,기타,건조,맑음,단일로 - 기타,승용,남,56세,상해없음,,,,
2012051100100010,2012년 5월 11일 00시,금요일,부산광역시 수영구 민락동,부상신고사고,0,0,0,1,차대차 - 측면직각충돌,기타,건조,흐림,단일로 - 기타,승용,남,31세,상해없음,자전거,남,23세,부상신고
2012051100100011,2012년 5월 11일 00시,금요일,부산광역시 영도구 청학동,경상사고,0,0,1,0,차대차 - 추돌 - 진행중,안전거리미확보,건조,흐림,단일로 - 기타,승용,남,26세,상해없음,승용,남,41세,상해없음
2012051100100012,2012년 5월 11일 00시,금요일,부산광역시 해운대구 좌동,경상사고,0,0,1,0,차대차 - 측면직각충돌,안전운전불이행,건조,맑음,단일로 - 기타,원동기,남,18세,상해없음,원동기,남,29세,경상
2012051100100013,2012년 5월 11일 00시,금요일,부산광역시 강서구 명지동,부상신고사고,0,0,0,1,차대차 - 기타,안전운전불이행,건조,맑음,교차로 - 교차로부근,승용,남,37세,상해없음,이륜,여,46세,부상신고
2012051100100033,2012년 5월 11일 01시,금요일,부산광역시 부산진구 양정동,중상사고,0,1,1,0,차대차 - 기타,교차로운행방법위반,건조,맑음,교차로 - 교차로안,승용,남,25세,상해없음,승용,남,51세,경상
2012051100100034,2012년 5월 11일 01시,금요일,부산광역시 금정구 서동,경상사고,0,0,1,0,차대사람 - 횡단중,보행자보호의무위반,건조,맑음,단일로 - 횡단보도상,승용,남,44세,상해없음,보행자,남,21세,경상
2012051100100089,2012년 5월 11일 05시,금요일,부산광역시 사하구 신평동,중상사고,0,1,0,0,차대차 - 기타,신호위반,건조,맑음,교차로 - 교차로안,승용,남,24세,상해없음,승용,여,49세,중상
2012051100100100,2012년 5월 11일 06시,금요일,부산광역시 해운대구 우동,중상사고,0,1,1,0,차대차 - 추돌 - 진행중,안전운전불이행,건조,흐림,미분류 - 미분류,승용,남,25세,상해없음,화물,남,47세,중상
2012051100100101,2012년 5월 11일 06시,금요일,부산광역시 사하구 장림동,경상사고,0,0,1,0,차대사람 - 보도통행중,보행자보호의무위반,건조,맑음,단일로 - 횡단보도상,승용,남,41세,상해없음,보행자,남,17세,경상
2012051100100121,2012년 5월 11일 07시,금요일,부산광역시 사상구 삼락동,경상사고,0,0,1,0,차대차 - 기타,안전운전불이행,건조,맑음,교차로 - 교차로안,승용,여,50세,상해없음,승용,남,43세,경상
2012051100100182,2012년 5월 11일 09시,금요일,부산광역시 사하구 하단동,경상사고,0,0,3,0,차대차 - 추돌 - 진행중,불법유턴,건조,맑음,단일로 - 기타,승용,남,47세,경상,승용,남,56세,경상
2012051100100183,2012년 5월 11일 09시,금요일,부산광역시 사하구 구평동,중상사고,0,1,1,0,차대차 - 추돌 - 주정차중,안전운전불이행,건조,맑음,단일로 - 기타,승용,남,64세,상해없음,승용,여,52세,경상
2012051100100212,2012년 5월 11일 10시,금요일,부산광역시 연제구 연산동,중상사고,0,1,0,0,차대차 - 측면직각충돌,교차로운행방법위반,건조,맑음,교차로 - 교차로안,승용,남,32세,상해없음,승용,남,48세,중상
2012051100100227,2012년 5월 11일 11시,금요일,부산광역시 남구 용호동,경상사고,0,0,2,0,차대사람 - 기타,안전운전불이행,건조,맑음,단일로 - 기타,승용,여,44세,상해없음,보행자,여,37세,경상
2012051100100228,2012년 5월 11일 11시,금요일,부산광역시 북구 화명동,경상사고,0,0,1,0,차대차 - 측면직각충돌,안전거리미확보,건조,맑음,단일로 - 교량,승용,남,73세,상해없음,승용,여,39세,경상
2012051100100229,2012년 5월 11일 11시,금요일,부산광역시 해운대구 우동,중상사고,0,1,0,0,차대차 - 측면직각충돌,신호위반,건조,맑음,교차로 - 교차로안,승용,여,45세,상해없음,승용,남,35세,중상
2012051100100230,2012년 5월 11일 11시,금요일,부산광역시 기장군 장안읍,중상사고,0,2,0,0,차대차 - 추돌 - 진행중,안전거리미확보,건조,맑음,단일로 - 기타,승용,남,63세,상해없음,승합,남,57세,상해없음
2012051100100254,2012년 5월 11일 12시,금요일,부산광역시 사하구 구평동,경상사고,0,0,1,0,차대차 - 추돌 - 주정차중,안전운전불이행,건조,흐림,교차로 - 교차로부근,승용,남,63세,상해없음,승용,남,34세,경상
2012051100100288,2012년 5월 11일 13시,금요일,부산광역시 금정구 금사동,경상사고,0,0,1,0,차대차 - 정면충돌,교차로운행방법위반,건조,맑음,교차로 - 교차로안,화물,남,21세,상해없음,승용,남,64세,경상
2012051100100289,2012년 5월 11일 13시,금요일,부산광역시 연제구 거제동,중상사고,0,1,0,0,차대사람 - 횡단중,보행자보호의무위반,건조,맑음,교차로 - 교차로부근,승용,남,49세,상해없음,보행자,여,31세,중상
2012051100100376,2012년 5월 11일 16시,금요일,부산광역시 수영구 남천동,중상사고,0,1,0,0,차대차 - 기타,안전운전불이행,건조,맑음,교차로 - 교차로부근,승용,남,70세,상해없음,자전거,여,20세,중상
2012051100100377,2012년 5월 11일 16시,금요일,부산광역시 남구 대연동,중상사고,0,2,1,0,차대차 - 추돌 - 진행중,안전거리미확보,건조,맑음,교차로 - 교차로안,원동기,남,59세,중상,승용,남,49세,경상
2012051100100378,2012년 5월 11일 16시,금요일,부산광역시 북구 구포동,경상사고,0,0,1,0,차대차 - 기타,안전운전불이행,건조,맑음,단일로 - 기타,승용,남,60세,상해없음,승용,여,56세,경상
2012051100100379,2012년 5월 11일 16시,금요일,부산광역시 북구 화명동,중상사고,0,1,0,0,차대사람 - 차도통행중,안전운전불이행,건조,맑음,단일로 - 횡단보도부근,승용,여,47세,상해없음,보행자,남,10세,중상
2012051100100380,2012년 5월 11일 16시,금요일,부산광역시 금정구 금사동,경상사고,0,0,1,0,차대차 - 측면직각충돌,안전거리미확보,건조,흐림,단일로 - 기타,승용,남,41세,상해없음,이륜,남,76세,경상
2012051100100418,2012년 5월 11일 17시,금요일,부산광역시 북구 만덕동,경상사고,0,0,1,0,차대차 - 추돌 - 진행중,안전운전불이행,건조,맑음,교차로 - 교차로안,승용,남,27세,상해없음,승용,여,32세,경상
2012051100100419,2012년 5월 11일 17시,금요일,부산광역시 사하구 괴정동,경상사고,0,0,1,0,차대차 - 측면직각충돌,중앙선침범,건조,맑음,단일로 - 기타,승용,남,39세,상해없음,승용,남,52세,경상
2012051100100420,2012년 5월 11일 17시,금요일,부산광역시 기장군 일광면,중상사고,0,1,0,0,차대차 - 측면직각충돌,직진우회전진행방해,건조,맑음,교차로 - 교차로안,승용,남,72세,상해없음,승용,남,60세,상해없음
2012051100100499,2012년 5월 11일 19시,금요일,부산광역시 사하구 신평동,경상사고,0,0,1,0,차대사람 - 횡단중,보행자보호의무위반,건조,맑음,교차로 - 교차로부근,승용,남,56세,상해없음,보행자,남,60세,경상
2012051100100500,2012년 5월 11일 19시,금요일,부산광역시 강서구 신호동,경상사고,0,0,1,0,차대차 - 추돌 - 진행중,안전운전불이행,건조,맑음,단일로 - 기타,승용,남,41세,상해없음,이륜,남,40세,경상
2012051100100573,2012년 5월 11일 21시,금요일,부산광역시 동래구 수안동,경상사고,0,0,1,0,차대차 - 측면직각충돌,차로위반,건조,맑음,단일로 - 기타,승용,남,57세,상해없음,승용,남,23세,경상
2012051100100574,2012년 5월 11일 21시,금요일,부산광역시 사하구 하단동,경상사고,0,0,1,0,차대사람 - 횡단중,안전운전불이행,건조,맑음,단일로 - 기타,승합,남,51세,상해없음,보행자,남,54세,경상
2012051100100611,2012년 5월 11일 22시,금요일,부산광역시 동구 좌천동,중상사고,0,1,0,0,차대차 - 측면직각충돌,신호위반,건조,맑음,교차로 - 교차로안,특수,남,44세,상해없음,화물,남,49세,상해없음
2012051100100612,2012년 5월 11일 22시,금요일,부산광역시 남구 대연동,경상사고,0,0,1,0,차대차 - 측면직각충돌,안전거리미확보,건조,맑음,단일로 - 기타,승용,남,35세,상해없음,승용,남,54세,경상
2012051100100613,2012년 5월 11일 22시,금요일,부산광역시 해운대구 우동,중상사고,0,1,0,0,차대사람 - 횡단중,보행자보호의무위반,건조,맑음,단일로 - 횡단보도상,승용,남,48세,상해없음,보행자,여,44세,중상
2012051100100614,2012년 5월 11일 22시,금요일,부산광역시 사하구 다대동,경상사고,0,0,1,0,차대사람 - 보도통행중,기타,건조,맑음,단일로 - 기타,승용,여,41세,상해없음,보행자,남,54세,경상
2012051100100615,2012년 5월 11일 22시,금요일,부산광역시 사상구 학장동,경상사고,0,0,1,0,차대차 - 추돌 - 주정차중,안전운전불이행,건조,맑음,단일로 - 기타,승용,여,43세,상해없음,승용,남,58세,경상
2012051100100616,2012년 5월 11일 22시,금요일,부산광역시 사상구 덕포동,경상사고,0,0,2,0,차대사람 - 기타,안전운전불이행,건조,맑음,교차로 - 교차로안,승용,남,57세,상해없음,보행자,여,18세,경상
2012051100100651,2012년 5월 11일 23시,금요일,부산광역시 북구 구포동,중상사고,0,2,0,0,차대차 - 기타,신호위반,건조,맑음,교차로 - 교차로안,이륜,남,55세,중상,승용,여,40세,중상
2012051100100652,2012년 5월 11일 23시,금요일,부산광역시 해운대구 우동,중상사고,0,1,0,0,차대차 - 정면충돌,신호위반,건조,맑음,교차로 - 교차로안,승용,남,59세,상해없음,이륜,남,27세,중상
2012051200100006,2012년 5월 12일 00시,토요일,부산광역시 사상구 모라동,경상사고,0,0,1,0,차대사람 - 횡단중,안전운전불이행,건조,맑음,단일로 - 기타,승용,남,59세,상해없음,보행자,남,53세,경상
2012051200100034,2012년 5월 12일 01시,토요일,부산광역시 부산진구 가야동,중상사고,0,1,0,0,차대차 - 기타,안전운전불이행,기타,맑음,교차로 - 교차로안,이륜,남,56세,중상,특수,남,35세,상해없음
2012051200100035,2012년 5월 12일 01시,토요일,부산광역시 사하구 다대동,중상사고,0,1,1,0,차대차 - 측면직각충돌,신호위반,건조,맑음,교차로 - 교차로안,승용,남,24세,상해없음,승용,남,22세,경상
2012051200100055,2012년 5월 12일 02시,토요일,부산광역시 부산진구 연지동,중상사고,0,1,0,0,차대사람 - 기타,안전운전불이행,건조,맑음,단일로 - 기타,기타불명,기타불명,기타불명,기타불명,보행자,남,33세,중상
2012051200100056,2012년 5월 12일 02시,토요일,부산광역시 사하구 하단동,중상사고,0,1,0,0,차대사람 - 길가장자리구역통행중,안전운전불이행,건조,맑음,단일로 - 기타,승용,남,47세,상해없음,보행자,남,17세,중상
2012051200100077,2012년 5월 12일 03시,토요일,부산광역시 중구 남포동6가,부상신고사고,0,0,0,1,차대차 - 추돌 - 주정차중,안전운전불이행,건조,맑음,단일로 - 기타,승용,남,23세,상해없음,승용,남,63세,부상신고
2012051200100078,2012년 5월 12일 03시,토요일,부산광역시 강서구 명지동,중상사고,0,1,0,0,차량단독 - 공작물충돌,안전운전불이행,건조,맑음,단일로 - 기타,승용,남,47세,상해없음,,,,
2012051200100095,2012년 5월 12일 04시,토요일,부산광역시 북구 덕천동,경상사고,0,0,2,0,차대사람 - 횡단중,안전운전불이행,건조,맑음,단일로 - 기타,승용,남,41세,상해없음,보행자,남,66세,경상
2012051200100096,2012년 5월 12일 04시,토요일,부산광역시 부산진구 범천동,중상사고,0,2,0,0,차대차 - 추돌 - 진행중,안전거리미확보,건조,맑음,단일로 - 기타,승용,남,32세,상해없음,승용,여,28세,중상
2012051200100097,2012년 5월 12일 04시,토요일,부산광역시 기장군 기장읍,중상사고,0,1,0,0,차대사람 - 길가장자리구역통행중,불법유턴,건조,맑음,단일로 - 기타,승용,남,28세,기타불명,보행자,남,48세,중상
2012051200100116,2012년 5월 12일 05시,토요일,부산광역시 연제구 연산동,경상사고,0,0,1,0,차대사람 - 보도통행중,기타,건조,맑음,단일로 - 기타,승용,남,50세,기타불명,보행자,여,24세,경상
2012051200100133,2012년 5월 12일 06시,토요일,부산광역시 사상구 감전동,중상사고,0,2,0,0,차대차 - 추돌 - 진행중,중앙선침범,습기,흐림,단일로 - 기타,건설기계,남,54세,상해없음,화물,남,37세,중상
2012051200100155,2012년 5월 12일 07시,토요일,부산광역시 남구 용호동,중상사고,0,1,0,0,차대차 - 측면직각충돌,교차로운행방법위반,건조,맑음,교차로 - 교차로안,승용,남,42세,상해없음,이륜,남,53세,중상
2012051200100171,2012년 5월 12일 08시,토요일,부산광역시 동구 좌천동,중상사고,0,1,0,0,차대사람 - 기타,안전운전불이행,건조,맑음,교차로 - 교차로부근,승용,남,41세,상해없음,보행자,남,74세,중상
2012051200100194,2012년 5월 12일 09시,토요일,부산광역시 해운대구 반여동,경상사고,0,0,2,0,차대차 - 추돌 - 주정차중,안전운전불이행,건조,맑음,단일로 - 기타,승용,여,37세,상해없음,승용,남,37세,경상
2012051200100195,2012년 5월 12일 09시,토요일,부산광역시 강서구 명지동,중상사고,0,2,3,0,차대차 - 추돌 - 진행중,안전운전불이행,건조,맑음,교차로 - 교차로부근,승용,남,63세,상해없음,승용,여,37세,중상
2012051200100221,2012년 5월 12일 10시,토요일,부산광역시 동래구 명장동,중상사고,0,1,0,0,차대사람 - 횡단중,보행자보호의무위반,건조,맑음,단일로 - 횡단보도상,승용,남,67세,상해없음,보행자,여,6세,중상
2012051200100222,2012년 5월 12일 10시,토요일,부산광역시 해운대구 우동,중상사고,0,1,0,0,차대차 - 기타,안전거리미확보,건조,맑음,교차로 - 교차로부근,자전거,남,62세,중상,화물,여,41세,상해없음
2012051200100255,2012년 5월 12일 11시,토요일,부산광역시 수영구 남천동,중상사고,0,1,0,0,차대차 - 추돌 - 주정차중,안전운전불이행,건조,맑음,교차로 - 교차로부근,승용,여,30세,상해없음,승용,남,40세,중상
2012051200100256,2012년 5월 12일 11시,토요일,부산광역시 부산진구 당감동,부상신고사고,0,0,0,1,차대사람 - 기타,안전운전불이행,건조,맑음,단일로 - 횡단보도상,승용,남,48세,상해없음,보행자,여,17세,상해없음
2012051200100257,2012년 5월 12일 11시,토요일,부산광역시 사상구 괘법동,경상사고,0,0,1,0,차대차 - 기타,기타,건조,맑음,교차로 - 교차로안,화물,남,27세,상해없음,승합,남,33세,경상
2012051200100258,2012년 5월 12일 11시,토요일,부산광역시 기장군 일광면,사망사고,1,0,0,0,차대차 - 추돌 - 진행중,안전운전불이행,건조,맑음,단일로 - 기타,화물,남,38세,상해없음,승용,여,53세,사망
2012051200100291,2012년 5월 12일 12시,토요일,부산광역시 금정구 장전동,중상사고,0,1,0,0,차대차 - 측면직각충돌,안전운전불이행,건조,맑음,단일로 - 기타,이륜,남,19세,중상,승용,남,28세,상해없음
2012051200100292,2012년 5월 12일 12시,토요일,부산광역시 사상구 엄궁동,경상사고,0,0,1,0,차대차 - 추돌 - 주정차중,안전거리미확보,건조,맑음,단일로 - 기타,승용,남,23세,기타불명,승용,여,46세,경상
2012051200100330,2012년 5월 12일 13시,토요일,부산광역시 사하구 신평동,중상사고,0,1,0,0,차대사람 - 기타,안전운전불이행,건조,맑음,단일로 - 기타,화물,남,42세,상해없음,보행자,남,9세,중상
2012051200100331,2012년 5월 12일 13시,토요일,부산광역시 사하구 다대동,중상사고,0,1,0,0,차대차 - 측면직각충돌,안전운전불이행,건조,맑음,단일로 - 기타,기타불명,기타불명,기타불명,기타불명,원동기,남,46세,중상
2012051200100364,2012년 5월 12일 14시,토요일,부산광역시 해운대구 반여동,중상사고,0,1,0,0,차대차 - 측면직각충돌,안전운전불이행,건조,맑음,교차로 - 교차로안,승용,남,54세,상해없음,원동기,남,41세,중상
2012051200100395,2012년 5월 12일 15시,토요일,부산광역시 부산진구 범천동,경상사고,0,0,3,0,차대차 - 측면직각충돌,직진우회전진행방해,건조,맑음,교차로 - 교차로안,승용,남,58세,상해없음,승용,남,46세,경상
2012051200100425,2012년 5월 12일 16시,토요일,부산광역시 수영구 광안동,경상사고,0,0,1,0,차대차 - 추돌 - 주정차중,안전거리미확보,건조,맑음,교차로 - 교차로부근,승용,남,49세,상해없음,승용,남,62세,경상
2012051200100426,2012년 5월 12일 16시,토요일,부산광역시 해운대구 반여동,중상사고,0,1,0,0,차대차 - 추돌 - 주정차중,안전운전불이행,건조,맑음,교차로 - 교차로안,화물,남,34세,상해없음,승용,남,27세,상해없음
2012051200100459,2012년 5월 12일 17시,토요일,부산광역시 북구 덕천동,경상사고,0,0,2,0,차대차 - 측면직각충돌,교차로운행방법위반,건조,맑음,교차로 - 교차로안,승용,남,45세,상해없음,승용,남,35세,경상
2012051200100460,2012년 5월 12일 17시,토요일,부산광역시 동래구 사직동,경상사고,0,0,1,0,차대사람 - 길가장자리구역통행중,안전운전불이행,건조,맑음,교차로 - 교차로안,승용,남,20세,상해없음,보행자,남,13세,경상
2012051200100461,2012년 5월 12일 17시,토요일,부산광역시 연제구 연산동,중상사고,0,1,0,0,차대차 - 기타,안전거리미확보,건조,맑음,단일로 - 기타,승용,여,48세,상해없음,원동기,남,30세,중상
2012051200100501,2012년 5월 12일 18시,토요일,부산광역시 사상구 감전동,경상사고,0,0,1,0,차대차 - 추돌 - 진행중,교차로운행방법위반,건조,맑음,교차로 - 교차로안,승용,남,60세,상해없음,승용,남,35세,경상
2012051200100534,2012년 5월 12일 19시,토요일,부산광역시 동래구 복천동,사망사고,1,0,0,0,차대사람 - 횡단중,안전운전불이행,건조,맑음,기타 - 기타,화물,남,48세,상해없음,보행자,여,69세,사망
2012051200100570,2012년 5월 12일 20시,토요일,부산광역시 중구 영주동,중상사고,0,1,0,0,차대사람 - 기타,안전운전불이행,건조,맑음,단일로 - 기타,화물,남,41세,상해없음,보행자,남,48세,중상
2012051200100571,2012년 5월 12일 20시,토요일,부산광역시 부산진구 당감동,경상사고,0,0,2,0,차대차 - 추돌 - 주정차중,안전운전불이행,건조,맑음,단일로 - 기타,승용,남,43세,상해없음,승용,여,41세,경상
2012051200100615,2012년 5월 12일 21시,토요일,부산광역시 북구 금곡동,경상사고,0,0,5,0,차대차 - 측면직각충돌,신호위반,습기,흐림,교차로 - 교차로안,승용,남,30세,상해없음,승용,남,34세,경상
2012051200100648,2012년 5월 12일 22시,토요일,부산광역시 중구 동광동1가,중상사고,0,1,1,0,차대차 - 추돌 - 진행중,차로위반,건조,맑음,단일로 - 기타,승용,남,47세,상해없음,승용,남,50세,경상
2012051200100649,2012년 5월 12일 22시,토요일,부산광역시 동래구 사직동,중상사고,0,1,0,0,차대차 - 측면직각충돌,교차로운행방법위반,건조,맑음,교차로 - 교차로안,승용,남,64세,상해없음,원동기,남,17세,중상
2012051200100650,2012년 5월 12일 22시,토요일,부산광역시 부산진구 부전동,경상사고,0,0,1,0,차대차 - 기타,신호위반,건조,맑음,교차로 - 교차로안,승용,남,30세,상해없음,원동기,남,16세,경상
2012051200100651,2012년 5월 12일 22시,토요일,부산광역시 부산진구 양정동,중상사고,0,1,0,0,차대차 - 추돌 - 주정차중,안전거리미확보,건조,맑음,단일로 - 기타,승용,남,27세,상해없음,원동기,남,30세,중상
2012051200100652,2012년 5월 12일 22시,토요일,부산광역시 부산진구 양정동,경상사고,0,0,1,0,차대차 - 측면직각충돌,안전운전불이행,건조,맑음,교차로 - 교차로안,승용,남,29세,상해없음,원동기,남,22세,경상
2012051200100653,2012년 5월 12일 22시,토요일,부산광역시 강서구 대저1동,중상사고,0,1,3,1,차대차 - 추돌 - 주정차중,안전운전불이행,건조,맑음,교차로 - 교차로부근,승용,여,46세,상해없음,승용,남,41세,경상
2012051200100683,2012년 5월 12일 23시,토요일,부산광역시 서구 충무동1가,경상사고,0,0,1,0,차대차 - 측면직각충돌,차로위반,기타,기타,단일로 - 기타,승용,남,64세,상해없음,승용,남,60세,경상
2012051200100684,2012년 5월 12일 23시,토요일,부산광역시 수영구 광안동,경상사고,0,0,2,0,차대차 - 추돌 - 주정차중,안전거리미확보,건조,맑음,교차로 - 교차로부근,승용,남,37세,상해없음,승용,여,28세,경상