사고번호,사고일시,요일,시군구,사고내용,사망자수,중상자수,경상자수,부상신고자수,사고유형,법규위반,노면상태,기상상태,도로형태,가해운전자 차종,가해운전자 성별,가해운전자 연령,가해운전자 상해정도,피해운전자 차종,피해운전자 성별,피해운전자 연령,피해운전자 상해정도
2012051500100428,2012년 5월 15일 17시,화요일,부산광역시 동래구 안락동,중상사고,0,1,0,0,차대차 - 측면직각충돌,교차로운행방법위반,건조,맑음,교차로 - 교차로안,승용,남,40세,상해없음,원동기,남,19세,중상
2012051500100429,2012년 5월 15일 17시,화요일,부산광역시 해운대구 우동,중상사고,0,1,0,0,차대차 - 추돌 - 진행중,안전운전불이행,건조,맑음,교차로 - 교차로부근,승용,여,31세,상해없음,승용,여,41세,중상
2012051500100430,2012년 5월 15일 17시,화요일,부산광역시 사하구 구평동,경상사고,0,0,3,0,차대차 - 정면충돌,중앙선침범,건조,맑음,교차로 - 교차로부근,승용,남,61세,상해없음,승용,남,51세,경상
2012051500100431,2012년 5월 15일 17시,화요일,부산광역시 사하구 감천동,경상사고,0,0,2,0,차대차 - 추돌 - 주정차중,안전운전불이행,건조,맑음,교차로 - 교차로부근,승용,여,22세,상해없음,승용,남,31세,경상
2012051500100432,2012년 5월 15일 17시,화요일,부산광역시 기장군 철마면,중상사고,0,1,0,0,차대차 - 추돌 - 진행중,안전거리미확보,습기,비,단일로 - 기타,승용,여,53세,상해없음,승용,여,55세,중상
2012051500100461,2012년 5월 15일 18시,화요일,부산광역시 남구 대연동,경상사고,0,0,1,0,차대차 - 기타,안전운전불이행,건조,맑음,교차로 - 교차로안,승용,남,48세,상해없음,원동기,남,26세,경상
2012051500100462,2012년 5월 15일 18시,화요일,부산광역시 해운대구 우동,중상사고,0,1,0,0,차대사람 - 횡단중,신호위반,건조,맑음,단일로 - 횡단보도상,이륜,남,48세,상해없음,보행자,여,56세,중상
2012051500100463,2012년 5월 15일 18시,화요일,부산광역시 사하구 감천동,중상사고,0,1,1,1,차대차 - 측면직각충돌,교차로운행방법위반,건조,맑음,교차로 - 교차로안,승용,남,45세,부상신고,승용,남,31세,중상
2012051500100465,2012년 5월 15일 18시,화요일,부산광역시 사상구 덕포동,경상사고,0,0,1,0,차대사람 - 기타,안전운전불이행,건조,맑음,단일로 - 기타,승용,여,43세,상해없음,보행자,여,17세,경상
2012051500100502,2012년 5월 15일 19시,화요일,부산광역시 남구 대연동,경상사고,0,0,1,0,차대사람 - 차도통행중,안전운전불이행,건조,맑음,단일로 - 기타,승용,남,43세,상해없음,보행자,여,17세,경상
2012051500100503,2012년 5월 15일 19시,화요일,부산광역시 금정구 장전동,경상사고,0,0,1,0,차대차 - 정면충돌,중앙선침범,건조,맑음,단일로 - 기타,자전거,남,55세,경상,이륜,남,43세,상해없음
2012051500100541,2012년 5월 15일 20시,화요일,부산광역시 남구 문현동,경상사고,0,0,1,0,차대차 - 측면직각충돌,신호위반,건조,맑음,교차로 - 교차로안,승용,남,30세,상해없음,승용,남,49세,상해없음
2012051500100542,2012년 5월 15일 20시,화요일,부산광역시 해운대구 우동,경상사고,0,0,1,0,차대사람 - 횡단중,안전운전불이행,건조,맑음,교차로 - 교차로부근,승용,여,57세,상해없음,보행자,여,21세,경상
2012051500100543,2012년 5월 15일 20시,화요일,부산광역시 금정구 부곡동,경상사고,0,0,1,0,차대사람 - 기타,안전운전불이행,건조,맑음,단일로 - 기타,승용,남,55세,상해없음,보행자,여,47세,경상
2012051500100577,2012년 5월 15일 21시,화요일,부산광역시 금정구 장전동,부상신고사고,0,0,0,1,차대차 - 추돌 - 진행중,안전운전불이행,건조,맑음,단일로 - 기타,원동기,남,16세,부상신고,승용,남,34세,상해없음
2012051500100626,2012년 5월 15일 22시,화요일,부산광역시 북구 화명동,경상사고,0,0,1,0,차대차 - 기타,신호위반,건조,맑음,기타 - 기타,기타불명,기타불명,기타불명,기타불명,승용,여,42세,경상
2012051500100659,2012년 5월 15일 23시,화요일,부산광역시 서구 암남동,중상사고,0,1,0,0,차대차 - 측면직각충돌,신호위반,건조,맑음,교차로 - 교차로안,이륜,남,18세,상해없음,승용,남,58세,상해없음
2012051500100660,2012년 5월 15일 23시,화요일,부산광역시 수영구 민락동,경상사고,0,0,1,0,차대차 - 추돌 - 주정차중,안전운전불이행,건조,맑음,단일로 - 기타,승용,남,28세,상해없음,승용,여,37세,경상
2012051500100661,2012년 5월 15일 23시,화요일,부산광역시 남구 대연동,중상사고,0,1,2,0,차대차 - 측면직각충돌,안전거리미확보,건조,맑음,단일로 - 기타,승용,여,51세,상해없음,승용,남,50세,경상
2012051500100662,2012년 5월 15일 23시,화요일,부산광역시 부산진구 부전동,중상사고,0,1,2,0,차대차 - 기타,신호위반,건조,맑음,교차로 - 교차로안,승용,여,39세,상해없음,승용,남,43세,경상
2012051500100663,2012년 5월 15일 23시,화요일,부산광역시 금정구 장전동,중상사고,0,1,0,0,차대사람 - 횡단중,보행자보호의무위반,건조,맑음,단일로 - 횡단보도상,승용,남,30세,상해없음,보행자,남,36세,중상
2012051500100664,2012년 5월 15일 23시,화요일,부산광역시 수영구 수영동,경상사고,0,0,1,0,차대차 - 측면직각충돌,교차로운행방법위반,건조,맑음,교차로 - 교차로안,승용,여,36세,상해없음,자전거,여,27세,경상
2012051600100008,2012년 5월 16일 00시,수요일,부산광역시 부산진구 개금동,경상사고,0,0,3,0,차대차 - 기타,신호위반,건조,맑음,교차로 - 교차로안,승용,기타불명,기타불명,기타불명,승용,남,33세,경상
2012051600100043,2012년 5월 16일 02시,수요일,부산광역시 서구 동대신동1가,중상사고,0,2,0,0,차대차 - 기타,안전운전불이행,건조,맑음,단일로 - 기타,승용,남,28세,상해없음,승용,남,66세,중상
2012051600100044,2012년 5월 16일 02시,수요일,부산광역시 동래구 명륜동,경상사고,0,0,1,0,차대사람 - 차도통행중,안전운전불이행,건조,맑음,단일로 - 기타,화물,남,52세,상해없음,보행자,남,55세,경상
2012051600100045,2012년 5월 16일 02시,수요일,부산광역시 사하구 하단동,경상사고,0,0,1,0,차대차 - 추돌 - 진행중,안전운전불이행,건조,맑음,교차로 - 교차로부근,화물,남,42세,상해없음,승용,남,30세,경상
2012051600100089,2012년 5월 16일 06시,수요일,부산광역시 영도구 동삼동,중상사고,0,1,0,0,차대사람 - 기타,안전운전불이행,건조,맑음,교차로 - 교차로안,승용,남,60세,상해없음,보행자,여,60세,중상
2012051600100108,2012년 5월 16일 07시,수요일,부산광역시 영도구 봉래동1가,경상사고,0,0,2,0,차대차 - 측면직각충돌,교차로운행방법위반,건조,맑음,교차로 - 교차로안,승용,여,40세,상해없음,승용,남,52세,경상
2012051600100109,2012년 5월 16일 07시,수요일,부산광역시 부산진구 연지동,중상사고,0,1,0,0,차대차 - 측면직각충돌,교차로운행방법위반,건조,맑음,교차로 - 교차로안,승용,남,35세,상해없음,승용,남,69세,상해없음
2012051600100110,2012년 5월 16일 07시,수요일,부산광역시 강서구 명지동,중상사고,0,3,2,0,차대차 - 측면직각충돌,중앙선침범,건조,맑음,단일로 - 기타,화물,남,40세,상해없음,승용,남,62세,중상
2012051600100186,2012년 5월 16일 09시,수요일,부산광역시 북구 금곡동,경상사고,0,0,2,0,차대차 - 기타,안전운전불이행,건조,맑음,단일로 - 기타,화물,남,50세,상해없음,승용,남,58세,상해없음
2012051600100187,2012년 5월 16일 09시,수요일,부산광역시 영도구 남항동1가,중상사고,0,1,0,0,차대차 - 측면직각충돌,안전운전불이행,건조,맑음,단일로 - 기타,승용,남,27세,상해없음,이륜,남,28세,중상
2012051600100188,2012년 5월 16일 09시,수요일,부산광역시 사하구 당리동,중상사고,0,1,0,0,차대차 - 정면충돌,교차로운행방법위반,건조,맑음,교차로 - 교차로안,승용,남,32세,상해없음,이륜,남,46세,중상
2012051600100189,2012년 5월 16일 09시,수요일,부산광역시 연제구 거제동,중상사고,0,1,0,0,차대차 - 측면직각충돌,신호위반,건조,맑음,단일로 - 횡단보도부근,승용,여,23세,상해없음,이륜,남,24세,중상
2012051600100190,2012년 5월 16일 09시,수요일,부산광역시 강서구 대저2동,경상사고,0,0,1,0,차대사람 - 기타,안전운전불이행,건조,맑음,기타 - 기타,화물,남,58세,상해없음,보행자,남,45세,경상
2012051600100191,2012년 5월 16일 09시,수요일,부산광역시 사상구 괘법동,중상사고,0,1,0,0,차대차 - 기타,직진우회전진행방해,건조,맑음,교차로 - 교차로안,승용,남,59세,상해없음,승용,여,52세,중상
2012051600100249,2012년 5월 16일 12시,수요일,부산광역시 남구 대연동,경상사고,0,0,1,0,차대차 - 기타,안전운전불이행,건조,맑음,단일로 - 기타,승합,남,53세,상해없음,자전거,여,46세,경상
2012051600100272,2012년 5월 16일 13시,수요일,부산광역시 남구 대연동,경상사고,0,0,1,0,차대차 - 추돌 - 진행중,차로위반,건조,맑음,교차로 - 교차로부근,승용,여,40세,상해없음,원동기,남,36세,경상
2012051600100273,2012년 5월 16일 13시,수요일,부산광역시 해운대구 송정동,중상사고,0,1,0,0,차대차 - 측면직각충돌,안전운전불이행,건조,맑음,교차로 - 교차로안,승용,여,50세,상해없음,승용,여,49세,중상
2012051600100307,2012년 5월 16일 14시,수요일,부산광역시 북구 화명동,경상사고,0,0,1,0,차대사람 - 횡단중,보행자보호의무위반,건조,맑음,단일로 - 기타,승용,여,40세,상해없음,보행자,여,10세,경상
2012051600100375,2012년 5월 16일 16시,수요일,부산광역시 해운대구 반여동,경상사고,0,0,2,0,차대차 - 추돌 - 진행중,안전거리미확보,건조,맑음,단일로 - 기타,화물,남,42세,상해없음,승용,남,59세,경상
2012051600100376,2012년 5월 16일 16시,수요일,부산광역시 해운대구 우동,중상사고,0,1,1,0,차대차 - 측면직각충돌,안전운전불이행,건조,맑음,교차로 - 교차로안,승용,여,55세,경상,승용,여,46세,중상
2012051600100377,2012년 5월 16일 16시,수요일,부산광역시 부산진구 부전동,중상사고,0,1,0,0,차대사람 - 기타,보행자보호의무위반,건조,맑음,단일로 - 기타,원동기,남,28세,기타불명,보행자,남,55세,중상
2012051600100378,2012년 5월 16일 16시,수요일,부산광역시 사상구 삼락동,중상사고,0,1,0,0,차대차 - 기타,안전운전불이행,건조,맑음,단일로 - 기타,승합,남,44세,상해없음,승용,남,57세,상해없음
2012051600100412,2012년 5월 16일 17시,수요일,부산광역시 중구 영주동,경상사고,0,0,1,0,차대차 - 측면직각충돌,안전운전불이행,건조,맑음,단일로 - 기타,화물,남,41세,상해없음,승합,남,44세,상해없음
2012051600100413,2012년 5월 16일 17시,수요일,부산광역시 해운대구 재송동,중상사고,0,1,0,0,차대사람 - 횡단중,보행자보호의무위반,건조,맑음,단일로 - 기타,승용,남,67세,상해없음,보행자,남,4세,중상
2012051600100414,2012년 5월 16일 17시,수요일,부산광역시 연제구 거제동,경상사고,0,0,1,0,차대차 - 측면직각충돌,신호위반,건조,맑음,단일로 - 횡단보도상,승용,남,34세,상해없음,자전거,남,13세,경상
2012051600100448,2012년 5월 16일 18시,수요일,부산광역시 금정구 회동동,중상사고,0,1,0,0,차대사람 - 횡단중,안전운전불이행,건조,맑음,단일로 - 기타,승용,남,42세,상해없음,보행자,여,58세,중상
2012051600100484,2012년 5월 16일 19시,수요일,부산광역시 강서구 명지동,중상사고,0,1,0,0,차대사람 - 횡단중,신호위반,건조,맑음,단일로 - 횡단보도상,승합,남,70세,상해없음,보행자,여,75세,중상
2012051600100519,2012년 5월 16일 20시,수요일,부산광역시 부산진구 부전동,중상사고,0,1,0,0,차대차 - 기타,신호위반,건조,맑음,교차로 - 교차로안,승용,남,26세,상해없음,이륜,남,18세,중상
2012051600100559,2012년 5월 16일 21시,수요일,부산광역시 북구 화명동,중상사고,0,1,0,0,차대사람 - 횡단중,안전운전불이행,건조,맑음,단일로 - 횡단보도상,승용,남,33세,상해없음,보행자,여,22세,중상
2012051600100560,2012년 5월 16일 21시,수요일,부산광역시 동래구 안락동,경상사고,0,0,1,0,차대차 - 측면직각충돌,기타,건조,맑음,단일로 - 기타,승용,남,31세,상해없음,자전거,남,34세,경상
2012051600100596,2012년 5월 16일 22시,수요일,부산광역시 동래구 명륜동,중상사고,0,1,0,0,차대차 - 추돌 - 주정차중,안전운전불이행,건조,맑음,단일로 - 기타,승용,남,36세,상해없음,승용,남,51세,중상
2012051600100597,2012년 5월 16일 22시,수요일,부산광역시 부산진구 부전동,경상사고,0,0,1,0,차대사람 - 횡단중,안전운전불이행,건조,맑음,단일로 - 기타,승용,남,74세,상해없음,보행자,남,38세,경상
2012051600100598,2012년 5월 16일 22시,수요일,부산광역시 부산진구 당감동,경상사고,0,0,1,0,차대차 - 기타,교차로운행방법위반,건조,맑음,교차로 - 교차로안,승용,여,50세,상해없음,승용,남,27세,경상
2012051600100626,2012년 5월 16일 23시,수요일,부산광역시 동래구 온천동,경상사고,0,0,1,0,차대사람 - 길가장자리구역통행중,안전운전불이행,건조,맑음,단일로 - 기타,승용,여,42세,상해없음,보행자,여,35세,경상
2012051600100627,2012년 5월 16일 23시,수요일,부산광역시 부산진구 부전동,중상사고,0,1,0,0,차대사람 - 기타,안전운전불이행,건조,맑음,단일로 - 기타,승용,남,24세,상해없음,보행자,여,15세,중상
2012051600100628,2012년 5월 16일 23시,수요일,부산광역시 사상구 삼락동,경상사고,0,0,2,0,차대차 - 추돌 - 진행중,안전운전불이행,건조,맑음,단일로 - 기타,승용,남,41세,상해없음,승용,남,23세,경상
2012051700100054,2012년 5월 17일 03시,목요일,부산광역시 부산진구 전포동,중상사고,0,1,0,0,차대차 - 기타,안전운전불이행,기타,맑음,단일로 - 횡단보도부근,승용,남,51세,상해없음,화물,남,56세,중상
2012051700100055,2012년 5월 17일 03시,목요일,부산광역시 사하구 하단동,중상사고,0,1,0,0,차대사람 - 횡단중,안전운전불이행,건조,맑음,교차로 - 교차로안,승용,남,50세,상해없음,보행자,남,27세,중상
2012051700100056,2012년 5월 17일 03시,목요일,부산광역시 사상구 덕포동,중상사고,0,1,0,0,차대차 - 추돌 - 진행중,안전운전불이행,건조,맑음,단일로 - 기타,이륜,남,76세,중상,승용,남,53세,상해없음
2012051700100080,2012년 5월 17일 06시,목요일,부산광역시 사하구 감천동,경상사고,0,0,3,0,차대차 - 정면충돌,신호위반,건조,맑음,교차로 - 교차로안,승용,남,29세,상해없음,승용,남,27세,경상
2012051700100096,2012년 5월 17일 07시,목요일,부산광역시 동구 초량동,경상사고,0,0,2,0,차대차 - 추돌 - 진행중,교차로운행방법위반,건조,맑음,교차로 - 교차로안,승용,남,53세,경상,승용,남,67세,경상
2012051700100098,2012년 5월 17일 07시,목요일,부산광역시 남구 대연동,경상사고,0,0,1,1,차대차 - 추돌 - 진행중,안전운전불이행,건조,맑음,단일로 - 기타,승용,여,47세,상해없음,승합,남,58세,상해없음
2012051700100099,2012년 5월 17일 07시,목요일,부산광역시 수영구 민락동,중상사고,0,1,0,0,차대사람 - 기타,안전운전불이행,건조,맑음,단일로 - 기타,승용,남,38세,상해없음,보행자,남,15세,중상
2012051700100100,2012년 5월 17일 07시,목요일,부산광역시 동래구 수안동,경상사고,0,0,1,0,차대차 - 측면직각충돌,교차로운행방법위반,건조,맑음,교차로 - 교차로안,승용,남,62세,상해없음,자전거,남,39세,경상
2012051700100101,2012년 5월 17일 07시,목요일,부산광역시 사하구 구평동,경상사고,0,0,1,0,차대차 - 측면직각충돌,신호위반,건조,맑음,교차로 - 교차로안,승용,남,48세,상해없음,승용,남,37세,경상
2012051700100102,2012년 5월 17일 07시,목요일,부산광역시 사하구 다대동,경상사고,0,0,1,0,차대차 - 기타,안전운전불이행,건조,맑음,교차로 - 교차로안,화물,남,49세,상해없음,이륜,남,23세,경상
2012051700100103,2012년 5월 17일 07시,목요일,부산광역시 사상구 감전동,경상사고,0,0,2,0,차대차 - 추돌 - 주정차중,안전운전불이행,건조,맑음,교차로 - 교차로안,승용,남,29세,상해없음,승용,남,56세,경상
2012051700100131,2012년 5월 17일 08시,목요일,부산광역시 동구 범일동,중상사고,0,1,0,0,차대차 - 추돌 - 진행중,안전거리미확보,건조,맑음,단일로 - 기타,승용,남,54세,상해없음,승용,남,56세,상해없음
2012051700100132,2012년 5월 17일 08시,목요일,부산광역시 동구 범일동,경상사고,0,0,1,0,차대차 - 추돌 - 진행중,안전거리미확보,건조,맑음,교차로 - 교차로부근,승용,여,47세,기타불명,승용,남,59세,경상
2012051700100162,2012년 5월 17일 09시,목요일,부산광역시 북구 금곡동,경상사고,0,0,1,0,차대차 - 측면직각충돌,안전운전불이행,건조,맑음,기타 - 기타,승용,남,63세,상해없음,승용,여,41세,경상
2012051700100163,2012년 5월 17일 09시,목요일,부산광역시 사하구 장림동,경상사고,0,0,1,0,차대차 - 추돌 - 진행중,안전거리미확보,건조,맑음,교차로 - 교차로안,이륜,남,47세,상해없음,승용,여,31세,경상
2012051700100164,2012년 5월 17일 09시,목요일,부산광역시 사하구 다대동,중상사고,0,1,0,0,차량단독 - 기타,기타,건조,맑음,교차로 - 교차로부근,승용,남,55세,상해없음,,,,
2012051700100190,2012년 5월 17일 10시,목요일,부산광역시 수영구 남천동,중상사고,0,1,0,0,차대차 - 기타,안전운전불이행,건조,맑음,단일로 - 횡단보도상,승용,남,38세,상해없음,자전거,남,73세,중상
2012051700100191,2012년 5월 17일 10시,목요일,부산광역시 기장군 정관면,경상사고,0,0,1,0,차대차 - 측면직각충돌,교차로운행방법위반,건조,맑음,교차로 - 교차로부근,승용,남,46세,상해없음,승용,남,23세,경상
2012051700100219,2012년 5월 17일 11시,목요일,부산광역시 기장군 정관면,중상사고,0,1,1,0,차대차 - 추돌 - 주정차중,안전운전불이행,건조,맑음,교차로 - 교차로부근,화물,남,46세,상해없음,화물,남,31세,중상
2012051700100269,2012년 5월 17일 13시,목요일,부산광역시 중구 중앙동7가,중상사고,0,2,0,0,차대차 - 측면직각충돌,신호위반,건조,맑음,교차로 - 교차로부근,승용,남,27세,상해없음,승용,남,62세,중상
2012051700100271,2012년 5월 17일 13시,목요일,부산광역시 부산진구 부전동,경상사고,0,0,1,0,차대차 - 기타,신호위반,건조,맑음,교차로 - 교차로안,승용,남,37세,상해없음,이륜,남,48세,경상
2012051700100299,2012년 5월 17일 14시,목요일,부산광역시 부산진구 연지동,중상사고,0,1,0,0,차대차 - 기타,안전운전불이행,기타,맑음,교차로 - 교차로안,승용,남,36세,상해없음,이륜,남,22세,중상
2012051700100300,2012년 5월 17일 14시,목요일,부산광역시 금정구 구서동,경상사고,0,0,1,0,차대사람 - 차도통행중,안전운전불이행,건조,맑음,단일로 - 기타,승용,여,29세,상해없음,보행자,남,5세,경상
2012051700100301,2012년 5월 17일 14시,목요일,부산광역시 연제구 연산동,경상사고,0,0,1,0,차대차 - 측면직각충돌,신호위반,건조,맑음,단일로 - 횡단보도상,승용,여,49세,기타불명,이륜,남,54세,경상
2012051700100329,2012년 5월 17일 15시,목요일,부산광역시 동구 수정동,중상사고,0,1,0,0,차대사람 - 기타,안전운전불이행,건조,맑음,단일로 - 기타,승합,남,63세,상해없음,보행자,여,28세,중상
2012051700100330,2012년 5월 17일 15시,목요일,부산광역시 수영구 민락동,경상사고,0,0,1,0,차대차 - 추돌 - 진행중,차로위반,건조,맑음,단일로 - 기타,승용,여,37세,상해없음,원동기,남,43세,경상
2012051700100331,2012년 5월 17일 15시,목요일,부산광역시 사상구 괘법동,경상사고,0,0,1,0,차대사람 - 길가장자리구역통행중,안전운전불이행,건조,맑음,단일로 - 기타,승용,여,48세,상해없음,보행자,남,47세,경상
2012051700100365,2012년 5월 17일 16시,목요일,부산광역시 북구 구포동,경상사고,0,0,1,0,차대사람 - 길가장자리구역통행중,안전운전불이행,건조,맑음,기타 - 기타,승합,남,57세,상해없음,보행자,남,53세,경상
2012051700100366,2012년 5월 17일 16시,목요일,부산광역시 금정구 회동동,부상신고사고,0,0,0,1,차대차 - 기타,안전운전불이행,건조,맑음,단일로 - 기타,자전거,남,14세,부상신고,승합,남,32세,상해없음
2012051700100399,2012년 5월 17일 17시,목요일,부산광역시 동구 수정동,중상사고,0,1,0,0,차대사람 - 기타,안전운전불이행,건조,맑음,단일로 - 횡단보도상,승용,남,37세,상해없음,보행자,남,44세,중상
2012051700100400,2012년 5월 17일 17시,목요일,부산광역시 북구 만덕동,경상사고,0,0,1,0,차대사람 - 횡단중,보행자보호의무위반,건조,맑음,단일로 - 기타,승용,여,49세,상해없음,보행자,남,6세,경상
2012051700100401,2012년 5월 17일 17시,목요일,부산광역시 금정구 두구동,중상사고,0,1,0,0,차대차 - 측면직각충돌,안전운전불이행,건조,맑음,기타 - 기타,승용,여,48세,상해없음,승용,남,61세,중상
2012051700100402,2012년 5월 17일 17시,목요일,부산광역시 사상구 괘법동,경상사고,0,0,1,0,차대차 - 기타,안전거리미확보,습기,비,교차로 - 교차로안,승용,기타불명,기타불명,기타불명,승합,남,35세,상해없음
2012051700100403,2012년 5월 17일 17시,목요일,부산광역시 기장군 정관면,중상사고,0,1,0,0,차대사람 - 횡단중,안전운전불이행,건조,맑음,단일로 - 기타,원동기,남,73세,상해없음,보행자,여,61세,중상
2012051700100437,2012년 5월 17일 18시,목요일,부산광역시 강서구 명지동,중상사고,0,5,0,0,차대차 - 추돌 - 진행중,안전운전불이행,건조,맑음,단일로 - 기타,화물,남,31세,상해없음,승용,남,61세,중상
2012051700100474,2012년 5월 17일 19시,목요일,부산광역시 중구 남포동2가,경상사고,0,0,4,0,차대차 - 추돌 - 주정차중,안전운전불이행,건조,맑음,단일로 - 기타,승용,남,37세,상해없음,승용,남,62세,경상
2012051700100475,2012년 5월 17일 19시,목요일,부산광역시 동구 범일동,중상사고,0,1,0,0,차대사람 - 횡단중,안전운전불이행,건조,맑음,단일로 - 기타,승용,남,31세,상해없음,보행자,남,63세,중상
2012051700100477,2012년 5월 17일 19시,목요일,부산광역시 금정구 장전동,경상사고,0,0,1,0,차대차 - 추돌 - 주정차중,안전운전불이행,건조,맑음,단일로 - 기타,승용,남,41세,상해없음,승합,남,54세,상해없음
2012051700100478,2012년 5월 17일 19시,목요일,부산광역시 사하구 하단동,경상사고,0,0,1,0,차대차 - 기타,안전운전불이행,건조,맑음,단일로 - 기타,승용,여,26세,상해없음,승용,여,53세,경상
2012051700100479,2012년 5월 17일 19시,목요일,부산광역시 사하구 장림동,경상사고,0,0,1,0,차대사람 - 길가장자리구역통행중,안전운전불이행,건조,맑음,단일로 - 기타,승용,남,51세,상해없음,보행자,여,56세,경상
2012051700100480,2012년 5월 17일 19시,목요일,부산광역시 기장군 기장읍,중상사고,0,1,0,0,차대차 - 측면직각충돌,안전거리미확보,건조,맑음,단일로 - 기타,승용,남,47세,상해없음,이륜,남,18세,중상
2012051700100517,2012년 5월 17일 20시,목요일,부산광역시 남구 대연동,중상사고,0,1,0,0,차대사람 - 기타,안전운전불이행,건조,맑음,단일로 - 기타,승용,남,52세,상해없음,보행자,여,63세,중상
2012051700100547,2012년 5월 17일 21시,목요일,부산광역시 북구 구포동,중상사고,0,1,0,0,차대사람 - 기타,안전운전불이행,건조,맑음,단일로 - 기타,승용,남,20세,상해없음,보행자,여,77세,중상
2012051700100548,2012년 5월 17일 21시,목요일,부산광역시 사상구 감전동,경상사고,0,0,2,0,차대차 - 기타,안전운전불이행,건조,맑음,단일로 - 교량,승용,남,39세,상해없음,승용,남,30세,경상
2012051700100605,2012년 5월 17일 23시,목요일,부산광역시 수영구 민락동,중상사고,0,1,0,0,차대차 - 추돌 - 주정차중,안전운전불이행,건조,맑음,단일로 - 기타,승용,남,41세,상해없음,승용,여,33세,중상
2012051800100029,2012년 5월 18일 02시,금요일,부산광역시 북구 덕천동,경상사고,0,0,1,0,차대사람 - 횡단중,안전운전불이행,건조,맑음,기타 - 기타,기타불명,기타불명,기타불명,기타불명,보행자,여,19세,경상
2012051800100030,2012년 5월 18일 02시,금요일,부산광역시 해운대구 반송동,중상사고,0,1,0,0,차대사람 - 기타,안전운전불이행,건조,맑음,단일로 - 기타,승용,남,47세,상해없음,보행자,남,31세,중상
2012051800100039,2012년 5월 18일 03시,금요일,부산광역시 동구 초량동,경상사고,0,0,1,0,차대차 - 기타,교차로운행방법위반,건조,맑음,교차로 - 교차로안,승용,남,38세,상해없음,원동기,남,36세,경상
2012051800100040,2012년 5월 18일 03시,금요일,부산광역시 사상구 감전동,중상사고,0,1,1,0,차대차 - 기타,안전운전불이행,건조,맑음,교차로 - 교차로부근,화물,남,40세,경상,승용,남,52세,중상
2012051800100048,2012년 5월 18일 04시,금요일,부산광역시 강서구 봉림동,중상사고,0,1,0,0,차대차 - 추돌 - 주정차중,안전운전불이행,건조,맑음,교차로 - 교차로안,승용,남,32세,상해없음,건설기계,남,44세,상해없음
2012051800100058,2012년 5월 18일 05시,금요일,부산광역시 기장군 철마면,경상사고,0,0,1,0,차량단독 - 공작물충돌,안전운전불이행,건조,맑음,단일로 - 기타,승용,여,27세,경상,,,,
2012051800100094,2012년 5월 18일 07시,금요일,부산광역시 남구 대연동,중상사고,0,1,1,0,차대차 - 기타,교차로운행방법위반,건조,맑음,교차로 - 교차로안,화물,남,42세,경상,승용,여,44세,중상
2012051800100125,2012년 5월 18일 08시,금요일,부산광역시 동래구 안락동,중상사고,0,1,0,0,차대차 - 측면직각충돌,안전운전불이행,건조,맑음,단일로 - 기타,승용,남,39세,상해없음,자전거,남,19세,중상
2012051800100126,2012년 5월 18일 08시,금요일,부산광역시 해운대구 좌동,경상사고,0,0,1,0,차대차 - 측면직각충돌,신호위반,건조,맑음,교차로 - 교차로안,승용,남,57세,상해없음,승용,남,61세,경상
2012051800100172,2012년 5월 18일 09시,금요일,부산광역시 금정구 두구동,경상사고,0,0,1,0,차량단독 - 공작물충돌,안전운전불이행,건조,맑음,교차로 - 교차로부근,승용,남,40세,경상,,,,
2012051800100173,2012년 5월 18일 09시,금요일,부산광역시 사하구 하단동,경상사고,0,0,1,0,차대사람 - 횡단중,안전운전불이행,건조,맑음,단일로 - 기타,승용,남,72세,상해없음,보행자,남,51세,경상
2012051800100174,2012년 5월 18일 09시,금요일,부산광역시 연제구 연산동,경상사고,0,0,2,0,차대차 - 측면직각충돌,신호위반,건조,맑음,교차로 - 교차로안,화물,남,63세,상해없음,승용,남,61세,경상
2012051800100209,2012년 5월 18일 10시,금요일,부산광역시 서구 암남동,중상사고,0,1,0,0,차대사람 - 기타,신호위반,건조,맑음,단일로 - 기타,화물,남,55세,상해없음,보행자,남,81세,중상
2012051800100210,2012년 5월 18일 10시,금요일,부산광역시 영도구 봉래동2가,경상사고,0,0,1,0,차대사람 - 길가장자리구역통행중,안전운전불이행,건조,맑음,교차로 - 교차로부근,승용,남,62세,상해없음,보행자,여,69세,경상
2012051800100211,2012년 5월 18일 10시,금요일,부산광역시 영도구 남항동3가,중상사고,0,1,0,0,차대사람 - 횡단중,기타,건조,맑음,교차로 - 교차로안,화물,남,52세,상해없음,보행자,여,63세,중상
2012051800100212,2012년 5월 18일 10시,금요일,부산광역시 해운대구 좌동,중상사고,0,1,0,0,차대사람 - 기타,안전운전불이행,건조,맑음,단일로 - 기타,승용,남,32세,상해없음,보행자,여,76세,중상
2012051800100272,2012년 5월 18일 12시,금요일,부산광역시 동구 수정동,경상사고,0,0,1,0,차대사람 - 횡단중,안전운전불이행,건조,맑음,단일로 - 기타,승용,여,57세,상해없음,보행자,여,83세,경상
2012051800100273,2012년 5월 18일 12시,금요일,부산광역시 부산진구 범천동,중상사고,0,1,0,0,차대차 - 추돌 - 진행중,불법유턴,건조,맑음,단일로 - 기타,승용,여,52세,상해없음,승용,남,49세,상해없음
2012051800100302,2012년 5월 18일 13시,금요일,부산광역시 사상구 괘법동,경상사고,0,0,2,0,차대차 - 기타,안전운전불이행,건조,맑음,단일로 - 기타,승용,여,32세,경상,승용,남,63세,상해없음