사고번호,사고일시,요일,시군구,사고내용,사망자수,중상자수,경상자수,부상신고자수,사고유형,법규위반,노면상태,기상상태,도로형태,가해운전자 차종,가해운전자 성별,가해운전자 연령,가해운전자 상해정도,피해운전자 차종,피해운전자 성별,피해운전자 연령,피해운전자 상해정도
2012051800100303,2012년 5월 18일 13시,금요일,부산광역시 기장군 기장읍,경상사고,0,0,1,0,차대사람 - 횡단중,보행자보호의무위반,건조,맑음,단일로 - 횡단보도상,승용,여,47세,상해없음,보행자,남,1세,경상
2012051800100337,2012년 5월 18일 14시,금요일,부산광역시 서구 동대신동3가,중상사고,0,1,0,0,차대차 - 기타,안전운전불이행,건조,맑음,단일로 - 기타,이륜,남,40세,상해없음,승합,남,31세,상해없음
2012051800100338,2012년 5월 18일 14시,금요일,부산광역시 동래구 사직동,중상사고,0,5,0,1,차대차 - 측면직각충돌,차로위반,건조,맑음,단일로 - 기타,승용,여,47세,상해없음,승용,남,55세,중상
2012051800100339,2012년 5월 18일 14시,금요일,부산광역시 사상구 주례동,경상사고,0,0,1,2,차대차 - 추돌 - 진행중,차로위반,건조,맑음,단일로 - 기타,승용,여,52세,경상,승용,남,60세,상해없음
2012051800100340,2012년 5월 18일 14시,금요일,부산광역시 기장군 장안읍,경상사고,0,0,1,0,차대차 - 측면직각충돌,신호위반,건조,맑음,교차로 - 교차로안,승용,남,39세,상해없음,자전거,여,50세,경상
2012051800100375,2012년 5월 18일 15시,금요일,부산광역시 사하구 하단동,경상사고,0,0,1,0,차대차 - 측면직각충돌,신호위반,건조,맑음,교차로 - 교차로안,승용,남,52세,상해없음,승용,남,36세,상해없음
2012051800100376,2012년 5월 18일 15시,금요일,부산광역시 사하구 감천동,부상신고사고,0,0,0,1,차대차 - 기타,안전운전불이행,건조,맑음,단일로 - 기타,승용,남,60세,상해없음,승용,여,51세,부상신고
2012051800100409,2012년 5월 18일 16시,금요일,부산광역시 중구 남포동4가,중상사고,0,1,2,0,차대차 - 측면직각충돌,안전운전불이행,건조,맑음,단일로 - 기타,승용,남,45세,상해없음,원동기,남,32세,경상
2012051800100410,2012년 5월 18일 16시,금요일,부산광역시 남구 문현동,경상사고,0,0,1,0,차대사람 - 횡단중,안전운전불이행,건조,맑음,단일로 - 기타,승용,여,46세,상해없음,보행자,남,63세,경상
2012051800100411,2012년 5월 18일 16시,금요일,부산광역시 남구 감만동,중상사고,0,1,0,0,차대사람 - 횡단중,안전운전불이행,건조,맑음,단일로 - 기타,승용,남,28세,상해없음,보행자,여,7세,중상
2012051800100412,2012년 5월 18일 16시,금요일,부산광역시 해운대구 우동,경상사고,0,0,1,0,차대사람 - 기타,기타,건조,맑음,단일로 - 기타,화물,남,40세,상해없음,보행자,남,13세,경상
2012051800100413,2012년 5월 18일 16시,금요일,부산광역시 금정구 구서동,경상사고,0,0,1,0,차대사람 - 횡단중,안전운전불이행,건조,맑음,단일로 - 기타,승용,여,49세,상해없음,보행자,여,13세,경상
2012051800100414,2012년 5월 18일 16시,금요일,부산광역시 수영구 망미동,경상사고,0,0,1,0,차대사람 - 기타,안전운전불이행,건조,맑음,기타 - 기타,승용,남,69세,상해없음,보행자,남,41세,경상
2012051800100491,2012년 5월 18일 18시,금요일,부산광역시 북구 구포동,경상사고,0,0,1,0,차대차 - 측면직각충돌,안전운전불이행,건조,맑음,교차로 - 교차로안,승용,남,46세,상해없음,승용,남,55세,경상
2012051800100492,2012년 5월 18일 18시,금요일,부산광역시 해운대구 중동,경상사고,0,0,1,0,차대차 - 기타,안전운전불이행,건조,맑음,교차로 - 교차로안,승용,여,39세,상해없음,이륜,남,44세,경상
2012051800100493,2012년 5월 18일 18시,금요일,부산광역시 부산진구 개금동,중상사고,0,1,0,0,차대사람 - 기타,안전운전불이행,건조,맑음,단일로 - 기타,승용,남,58세,상해없음,보행자,여,51세,중상
2012051800100494,2012년 5월 18일 18시,금요일,부산광역시 부산진구 부전동,중상사고,0,1,0,0,차량단독 - 기타,안전운전불이행,건조,맑음,단일로 - 기타,승합,남,62세,상해없음,,,,
2012051800100534,2012년 5월 18일 19시,금요일,부산광역시 부산진구 전포동,경상사고,0,0,4,0,차대차 - 측면직각충돌,안전운전불이행,건조,맑음,단일로 - 기타,이륜,남,52세,상해없음,승용,남,53세,상해없음
2012051800100535,2012년 5월 18일 19시,금요일,부산광역시 사하구 장림동,중상사고,0,1,0,0,차대차 - 측면직각충돌,안전운전불이행,건조,맑음,단일로 - 기타,승용,여,38세,상해없음,자전거,남,37세,중상
2012051800100536,2012년 5월 18일 19시,금요일,부산광역시 강서구 대저2동,사망사고,1,0,0,0,차대차 - 기타,안전운전불이행,건조,맑음,단일로 - 기타,승용,남,57세,사망,승용,남,54세,기타불명
2012051800100574,2012년 5월 18일 20시,금요일,부산광역시 남구 대연동,경상사고,0,0,1,0,차대사람 - 횡단중,안전운전불이행,건조,맑음,단일로 - 기타,이륜,남,41세,상해없음,보행자,여,74세,경상
2012051800100575,2012년 5월 18일 20시,금요일,부산광역시 남구 대연동,경상사고,0,0,1,0,차대사람 - 길가장자리구역통행중,안전운전불이행,건조,맑음,단일로 - 기타,자전거,남,22세,상해없음,보행자,여,58세,경상
2012051800100576,2012년 5월 18일 20시,금요일,부산광역시 동래구 온천동,경상사고,0,0,1,0,차대사람 - 기타,기타,건조,맑음,단일로 - 기타,승용,남,56세,상해없음,보행자,남,52세,경상
2012051800100577,2012년 5월 18일 20시,금요일,부산광역시 기장군 기장읍,경상사고,0,0,1,0,차대차 - 측면직각충돌,안전운전불이행,건조,맑음,단일로 - 횡단보도부근,승용,여,49세,상해없음,자전거,남,13세,경상
2012051800100626,2012년 5월 18일 21시,금요일,부산광역시 중구 남포동3가,부상신고사고,0,0,0,2,차대사람 - 기타,안전운전불이행,건조,맑음,단일로 - 기타,이륜,남,25세,상해없음,보행자,남,36세,부상신고
2012051800100627,2012년 5월 18일 21시,금요일,부산광역시 남구 대연동,중상사고,0,1,0,0,차대사람 - 횡단중,안전운전불이행,건조,맑음,단일로 - 횡단보도상,승용,남,35세,상해없음,보행자,남,24세,중상
2012051800100628,2012년 5월 18일 21시,금요일,부산광역시 금정구 부곡동,경상사고,0,0,1,0,차대사람 - 보도통행중,보행자보호의무위반,건조,맑음,단일로 - 횡단보도상,승용,여,27세,상해없음,보행자,남,23세,경상
2012051800100668,2012년 5월 18일 22시,금요일,부산광역시 사하구 괴정동,경상사고,0,0,2,0,차대차 - 추돌 - 진행중,안전거리미확보,건조,맑음,교차로 - 교차로부근,승용,여,41세,상해없음,승용,남,31세,경상
2012051800100669,2012년 5월 18일 22시,금요일,부산광역시 연제구 연산동,중상사고,0,1,0,0,차대차 - 추돌 - 주정차중,안전운전불이행,건조,흐림,교차로 - 교차로부근,승용,남,46세,상해없음,승용,남,56세,중상
2012051800100703,2012년 5월 18일 23시,금요일,부산광역시 금정구 서동,경상사고,0,0,1,0,차대차 - 추돌 - 주정차중,안전운전불이행,건조,맑음,교차로 - 교차로안,승용,남,18세,상해없음,승용,여,57세,경상
2012051800100704,2012년 5월 18일 23시,금요일,부산광역시 연제구 거제동,중상사고,0,1,0,0,차대사람 - 횡단중,신호위반,건조,맑음,교차로 - 교차로안,승용,여,28세,상해없음,보행자,남,39세,중상
2012051800100705,2012년 5월 18일 23시,금요일,부산광역시 수영구 수영동,경상사고,0,0,1,0,차대차 - 기타,신호위반,건조,맑음,교차로 - 교차로안,승용,남,50세,상해없음,승용,남,60세,경상
2012051800100706,2012년 5월 18일 23시,금요일,부산광역시 사상구 괘법동,경상사고,0,0,1,0,차대사람 - 차도통행중,안전운전불이행,건조,맑음,단일로 - 기타,승용,여,46세,상해없음,보행자,남,56세,경상
2012051900100006,2012년 5월 19일 00시,토요일,부산광역시 부산진구 부전동,중상사고,0,2,0,0,차대차 - 측면직각충돌,안전거리미확보,건조,맑음,단일로 - 기타,승용,여,21세,상해없음,승용,남,57세,상해없음
2012051900100007,2012년 5월 19일 00시,토요일,부산광역시 사상구 모라동,경상사고,0,0,1,0,차대차 - 추돌 - 주정차중,안전거리미확보,건조,맑음,단일로 - 기타,승용,남,23세,상해없음,승용,남,64세,상해없음
2012051900100034,2012년 5월 19일 01시,토요일,부산광역시 연제구 연산동,중상사고,0,1,1,0,차대차 - 측면직각충돌,안전거리미확보,건조,맑음,단일로 - 기타,화물,남,59세,상해없음,승용,남,44세,중상
2012051900100035,2012년 5월 19일 01시,토요일,부산광역시 사상구 모라동,중상사고,0,1,1,0,차대차 - 기타,안전운전불이행,건조,맑음,단일로 - 기타,승용,남,49세,상해없음,승용,남,45세,경상
2012051900100036,2012년 5월 19일 01시,토요일,부산광역시 사상구 삼락동,중상사고,0,1,1,0,차대차 - 측면직각충돌,안전운전불이행,건조,맑음,단일로 - 기타,승용,남,22세,경상,화물,남,38세,상해없음
2012051900100058,2012년 5월 19일 02시,토요일,부산광역시 동구 범일동,중상사고,0,4,0,0,차대차 - 기타,중앙선침범,건조,맑음,교차로 - 교차로부근,승용,남,17세,상해없음,승용,여,48세,중상
2012051900100059,2012년 5월 19일 02시,토요일,부산광역시 해운대구 좌동,경상사고,0,0,1,0,차대차 - 추돌 - 주정차중,중앙선침범,건조,기타,기타 - 기타,승용,남,23세,상해없음,승용,남,60세,경상
2012051900100060,2012년 5월 19일 02시,토요일,부산광역시 부산진구 부전동,중상사고,0,1,2,0,차대차 - 기타,안전운전불이행,건조,맑음,교차로 - 교차로부근,승용,남,34세,상해없음,승용,남,41세,중상
2012051900100061,2012년 5월 19일 02시,토요일,부산광역시 부산진구 부전동,중상사고,0,3,2,0,차대차 - 측면직각충돌,신호위반,건조,맑음,교차로 - 교차로안,승용,남,53세,상해없음,승용,남,54세,중상
2012051900100062,2012년 5월 19일 02시,토요일,부산광역시 금정구 남산동,사망사고,1,0,0,0,차대사람 - 기타,안전운전불이행,건조,맑음,단일로 - 횡단보도상,승용,여,55세,상해없음,보행자,남,73세,사망
2012051900100083,2012년 5월 19일 03시,토요일,부산광역시 북구 덕천동,경상사고,0,0,2,0,차대차 - 기타,안전운전불이행,건조,맑음,단일로 - 기타,승용,남,21세,상해없음,화물,남,40세,경상
2012051900100084,2012년 5월 19일 03시,토요일,부산광역시 북구 구포동,중상사고,0,1,1,0,차대차 - 기타,중앙선침범,건조,맑음,단일로 - 기타,이륜,남,37세,중상,승용,남,61세,경상
2012051900100095,2012년 5월 19일 04시,토요일,부산광역시 연제구 연산동,중상사고,0,1,0,0,차대사람 - 길가장자리구역통행중,안전운전불이행,건조,맑음,기타 - 기타,승용,남,31세,상해없음,보행자,남,51세,중상
2012051900100104,2012년 5월 19일 05시,토요일,부산광역시 동래구 명륜동,중상사고,0,1,1,0,차대차 - 추돌 - 진행중,안전운전불이행,건조,맑음,단일로 - 기타,승용,남,22세,상해없음,승용,남,50세,중상
2012051900100105,2012년 5월 19일 05시,토요일,부산광역시 동래구 수안동,경상사고,0,0,1,0,차대차 - 기타,안전거리미확보,건조,맑음,단일로 - 기타,화물,기타불명,기타불명,기타불명,승용,남,42세,상해없음
2012051900100135,2012년 5월 19일 07시,토요일,부산광역시 해운대구 우동,경상사고,0,0,1,0,차대차 - 추돌 - 주정차중,안전거리미확보,건조,맑음,단일로 - 기타,승용,남,44세,상해없음,승용,남,33세,경상
2012051900100152,2012년 5월 19일 08시,토요일,부산광역시 동래구 안락동,부상신고사고,0,0,0,1,차대차 - 측면직각충돌,교차로운행방법위반,건조,맑음,교차로 - 교차로안,승용,남,33세,상해없음,승용,남,63세,부상신고
2012051900100202,2012년 5월 19일 10시,토요일,부산광역시 동구 초량동,부상신고사고,0,0,0,1,차대사람 - 기타,안전운전불이행,건조,맑음,단일로 - 기타,화물,남,28세,상해없음,보행자,남,54세,부상신고
2012051900100203,2012년 5월 19일 10시,토요일,부산광역시 수영구 광안동,경상사고,0,0,1,0,차대차 - 기타,안전운전불이행,건조,맑음,단일로 - 기타,승용,남,26세,상해없음,기타불명,여,73세,경상
2012051900100204,2012년 5월 19일 10시,토요일,부산광역시 금정구 남산동,경상사고,0,0,1,0,차대차 - 추돌 - 진행중,안전운전불이행,건조,맑음,단일로 - 기타,승용,여,28세,상해없음,승용,남,50세,경상
2012051900100205,2012년 5월 19일 10시,토요일,부산광역시 기장군 기장읍,중상사고,0,1,0,0,차대차 - 기타,교차로운행방법위반,건조,맑음,교차로 - 교차로안,승합,남,47세,상해없음,승용,남,40세,상해없음
2012051900100267,2012년 5월 19일 12시,토요일,부산광역시 부산진구 연지동,중상사고,0,1,0,0,차대사람 - 횡단중,안전운전불이행,건조,맑음,단일로 - 기타,화물,남,59세,상해없음,보행자,여,51세,중상
2012051900100299,2012년 5월 19일 13시,토요일,부산광역시 남구 문현동,중상사고,0,1,0,0,차대차 - 추돌 - 진행중,안전운전불이행,건조,맑음,단일로 - 기타,승용,남,48세,상해없음,승용,남,27세,중상
2012051900100300,2012년 5월 19일 13시,토요일,부산광역시 연제구 거제동,중상사고,0,1,0,0,차대사람 - 보도통행중,신호위반,건조,맑음,단일로 - 횡단보도상,승용,여,28세,상해없음,보행자,여,42세,중상
2012051900100331,2012년 5월 19일 14시,토요일,부산광역시 연제구 거제동,중상사고,0,1,0,0,차대차 - 측면직각충돌,안전거리미확보,건조,맑음,단일로 - 횡단보도부근,승용,남,61세,상해없음,이륜,남,55세,중상
2012051900100332,2012년 5월 19일 14시,토요일,부산광역시 사상구 주례동,중상사고,0,1,0,0,차대사람 - 차도통행중,안전운전불이행,건조,맑음,단일로 - 기타,승용,여,38세,상해없음,보행자,남,55세,중상
2012051900100333,2012년 5월 19일 14시,토요일,부산광역시 기장군 정관면,중상사고,0,1,0,0,차대차 - 측면직각충돌,신호위반,건조,맑음,교차로 - 교차로안,승용,여,34세,상해없음,이륜,남,30세,중상
2012051900100334,2012년 5월 19일 14시,토요일,부산광역시 기장군 정관면,중상사고,0,1,0,0,차대차 - 측면직각충돌,중앙선침범,건조,맑음,단일로 - 기타,승용,여,25세,상해없음,자전거,남,32세,중상
2012051900100369,2012년 5월 19일 15시,토요일,부산광역시 해운대구 반여동,중상사고,0,1,0,0,차대차 - 측면직각충돌,안전운전불이행,건조,기타,기타 - 기타,승용,남,60세,상해없음,승합,남,55세,중상
2012051900100370,2012년 5월 19일 15시,토요일,부산광역시 강서구 송정동,경상사고,0,0,4,0,차대차 - 측면직각충돌,안전운전불이행,습기,맑음,단일로 - 기타,승용,남,31세,상해없음,승용,남,27세,경상
2012051900100371,2012년 5월 19일 15시,토요일,부산광역시 사상구 엄궁동,경상사고,0,0,1,0,차대차 - 추돌 - 주정차중,안전운전불이행,건조,맑음,단일로 - 기타,승용,남,21세,상해없음,자전거,남,24세,경상
2012051900100403,2012년 5월 19일 16시,토요일,부산광역시 해운대구 우동,중상사고,0,1,0,0,차대차 - 측면직각충돌,안전운전불이행,건조,맑음,단일로 - 기타,승용,남,22세,상해없음,승용,남,31세,중상
2012051900100436,2012년 5월 19일 17시,토요일,부산광역시 동래구 사직동,경상사고,0,0,4,0,차대차 - 추돌 - 진행중,안전운전불이행,건조,맑음,교차로 - 교차로부근,승용,남,51세,상해없음,승용,남,32세,상해없음
2012051900100437,2012년 5월 19일 17시,토요일,부산광역시 동래구 온천동,중상사고,0,1,0,0,차대사람 - 횡단중,안전운전불이행,건조,맑음,교차로 - 교차로부근,승합,남,51세,상해없음,보행자,여,53세,중상
2012051900100438,2012년 5월 19일 17시,토요일,부산광역시 영도구 남항동3가,부상신고사고,0,0,0,1,차대차 - 기타,안전운전불이행,건조,맑음,단일로 - 횡단보도상,기타불명,기타불명,기타불명,기타불명,자전거,남,14세,부상신고
2012051900100439,2012년 5월 19일 17시,토요일,부산광역시 부산진구 전포동,중상사고,0,1,0,0,차대차 - 기타,직진우회전진행방해,건조,맑음,교차로 - 교차로안,승용,남,45세,상해없음,승합,남,37세,상해없음
2012051900100440,2012년 5월 19일 17시,토요일,부산광역시 사하구 괴정동,중상사고,0,1,0,0,차대사람 - 횡단중,신호위반,건조,맑음,단일로 - 횡단보도상,원동기,남,19세,상해없음,보행자,남,12세,중상
2012051900100441,2012년 5월 19일 17시,토요일,부산광역시 강서구 명지동,중상사고,0,2,2,0,차대차 - 추돌 - 주정차중,안전운전불이행,건조,맑음,교차로 - 교차로부근,승용,여,40세,상해없음,승용,남,27세,경상
2012051900100477,2012년 5월 19일 18시,토요일,부산광역시 서구 남부민동,중상사고,0,1,0,0,차대사람 - 기타,안전운전불이행,기타,맑음,단일로 - 기타,승용,남,41세,상해없음,보행자,여,55세,중상
2012051900100514,2012년 5월 19일 19시,토요일,부산광역시 해운대구 좌동,경상사고,0,0,1,0,차대차 - 측면직각충돌,신호위반,건조,맑음,교차로 - 교차로안,승용,남,47세,상해없음,이륜,남,19세,경상
2012051900100515,2012년 5월 19일 19시,토요일,부산광역시 해운대구 좌동,중상사고,0,1,0,0,차대차 - 기타,안전거리미확보,건조,맑음,단일로 - 기타,승용,여,42세,상해없음,이륜,남,60세,중상
2012051900100516,2012년 5월 19일 19시,토요일,부산광역시 수영구 망미동,중상사고,0,1,0,0,차대차 - 측면직각충돌,중앙선침범,건조,맑음,단일로 - 기타,승용,남,37세,상해없음,승용,남,38세,중상
2012051900100517,2012년 5월 19일 19시,토요일,부산광역시 사상구 삼락동,중상사고,0,1,0,0,차대사람 - 횡단중,신호위반,건조,맑음,단일로 - 횡단보도상,승합,남,37세,상해없음,보행자,남,53세,중상
2012051900100550,2012년 5월 19일 20시,토요일,부산광역시 사하구 괴정동,부상신고사고,0,0,0,1,차대사람 - 기타,안전운전불이행,건조,맑음,단일로 - 기타,승용,남,62세,기타불명,보행자,남,18세,부상신고
2012051900100551,2012년 5월 19일 20시,토요일,부산광역시 연제구 연산동,경상사고,0,0,1,0,차대차 - 측면직각충돌,안전운전불이행,건조,맑음,단일로 - 기타,승용,남,29세,상해없음,승용,여,27세,상해없음
2012051900100591,2012년 5월 19일 21시,토요일,부산광역시 사하구 장림동,경상사고,0,0,1,0,차량단독 - 공작물충돌,안전운전불이행,건조,맑음,단일로 - 기타,승용,남,57세,상해없음,,,,
2012051900100626,2012년 5월 19일 22시,토요일,부산광역시 영도구 봉래동1가,경상사고,0,0,1,0,차대사람 - 횡단중,안전운전불이행,건조,맑음,단일로 - 기타,승합,남,42세,상해없음,보행자,여,9세,경상
2012051900100627,2012년 5월 19일 22시,토요일,부산광역시 강서구 대저1동,중상사고,0,1,0,0,차대차 - 측면직각충돌,안전운전불이행,건조,맑음,단일로 - 기타,기타불명,기타불명,기타불명,기타불명,이륜,남,21세,중상
2012051900100657,2012년 5월 19일 23시,토요일,부산광역시 중구 보수동1가,중상사고,0,1,0,0,차대사람 - 보도통행중,안전운전불이행,습기,비,단일로 - 횡단보도상,승용,남,72세,상해없음,보행자,여,69세,중상
2012051900100658,2012년 5월 19일 23시,토요일,부산광역시 해운대구 우동,중상사고,0,1,0,0,차대차 - 측면직각충돌,안전운전불이행,건조,맑음,단일로 - 횡단보도부근,승용,남,29세,상해없음,이륜,남,24세,중상
2012051900100659,2012년 5월 19일 23시,토요일,부산광역시 강서구 명지동,중상사고,0,3,0,0,차대차 - 측면직각충돌,안전거리미확보,건조,맑음,단일로 - 기타,원동기,남,17세,중상,승용,남,59세,상해없음
2012052000100044,2012년 5월 20일 02시,일요일,부산광역시 동구 좌천동,중상사고,0,1,0,0,차대차 - 추돌 - 주정차중,안전거리미확보,건조,맑음,단일로 - 기타,화물,남,28세,상해없음,승용,남,57세,중상
2012052000100045,2012년 5월 20일 02시,일요일,부산광역시 해운대구 좌동,중상사고,0,2,0,1,차대차 - 정면충돌,중앙선침범,건조,맑음,미분류 - 미분류,승용,여,24세,부상신고,승용,남,41세,상해없음
2012052000100066,2012년 5월 20일 03시,일요일,부산광역시 북구 구포동,중상사고,0,1,1,0,차대차 - 측면직각충돌,신호위반,건조,맑음,교차로 - 교차로안,승용,남,30세,상해없음,승용,남,50세,중상
2012052000100088,2012년 5월 20일 05시,일요일,부산광역시 동래구 온천동,경상사고,0,0,1,0,차대사람 - 기타,안전운전불이행,건조,맑음,단일로 - 기타,승용,남,35세,기타불명,보행자,남,53세,경상
2012052000100107,2012년 5월 20일 07시,일요일,부산광역시 부산진구 당감동,경상사고,0,0,2,0,차대차 - 기타,신호위반,건조,맑음,교차로 - 교차로안,승용,남,33세,경상,승용,남,42세,경상
2012052000100137,2012년 5월 20일 09시,일요일,부산광역시 영도구 남항동3가,중상사고,0,1,0,0,차대사람 - 횡단중,보행자보호의무위반,건조,맑음,교차로 - 교차로안,승용,남,56세,상해없음,보행자,남,6세,중상
2012052000100164,2012년 5월 20일 11시,일요일,부산광역시 사하구 다대동,부상신고사고,0,0,0,1,차대사람 - 차도통행중,안전운전불이행,건조,맑음,단일로 - 기타,승용,남,70세,상해없음,보행자,여,45세,부상신고
2012052000100192,2012년 5월 20일 12시,일요일,부산광역시 서구 서대신동3가,중상사고,0,1,0,0,차대사람 - 기타,기타,건조,맑음,단일로 - 기타,승용,여,33세,상해없음,보행자,여,84세,중상
2012052000100193,2012년 5월 20일 12시,일요일,부산광역시 부산진구 부전동,경상사고,0,0,2,0,차대차 - 기타,안전거리미확보,건조,맑음,교차로 - 교차로부근,승용,남,63세,상해없음,승합,남,39세,경상
2012052000100194,2012년 5월 20일 12시,일요일,부산광역시 사하구 하단동,경상사고,0,0,1,0,차대차 - 추돌 - 진행중,안전거리미확보,건조,맑음,교차로 - 교차로부근,화물,남,48세,상해없음,승용,여,58세,경상
2012052000100208,2012년 5월 20일 13시,일요일,부산광역시 북구 화명동,경상사고,0,0,1,0,차대차 - 추돌 - 진행중,안전거리미확보,건조,맑음,단일로 - 기타,승용,남,32세,상해없음,승용,남,59세,상해없음
2012052000100209,2012년 5월 20일 13시,일요일,부산광역시 영도구 대교동1가,경상사고,0,0,1,0,차대사람 - 기타,안전운전불이행,건조,맑음,교차로 - 교차로안,승용,남,59세,상해없음,보행자,남,57세,경상
2012052000100231,2012년 5월 20일 14시,일요일,부산광역시 사하구 괴정동,경상사고,0,0,1,0,차대차 - 기타,신호위반,건조,맑음,교차로 - 교차로안,승용,남,46세,상해없음,자전거,남,25세,경상
2012052000100255,2012년 5월 20일 15시,일요일,부산광역시 해운대구 좌동,중상사고,0,1,0,0,차대차 - 측면직각충돌,안전운전불이행,건조,맑음,교차로 - 교차로안,승용,남,30세,상해없음,이륜,남,46세,중상
2012052000100256,2012년 5월 20일 15시,일요일,부산광역시 부산진구 개금동,경상사고,0,0,1,0,차대차 - 추돌 - 주정차중,안전운전불이행,건조,맑음,교차로 - 교차로부근,승용,남,39세,상해없음,승용,남,23세,경상
2012052000100257,2012년 5월 20일 15시,일요일,부산광역시 수영구 망미동,경상사고,0,0,3,0,차대차 - 기타,안전거리미확보,건조,맑음,단일로 - 기타,승용,여,36세,상해없음,승용,남,42세,경상
2012052000100258,2012년 5월 20일 15시,일요일,부산광역시 사상구 삼락동,경상사고,0,0,3,0,차대차 - 측면직각충돌,신호위반,건조,맑음,교차로 - 교차로안,화물,남,53세,상해없음,승용,남,34세,경상
2012052000100259,2012년 5월 20일 15시,일요일,부산광역시 사상구 괘법동,중상사고,0,1,2,0,차대차 - 측면직각충돌,안전운전불이행,건조,맑음,단일로 - 기타,이륜,남,16세,중상,승용,남,50세,경상
2012052000100290,2012년 5월 20일 16시,일요일,부산광역시 해운대구 중동,경상사고,0,0,1,0,차대차 - 추돌 - 진행중,차로위반,건조,맑음,단일로 - 터널,승용,남,45세,상해없음,승용,여,43세,경상
2012052000100291,2012년 5월 20일 16시,일요일,부산광역시 해운대구 중동,경상사고,0,0,1,0,차대차 - 기타,안전운전불이행,건조,맑음,교차로 - 교차로안,이륜,남,24세,상해없음,이륜,남,17세,경상
2012052000100324,2012년 5월 20일 17시,일요일,부산광역시 동래구 수안동,경상사고,0,0,1,0,차량단독 - 기타,기타,건조,맑음,단일로 - 기타,승합,남,50세,상해없음,,,,
2012052000100325,2012년 5월 20일 17시,일요일,부산광역시 사하구 다대동,경상사고,0,0,2,0,차대차 - 추돌 - 진행중,안전거리미확보,건조,맑음,단일로 - 기타,승용,남,53세,상해없음,승용,남,39세,경상
2012052000100365,2012년 5월 20일 18시,일요일,부산광역시 북구 금곡동,경상사고,0,0,1,0,차대차 - 추돌 - 진행중,안전운전불이행,건조,맑음,단일로 - 기타,승용,남,24세,상해없음,승용,여,56세,경상
2012052000100393,2012년 5월 20일 19시,일요일,부산광역시 부산진구 가야동,중상사고,0,1,0,0,차대차 - 기타,안전운전불이행,기타,맑음,교차로 - 교차로안,승용,남,39세,상해없음,승합,남,70세,중상
2012052000100394,2012년 5월 20일 19시,일요일,부산광역시 사상구 모라동,경상사고,0,0,7,2,차대차 - 기타,안전거리미확보,건조,맑음,단일로 - 기타,승용,남,66세,상해없음,승용,남,40세,상해없음
2012052000100395,2012년 5월 20일 19시,일요일,부산광역시 기장군 기장읍,경상사고,0,0,1,0,차대차 - 기타,안전운전불이행,건조,맑음,단일로 - 기타,승용,기타불명,기타불명,기타불명,자전거,여,9세,경상
2012052000100425,2012년 5월 20일 20시,일요일,부산광역시 남구 대연동,중상사고,0,1,0,0,차대사람 - 횡단중,안전운전불이행,건조,맑음,기타 - 기타,승용,남,37세,상해없음,보행자,남,52세,중상
2012052000100426,2012년 5월 20일 20시,일요일,부산광역시 영도구 청학동,경상사고,0,0,1,0,차대차 - 추돌 - 주정차중,안전운전불이행,건조,맑음,기타 - 기타,화물,남,64세,상해없음,승용,남,26세,경상
2012052000100427,2012년 5월 20일 20시,일요일,부산광역시 사상구 괘법동,중상사고,0,2,2,0,차대차 - 기타,교차로운행방법위반,건조,맑음,교차로 - 교차로안,승용,여,45세,경상,승용,남,45세,중상
2012052000100461,2012년 5월 20일 21시,일요일,부산광역시 남구 감만동,중상사고,0,1,0,0,차대차 - 추돌 - 진행중,안전거리미확보,건조,맑음,교차로 - 교차로안,원동기,남,19세,중상,승용,남,40세,상해없음
2012052000100462,2012년 5월 20일 21시,일요일,부산광역시 동래구 온천동,중상사고,0,1,1,0,차대차 - 측면직각충돌,중앙선침범,건조,맑음,교차로 - 교차로부근,승용,남,44세,상해없음,승용,남,38세,중상
2012052000100463,2012년 5월 20일 21시,일요일,부산광역시 부산진구 부암동,경상사고,0,0,1,0,차대차 - 추돌 - 주정차중,안전거리미확보,건조,맑음,단일로 - 기타,승합,남,59세,상해없음,승용,남,51세,경상
2012052000100491,2012년 5월 20일 22시,일요일,부산광역시 사상구 감전동,중상사고,0,1,1,0,차대차 - 추돌 - 주정차중,안전거리미확보,건조,맑음,단일로 - 기타,승용,남,47세,상해없음,승용,남,46세,경상
2012052000100516,2012년 5월 20일 23시,일요일,부산광역시 수영구 남천동,사망사고,1,5,0,0,차량단독 - 공작물충돌,안전운전불이행,건조,맑음,교차로 - 교차로부근,승용,남,27세,중상,,,,
2012052000100517,2012년 5월 20일 23시,일요일,부산광역시 해운대구 우동,중상사고,0,1,0,0,차대사람 - 기타,안전운전불이행,건조,기타,기타 - 기타,원동기,기타불명,기타불명,기타불명,보행자,남,48세,중상
2012052100100004,2012년 5월 21일 00시,월요일,부산광역시 해운대구 우동,중상사고,0,1,5,0,차대차 - 측면직각충돌,안전운전불이행,건조,맑음,단일로 - 기타,승용,남,25세,상해없음,승용,남,40세,경상
2012052100100005,2012년 5월 21일 00시,월요일,부산광역시 사하구 당리동,중상사고,0,2,1,0,차대차 - 추돌 - 진행중,안전거리미확보,건조,맑음,단일로 - 기타,승용,남,63세,상해없음,승용,남,57세,경상
2012052100100006,2012년 5월 21일 00시,월요일,부산광역시 사하구 괴정동,사망사고,1,0,0,0,차대사람 - 횡단중,안전운전불이행,건조,맑음,단일로 - 기타,승용,남,55세,상해없음,보행자,남,51세,사망