사고번호,사고일시,요일,시군구,사고내용,사망자수,중상자수,경상자수,부상신고자수,사고유형,법규위반,노면상태,기상상태,도로형태,가해운전자 차종,가해운전자 성별,가해운전자 연령,가해운전자 상해정도,피해운전자 차종,피해운전자 성별,피해운전자 연령,피해운전자 상해정도
2012052100100016,2012년 5월 21일 01시,월요일,부산광역시 북구 덕천동,부상신고사고,0,0,0,1,차량단독 - 공작물충돌,안전운전불이행,건조,맑음,단일로 - 기타,승용,남,25세,상해없음,,,,
2012052100100024,2012년 5월 21일 02시,월요일,부산광역시 남구 대연동,중상사고,0,2,3,0,차대차 - 추돌 - 진행중,안전운전불이행,건조,맑음,단일로 - 기타,승용,남,67세,경상,승용,남,53세,상해없음
2012052100100032,2012년 5월 21일 03시,월요일,부산광역시 부산진구 부전동,경상사고,0,0,1,0,차대사람 - 기타,안전운전불이행,건조,맑음,단일로 - 기타,승용,남,29세,상해없음,보행자,남,42세,경상
2012052100100051,2012년 5월 21일 06시,월요일,부산광역시 수영구 광안동,경상사고,0,0,2,0,차대차 - 추돌 - 진행중,안전거리미확보,건조,맑음,단일로 - 기타,승용,남,28세,경상,승용,남,49세,상해없음
2012052100100052,2012년 5월 21일 06시,월요일,부산광역시 기장군 장안읍,경상사고,0,0,1,0,차대차 - 추돌 - 진행중,안전거리미확보,건조,맑음,교차로 - 교차로부근,화물,남,52세,상해없음,승용,남,44세,경상
2012052100100070,2012년 5월 21일 07시,월요일,부산광역시 동구 좌천동,중상사고,0,1,0,0,차량단독 - 기타,안전운전불이행,건조,맑음,단일로 - 기타,승합,남,44세,상해없음,,,,
2012052100100071,2012년 5월 21일 07시,월요일,부산광역시 금정구 구서동,경상사고,0,0,3,1,차대차 - 측면직각충돌,안전운전불이행,건조,맑음,교차로 - 교차로안,승용,여,52세,부상신고,승용,남,31세,경상
2012052100100102,2012년 5월 21일 08시,월요일,부산광역시 남구 대연동,경상사고,0,0,1,0,차대차 - 추돌 - 진행중,안전거리미확보,건조,맑음,단일로 - 기타,승용,남,26세,상해없음,승용,남,62세,경상
2012052100100103,2012년 5월 21일 08시,월요일,부산광역시 남구 대연동,경상사고,0,0,1,0,차대차 - 추돌 - 진행중,차로위반,건조,맑음,단일로 - 기타,특수,남,58세,상해없음,승용,남,51세,경상
2012052100100104,2012년 5월 21일 08시,월요일,부산광역시 부산진구 전포동,중상사고,0,1,0,0,차대차 - 기타,안전운전불이행,건조,맑음,단일로 - 기타,승용,여,48세,상해없음,화물,남,38세,기타불명
2012052100100105,2012년 5월 21일 08시,월요일,부산광역시 금정구 금사동,경상사고,0,0,1,0,차대차 - 추돌 - 진행중,안전운전불이행,건조,맑음,단일로 - 기타,승용,남,29세,상해없음,승용,남,44세,경상
2012052100100106,2012년 5월 21일 08시,월요일,부산광역시 강서구 명지동,중상사고,0,1,0,0,차대차 - 측면직각충돌,신호위반,건조,맑음,교차로 - 교차로안,승용,남,42세,상해없음,승용,남,36세,중상
2012052100100144,2012년 5월 21일 09시,월요일,부산광역시 중구 중앙동2가,중상사고,0,1,0,0,차대차 - 측면직각충돌,안전운전불이행,건조,맑음,단일로 - 기타,승용,남,57세,상해없음,원동기,남,64세,중상
2012052100100169,2012년 5월 21일 10시,월요일,부산광역시 서구 암남동,중상사고,0,1,0,0,차대사람 - 횡단중,안전운전불이행,건조,맑음,단일로 - 기타,화물,남,39세,상해없음,보행자,남,27세,중상
2012052100100170,2012년 5월 21일 10시,월요일,부산광역시 해운대구 재송동,경상사고,0,0,1,0,차대차 - 추돌 - 진행중,안전운전불이행,건조,맑음,단일로 - 기타,승용,남,53세,상해없음,승용,남,39세,경상
2012052100100171,2012년 5월 21일 10시,월요일,부산광역시 부산진구 양정동,중상사고,0,1,0,0,차대사람 - 기타,안전운전불이행,건조,맑음,단일로 - 기타,승용,남,36세,상해없음,보행자,여,72세,중상
2012052100100173,2012년 5월 21일 10시,월요일,부산광역시 수영구 수영동,중상사고,0,1,0,0,차대차 - 측면직각충돌,교차로운행방법위반,건조,맑음,교차로 - 교차로안,승용,여,63세,상해없음,이륜,남,63세,중상
2012052100100198,2012년 5월 21일 11시,월요일,부산광역시 부산진구 부전동,중상사고,0,1,0,0,차대사람 - 기타,안전운전불이행,건조,맑음,단일로 - 기타,이륜,남,16세,상해없음,보행자,남,32세,중상
2012052100100252,2012년 5월 21일 13시,월요일,부산광역시 부산진구 부전동,중상사고,0,1,0,0,차대차 - 측면직각충돌,중앙선침범,건조,맑음,단일로 - 기타,승용,기타불명,기타불명,기타불명,이륜,남,53세,중상
2012052100100253,2012년 5월 21일 13시,월요일,부산광역시 사상구 감전동,중상사고,0,1,0,0,차대사람 - 차도통행중,안전운전불이행,건조,맑음,단일로 - 기타,화물,남,43세,상해없음,보행자,여,48세,중상
2012052100100277,2012년 5월 21일 14시,월요일,부산광역시 서구 충무동1가,경상사고,0,0,1,0,차대사람 - 보도통행중,기타,건조,맑음,단일로 - 기타,승용,남,36세,상해없음,보행자,여,83세,경상
2012052100100278,2012년 5월 21일 14시,월요일,부산광역시 남구 대연동,중상사고,0,1,2,0,차대차 - 추돌 - 진행중,중앙선침범,건조,맑음,단일로 - 기타,승용,남,33세,상해없음,승용,여,44세,경상
2012052100100279,2012년 5월 21일 14시,월요일,부산광역시 동래구 온천동,경상사고,0,0,1,0,차대사람 - 차도통행중,교차로운행방법위반,건조,맑음,교차로 - 교차로안,화물,남,40세,상해없음,보행자,남,63세,경상
2012052100100355,2012년 5월 21일 16시,월요일,부산광역시 동구 초량동,경상사고,0,0,1,0,차대사람 - 보도통행중,보행자보호의무위반,건조,맑음,단일로 - 횡단보도상,화물,남,32세,상해없음,보행자,남,50세,경상
2012052100100356,2012년 5월 21일 16시,월요일,부산광역시 남구 대연동,중상사고,0,1,0,0,차대차 - 추돌 - 진행중,신호위반,건조,맑음,단일로 - 기타,승용,남,58세,상해없음,원동기,남,41세,중상
2012052100100357,2012년 5월 21일 16시,월요일,부산광역시 남구 용호동,부상신고사고,0,0,0,1,차대차 - 추돌 - 진행중,안전운전불이행,건조,맑음,교차로 - 교차로부근,승용,여,38세,상해없음,자전거,여,43세,부상신고
2012052100100358,2012년 5월 21일 16시,월요일,부산광역시 해운대구 좌동,경상사고,0,0,2,0,차대차 - 정면충돌,중앙선침범,건조,맑음,단일로 - 기타,이륜,남,14세,상해없음,승용,남,69세,경상
2012052100100359,2012년 5월 21일 16시,월요일,부산광역시 사상구 덕포동,경상사고,0,0,1,0,차대사람 - 횡단중,안전운전불이행,건조,맑음,교차로 - 교차로부근,화물,남,61세,상해없음,보행자,남,7세,경상
2012052100100400,2012년 5월 21일 17시,월요일,부산광역시 부산진구 양정동,중상사고,0,1,0,0,차대차 - 기타,안전거리미확보,건조,맑음,단일로 - 기타,원동기,남,18세,상해없음,승용,남,59세,상해없음
2012052100100401,2012년 5월 21일 17시,월요일,부산광역시 사하구 괴정동,경상사고,0,0,2,0,차대차 - 추돌 - 진행중,안전거리미확보,건조,맑음,단일로 - 횡단보도부근,승용,남,61세,상해없음,승용,여,60세,경상
2012052100100498,2012년 5월 21일 19시,월요일,부산광역시 북구 구포동,경상사고,0,0,1,0,차대사람 - 기타,안전운전불이행,건조,맑음,단일로 - 기타,승용,남,71세,상해없음,보행자,여,45세,경상
2012052100100499,2012년 5월 21일 19시,월요일,부산광역시 연제구 거제동,경상사고,0,0,1,0,차대차 - 기타,안전운전불이행,건조,맑음,교차로 - 교차로부근,화물,남,60세,상해없음,이륜,남,57세,경상
2012052100100539,2012년 5월 21일 20시,월요일,부산광역시 해운대구 우동,중상사고,0,1,0,0,차대차 - 정면충돌,신호위반,건조,맑음,교차로 - 교차로안,승용,남,38세,상해없음,승용,여,43세,중상
2012052100100540,2012년 5월 21일 20시,월요일,부산광역시 부산진구 부전동,중상사고,0,1,0,0,차대사람 - 기타,보행자보호의무위반,건조,흐림,단일로 - 횡단보도상,이륜,남,68세,상해없음,보행자,남,49세,중상
2012052100100541,2012년 5월 21일 20시,월요일,부산광역시 사하구 하단동,경상사고,0,0,1,0,차대차 - 추돌 - 진행중,안전거리미확보,건조,맑음,교차로 - 교차로부근,승용,남,51세,상해없음,승용,남,32세,상해없음
2012052100100542,2012년 5월 21일 20시,월요일,부산광역시 사하구 하단동,경상사고,0,0,1,0,차대차 - 측면직각충돌,기타,건조,맑음,교차로 - 교차로부근,승용,남,48세,상해없음,원동기,남,18세,경상
2012052100100576,2012년 5월 21일 21시,월요일,부산광역시 남구 문현동,중상사고,0,1,0,0,차대사람 - 기타,안전운전불이행,건조,맑음,교차로 - 교차로안,승용,남,38세,상해없음,보행자,남,56세,중상
2012052100100577,2012년 5월 21일 21시,월요일,부산광역시 부산진구 당감동,중상사고,0,2,0,0,차대차 - 측면직각충돌,안전거리미확보,건조,맑음,단일로 - 터널,승용,남,77세,상해없음,승용,남,50세,중상
2012052100100578,2012년 5월 21일 21시,월요일,부산광역시 사상구 괘법동,중상사고,0,1,0,0,차대사람 - 횡단중,안전운전불이행,건조,맑음,단일로 - 기타,승용,남,57세,상해없음,보행자,남,66세,중상
2012052100100612,2012년 5월 21일 22시,월요일,부산광역시 해운대구 우동,중상사고,0,1,0,0,차대차 - 기타,안전운전불이행,건조,맑음,단일로 - 기타,승용,남,58세,상해없음,승용,여,28세,중상
2012052100100613,2012년 5월 21일 22시,월요일,부산광역시 금정구 장전동,경상사고,0,0,2,0,차대차 - 추돌 - 주정차중,안전거리미확보,건조,맑음,교차로 - 교차로안,승용,남,54세,상해없음,승용,남,28세,경상
2012052100100641,2012년 5월 21일 23시,월요일,부산광역시 부산진구 가야동,중상사고,0,2,0,0,차대차 - 기타,안전거리미확보,건조,맑음,단일로 - 기타,승용,남,59세,상해없음,승용,남,38세,중상
2012052200100005,2012년 5월 22일 00시,화요일,부산광역시 부산진구 부전동,중상사고,0,1,0,0,차대사람 - 기타,안전운전불이행,건조,맑음,단일로 - 기타,승용,남,50세,상해없음,보행자,남,22세,중상
2012052200100049,2012년 5월 22일 03시,화요일,부산광역시 사하구 하단동,중상사고,0,1,0,0,차대차 - 측면직각충돌,신호위반,건조,맑음,교차로 - 교차로안,화물,남,35세,상해없음,승용,여,51세,중상
2012052200100076,2012년 5월 22일 06시,화요일,부산광역시 부산진구 양정동,경상사고,0,0,2,0,차대차 - 기타,안전운전불이행,건조,맑음,교차로 - 교차로부근,승용,남,48세,상해없음,승용,남,58세,경상
2012052200100077,2012년 5월 22일 06시,화요일,부산광역시 강서구 송정동,중상사고,0,2,2,0,차대차 - 추돌 - 진행중,안전운전불이행,건조,맑음,단일로 - 기타,승용,남,55세,상해없음,승용,남,60세,경상
2012052200100078,2012년 5월 22일 06시,화요일,부산광역시 강서구 녹산동,경상사고,0,0,1,0,차대차 - 기타,안전운전불이행,건조,맑음,단일로 - 횡단보도부근,승용,여,42세,상해없음,승용,남,31세,경상
2012052200100101,2012년 5월 22일 07시,화요일,부산광역시 동구 초량동,경상사고,0,0,1,0,차대사람 - 기타,안전운전불이행,건조,맑음,교차로 - 교차로부근,승용,남,62세,상해없음,보행자,남,50세,경상
2012052200100102,2012년 5월 22일 07시,화요일,부산광역시 부산진구 범천동,경상사고,0,0,1,0,차대차 - 기타,안전운전불이행,기타,맑음,단일로 - 기타,화물,남,57세,상해없음,승용,남,53세,상해없음
2012052200100103,2012년 5월 22일 07시,화요일,부산광역시 사상구 감전동,경상사고,0,0,1,0,차대차 - 기타,중앙선침범,건조,맑음,단일로 - 기타,승용,남,60세,상해없음,승용,남,51세,경상
2012052200100134,2012년 5월 22일 08시,화요일,부산광역시 수영구 민락동,중상사고,0,1,0,0,차대사람 - 기타,안전운전불이행,건조,맑음,교차로 - 교차로안,화물,남,37세,상해없음,보행자,남,39세,중상
2012052200100135,2012년 5월 22일 08시,화요일,부산광역시 해운대구 석대동,중상사고,0,2,0,0,차대차 - 측면직각충돌,신호위반,건조,맑음,교차로 - 교차로안,화물,남,60세,상해없음,승용,여,61세,중상
2012052200100179,2012년 5월 22일 09시,화요일,부산광역시 중구 남포동3가,경상사고,0,0,1,0,차대사람 - 기타,안전운전불이행,건조,맑음,교차로 - 교차로부근,화물,남,37세,상해없음,보행자,여,57세,경상
2012052200100181,2012년 5월 22일 09시,화요일,부산광역시 부산진구 당감동,경상사고,0,0,1,0,차대차 - 측면직각충돌,안전운전불이행,건조,맑음,교차로 - 교차로안,승용,여,49세,상해없음,승합,남,60세,경상
2012052200100213,2012년 5월 22일 10시,화요일,부산광역시 연제구 연산동,경상사고,0,0,1,0,차대차 - 추돌 - 진행중,안전운전불이행,건조,맑음,교차로 - 교차로안,건설기계,남,44세,상해없음,승용,여,52세,경상
2012052200100214,2012년 5월 22일 10시,화요일,부산광역시 사상구 감전동,중상사고,0,1,0,0,차대사람 - 횡단중,중앙선침범,건조,맑음,교차로 - 교차로부근,승용,여,35세,상해없음,보행자,여,75세,중상
2012052200100244,2012년 5월 22일 11시,화요일,부산광역시 동구 초량동,중상사고,0,1,0,0,차대사람 - 기타,보행자보호의무위반,건조,맑음,단일로 - 기타,승용,남,60세,상해없음,보행자,여,88세,중상
2012052200100245,2012년 5월 22일 11시,화요일,부산광역시 부산진구 부전동,중상사고,0,1,0,0,차대차 - 측면직각충돌,신호위반,건조,맑음,교차로 - 교차로안,승합,남,55세,상해없음,원동기,남,62세,중상
2012052200100272,2012년 5월 22일 12시,화요일,부산광역시 남구 우암동,사망사고,1,0,0,0,차량단독 - 공작물충돌,안전운전불이행,건조,맑음,교차로 - 교차로안,이륜,남,59세,사망,,,,
2012052200100273,2012년 5월 22일 12시,화요일,부산광역시 수영구 남천동,중상사고,0,1,0,0,차대사람 - 길가장자리구역통행중,안전운전불이행,건조,맑음,단일로 - 기타,승용,남,37세,상해없음,보행자,여,66세,중상
2012052200100274,2012년 5월 22일 12시,화요일,부산광역시 남구 용당동,경상사고,0,0,1,0,차대차 - 추돌 - 주정차중,안전거리미확보,건조,맑음,단일로 - 기타,건설기계,남,39세,상해없음,승용,여,51세,경상
2012052200100275,2012년 5월 22일 12시,화요일,부산광역시 해운대구 송정동,중상사고,0,1,0,0,차대차 - 측면직각충돌,차로위반,건조,맑음,단일로 - 기타,승용,여,31세,상해없음,이륜,남,28세,중상
2012052200100276,2012년 5월 22일 12시,화요일,부산광역시 해운대구 우동,경상사고,0,0,1,0,차대차 - 추돌 - 진행중,안전운전불이행,건조,맑음,단일로 - 기타,승용,남,41세,기타불명,승용,여,52세,경상
2012052200100278,2012년 5월 22일 12시,화요일,부산광역시 사상구 엄궁동,중상사고,0,1,2,1,차대차 - 추돌 - 주정차중,안전운전불이행,건조,맑음,단일로 - 기타,승용,여,51세,부상신고,승용,남,60세,기타불명
2012052200100298,2012년 5월 22일 13시,화요일,부산광역시 사상구 감전동,경상사고,0,0,1,0,차대차 - 기타,안전운전불이행,건조,맑음,단일로 - 기타,승용,남,47세,경상,화물,남,53세,상해없음
2012052200100333,2012년 5월 22일 14시,화요일,부산광역시 금정구 부곡동,경상사고,0,0,1,0,차대차 - 측면직각충돌,교차로운행방법위반,건조,맑음,교차로 - 교차로안,승용,남,40세,상해없음,자전거,남,54세,경상
2012052200100390,2012년 5월 22일 16시,화요일,부산광역시 해운대구 반송동,경상사고,0,0,1,0,차대사람 - 기타,안전운전불이행,건조,맑음,단일로 - 기타,승용,남,40세,상해없음,보행자,여,19세,경상
2012052200100431,2012년 5월 22일 17시,화요일,부산광역시 중구 대청동4가,중상사고,0,1,0,0,차대차 - 측면직각충돌,안전운전불이행,건조,맑음,단일로 - 기타,승용,남,44세,상해없음,이륜,남,18세,중상
2012052200100432,2012년 5월 22일 17시,화요일,부산광역시 해운대구 반여동,중상사고,0,1,0,0,차대차 - 측면직각충돌,안전운전불이행,건조,맑음,단일로 - 횡단보도상,자전거,남,71세,중상,승용,여,43세,상해없음
2012052200100433,2012년 5월 22일 17시,화요일,부산광역시 사하구 감천동,중상사고,0,1,0,0,차대사람 - 기타,안전운전불이행,건조,맑음,교차로 - 교차로부근,기타불명,기타불명,기타불명,기타불명,보행자,여,15세,중상
2012052200100474,2012년 5월 22일 18시,화요일,부산광역시 북구 구포동,경상사고,0,0,1,0,차대차 - 추돌 - 진행중,안전거리미확보,건조,맑음,단일로 - 기타,화물,남,58세,상해없음,승용,여,45세,경상
2012052200100475,2012년 5월 22일 18시,화요일,부산광역시 사하구 다대동,경상사고,0,0,2,0,차대차 - 추돌 - 진행중,교차로운행방법위반,건조,맑음,교차로 - 교차로안,승용,남,35세,경상,승용,남,30세,경상
2012052200100551,2012년 5월 22일 20시,화요일,부산광역시 남구 대연동,경상사고,0,0,1,0,차대차 - 측면직각충돌,중앙선침범,건조,맑음,교차로 - 교차로부근,승용,남,39세,상해없음,원동기,남,45세,경상
2012052200100552,2012년 5월 22일 20시,화요일,부산광역시 사하구 신평동,경상사고,0,0,1,0,차대사람 - 기타,안전운전불이행,건조,맑음,단일로 - 기타,승용,남,40세,상해없음,보행자,남,33세,경상
2012052200100585,2012년 5월 22일 21시,화요일,부산광역시 북구 덕천동,중상사고,0,1,0,0,차대사람 - 기타,안전운전불이행,건조,맑음,단일로 - 기타,승합,남,25세,상해없음,보행자,여,43세,중상
2012052200100586,2012년 5월 22일 21시,화요일,부산광역시 해운대구 중동,경상사고,0,0,1,0,차대차 - 측면직각충돌,안전운전불이행,건조,흐림,교차로 - 교차로안,승용,남,34세,상해없음,승용,남,64세,경상
2012052200100622,2012년 5월 22일 22시,화요일,부산광역시 서구 충무동1가,중상사고,0,1,1,0,차대차 - 측면직각충돌,신호위반,건조,맑음,교차로 - 교차로안,원동기,남,29세,중상,승용,남,40세,상해없음
2012052200100623,2012년 5월 22일 22시,화요일,부산광역시 동래구 명륜동,부상신고사고,0,0,0,1,차대사람 - 차도통행중,안전운전불이행,건조,맑음,단일로 - 기타,승용,남,43세,상해없음,보행자,남,31세,부상신고
2012052200100624,2012년 5월 22일 22시,화요일,부산광역시 동래구 온천동,경상사고,0,0,1,0,차대사람 - 기타,기타,건조,맑음,단일로 - 기타,승합,남,48세,상해없음,보행자,여,51세,경상
2012052200100625,2012년 5월 22일 22시,화요일,부산광역시 사하구 신평동,중상사고,0,1,0,0,차대차 - 추돌 - 진행중,안전운전불이행,건조,맑음,단일로 - 기타,승용,남,55세,상해없음,원동기,남,17세,중상
2012052200100661,2012년 5월 22일 23시,화요일,부산광역시 해운대구 반송동,중상사고,0,1,0,0,차대차 - 정면충돌,중앙선침범,건조,흐림,단일로 - 기타,승용,남,28세,상해없음,이륜,남,43세,중상
2012052200100662,2012년 5월 22일 23시,화요일,부산광역시 금정구 부곡동,중상사고,0,1,0,0,차대사람 - 횡단중,안전운전불이행,건조,맑음,기타 - 기타,이륜,남,16세,상해없음,보행자,남,41세,중상
2012052300100004,2012년 5월 23일 00시,수요일,부산광역시 해운대구 중동,경상사고,0,0,3,0,차대차 - 측면직각충돌,안전거리미확보,건조,맑음,교차로 - 교차로부근,승용,남,21세,상해없음,승용,남,27세,경상
2012052300100005,2012년 5월 23일 00시,수요일,부산광역시 부산진구 부전동,중상사고,0,1,0,0,차대차 - 기타,차로위반,건조,맑음,단일로 - 기타,승용,남,64세,상해없음,이륜,남,38세,중상
2012052300100006,2012년 5월 23일 00시,수요일,부산광역시 사하구 다대동,부상신고사고,0,0,0,1,차대차 - 추돌 - 주정차중,안전운전불이행,건조,맑음,교차로 - 교차로부근,승용,여,20세,상해없음,승용,남,45세,부상신고
2012052300100046,2012년 5월 23일 03시,수요일,부산광역시 해운대구 중동,경상사고,0,0,1,0,차대사람 - 기타,안전운전불이행,건조,기타,단일로 - 기타,승용,남,49세,상해없음,보행자,여,32세,경상
2012052300100116,2012년 5월 23일 08시,수요일,부산광역시 동구 초량동,경상사고,0,0,1,0,차대차 - 측면직각충돌,안전운전불이행,건조,맑음,단일로 - 기타,승용,남,41세,상해없음,승용,여,43세,경상
2012052300100117,2012년 5월 23일 08시,수요일,부산광역시 부산진구 부전동,경상사고,0,0,1,0,차대차 - 기타,안전운전불이행,건조,맑음,단일로 - 기타,화물,기타불명,기타불명,기타불명,자전거,남,42세,경상
2012052300100118,2012년 5월 23일 08시,수요일,부산광역시 사상구 삼락동,중상사고,0,1,0,0,차대사람 - 기타,안전운전불이행,건조,맑음,단일로 - 기타,자전거,남,46세,상해없음,보행자,남,62세,중상
2012052300100159,2012년 5월 23일 09시,수요일,부산광역시 강서구 대저1동,경상사고,0,0,1,0,차대차 - 기타,안전운전불이행,건조,맑음,교차로 - 교차로안,승용,남,50세,상해없음,승용,남,60세,경상
2012052300100181,2012년 5월 23일 10시,수요일,부산광역시 남구 용호동,중상사고,0,1,0,0,차량단독 - 전도전복,안전운전불이행,건조,맑음,교차로 - 교차로부근,승용,여,40세,중상,,,,
2012052300100182,2012년 5월 23일 10시,수요일,부산광역시 사상구 삼락동,경상사고,0,0,1,0,차대차 - 측면직각충돌,안전거리미확보,건조,맑음,단일로 - 기타,승용,남,51세,경상,승용,여,43세,상해없음
2012052300100198,2012년 5월 23일 11시,수요일,부산광역시 해운대구 반여동,경상사고,0,0,1,0,차대사람 - 차도통행중,안전운전불이행,건조,맑음,교차로 - 교차로안,승용,여,42세,상해없음,보행자,여,72세,경상
2012052300100199,2012년 5월 23일 11시,수요일,부산광역시 부산진구 범천동,중상사고,0,1,0,0,차대차 - 추돌 - 주정차중,안전운전불이행,건조,맑음,교차로 - 교차로부근,승용,남,57세,상해없음,승용,여,31세,중상
2012052300100218,2012년 5월 23일 12시,수요일,부산광역시 영도구 동삼동,경상사고,0,0,1,0,차대차 - 기타,안전운전불이행,건조,맑음,기타 - 기타,원동기,남,22세,상해없음,이륜,남,39세,경상
2012052300100219,2012년 5월 23일 12시,수요일,부산광역시 금정구 구서동,중상사고,0,1,0,0,차대차 - 추돌 - 주정차중,안전운전불이행,건조,맑음,단일로 - 기타,원동기,남,16세,상해없음,승용,남,33세,중상
2012052300100220,2012년 5월 23일 12시,수요일,부산광역시 금정구 장전동,경상사고,0,0,1,0,차대차 - 측면직각충돌,교차로운행방법위반,건조,맑음,교차로 - 교차로부근,승합,남,53세,상해없음,승용,남,61세,상해없음
2012052300100282,2012년 5월 23일 14시,수요일,부산광역시 북구 덕천동,중상사고,0,1,0,0,차대사람 - 기타,안전운전불이행,건조,맑음,단일로 - 기타,화물,남,44세,상해없음,보행자,여,75세,중상
2012052300100283,2012년 5월 23일 14시,수요일,부산광역시 동래구 사직동,경상사고,0,0,1,0,차대사람 - 길가장자리구역통행중,안전운전불이행,건조,맑음,단일로 - 기타,승용,남,52세,상해없음,보행자,여,59세,경상
2012052300100284,2012년 5월 23일 14시,수요일,부산광역시 사상구 삼락동,중상사고,0,1,0,0,차대차 - 기타,안전운전불이행,건조,맑음,단일로 - 기타,자전거,남,62세,상해없음,자전거,남,71세,중상
2012052300100316,2012년 5월 23일 15시,수요일,부산광역시 남구 용호동,중상사고,0,1,0,0,차대차 - 기타,신호위반,건조,맑음,교차로 - 교차로부근,화물,남,28세,상해없음,승용,여,43세,중상
2012052300100317,2012년 5월 23일 15시,수요일,부산광역시 해운대구 반여동,경상사고,0,0,1,0,차대차 - 측면직각충돌,안전거리미확보,건조,맑음,단일로 - 기타,화물,남,62세,상해없음,승합,남,52세,경상
2012052300100318,2012년 5월 23일 15시,수요일,부산광역시 해운대구 우동,중상사고,0,1,0,0,차대차 - 추돌 - 진행중,안전운전불이행,건조,맑음,단일로 - 기타,승용,남,20세,상해없음,승용,여,62세,중상
2012052300100319,2012년 5월 23일 15시,수요일,부산광역시 금정구 금사동,경상사고,0,0,1,0,차대차 - 추돌 - 진행중,안전운전불이행,건조,맑음,교차로 - 교차로안,승용,남,52세,상해없음,승용,여,22세,경상
2012052300100353,2012년 5월 23일 16시,수요일,부산광역시 중구 남포동1가,중상사고,0,1,0,0,차대차 - 측면직각충돌,신호위반,건조,맑음,교차로 - 교차로안,승용,여,53세,상해없음,원동기,남,52세,중상
2012052300100354,2012년 5월 23일 16시,수요일,부산광역시 영도구 남항동1가,중상사고,0,1,0,0,차대차 - 기타,안전운전불이행,건조,맑음,단일로 - 기타,화물,남,47세,상해없음,이륜,남,38세,중상
2012052300100355,2012년 5월 23일 16시,수요일,부산광역시 해운대구 좌동,경상사고,0,0,1,0,차대사람 - 기타,신호위반,건조,맑음,교차로 - 교차로안,원동기,남,16세,상해없음,보행자,여,47세,경상
2012052300100396,2012년 5월 23일 17시,수요일,부산광역시 사상구 주례동,경상사고,0,0,1,0,차대차 - 기타,안전운전불이행,건조,맑음,단일로 - 기타,승용,남,50세,상해없음,승용,남,33세,경상
2012052300100443,2012년 5월 23일 18시,수요일,부산광역시 중구 중앙동4가,경상사고,0,0,1,0,차대차 - 측면직각충돌,신호위반,건조,맑음,단일로 - 기타,승용,남,22세,상해없음,승용,남,55세,경상
2012052300100444,2012년 5월 23일 18시,수요일,부산광역시 수영구 남천동,중상사고,0,1,0,0,차대사람 - 횡단중,안전운전불이행,건조,맑음,단일로 - 기타,승용,여,42세,상해없음,보행자,남,11세,중상
2012052300100445,2012년 5월 23일 18시,수요일,부산광역시 해운대구 반여동,경상사고,0,0,1,0,차대차 - 정면충돌,안전운전불이행,건조,맑음,단일로 - 기타,이륜,남,20세,상해없음,승용,남,50세,경상
2012052300100446,2012년 5월 23일 18시,수요일,부산광역시 해운대구 우동,중상사고,0,1,2,0,차대차 - 측면직각충돌,안전운전불이행,건조,맑음,단일로 - 기타,이륜,남,26세,중상,승용,남,24세,경상
2012052300100447,2012년 5월 23일 18시,수요일,부산광역시 강서구 생곡동,중상사고,0,1,0,0,차대차 - 기타,안전운전불이행,건조,맑음,단일로 - 기타,건설기계,남,49세,상해없음,승용,남,55세,중상
2012052300100495,2012년 5월 23일 19시,수요일,부산광역시 사상구 모라동,중상사고,0,1,0,0,차대사람 - 기타,안전운전불이행,건조,맑음,단일로 - 기타,승용,남,55세,상해없음,보행자,여,62세,중상
2012052300100522,2012년 5월 23일 20시,수요일,부산광역시 북구 덕천동,중상사고,0,1,0,0,차대차 - 추돌 - 진행중,안전운전불이행,건조,맑음,단일로 - 기타,원동기,남,38세,상해없음,원동기,남,44세,중상
2012052300100523,2012년 5월 23일 20시,수요일,부산광역시 해운대구 우동,중상사고,0,1,0,0,차대사람 - 횡단중,신호위반,건조,맑음,교차로 - 교차로부근,승용,남,63세,상해없음,보행자,여,20세,중상
2012052300100524,2012년 5월 23일 20시,수요일,부산광역시 연제구 연산동,경상사고,0,0,1,0,차대차 - 추돌 - 주정차중,안전운전불이행,건조,맑음,단일로 - 기타,승용,남,17세,상해없음,승합,남,50세,경상
2012052300100553,2012년 5월 23일 21시,수요일,부산광역시 남구 대연동,중상사고,0,1,0,0,차대차 - 측면직각충돌,안전운전불이행,건조,맑음,단일로 - 기타,승용,남,58세,상해없음,이륜,남,51세,중상
2012052300100554,2012년 5월 23일 21시,수요일,부산광역시 북구 만덕동,경상사고,0,0,2,0,차대차 - 정면충돌,안전운전불이행,건조,맑음,단일로 - 기타,승용,남,67세,상해없음,승용,남,61세,경상
2012052300100555,2012년 5월 23일 21시,수요일,부산광역시 북구 만덕동,경상사고,0,0,1,0,차대사람 - 기타,안전운전불이행,건조,맑음,교차로 - 교차로부근,승합,남,52세,상해없음,보행자,여,55세,경상
2012052300100556,2012년 5월 23일 21시,수요일,부산광역시 동래구 명장동,중상사고,0,2,0,0,차대차 - 측면직각충돌,안전거리미확보,건조,맑음,단일로 - 기타,이륜,남,23세,중상,승용,남,54세,상해없음
2012052300100600,2012년 5월 23일 22시,수요일,부산광역시 동구 수정동,경상사고,0,0,2,0,차대사람 - 길가장자리구역통행중,안전운전불이행,건조,맑음,단일로 - 기타,승용,남,46세,상해없음,보행자,남,51세,경상