사고번호,사고일시,요일,시군구,사고내용,사망자수,중상자수,경상자수,부상신고자수,사고유형,법규위반,노면상태,기상상태,도로형태,가해운전자 차종,가해운전자 성별,가해운전자 연령,가해운전자 상해정도,피해운전자 차종,피해운전자 성별,피해운전자 연령,피해운전자 상해정도
2012052600100390,2012년 5월 26일 15시,토요일,부산광역시 북구 금곡동,경상사고,0,0,1,0,차대차 - 기타,안전운전불이행,건조,맑음,단일로 - 기타,승용,남,59세,상해없음,자전거,남,63세,경상
2012052600100391,2012년 5월 26일 15시,토요일,부산광역시 영도구 동삼동,중상사고,0,1,0,0,차대사람 - 차도통행중,안전운전불이행,건조,맑음,기타 - 기타,이륜,남,22세,상해없음,보행자,여,74세,중상
2012052600100392,2012년 5월 26일 15시,토요일,부산광역시 사상구 엄궁동,경상사고,0,0,1,0,차대사람 - 길가장자리구역통행중,안전운전불이행,건조,맑음,단일로 - 기타,승용,여,50세,상해없음,보행자,여,19세,경상
2012052600100434,2012년 5월 26일 16시,토요일,부산광역시 동구 범일동,중상사고,0,1,0,0,차대차 - 추돌 - 진행중,안전운전불이행,건조,맑음,단일로 - 횡단보도부근,승합,남,62세,상해없음,원동기,남,69세,중상
2012052600100435,2012년 5월 26일 16시,토요일,부산광역시 해운대구 우동,경상사고,0,0,1,0,차대차 - 추돌 - 주정차중,안전운전불이행,건조,흐림,교차로 - 교차로부근,승용,남,28세,상해없음,승용,여,27세,경상
2012052600100436,2012년 5월 26일 16시,토요일,부산광역시 해운대구 송정동,경상사고,0,0,2,0,차대차 - 측면직각충돌,안전운전불이행,건조,맑음,단일로 - 기타,승용,여,47세,상해없음,승용,여,32세,경상
2012052600100465,2012년 5월 26일 17시,토요일,부산광역시 부산진구 가야동,중상사고,0,1,0,0,차대차 - 기타,안전거리미확보,건조,맑음,단일로 - 기타,승용,남,55세,상해없음,원동기,남,23세,중상
2012052600100466,2012년 5월 26일 17시,토요일,부산광역시 사하구 다대동,경상사고,0,0,1,0,차대차 - 추돌 - 진행중,교차로운행방법위반,건조,맑음,교차로 - 교차로안,화물,남,55세,상해없음,이륜,남,17세,경상
2012052600100499,2012년 5월 26일 18시,토요일,부산광역시 서구 부민동1가,부상신고사고,0,0,0,1,차대사람 - 기타,기타,건조,맑음,단일로 - 기타,이륜,기타불명,기타불명,기타불명,보행자,여,39세,부상신고
2012052600100500,2012년 5월 26일 18시,토요일,부산광역시 동래구 온천동,경상사고,0,0,1,0,차대사람 - 길가장자리구역통행중,안전운전불이행,건조,맑음,단일로 - 기타,승용,기타불명,기타불명,기타불명,보행자,남,22세,경상
2012052600100537,2012년 5월 26일 19시,토요일,부산광역시 영도구 청학동,경상사고,0,0,1,0,차대차 - 기타,안전운전불이행,건조,맑음,단일로 - 기타,승용,여,47세,상해없음,이륜,남,21세,경상
2012052600100539,2012년 5월 26일 19시,토요일,부산광역시 사하구 하단동,중상사고,0,1,0,0,차대차 - 추돌 - 진행중,안전운전불이행,건조,맑음,단일로 - 기타,화물,남,67세,상해없음,승용,남,38세,중상
2012052600100540,2012년 5월 26일 19시,토요일,부산광역시 연제구 연산동,중상사고,0,1,0,0,차대사람 - 기타,보행자보호의무위반,건조,맑음,단일로 - 횡단보도상,화물,남,68세,상해없음,보행자,남,69세,중상
2012052600100564,2012년 5월 26일 20시,토요일,부산광역시 부산진구 범천동,경상사고,0,0,1,0,차대차 - 측면직각충돌,안전거리미확보,건조,맑음,단일로 - 기타,승용,여,37세,상해없음,승용,남,32세,상해없음
2012052600100565,2012년 5월 26일 20시,토요일,부산광역시 기장군 장안읍,중상사고,0,1,0,0,차대차 - 측면직각충돌,안전운전불이행,건조,맑음,단일로 - 기타,승용,여,39세,상해없음,이륜,여,62세,중상
2012052600100604,2012년 5월 26일 21시,토요일,부산광역시 동래구 온천동,사망사고,1,0,0,0,차대사람 - 횡단중,신호위반,건조,맑음,단일로 - 횡단보도상,화물,남,44세,상해없음,보행자,여,73세,사망
2012052600100639,2012년 5월 26일 22시,토요일,부산광역시 중구 남포동1가,중상사고,0,1,0,0,차대사람 - 기타,안전운전불이행,건조,맑음,기타 - 기타,기타불명,기타불명,기타불명,기타불명,보행자,여,19세,중상
2012052600100674,2012년 5월 26일 23시,토요일,부산광역시 동래구 명륜동,중상사고,0,1,1,0,차대차 - 추돌 - 주정차중,신호위반,건조,맑음,교차로 - 교차로안,승용,남,47세,상해없음,승용,남,52세,경상
2012052600100675,2012년 5월 26일 23시,토요일,부산광역시 동래구 온천동,경상사고,0,0,2,0,차대차 - 추돌 - 진행중,안전거리미확보,건조,맑음,교차로 - 교차로안,승용,남,39세,상해없음,승용,남,29세,경상
2012052600100676,2012년 5월 26일 23시,토요일,부산광역시 해운대구 중동,경상사고,0,0,1,0,차대사람 - 보도통행중,기타,건조,맑음,기타 - 기타,승용,남,62세,상해없음,보행자,여,41세,경상
2012052700100008,2012년 5월 27일 00시,일요일,부산광역시 남구 감만동,중상사고,0,2,0,0,차대차 - 추돌 - 진행중,안전거리미확보,건조,맑음,단일로 - 기타,승용,남,56세,상해없음,원동기,남,16세,중상
2012052700100009,2012년 5월 27일 00시,일요일,부산광역시 동래구 온천동,중상사고,0,4,0,0,차대차 - 측면직각충돌,직진우회전진행방해,건조,맑음,교차로 - 교차로안,승용,남,58세,상해없음,승용,여,54세,중상
2012052700100010,2012년 5월 27일 00시,일요일,부산광역시 금정구 장전동,경상사고,0,0,1,0,차대사람 - 기타,안전운전불이행,건조,맑음,단일로 - 기타,승용,남,31세,기타불명,보행자,남,30세,경상
2012052700100011,2012년 5월 27일 00시,일요일,부산광역시 사상구 괘법동,중상사고,0,1,2,0,차대차 - 기타,중앙선침범,건조,맑음,단일로 - 기타,승용,남,32세,상해없음,승용,남,32세,중상
2012052700100012,2012년 5월 27일 00시,일요일,부산광역시 사상구 주례동,경상사고,0,0,1,0,차대차 - 기타,안전운전불이행,건조,맑음,단일로 - 기타,승용,남,27세,상해없음,승용,남,29세,기타불명
2012052700100062,2012년 5월 27일 02시,일요일,부산광역시 부산진구 전포동,경상사고,0,0,1,0,차대사람 - 기타,안전운전불이행,건조,맑음,단일로 - 기타,승용,남,58세,상해없음,보행자,남,29세,경상
2012052700100076,2012년 5월 27일 03시,일요일,부산광역시 중구 남포동1가,경상사고,0,0,1,0,차대차 - 측면직각충돌,신호위반,건조,맑음,교차로 - 교차로안,승용,남,26세,상해없음,승용,남,47세,경상
2012052700100077,2012년 5월 27일 03시,일요일,부산광역시 남구 대연동,부상신고사고,0,0,0,1,차대사람 - 기타,안전운전불이행,건조,맑음,단일로 - 기타,승용,기타불명,기타불명,기타불명,보행자,여,28세,부상신고
2012052700100078,2012년 5월 27일 03시,일요일,부산광역시 북구 덕천동,중상사고,0,2,3,0,차대차 - 측면직각충돌,신호위반,건조,맑음,교차로 - 교차로안,승용,남,28세,상해없음,승용,남,59세,중상
2012052700100079,2012년 5월 27일 03시,일요일,부산광역시 연제구 거제동,중상사고,0,1,1,0,차대차 - 추돌 - 진행중,안전거리미확보,건조,맑음,단일로 - 기타,승용,남,60세,상해없음,승용,남,51세,경상
2012052700100092,2012년 5월 27일 04시,일요일,부산광역시 사상구 모라동,중상사고,0,1,1,0,차량단독 - 공작물충돌,안전운전불이행,건조,맑음,단일로 - 교량,승합,남,59세,경상,,,,
2012052700100111,2012년 5월 27일 05시,일요일,부산광역시 연제구 연산동,중상사고,0,2,0,0,차대차 - 측면직각충돌,신호위반,건조,맑음,교차로 - 교차로안,승용,남,61세,상해없음,승용,남,46세,중상
2012052700100136,2012년 5월 27일 07시,일요일,부산광역시 중구 신창동2가,중상사고,0,1,3,0,차대차 - 측면직각충돌,교차로운행방법위반,건조,맑음,교차로 - 교차로안,이륜,남,50세,중상,승용,남,43세,경상
2012052700100151,2012년 5월 27일 08시,일요일,부산광역시 기장군 기장읍,중상사고,0,1,0,0,차대차 - 측면직각충돌,안전운전불이행,건조,맑음,교차로 - 교차로안,화물,남,45세,상해없음,자전거,남,41세,중상
2012052700100159,2012년 5월 27일 09시,일요일,부산광역시 북구 화명동,경상사고,0,0,4,0,차대차 - 추돌 - 주정차중,안전운전불이행,건조,맑음,단일로 - 기타,승용,여,43세,경상,승용,남,53세,경상
2012052700100202,2012년 5월 27일 11시,일요일,부산광역시 서구 서대신동1가,경상사고,0,0,1,0,차대차 - 측면직각충돌,교차로운행방법위반,건조,맑음,교차로 - 교차로안,승용,여,44세,상해없음,승용,남,57세,상해없음
2012052700100203,2012년 5월 27일 11시,일요일,부산광역시 기장군 기장읍,사망사고,1,0,0,0,차대차 - 정면충돌,신호위반,건조,맑음,교차로 - 교차로안,승용,여,35세,기타불명,이륜,남,28세,사망
2012052700100231,2012년 5월 27일 12시,일요일,부산광역시 북구 구포동,경상사고,0,0,2,0,차대차 - 측면직각충돌,안전거리미확보,건조,맑음,단일로 - 기타,승용,남,47세,상해없음,승용,남,63세,경상
2012052700100261,2012년 5월 27일 13시,일요일,부산광역시 해운대구 반송동,중상사고,0,1,1,0,차대차 - 측면직각충돌,안전운전불이행,건조,맑음,단일로 - 기타,승용,남,46세,상해없음,승용,남,32세,중상
2012052700100262,2012년 5월 27일 13시,일요일,부산광역시 사하구 하단동,경상사고,0,0,1,0,차대사람 - 기타,안전운전불이행,건조,맑음,단일로 - 기타,승용,남,32세,상해없음,보행자,여,53세,경상
2012052700100263,2012년 5월 27일 13시,일요일,부산광역시 연제구 연산동,부상신고사고,0,0,0,2,차대차 - 측면직각충돌,안전거리미확보,건조,맑음,교차로 - 교차로안,승용,남,31세,상해없음,승용,남,30세,부상신고
2012052700100288,2012년 5월 27일 14시,일요일,부산광역시 사하구 장림동,부상신고사고,0,0,0,1,차대사람 - 횡단중,안전운전불이행,건조,맑음,단일로 - 기타,승용,기타불명,기타불명,기타불명,보행자,남,60세,부상신고
2012052700100312,2012년 5월 27일 15시,일요일,부산광역시 중구 영주동,중상사고,0,1,0,0,차대사람 - 기타,안전운전불이행,건조,맑음,교차로 - 교차로부근,승합,남,56세,상해없음,보행자,남,63세,중상
2012052700100313,2012년 5월 27일 15시,일요일,부산광역시 해운대구 반송동,경상사고,0,0,1,0,차대사람 - 기타,안전운전불이행,건조,맑음,단일로 - 기타,승합,남,51세,상해없음,보행자,남,78세,경상
2012052700100314,2012년 5월 27일 15시,일요일,부산광역시 금정구 노포동,중상사고,0,1,3,0,차대차 - 추돌 - 주정차중,안전운전불이행,건조,맑음,교차로 - 교차로부근,승용,남,50세,상해없음,승용,남,42세,경상
2012052700100340,2012년 5월 27일 16시,일요일,부산광역시 서구 남부민동,중상사고,0,1,0,0,차대차 - 추돌 - 진행중,안전운전불이행,건조,맑음,단일로 - 기타,화물,남,42세,상해없음,이륜,남,19세,중상
2012052700100341,2012년 5월 27일 16시,일요일,부산광역시 남구 우암동,경상사고,0,0,1,0,차대차 - 기타,신호위반,건조,맑음,단일로 - 횡단보도상,화물,남,52세,상해없음,자전거,남,51세,경상
2012052700100342,2012년 5월 27일 16시,일요일,부산광역시 해운대구 재송동,경상사고,0,0,2,0,차대차 - 추돌 - 진행중,안전운전불이행,건조,맑음,단일로 - 기타,승용,여,32세,상해없음,승용,남,41세,상해없음
2012052700100343,2012년 5월 27일 16시,일요일,부산광역시 해운대구 재송동,중상사고,0,1,7,1,차대차 - 추돌 - 진행중,차로위반,건조,맑음,단일로 - 기타,승합,남,49세,상해없음,승용,여,52세,상해없음
2012052700100344,2012년 5월 27일 16시,일요일,부산광역시 기장군 기장읍,경상사고,0,0,1,0,차대사람 - 길가장자리구역통행중,안전운전불이행,건조,맑음,단일로 - 기타,승용,남,58세,상해없음,보행자,남,43세,경상
2012052700100409,2012년 5월 27일 18시,일요일,부산광역시 서구 서대신동3가,경상사고,0,0,1,0,차대차 - 측면직각충돌,안전거리미확보,건조,맑음,단일로 - 기타,승합,남,71세,상해없음,승용,남,37세,상해없음
2012052700100410,2012년 5월 27일 18시,일요일,부산광역시 서구 서대신동1가,경상사고,0,0,1,0,차대차 - 측면직각충돌,안전운전불이행,건조,맑음,단일로 - 기타,승용,기타불명,기타불명,기타불명,승용,남,34세,상해없음
2012052700100411,2012년 5월 27일 18시,일요일,부산광역시 남구 문현동,경상사고,0,0,1,0,차대사람 - 기타,기타,건조,맑음,단일로 - 기타,승용,여,41세,상해없음,보행자,여,5세,경상
2012052700100412,2012년 5월 27일 18시,일요일,부산광역시 수영구 민락동,경상사고,0,0,1,0,차대차 - 정면충돌,교차로운행방법위반,건조,맑음,교차로 - 교차로부근,승용,여,46세,상해없음,승용,남,51세,경상
2012052700100413,2012년 5월 27일 18시,일요일,부산광역시 금정구 남산동,부상신고사고,0,0,0,3,차대차 - 추돌 - 주정차중,안전거리미확보,건조,맑음,교차로 - 교차로부근,승용,남,41세,부상신고,승용,여,55세,부상신고
2012052700100414,2012년 5월 27일 18시,일요일,부산광역시 금정구 금성동,경상사고,0,0,1,0,차대사람 - 기타,안전운전불이행,건조,맑음,단일로 - 기타,승용,남,27세,기타불명,보행자,남,50세,경상
2012052700100471,2012년 5월 27일 20시,일요일,부산광역시 금정구 금사동,경상사고,0,0,3,0,차대차 - 측면직각충돌,교차로운행방법위반,건조,맑음,교차로 - 교차로안,승용,여,49세,상해없음,승용,여,48세,경상
2012052700100504,2012년 5월 27일 21시,일요일,부산광역시 사하구 괴정동,경상사고,0,0,1,0,차대차 - 측면직각충돌,안전거리미확보,건조,맑음,교차로 - 교차로부근,승용,남,42세,상해없음,이륜,남,17세,경상
2012052700100529,2012년 5월 27일 22시,일요일,부산광역시 동래구 안락동,경상사고,0,0,1,0,차대차 - 측면직각충돌,차로위반,건조,맑음,단일로 - 기타,승용,남,28세,상해없음,이륜,남,76세,경상
2012052700100530,2012년 5월 27일 22시,일요일,부산광역시 해운대구 송정동,사망사고,2,0,0,0,차대사람 - 횡단중,안전운전불이행,건조,맑음,단일로 - 횡단보도부근,승합,남,59세,상해없음,보행자,남,32세,사망
2012052700100554,2012년 5월 27일 23시,일요일,부산광역시 수영구 광안동,중상사고,0,1,0,0,차대차 - 기타,안전운전불이행,건조,맑음,단일로 - 기타,승용,남,60세,상해없음,자전거,여,25세,중상
2012052700100555,2012년 5월 27일 23시,일요일,부산광역시 수영구 광안동,중상사고,0,1,0,0,차대사람 - 횡단중,안전운전불이행,건조,맑음,교차로 - 교차로안,승용,남,27세,상해없음,보행자,남,71세,중상
2012052700100556,2012년 5월 27일 23시,일요일,부산광역시 기장군 철마면,중상사고,0,1,0,0,차량단독 - 공작물충돌,안전운전불이행,건조,맑음,단일로 - 기타,승용,여,19세,상해없음,,,,
2012052800100003,2012년 5월 28일 00시,월요일,부산광역시 수영구 광안동,중상사고,0,1,0,0,차대사람 - 횡단중,안전운전불이행,건조,맑음,단일로 - 기타,승용,남,19세,상해없음,보행자,여,60세,중상
2012052800100004,2012년 5월 28일 00시,월요일,부산광역시 남구 대연동,중상사고,0,1,0,0,차대차 - 측면직각충돌,안전운전불이행,건조,맑음,단일로 - 기타,승용,남,34세,상해없음,이륜,남,16세,중상
2012052800100005,2012년 5월 28일 00시,월요일,부산광역시 수영구 광안동,경상사고,0,0,1,0,차대사람 - 기타,안전운전불이행,건조,맑음,단일로 - 기타,승용,남,35세,상해없음,보행자,여,44세,경상
2012052800100006,2012년 5월 28일 00시,월요일,부산광역시 수영구 남천동,부상신고사고,0,0,0,1,차대사람 - 기타,안전운전불이행,건조,맑음,교차로 - 교차로부근,기타불명,기타불명,기타불명,기타불명,보행자,남,55세,부상신고
2012052800100019,2012년 5월 28일 01시,월요일,부산광역시 수영구 망미동,경상사고,0,0,3,0,차대차 - 기타,교차로운행방법위반,건조,맑음,교차로 - 교차로안,승용,남,57세,상해없음,승용,남,53세,상해없음
2012052800100020,2012년 5월 28일 01시,월요일,부산광역시 사상구 모라동,경상사고,0,0,1,0,차대차 - 측면직각충돌,중앙선침범,건조,맑음,단일로 - 기타,승용,남,54세,상해없음,승용,남,53세,경상
2012052800100055,2012년 5월 28일 04시,월요일,부산광역시 동래구 온천동,경상사고,0,0,1,0,차대사람 - 기타,안전운전불이행,건조,맑음,교차로 - 교차로안,승용,남,60세,상해없음,보행자,남,55세,경상
2012052800100056,2012년 5월 28일 04시,월요일,부산광역시 해운대구 송정동,중상사고,0,1,0,1,차량단독 - 전도전복,안전운전불이행,건조,맑음,단일로 - 기타,승용,여,24세,부상신고,,,,
2012052800100092,2012년 5월 28일 07시,월요일,부산광역시 해운대구 반송동,경상사고,0,0,2,0,차대사람 - 기타,중앙선침범,건조,맑음,기타 - 기타,승용,남,68세,상해없음,보행자,여,53세,경상
2012052800100093,2012년 5월 28일 07시,월요일,부산광역시 금정구 장전동,경상사고,0,0,1,0,차대차 - 측면직각충돌,교차로운행방법위반,건조,맑음,교차로 - 교차로안,이륜,남,23세,경상,승용,남,55세,상해없음
2012052800100094,2012년 5월 28일 07시,월요일,부산광역시 금정구 남산동,중상사고,0,1,0,0,차대차 - 측면직각충돌,중앙선침범,건조,맑음,단일로 - 기타,승용,남,45세,상해없음,이륜,남,57세,중상
2012052800100095,2012년 5월 28일 07시,월요일,부산광역시 사상구 모라동,중상사고,0,1,0,0,차량단독 - 전도전복,안전운전불이행,건조,맑음,단일로 - 기타,화물,남,30세,중상,,,,
2012052800100108,2012년 5월 28일 08시,월요일,부산광역시 수영구 광안동,경상사고,0,0,1,0,차대사람 - 기타,안전운전불이행,건조,맑음,교차로 - 교차로안,승용,남,47세,상해없음,보행자,남,43세,경상
2012052800100109,2012년 5월 28일 08시,월요일,부산광역시 동래구 명장동,경상사고,0,0,3,0,차대차 - 측면직각충돌,교차로운행방법위반,건조,맑음,교차로 - 교차로안,승용,남,25세,상해없음,승용,남,42세,상해없음
2012052800100128,2012년 5월 28일 09시,월요일,부산광역시 남구 대연동,중상사고,0,1,0,0,차대사람 - 횡단중,보행자보호의무위반,건조,맑음,교차로 - 교차로부근,승용,남,58세,상해없음,보행자,남,80세,중상
2012052800100129,2012년 5월 28일 09시,월요일,부산광역시 동래구 온천동,경상사고,0,0,1,0,차대차 - 측면직각충돌,안전거리미확보,건조,맑음,교차로 - 교차로부근,승용,남,59세,상해없음,원동기,남,33세,경상
2012052800100174,2012년 5월 28일 11시,월요일,부산광역시 사하구 괴정동,중상사고,0,1,0,0,차대차 - 추돌 - 진행중,안전거리미확보,건조,맑음,단일로 - 기타,화물,남,51세,상해없음,승용,여,52세,중상
2012052800100204,2012년 5월 28일 12시,월요일,부산광역시 수영구 광안동,중상사고,0,1,0,0,차대차 - 기타,안전운전불이행,건조,맑음,단일로 - 기타,화물,남,38세,상해없음,원동기,남,17세,중상
2012052800100205,2012년 5월 28일 12시,월요일,부산광역시 부산진구 부전동,중상사고,0,1,0,0,차대사람 - 기타,안전운전불이행,건조,맑음,단일로 - 기타,승용,남,39세,상해없음,보행자,남,62세,중상
2012052800100231,2012년 5월 28일 13시,월요일,부산광역시 남구 대연동,경상사고,0,0,2,0,차대차 - 추돌 - 진행중,중앙선침범,건조,맑음,교차로 - 교차로부근,승용,남,56세,상해없음,승용,남,31세,경상
2012052800100269,2012년 5월 28일 14시,월요일,부산광역시 해운대구 송정동,경상사고,0,0,3,0,차대차 - 측면직각충돌,안전운전불이행,건조,맑음,교차로 - 교차로안,승용,여,46세,기타불명,승용,여,54세,상해없음
2012052800100270,2012년 5월 28일 14시,월요일,부산광역시 해운대구 우동,경상사고,0,0,3,0,차대차 - 추돌 - 진행중,안전운전불이행,건조,맑음,단일로 - 기타,화물,남,34세,상해없음,승합,남,39세,경상
2012052800100271,2012년 5월 28일 14시,월요일,부산광역시 사하구 괴정동,경상사고,0,0,1,0,차대차 - 측면직각충돌,안전거리미확보,건조,맑음,단일로 - 기타,승용,남,51세,상해없음,승용,남,50세,경상
2012052800100303,2012년 5월 28일 15시,월요일,부산광역시 수영구 광안동,부상신고사고,0,0,0,1,차대차 - 추돌 - 주정차중,안전운전불이행,건조,맑음,단일로 - 기타,이륜,남,52세,부상신고,이륜,남,50세,상해없음
2012052800100304,2012년 5월 28일 15시,월요일,부산광역시 강서구 명지동,중상사고,0,1,0,1,차대차 - 측면직각충돌,신호위반,건조,맑음,교차로 - 교차로안,이륜,남,38세,상해없음,승용,여,50세,부상신고
2012052800100339,2012년 5월 28일 16시,월요일,부산광역시 동구 초량동,경상사고,0,0,2,0,차대차 - 측면직각충돌,안전거리미확보,건조,맑음,단일로 - 기타,승용,여,31세,상해없음,승용,남,33세,상해없음
2012052800100340,2012년 5월 28일 16시,월요일,부산광역시 수영구 민락동,중상사고,0,1,0,0,차대차 - 기타,안전운전불이행,건조,맑음,단일로 - 기타,승용,남,70세,상해없음,이륜,남,44세,중상
2012052800100341,2012년 5월 28일 16시,월요일,부산광역시 사하구 다대동,경상사고,0,0,1,0,차대사람 - 길가장자리구역통행중,안전운전불이행,건조,맑음,단일로 - 기타,승용,남,54세,상해없음,보행자,여,61세,경상
2012052800100377,2012년 5월 28일 17시,월요일,부산광역시 서구 남부민동,중상사고,0,2,0,0,차대차 - 기타,안전운전불이행,건조,맑음,단일로 - 기타,원동기,기타불명,기타불명,기타불명,화물,남,45세,중상
2012052800100409,2012년 5월 28일 18시,월요일,부산광역시 부산진구 양정동,중상사고,0,1,2,0,차대차 - 기타,신호위반,기타,맑음,교차로 - 교차로안,승용,남,39세,상해없음,승용,남,64세,경상
2012052800100410,2012년 5월 28일 18시,월요일,부산광역시 금정구 두구동,중상사고,0,1,0,0,차대사람 - 기타,안전운전불이행,건조,맑음,기타 - 기타,자전거,남,13세,상해없음,보행자,여,32세,중상
2012052800100441,2012년 5월 28일 19시,월요일,부산광역시 서구 토성동3가,중상사고,0,1,0,0,차량단독 - 기타,기타,기타,맑음,단일로 - 기타,승합,남,54세,기타불명,,,,
2012052800100442,2012년 5월 28일 19시,월요일,부산광역시 북구 금곡동,경상사고,0,0,1,0,차대사람 - 횡단중,신호위반,건조,맑음,교차로 - 교차로부근,승용,남,68세,상해없음,보행자,여,25세,경상
2012052800100463,2012년 5월 28일 20시,월요일,부산광역시 동래구 온천동,경상사고,0,0,1,0,차대차 - 기타,안전운전불이행,건조,맑음,단일로 - 기타,승용,여,49세,상해없음,자전거,남,22세,경상
2012052800100464,2012년 5월 28일 20시,월요일,부산광역시 사하구 괴정동,경상사고,0,0,1,0,차대사람 - 보도통행중,신호위반,건조,맑음,단일로 - 기타,이륜,남,16세,상해없음,보행자,여,14세,경상
2012052800100465,2012년 5월 28일 20시,월요일,부산광역시 사상구 모라동,경상사고,0,0,1,0,차대차 - 추돌 - 주정차중,안전운전불이행,건조,맑음,교차로 - 교차로부근,화물,기타불명,기타불명,기타불명,승용,남,39세,경상
2012052800100493,2012년 5월 28일 21시,월요일,부산광역시 사하구 신평동,경상사고,0,0,1,0,차대사람 - 횡단중,안전운전불이행,건조,맑음,단일로 - 기타,이륜,남,18세,상해없음,보행자,여,2세,경상
2012052800100494,2012년 5월 28일 21시,월요일,부산광역시 사상구 괘법동,경상사고,0,0,1,0,차대사람 - 길가장자리구역통행중,안전운전불이행,건조,맑음,단일로 - 기타,승용,남,31세,상해없음,보행자,남,32세,경상
2012052800100516,2012년 5월 28일 22시,월요일,부산광역시 중구 창선동2가,중상사고,0,1,0,0,차대사람 - 길가장자리구역통행중,안전운전불이행,건조,맑음,단일로 - 기타,승용,남,25세,상해없음,보행자,남,62세,중상
2012052800100517,2012년 5월 28일 22시,월요일,부산광역시 기장군 일광면,중상사고,0,2,0,0,차대차 - 측면직각충돌,안전운전불이행,건조,맑음,단일로 - 기타,원동기,남,25세,중상,원동기,남,21세,중상
2012052800100543,2012년 5월 28일 23시,월요일,부산광역시 북구 구포동,중상사고,0,1,0,0,차대사람 - 횡단중,안전운전불이행,건조,맑음,단일로 - 기타,승용,남,43세,상해없음,보행자,남,57세,중상
2012052900100006,2012년 5월 29일 00시,화요일,부산광역시 사상구 학장동,중상사고,0,1,0,0,차대차 - 측면직각충돌,신호위반,건조,맑음,교차로 - 교차로안,승용,남,36세,상해없음,승용,남,24세,중상
2012052900100034,2012년 5월 29일 03시,화요일,부산광역시 동래구 사직동,중상사고,0,1,0,0,차량단독 - 전도전복,안전운전불이행,건조,맑음,교차로 - 교차로안,이륜,남,27세,상해없음,,,,
2012052900100040,2012년 5월 29일 04시,화요일,부산광역시 영도구 영선동1가,중상사고,0,1,0,0,차대차 - 추돌 - 진행중,신호위반,건조,흐림,교차로 - 교차로안,승용,남,65세,상해없음,이륜,남,46세,중상
2012052900100041,2012년 5월 29일 04시,화요일,부산광역시 부산진구 양정동,경상사고,0,0,1,0,차대사람 - 기타,안전운전불이행,건조,맑음,단일로 - 기타,승용,남,49세,상해없음,보행자,남,20세,경상
2012052900100053,2012년 5월 29일 06시,화요일,부산광역시 해운대구 중동,중상사고,0,1,0,0,차대차 - 추돌 - 진행중,안전거리미확보,건조,맑음,미분류 - 미분류,화물,남,43세,상해없음,승용,남,36세,중상
2012052900100068,2012년 5월 29일 07시,화요일,부산광역시 해운대구 반여동,경상사고,0,0,1,0,차대사람 - 기타,안전운전불이행,건조,맑음,기타 - 기타,승용,남,58세,상해없음,보행자,남,47세,경상
2012052900100092,2012년 5월 29일 08시,화요일,부산광역시 수영구 민락동,중상사고,0,1,0,0,차대사람 - 기타,안전운전불이행,건조,맑음,단일로 - 기타,승용,남,71세,상해없음,보행자,남,62세,중상
2012052900100093,2012년 5월 29일 08시,화요일,부산광역시 남구 문현동,중상사고,0,1,0,0,차대차 - 측면직각충돌,교차로운행방법위반,건조,맑음,교차로 - 교차로안,승용,여,49세,상해없음,승용,여,39세,중상
2012052900100094,2012년 5월 29일 08시,화요일,부산광역시 해운대구 반송동,중상사고,0,1,0,0,차대사람 - 횡단중,보행자보호의무위반,건조,맑음,교차로 - 교차로안,승용,여,60세,상해없음,보행자,남,57세,중상
2012052900100096,2012년 5월 29일 08시,화요일,부산광역시 기장군 정관면,중상사고,0,1,0,0,차대사람 - 기타,안전운전불이행,건조,맑음,단일로 - 기타,특수,기타불명,기타불명,기타불명,보행자,여,69세,중상
2012052900100097,2012년 5월 29일 08시,화요일,부산광역시 기장군 정관면,중상사고,0,1,0,0,차대사람 - 기타,안전운전불이행,건조,맑음,단일로 - 기타,승용,남,37세,상해없음,보행자,여,54세,중상
2012052900100141,2012년 5월 29일 09시,화요일,부산광역시 해운대구 우동,중상사고,0,1,0,0,차대사람 - 기타,안전운전불이행,건조,맑음,단일로 - 횡단보도상,승용,남,63세,상해없음,보행자,남,23세,중상
2012052900100142,2012년 5월 29일 09시,화요일,부산광역시 금정구 장전동,경상사고,0,0,1,0,차대차 - 측면직각충돌,교차로운행방법위반,건조,맑음,교차로 - 교차로안,승용,남,52세,상해없음,승용,남,43세,경상
2012052900100143,2012년 5월 29일 09시,화요일,부산광역시 강서구 녹산동,중상사고,0,1,0,0,차대차 - 추돌 - 주정차중,안전운전불이행,건조,맑음,단일로 - 기타,화물,남,41세,상해없음,승용,여,40세,중상
2012052900100170,2012년 5월 29일 10시,화요일,부산광역시 수영구 민락동,경상사고,0,0,1,0,차대차 - 측면직각충돌,신호위반,건조,맑음,교차로 - 교차로안,화물,남,43세,상해없음,승용,남,33세,경상
2012052900100171,2012년 5월 29일 10시,화요일,부산광역시 사하구 하단동,경상사고,0,0,2,0,차대차 - 추돌 - 진행중,안전거리미확보,건조,맑음,교차로 - 교차로부근,화물,남,54세,상해없음,승용,여,31세,경상
2012052900100172,2012년 5월 29일 10시,화요일,부산광역시 연제구 거제동,중상사고,0,1,0,0,차대사람 - 횡단중,안전운전불이행,건조,맑음,교차로 - 교차로부근,승용,여,30세,상해없음,보행자,여,57세,중상