사고번호,사고일시,요일,시군구,사고내용,사망자수,중상자수,경상자수,부상신고자수,사고유형,법규위반,노면상태,기상상태,도로형태,가해운전자 차종,가해운전자 성별,가해운전자 연령,가해운전자 상해정도,피해운전자 차종,피해운전자 성별,피해운전자 연령,피해운전자 상해정도
2012052900100173,2012년 5월 29일 10시,화요일,부산광역시 강서구 녹산동,경상사고,0,0,1,0,차대차 - 추돌 - 주정차중,안전운전불이행,건조,맑음,단일로 - 기타,건설기계,남,38세,상해없음,승용,남,47세,경상
2012052900100203,2012년 5월 29일 11시,화요일,부산광역시 부산진구 양정동,경상사고,0,0,2,0,차대차 - 측면직각충돌,신호위반,건조,맑음,교차로 - 교차로안,승용,남,56세,상해없음,승용,남,33세,경상
2012052900100204,2012년 5월 29일 11시,화요일,부산광역시 사하구 당리동,경상사고,0,0,1,0,차대차 - 추돌 - 진행중,안전거리미확보,건조,맑음,교차로 - 교차로부근,화물,남,59세,상해없음,승용,남,60세,경상
2012052900100223,2012년 5월 29일 12시,화요일,부산광역시 금정구 장전동,경상사고,0,0,2,0,차대차 - 측면직각충돌,교차로운행방법위반,건조,맑음,교차로 - 교차로안,승용,남,46세,상해없음,승용,남,33세,경상
2012052900100242,2012년 5월 29일 13시,화요일,부산광역시 기장군 기장읍,중상사고,0,1,0,0,차대사람 - 횡단중,보행자보호의무위반,건조,맑음,교차로 - 교차로부근,승용,남,58세,상해없음,보행자,여,6세,중상
2012052900100273,2012년 5월 29일 14시,화요일,부산광역시 동구 초량동,경상사고,0,0,1,0,차대차 - 측면직각충돌,안전거리미확보,건조,맑음,단일로 - 기타,화물,남,28세,기타불명,승용,여,35세,경상
2012052900100274,2012년 5월 29일 14시,화요일,부산광역시 금정구 구서동,경상사고,0,0,1,0,차대사람 - 기타,안전운전불이행,건조,맑음,단일로 - 기타,승용,여,51세,상해없음,보행자,남,19세,경상
2012052900100275,2012년 5월 29일 14시,화요일,부산광역시 강서구 성북동,중상사고,0,1,2,0,차대차 - 추돌 - 진행중,안전운전불이행,건조,맑음,단일로 - 터널,승용,남,46세,상해없음,승용,남,65세,경상
2012052900100311,2012년 5월 29일 15시,화요일,부산광역시 북구 금곡동,중상사고,0,1,0,0,차대차 - 기타,안전운전불이행,건조,맑음,단일로 - 기타,건설기계,남,51세,상해없음,승용,남,37세,중상
2012052900100312,2012년 5월 29일 15시,화요일,부산광역시 부산진구 양정동,경상사고,0,0,1,0,차대차 - 기타,교차로운행방법위반,건조,맑음,교차로 - 교차로안,승용,여,23세,상해없음,화물,남,31세,경상
2012052900100348,2012년 5월 29일 16시,화요일,부산광역시 기장군 기장읍,중상사고,0,2,0,0,차대차 - 측면직각충돌,신호위반,건조,맑음,교차로 - 교차로안,승합,남,51세,상해없음,승용,여,53세,중상
2012052900100376,2012년 5월 29일 17시,화요일,부산광역시 동래구 사직동,부상신고사고,0,0,0,1,차대차 - 측면직각충돌,안전운전불이행,건조,맑음,교차로 - 교차로안,승용,남,59세,상해없음,자전거,남,12세,부상신고
2012052900100377,2012년 5월 29일 17시,화요일,부산광역시 해운대구 반송동,경상사고,0,0,1,0,차대차 - 추돌 - 진행중,교차로운행방법위반,건조,맑음,단일로 - 기타,승용,남,67세,상해없음,승용,남,51세,경상
2012052900100378,2012년 5월 29일 17시,화요일,부산광역시 해운대구 중동,중상사고,0,2,0,0,차량단독 - 기타,안전운전불이행,건조,맑음,단일로 - 기타,승합,남,36세,상해없음,,,,
2012052900100422,2012년 5월 29일 18시,화요일,부산광역시 해운대구 반여동,중상사고,0,1,0,0,차대사람 - 횡단중,보행자보호의무위반,건조,기타,단일로 - 횡단보도상,승용,남,39세,상해없음,보행자,여,34세,중상
2012052900100423,2012년 5월 29일 18시,화요일,부산광역시 금정구 금사동,경상사고,0,0,1,0,차대차 - 측면직각충돌,교차로운행방법위반,건조,맑음,교차로 - 교차로안,승합,남,58세,상해없음,자전거,여,51세,경상
2012052900100453,2012년 5월 29일 19시,화요일,부산광역시 북구 덕천동,경상사고,0,0,1,0,차대차 - 추돌 - 진행중,안전운전불이행,건조,맑음,단일로 - 기타,승용,여,52세,상해없음,원동기,남,49세,경상
2012052900100454,2012년 5월 29일 19시,화요일,부산광역시 동래구 온천동,중상사고,0,1,0,0,차대사람 - 차도통행중,안전운전불이행,건조,맑음,단일로 - 기타,승합,남,57세,상해없음,보행자,남,15세,중상
2012052900100455,2012년 5월 29일 19시,화요일,부산광역시 동래구 온천동,경상사고,0,0,1,0,차대차 - 기타,안전운전불이행,건조,맑음,단일로 - 기타,승용,남,36세,상해없음,승합,여,43세,상해없음
2012052900100484,2012년 5월 29일 20시,화요일,부산광역시 동구 수정동,경상사고,0,0,1,0,차대차 - 측면직각충돌,중앙선침범,건조,맑음,단일로 - 기타,원동기,남,16세,상해없음,이륜,남,47세,경상
2012052900100514,2012년 5월 29일 21시,화요일,부산광역시 부산진구 전포동,경상사고,0,0,1,0,차대사람 - 기타,안전운전불이행,건조,기타,단일로 - 기타,승용,남,48세,상해없음,보행자,남,18세,경상
2012052900100515,2012년 5월 29일 21시,화요일,부산광역시 사하구 당리동,중상사고,0,1,0,0,차대사람 - 기타,안전운전불이행,건조,맑음,단일로 - 기타,승용,남,39세,상해없음,보행자,남,64세,중상
2012052900100516,2012년 5월 29일 21시,화요일,부산광역시 강서구 명지동,중상사고,0,1,0,0,차대차 - 추돌 - 진행중,안전운전불이행,건조,맑음,단일로 - 기타,승용,남,46세,상해없음,화물,남,39세,중상
2012052900100566,2012년 5월 29일 23시,화요일,부산광역시 동래구 안락동,경상사고,0,0,1,0,차대차 - 추돌 - 진행중,안전거리미확보,건조,맑음,단일로 - 기타,이륜,남,18세,상해없음,승용,남,60세,경상
2012053000100003,2012년 5월 30일 00시,수요일,부산광역시 해운대구 우동,중상사고,0,1,0,2,차대차 - 측면직각충돌,신호위반,건조,맑음,교차로 - 교차로안,승용,남,23세,상해없음,화물,남,53세,중상
2012053000100004,2012년 5월 30일 00시,수요일,부산광역시 사상구 감전동,경상사고,0,0,2,1,차대차 - 기타,안전운전불이행,건조,맑음,교차로 - 교차로부근,승용,남,34세,부상신고,승용,남,66세,경상
2012053000100019,2012년 5월 30일 01시,수요일,부산광역시 연제구 연산동,경상사고,0,0,2,0,차대차 - 측면직각충돌,안전운전불이행,건조,맑음,단일로 - 횡단보도부근,승용,남,50세,상해없음,승용,남,66세,상해없음
2012053000100032,2012년 5월 30일 02시,수요일,부산광역시 해운대구 우동,경상사고,0,0,2,0,차대차 - 추돌 - 주정차중,불법유턴,건조,맑음,교차로 - 교차로안,승용,남,58세,상해없음,승용,남,34세,경상
2012053000100033,2012년 5월 30일 02시,수요일,부산광역시 금정구 장전동,중상사고,0,1,0,0,차대차 - 측면직각충돌,직진우회전진행방해,건조,맑음,교차로 - 교차로안,승용,여,43세,상해없음,승용,남,37세,상해없음
2012053000100065,2012년 5월 30일 06시,수요일,부산광역시 사상구 삼락동,경상사고,0,0,1,0,차대차 - 기타,안전운전불이행,건조,맑음,단일로 - 횡단보도상,자전거,남,69세,경상,화물,남,74세,상해없음
2012053000100093,2012년 5월 30일 08시,수요일,부산광역시 연제구 연산동,경상사고,0,0,1,0,차대차 - 기타,기타,건조,맑음,단일로 - 기타,승용,남,54세,상해없음,원동기,남,26세,경상
2012053000100094,2012년 5월 30일 08시,수요일,부산광역시 기장군 기장읍,경상사고,0,0,1,0,차대차 - 정면충돌,안전운전불이행,건조,맑음,교차로 - 교차로안,화물,남,49세,상해없음,승용,여,40세,경상
2012053000100128,2012년 5월 30일 09시,수요일,부산광역시 사하구 신평동,중상사고,0,2,0,0,차대차 - 측면직각충돌,신호위반,건조,맑음,교차로 - 교차로안,승용,남,63세,상해없음,이륜,남,47세,중상
2012053000100129,2012년 5월 30일 09시,수요일,부산광역시 연제구 연산동,부상신고사고,0,0,0,1,차대사람 - 기타,안전운전불이행,건조,맑음,교차로 - 교차로부근,기타불명,기타불명,기타불명,기타불명,보행자,여,35세,부상신고
2012053000100149,2012년 5월 30일 10시,수요일,부산광역시 남구 감만동,중상사고,0,1,0,0,차대차 - 측면직각충돌,안전운전불이행,건조,맑음,교차로 - 교차로안,특수,남,59세,상해없음,이륜,남,57세,중상
2012053000100150,2012년 5월 30일 10시,수요일,부산광역시 부산진구 가야동,중상사고,0,1,0,0,차대차 - 기타,안전운전불이행,건조,맑음,단일로 - 기타,승용,여,38세,상해없음,승용,남,49세,상해없음
2012053000100182,2012년 5월 30일 11시,수요일,부산광역시 중구 남포동6가,경상사고,0,0,1,0,차대차 - 측면직각충돌,안전운전불이행,건조,맑음,단일로 - 기타,승합,여,25세,상해없음,이륜,남,28세,경상
2012053000100183,2012년 5월 30일 11시,수요일,부산광역시 사상구 괘법동,부상신고사고,0,0,0,1,차대차 - 측면직각충돌,안전운전불이행,건조,맑음,교차로 - 교차로부근,승용,남,20세,상해없음,자전거,남,21세,부상신고
2012053000100210,2012년 5월 30일 12시,수요일,부산광역시 기장군 기장읍,중상사고,0,1,0,0,차대차 - 측면직각충돌,중앙선침범,건조,맑음,단일로 - 기타,화물,남,34세,상해없음,승용,남,55세,중상
2012053000100237,2012년 5월 30일 13시,수요일,부산광역시 강서구 송정동,중상사고,0,1,0,0,차대차 - 측면직각충돌,신호위반,건조,맑음,교차로 - 교차로안,승용,남,45세,상해없음,이륜,남,52세,중상
2012053000100266,2012년 5월 30일 14시,수요일,부산광역시 사하구 괴정동,중상사고,0,1,0,0,차대차 - 측면직각충돌,안전거리미확보,건조,맑음,단일로 - 기타,승용,남,61세,상해없음,이륜,남,27세,중상
2012053000100267,2012년 5월 30일 14시,수요일,부산광역시 수영구 망미동,경상사고,0,0,1,0,차대차 - 추돌 - 진행중,교차로운행방법위반,건조,맑음,교차로 - 교차로부근,화물,남,70세,상해없음,승용,여,43세,경상
2012053000100279,2012년 5월 30일 15시,수요일,부산광역시 남구 우암동,경상사고,0,0,1,0,차대차 - 기타,안전거리미확보,건조,맑음,교차로 - 교차로부근,화물,남,50세,상해없음,화물,남,39세,경상
2012053000100280,2012년 5월 30일 15시,수요일,부산광역시 동래구 온천동,중상사고,0,1,0,0,차대사람 - 횡단중,안전운전불이행,건조,맑음,단일로 - 기타,승용,여,39세,상해없음,보행자,남,58세,중상
2012053000100281,2012년 5월 30일 15시,수요일,부산광역시 금정구 서동,중상사고,0,1,0,0,차대사람 - 기타,안전운전불이행,건조,맑음,단일로 - 기타,승용,남,54세,기타불명,보행자,남,45세,중상
2012053000100334,2012년 5월 30일 17시,수요일,부산광역시 중구 중앙동1가,중상사고,0,1,0,0,차대사람 - 기타,안전운전불이행,건조,맑음,단일로 - 기타,승합,남,51세,상해없음,보행자,여,16세,중상
2012053000100335,2012년 5월 30일 17시,수요일,부산광역시 서구 동대신동1가,경상사고,0,0,1,0,차량단독 - 기타,안전운전불이행,건조,맑음,단일로 - 기타,승합,남,47세,상해없음,,,,
2012053000100336,2012년 5월 30일 17시,수요일,부산광역시 해운대구 우동,경상사고,0,0,1,0,차대차 - 측면직각충돌,교차로운행방법위반,건조,맑음,교차로 - 교차로안,승용,여,42세,상해없음,이륜,남,19세,경상
2012053000100376,2012년 5월 30일 18시,수요일,부산광역시 수영구 민락동,사망사고,1,0,2,0,차대차 - 추돌 - 진행중,안전운전불이행,건조,맑음,단일로 - 기타,화물,남,55세,사망,화물,남,57세,경상
2012053000100377,2012년 5월 30일 18시,수요일,부산광역시 부산진구 가야동,경상사고,0,0,2,0,차대차 - 기타,안전운전불이행,건조,맑음,교차로 - 교차로부근,승용,여,51세,상해없음,승용,미분류,기타불명,기타불명
2012053000100378,2012년 5월 30일 18시,수요일,부산광역시 사상구 엄궁동,경상사고,0,0,1,0,차량단독 - 기타,기타,건조,맑음,단일로 - 기타,승합,남,57세,상해없음,,,,
2012053000100414,2012년 5월 30일 19시,수요일,부산광역시 동래구 온천동,부상신고사고,0,0,0,1,차대차 - 측면직각충돌,안전운전불이행,건조,맑음,교차로 - 교차로안,승용,남,44세,상해없음,승용,남,64세,상해없음
2012053000100415,2012년 5월 30일 19시,수요일,부산광역시 해운대구 반여동,경상사고,0,0,1,0,차대사람 - 보도통행중,안전운전불이행,건조,맑음,단일로 - 기타,승용,남,44세,상해없음,보행자,남,64세,경상
2012053000100416,2012년 5월 30일 19시,수요일,부산광역시 해운대구 중동,중상사고,0,1,0,0,차대사람 - 기타,안전운전불이행,건조,맑음,단일로 - 기타,승용,남,68세,상해없음,보행자,남,42세,중상
2012053000100475,2012년 5월 30일 21시,수요일,부산광역시 사상구 괘법동,경상사고,0,0,3,0,차대차 - 측면직각충돌,직진우회전진행방해,건조,맑음,교차로 - 교차로안,승용,남,62세,경상,승용,남,47세,경상
2012053000100476,2012년 5월 30일 21시,수요일,부산광역시 기장군 철마면,경상사고,0,0,1,0,차대차 - 추돌 - 진행중,안전거리미확보,건조,흐림,단일로 - 기타,승용,남,69세,상해없음,승용,남,35세,경상
2012053000100510,2012년 5월 30일 22시,수요일,부산광역시 부산진구 연지동,중상사고,0,1,0,0,차대차 - 기타,안전운전불이행,건조,맑음,교차로 - 교차로안,승용,남,65세,상해없음,이륜,남,22세,중상
2012053000100547,2012년 5월 30일 23시,수요일,부산광역시 사상구 모라동,경상사고,0,0,2,0,차대차 - 측면직각충돌,신호위반,건조,맑음,교차로 - 교차로안,승용,남,55세,상해없음,승용,여,41세,상해없음
2012053100100004,2012년 5월 31일 00시,목요일,부산광역시 남구 대연동,중상사고,0,1,0,0,차대차 - 추돌 - 진행중,신호위반,건조,맑음,교차로 - 교차로안,승용,남,32세,상해없음,원동기,남,28세,중상
2012053100100005,2012년 5월 31일 00시,목요일,부산광역시 부산진구 부전동,중상사고,0,2,1,0,차대차 - 기타,신호위반,건조,맑음,교차로 - 교차로안,승용,남,28세,상해없음,승용,남,57세,중상
2012053100100006,2012년 5월 31일 00시,목요일,부산광역시 사상구 주례동,경상사고,0,0,1,0,차대차 - 측면직각충돌,신호위반,건조,맑음,교차로 - 교차로부근,승용,여,32세,상해없음,승용,남,44세,경상
2012053100100007,2012년 5월 31일 00시,목요일,부산광역시 사상구 학장동,경상사고,0,0,2,0,차대차 - 추돌 - 진행중,안전운전불이행,건조,맑음,교차로 - 교차로부근,승합,남,40세,상해없음,승용,남,27세,경상
2012053100100027,2012년 5월 31일 01시,목요일,부산광역시 수영구 남천동,경상사고,0,0,3,0,차대차 - 측면직각충돌,차로위반,건조,맑음,단일로 - 기타,승용,남,61세,상해없음,승용,남,51세,경상
2012053100100050,2012년 5월 31일 03시,목요일,부산광역시 부산진구 개금동,중상사고,0,2,0,0,차대차 - 기타,안전거리미확보,건조,맑음,교차로 - 교차로안,승용,남,56세,상해없음,승용,남,49세,중상
2012053100100051,2012년 5월 31일 03시,목요일,부산광역시 사하구 하단동,경상사고,0,0,1,0,차대사람 - 기타,안전운전불이행,건조,맑음,단일로 - 기타,승용,남,55세,상해없음,보행자,남,41세,경상
2012053100100075,2012년 5월 31일 06시,목요일,부산광역시 사하구 신평동,경상사고,0,0,1,0,차대사람 - 기타,안전운전불이행,건조,맑음,단일로 - 기타,승용,남,23세,상해없음,보행자,남,31세,경상
2012053100100091,2012년 5월 31일 07시,목요일,부산광역시 북구 덕천동,경상사고,0,0,1,0,차대차 - 추돌 - 진행중,안전거리미확보,건조,맑음,단일로 - 교량,승용,남,31세,상해없음,승용,남,43세,경상
2012053100100116,2012년 5월 31일 08시,목요일,부산광역시 수영구 광안동,중상사고,0,1,0,0,차대사람 - 기타,안전운전불이행,건조,맑음,단일로 - 기타,승용,남,54세,상해없음,보행자,남,67세,중상
2012053100100117,2012년 5월 31일 08시,목요일,부산광역시 부산진구 가야동,중상사고,0,1,0,0,차대차 - 기타,안전거리미확보,건조,맑음,단일로 - 기타,승용,남,45세,상해없음,승용,여,54세,중상
2012053100100118,2012년 5월 31일 08시,목요일,부산광역시 기장군 기장읍,중상사고,0,1,0,0,차대사람 - 기타,안전운전불이행,건조,맑음,단일로 - 기타,화물,남,40세,상해없음,보행자,남,26세,중상
2012053100100170,2012년 5월 31일 10시,목요일,부산광역시 해운대구 우동,중상사고,0,1,0,0,차대사람 - 횡단중,보행자보호의무위반,건조,맑음,교차로 - 교차로부근,화물,남,53세,상해없음,보행자,남,85세,중상
2012053100100172,2012년 5월 31일 10시,목요일,부산광역시 사상구 감전동,경상사고,0,0,1,0,차대차 - 추돌 - 진행중,안전거리미확보,건조,맑음,단일로 - 기타,승용,남,61세,상해없음,승용,여,47세,경상
2012053100100198,2012년 5월 31일 11시,목요일,부산광역시 연제구 연산동,중상사고,0,1,0,0,차대사람 - 횡단중,안전운전불이행,건조,맑음,교차로 - 교차로부근,승용,남,31세,상해없음,보행자,여,38세,중상
2012053100100199,2012년 5월 31일 11시,목요일,부산광역시 강서구 죽동동,중상사고,0,1,0,0,차대차 - 기타,안전운전불이행,건조,맑음,단일로 - 기타,화물,남,54세,상해없음,승용,여,45세,중상
2012053100100227,2012년 5월 31일 12시,목요일,부산광역시 중구 영주동,경상사고,0,0,1,0,차대사람 - 길가장자리구역통행중,안전운전불이행,건조,맑음,단일로 - 기타,승합,남,55세,상해없음,보행자,여,75세,경상
2012053100100228,2012년 5월 31일 12시,목요일,부산광역시 남구 대연동,중상사고,0,1,0,0,차대차 - 측면직각충돌,기타,건조,맑음,교차로 - 교차로안,승용,남,43세,상해없음,이륜,남,41세,중상
2012053100100229,2012년 5월 31일 12시,목요일,부산광역시 동래구 명륜동,부상신고사고,0,0,0,1,차대사람 - 횡단중,안전운전불이행,건조,맑음,단일로 - 횡단보도부근,승용,기타불명,기타불명,기타불명,보행자,남,54세,부상신고
2012053100100230,2012년 5월 31일 12시,목요일,부산광역시 사상구 모라동,경상사고,0,0,1,0,차대차 - 기타,안전운전불이행,건조,맑음,기타 - 기타,원동기,여,24세,경상,화물,남,47세,상해없음
2012053100100287,2012년 5월 31일 14시,목요일,부산광역시 중구 중앙동4가,중상사고,0,1,0,0,차대차 - 추돌 - 주정차중,안전운전불이행,건조,맑음,교차로 - 교차로부근,승합,여,51세,상해없음,승용,남,42세,상해없음
2012053100100288,2012년 5월 31일 14시,목요일,부산광역시 수영구 남천동,경상사고,0,0,1,0,차대차 - 추돌 - 진행중,안전거리미확보,건조,맑음,단일로 - 기타,승용,남,35세,상해없음,이륜,남,29세,경상
2012053100100289,2012년 5월 31일 14시,목요일,부산광역시 부산진구 양정동,경상사고,0,0,1,0,차대차 - 측면직각충돌,안전운전불이행,건조,맑음,단일로 - 기타,승용,남,23세,상해없음,이륜,남,32세,경상
2012053100100290,2012년 5월 31일 14시,목요일,부산광역시 강서구 명지동,경상사고,0,0,2,0,차대차 - 측면직각충돌,안전거리미확보,건조,맑음,단일로 - 기타,승용,남,52세,상해없음,승용,남,58세,경상
2012053100100291,2012년 5월 31일 14시,목요일,부산광역시 사상구 덕포동,경상사고,0,0,1,0,차대사람 - 횡단중,안전운전불이행,건조,맑음,단일로 - 기타,원동기,남,40세,상해없음,보행자,여,82세,경상
2012053100100318,2012년 5월 31일 15시,목요일,부산광역시 사상구 주례동,경상사고,0,0,2,0,차대차 - 추돌 - 진행중,안전거리미확보,건조,맑음,단일로 - 기타,승용,여,38세,상해없음,승용,여,51세,경상
2012053100100384,2012년 5월 31일 17시,목요일,부산광역시 서구 남부민동,경상사고,0,0,1,0,차대사람 - 기타,안전운전불이행,기타,맑음,단일로 - 기타,승용,남,49세,상해없음,보행자,남,52세,경상
2012053100100385,2012년 5월 31일 17시,목요일,부산광역시 북구 구포동,경상사고,0,0,1,0,차대차 - 기타,교차로운행방법위반,건조,맑음,교차로 - 교차로안,승용,남,52세,상해없음,이륜,남,33세,경상
2012053100100386,2012년 5월 31일 17시,목요일,부산광역시 강서구 송정동,경상사고,0,0,3,0,차대차 - 정면충돌,중앙선침범,건조,맑음,단일로 - 기타,승용,남,48세,상해없음,승용,남,32세,경상
2012053100100425,2012년 5월 31일 18시,목요일,부산광역시 동래구 온천동,경상사고,0,0,1,0,차대차 - 측면직각충돌,차로위반,건조,맑음,단일로 - 기타,승용,여,67세,상해없음,원동기,남,17세,경상
2012053100100426,2012년 5월 31일 18시,목요일,부산광역시 수영구 망미동,중상사고,0,1,0,0,차대차 - 측면직각충돌,교차로운행방법위반,건조,맑음,교차로 - 교차로안,승용,남,22세,상해없음,이륜,남,16세,중상
2012053100100427,2012년 5월 31일 18시,목요일,부산광역시 연제구 연산동,경상사고,0,0,1,0,차대차 - 측면직각충돌,교차로운행방법위반,건조,맑음,교차로 - 교차로안,승용,남,56세,상해없음,승용,남,52세,경상
2012053100100428,2012년 5월 31일 18시,목요일,부산광역시 사상구 괘법동,경상사고,0,0,1,0,차대차 - 측면직각충돌,안전운전불이행,건조,맑음,단일로 - 기타,승용,남,67세,경상,승용,남,52세,상해없음
2012053100100474,2012년 5월 31일 19시,목요일,부산광역시 북구 구포동,중상사고,0,1,4,0,차대차 - 기타,신호위반,건조,맑음,교차로 - 교차로안,승용,남,59세,상해없음,승용,남,49세,경상
2012053100100502,2012년 5월 31일 20시,목요일,부산광역시 부산진구 범천동,중상사고,0,2,0,0,차대차 - 기타,교차로운행방법위반,건조,맑음,교차로 - 교차로안,승용,남,35세,상해없음,승용,남,30세,중상
2012053100100503,2012년 5월 31일 20시,목요일,부산광역시 사하구 하단동,경상사고,0,0,1,0,차대차 - 추돌 - 주정차중,안전운전불이행,건조,맑음,단일로 - 횡단보도부근,승용,여,55세,상해없음,승용,남,44세,경상
2012053100100549,2012년 5월 31일 21시,목요일,부산광역시 해운대구 좌동,경상사고,0,0,1,0,차대차 - 기타,안전운전불이행,건조,맑음,교차로 - 교차로부근,승용,여,38세,상해없음,승용,남,50세,경상
2012053100100550,2012년 5월 31일 21시,목요일,부산광역시 부산진구 전포동,중상사고,0,1,0,0,차대사람 - 횡단중,안전운전불이행,건조,맑음,단일로 - 기타,이륜,남,19세,상해없음,보행자,남,65세,중상
2012053100100551,2012년 5월 31일 21시,목요일,부산광역시 부산진구 당감동,중상사고,0,1,0,0,차대사람 - 기타,안전운전불이행,건조,맑음,단일로 - 기타,승용,남,48세,상해없음,보행자,여,7세,중상
2012053100100592,2012년 5월 31일 22시,목요일,부산광역시 동구 초량동,경상사고,0,0,1,0,차대차 - 측면직각충돌,교차로운행방법위반,건조,맑음,교차로 - 교차로안,승용,여,56세,상해없음,승용,남,57세,경상
2012053100100593,2012년 5월 31일 22시,목요일,부산광역시 동래구 온천동,경상사고,0,0,1,0,차대사람 - 기타,기타,건조,맑음,단일로 - 기타,승합,남,49세,기타불명,보행자,여,54세,경상
2012053100100594,2012년 5월 31일 22시,목요일,부산광역시 부산진구 범천동,경상사고,0,0,2,0,차대차 - 기타,안전운전불이행,건조,맑음,교차로 - 교차로안,이륜,남,27세,상해없음,이륜,남,20세,경상
2012053100100633,2012년 5월 31일 23시,목요일,부산광역시 강서구 대저1동,중상사고,0,1,1,0,차대차 - 추돌 - 주정차중,안전운전불이행,건조,맑음,단일로 - 기타,승용,남,22세,상해없음,승용,남,43세,중상
2012060100100007,2012년 6월 1일 00시,금요일,부산광역시 남구 용호동,경상사고,0,0,1,0,차대사람 - 기타,안전운전불이행,건조,맑음,단일로 - 기타,승용,남,52세,상해없음,보행자,남,26세,경상
2012060100100008,2012년 6월 1일 00시,금요일,부산광역시 연제구 연산동,중상사고,0,1,0,0,차대차 - 기타,신호위반,건조,맑음,단일로 - 기타,승용,남,27세,상해없음,승용,남,55세,중상
2012060100100050,2012년 6월 1일 02시,금요일,부산광역시 사상구 엄궁동,경상사고,0,0,1,0,차대차 - 추돌 - 주정차중,안전거리미확보,건조,맑음,교차로 - 교차로부근,승용,남,47세,상해없음,승용,남,50세,경상
2012060100100069,2012년 6월 1일 04시,금요일,부산광역시 부산진구 범천동,경상사고,0,0,1,0,차대차 - 추돌 - 주정차중,안전운전불이행,건조,흐림,교차로 - 교차로부근,승용,남,67세,상해없음,승용,남,60세,경상
2012060100100089,2012년 6월 1일 06시,금요일,부산광역시 연제구 연산동,경상사고,0,0,1,0,차대차 - 기타,안전거리미확보,건조,맑음,단일로 - 기타,승용,여,52세,상해없음,건설기계,남,48세,경상
2012060100100112,2012년 6월 1일 07시,금요일,부산광역시 북구 덕천동,경상사고,0,0,2,0,차대차 - 추돌 - 주정차중,안전거리미확보,건조,맑음,교차로 - 교차로안,승용,남,30세,상해없음,승용,남,64세,경상
2012060100100140,2012년 6월 1일 08시,금요일,부산광역시 동래구 온천동,중상사고,0,1,0,0,차대차 - 측면직각충돌,신호위반,건조,맑음,교차로 - 교차로안,승용,남,53세,상해없음,화물,남,62세,상해없음
2012060100100141,2012년 6월 1일 08시,금요일,부산광역시 해운대구 재송동,중상사고,0,1,0,0,차대차 - 추돌 - 진행중,안전운전불이행,건조,맑음,단일로 - 기타,화물,남,48세,상해없음,승용,여,49세,중상
2012060100100142,2012년 6월 1일 08시,금요일,부산광역시 부산진구 양정동,중상사고,0,1,1,0,차대차 - 기타,교차로운행방법위반,건조,맑음,교차로 - 교차로안,승용,여,39세,상해없음,승용,남,44세,중상
2012060100100143,2012년 6월 1일 08시,금요일,부산광역시 사상구 감전동,경상사고,0,0,1,0,차대사람 - 기타,안전운전불이행,건조,맑음,단일로 - 기타,승용,여,27세,상해없음,보행자,남,57세,경상
2012060100100192,2012년 6월 1일 09시,금요일,부산광역시 중구 중앙동4가,경상사고,0,0,2,0,차대차 - 추돌 - 진행중,안전운전불이행,건조,맑음,단일로 - 기타,승용,남,60세,상해없음,승합,미분류,기타불명,기타불명
2012060100100193,2012년 6월 1일 09시,금요일,부산광역시 남구 용호동,경상사고,0,0,2,0,차대차 - 추돌 - 주정차중,안전운전불이행,건조,맑음,교차로 - 교차로부근,승용,남,49세,상해없음,승용,남,42세,경상
2012060100100194,2012년 6월 1일 09시,금요일,부산광역시 해운대구 우동,중상사고,0,1,0,0,차대차 - 기타,중앙선침범,건조,맑음,단일로 - 기타,원동기,기타불명,기타불명,기타불명,승용,남,58세,상해없음
2012060100100195,2012년 6월 1일 09시,금요일,부산광역시 부산진구 부암동,경상사고,0,0,1,0,차대차 - 기타,신호위반,건조,맑음,교차로 - 교차로안,승용,남,46세,상해없음,승용,남,55세,경상
2012060100100196,2012년 6월 1일 09시,금요일,부산광역시 기장군 기장읍,경상사고,0,0,1,0,차대차 - 추돌 - 진행중,교차로운행방법위반,건조,맑음,교차로 - 교차로부근,승용,여,49세,상해없음,승용,여,35세,경상
2012060100100219,2012년 6월 1일 10시,금요일,부산광역시 동래구 온천동,중상사고,0,1,0,0,차대차 - 측면직각충돌,교차로운행방법위반,건조,맑음,단일로 - 기타,승용,남,60세,상해없음,이륜,남,20세,중상
2012060100100220,2012년 6월 1일 10시,금요일,부산광역시 해운대구 좌동,중상사고,0,1,0,0,차대사람 - 횡단중,안전운전불이행,건조,맑음,단일로 - 기타,승용,남,31세,상해없음,보행자,여,45세,중상
2012060100100221,2012년 6월 1일 10시,금요일,부산광역시 수영구 수영동,경상사고,0,0,1,0,차대사람 - 기타,안전운전불이행,건조,맑음,기타 - 기타,승용,여,44세,상해없음,보행자,남,59세,경상
2012060100100263,2012년 6월 1일 12시,금요일,부산광역시 수영구 남천동,중상사고,0,2,0,0,차대차 - 측면직각충돌,차로위반,건조,맑음,단일로 - 기타,승용,남,39세,상해없음,원동기,남,24세,중상
2012060100100264,2012년 6월 1일 12시,금요일,부산광역시 해운대구 송정동,중상사고,0,1,1,0,차대차 - 측면직각충돌,신호위반,건조,맑음,교차로 - 교차로안,승합,남,54세,상해없음,승용,남,61세,경상
2012060100100265,2012년 6월 1일 12시,금요일,부산광역시 연제구 연산동,경상사고,0,0,2,0,차대차 - 측면직각충돌,안전거리미확보,건조,맑음,단일로 - 기타,승용,여,54세,상해없음,이륜,남,21세,경상