사고번호,사고일시,요일,시군구,사고내용,사망자수,중상자수,경상자수,부상신고자수,사고유형,법규위반,노면상태,기상상태,도로형태,가해운전자 차종,가해운전자 성별,가해운전자 연령,가해운전자 상해정도,피해운전자 차종,피해운전자 성별,피해운전자 연령,피해운전자 상해정도
2012060100100296,2012년 6월 1일 13시,금요일,부산광역시 북구 화명동,경상사고,0,0,1,0,차대차 - 측면직각충돌,안전운전불이행,건조,맑음,단일로 - 기타,승용,여,30세,상해없음,승용,여,24세,경상
2012060100100297,2012년 6월 1일 13시,금요일,부산광역시 동래구 온천동,중상사고,0,1,0,0,차대사람 - 기타,불법유턴,건조,맑음,단일로 - 기타,승용,기타불명,기타불명,기타불명,보행자,여,52세,중상
2012060100100298,2012년 6월 1일 13시,금요일,부산광역시 사하구 하단동,경상사고,0,0,1,0,차량단독 - 기타,안전운전불이행,건조,맑음,단일로 - 기타,승합,남,49세,상해없음,,,,
2012060100100299,2012년 6월 1일 13시,금요일,부산광역시 연제구 거제동,부상신고사고,0,0,0,1,차대차 - 기타,불법유턴,건조,맑음,교차로 - 교차로부근,승용,여,60세,상해없음,승용,여,34세,부상신고
2012060100100328,2012년 6월 1일 14시,금요일,부산광역시 북구 구포동,경상사고,0,0,1,0,차대사람 - 기타,안전운전불이행,건조,맑음,기타 - 기타,승용,남,49세,기타불명,보행자,남,39세,경상
2012060100100355,2012년 6월 1일 15시,금요일,부산광역시 해운대구 송정동,경상사고,0,0,1,0,차대차 - 추돌 - 주정차중,안전운전불이행,건조,맑음,단일로 - 기타,승용,남,31세,상해없음,승용,남,42세,경상
2012060100100383,2012년 6월 1일 16시,금요일,부산광역시 동래구 안락동,중상사고,0,1,0,0,차대차 - 추돌 - 주정차중,불법유턴,건조,맑음,단일로 - 기타,승용,남,47세,상해없음,화물,미분류,기타불명,기타불명
2012060100100384,2012년 6월 1일 16시,금요일,부산광역시 해운대구 좌동,경상사고,0,0,1,0,차대차 - 측면직각충돌,안전운전불이행,건조,맑음,단일로 - 기타,화물,남,36세,상해없음,승용,여,46세,경상
2012060100100385,2012년 6월 1일 16시,금요일,부산광역시 해운대구 반여동,중상사고,0,1,0,0,차대차 - 측면직각충돌,안전운전불이행,건조,맑음,단일로 - 횡단보도상,승용,여,50세,상해없음,자전거,남,49세,중상
2012060100100386,2012년 6월 1일 16시,금요일,부산광역시 금정구 구서동,부상신고사고,0,0,0,1,차대차 - 측면직각충돌,교차로운행방법위반,건조,맑음,교차로 - 교차로안,이륜,남,71세,부상신고,승합,남,64세,상해없음
2012060100100387,2012년 6월 1일 16시,금요일,부산광역시 강서구 강동동,중상사고,0,1,0,0,차대차 - 기타,안전운전불이행,건조,맑음,단일로 - 기타,화물,남,58세,상해없음,원동기,남,51세,중상
2012060100100388,2012년 6월 1일 16시,금요일,부산광역시 사상구 학장동,경상사고,0,0,1,0,차대차 - 추돌 - 진행중,안전거리미확보,건조,맑음,단일로 - 기타,승용,여,48세,상해없음,화물,남,53세,경상
2012060100100418,2012년 6월 1일 17시,금요일,부산광역시 금정구 구서동,중상사고,0,1,0,0,차대차 - 측면직각충돌,안전거리미확보,건조,맑음,교차로 - 교차로안,승합,남,47세,상해없음,자전거,남,52세,중상
2012060100100419,2012년 6월 1일 17시,금요일,부산광역시 사하구 다대동,경상사고,0,0,1,0,차대사람 - 기타,교차로운행방법위반,건조,맑음,교차로 - 교차로안,승용,여,47세,상해없음,보행자,남,5세,경상
2012060100100420,2012년 6월 1일 17시,금요일,부산광역시 강서구 봉림동,사망사고,1,0,0,0,차대차 - 기타,안전거리미확보,건조,맑음,단일로 - 기타,원동기,남,60세,사망,특수,남,40세,상해없음
2012060100100461,2012년 6월 1일 18시,금요일,부산광역시 동래구 안락동,부상신고사고,0,0,0,3,차대차 - 정면충돌,신호위반,건조,맑음,교차로 - 교차로안,승용,남,70세,상해없음,승용,남,34세,부상신고
2012060100100462,2012년 6월 1일 18시,금요일,부산광역시 연제구 연산동,경상사고,0,0,1,0,차대차 - 측면직각충돌,안전거리미확보,건조,맑음,단일로 - 기타,원동기,남,17세,상해없음,승용,남,58세,경상
2012060100100463,2012년 6월 1일 18시,금요일,부산광역시 기장군 기장읍,경상사고,0,0,1,0,차대사람 - 보도통행중,보행자보호의무위반,건조,맑음,단일로 - 횡단보도상,원동기,남,16세,상해없음,보행자,남,82세,경상
2012060100100499,2012년 6월 1일 19시,금요일,부산광역시 중구 신창동1가,부상신고사고,0,0,0,1,차대사람 - 길가장자리구역통행중,안전운전불이행,건조,맑음,교차로 - 교차로부근,승용,여,55세,상해없음,보행자,여,29세,부상신고
2012060100100500,2012년 6월 1일 19시,금요일,부산광역시 북구 화명동,경상사고,0,0,1,0,차대차 - 추돌 - 진행중,안전운전불이행,건조,맑음,교차로 - 교차로부근,승용,남,51세,상해없음,원동기,남,47세,경상
2012060100100501,2012년 6월 1일 19시,금요일,부산광역시 부산진구 가야동,경상사고,0,0,1,0,차대차 - 추돌 - 진행중,안전거리미확보,건조,맑음,교차로 - 교차로부근,이륜,기타불명,기타불명,기타불명,승용,여,57세,경상
2012060100100502,2012년 6월 1일 19시,금요일,부산광역시 강서구 대저2동,중상사고,0,2,5,1,차대차 - 추돌 - 주정차중,안전거리미확보,건조,맑음,단일로 - 기타,화물,남,60세,상해없음,승합,남,40세,중상
2012060100100526,2012년 6월 1일 20시,금요일,부산광역시 남구 용당동,중상사고,0,1,0,0,차대차 - 추돌 - 진행중,안전운전불이행,건조,맑음,교차로 - 교차로안,승용,남,25세,상해없음,승용,남,37세,중상
2012060100100527,2012년 6월 1일 20시,금요일,부산광역시 부산진구 부전동,중상사고,0,1,0,0,차대차 - 기타,신호위반,건조,맑음,교차로 - 교차로안,이륜,남,52세,상해없음,승용,남,49세,상해없음
2012060100100580,2012년 6월 1일 21시,금요일,부산광역시 수영구 남천동,중상사고,0,1,0,0,차대사람 - 기타,안전운전불이행,건조,맑음,교차로 - 교차로안,승용,남,46세,상해없음,보행자,여,15세,중상
2012060100100618,2012년 6월 1일 22시,금요일,부산광역시 연제구 거제동,경상사고,0,0,1,0,차대차 - 추돌 - 주정차중,안전운전불이행,건조,맑음,단일로 - 기타,승용,남,56세,상해없음,승합,남,50세,경상
2012060100100645,2012년 6월 1일 23시,금요일,부산광역시 해운대구 좌동,중상사고,0,1,1,0,차대차 - 추돌 - 진행중,안전운전불이행,건조,맑음,단일로 - 기타,승용,남,26세,상해없음,승합,남,39세,경상
2012060100100646,2012년 6월 1일 23시,금요일,부산광역시 기장군 일광면,중상사고,0,1,1,0,차대차 - 추돌 - 주정차중,안전운전불이행,건조,맑음,교차로 - 교차로안,승용,남,26세,상해없음,승용,남,45세,중상
2012060200100009,2012년 6월 2일 00시,토요일,부산광역시 수영구 민락동,중상사고,0,1,0,0,차대사람 - 기타,안전운전불이행,건조,맑음,단일로 - 기타,승용,남,28세,상해없음,보행자,남,53세,중상
2012060200100010,2012년 6월 2일 00시,토요일,부산광역시 해운대구 좌동,중상사고,0,1,1,0,차대차 - 측면직각충돌,안전거리미확보,건조,맑음,기타 - 기타,승용,여,26세,상해없음,승용,남,37세,중상
2012060200100011,2012년 6월 2일 00시,토요일,부산광역시 부산진구 초읍동,경상사고,0,0,2,0,차대차 - 기타,안전운전불이행,기타,맑음,단일로 - 기타,승용,남,42세,상해없음,승용,여,36세,경상
2012060200100012,2012년 6월 2일 00시,토요일,부산광역시 부산진구 부전동,경상사고,0,0,1,0,차대차 - 기타,안전운전불이행,건조,맑음,단일로 - 기타,승용,남,18세,상해없음,승용,남,53세,경상
2012060200100038,2012년 6월 2일 01시,토요일,부산광역시 사하구 당리동,경상사고,0,0,4,0,차대차 - 측면직각충돌,교차로운행방법위반,건조,맑음,교차로 - 교차로안,승용,남,49세,상해없음,승용,여,51세,경상
2012060200100039,2012년 6월 2일 01시,토요일,부산광역시 사하구 다대동,경상사고,0,0,1,1,차대차 - 측면직각충돌,신호위반,건조,맑음,교차로 - 교차로안,승용,남,20세,상해없음,승용,남,54세,경상
2012060200100040,2012년 6월 2일 01시,토요일,부산광역시 사하구 괴정동,경상사고,0,0,1,0,차대차 - 측면직각충돌,안전거리미확보,건조,맑음,단일로 - 기타,승용,남,37세,상해없음,승용,남,49세,경상
2012060200100060,2012년 6월 2일 02시,토요일,부산광역시 부산진구 전포동,경상사고,0,0,2,0,차대차 - 기타,안전운전불이행,건조,맑음,단일로 - 기타,승용,남,59세,상해없음,원동기,남,23세,경상
2012060200100061,2012년 6월 2일 02시,토요일,부산광역시 금정구 장전동,중상사고,0,1,0,0,차대사람 - 횡단중,보행자보호의무위반,건조,맑음,교차로 - 교차로부근,승용,남,27세,상해없음,보행자,남,58세,중상
2012060200100062,2012년 6월 2일 02시,토요일,부산광역시 연제구 연산동,경상사고,0,0,2,0,차대차 - 측면직각충돌,신호위반,건조,맑음,교차로 - 교차로안,승용,남,24세,상해없음,승용,남,44세,상해없음
2012060200100071,2012년 6월 2일 03시,토요일,부산광역시 금정구 노포동,경상사고,0,0,1,0,차대차 - 기타,기타,건조,맑음,단일로 - 기타,승용,남,63세,상해없음,화물,남,27세,경상
2012060200100090,2012년 6월 2일 04시,토요일,부산광역시 부산진구 부전동,중상사고,0,1,0,0,차대차 - 측면직각충돌,신호위반,건조,맑음,교차로 - 교차로안,승용,남,50세,상해없음,승용,남,59세,중상
2012060200100111,2012년 6월 2일 06시,토요일,부산광역시 동래구 명륜동,중상사고,0,1,0,0,차대사람 - 횡단중,보행자보호의무위반,건조,맑음,단일로 - 횡단보도상,승용,기타불명,기타불명,기타불명,보행자,남,78세,중상
2012060200100124,2012년 6월 2일 07시,토요일,부산광역시 서구 동대신동3가,경상사고,0,0,1,0,차대차 - 기타,중앙선침범,기타,맑음,단일로 - 기타,화물,남,58세,상해없음,이륜,남,25세,상해없음
2012060200100125,2012년 6월 2일 07시,토요일,부산광역시 수영구 수영동,경상사고,0,0,1,0,차대차 - 측면직각충돌,안전거리미확보,건조,맑음,단일로 - 기타,승용,여,53세,상해없음,승용,남,50세,경상
2012060200100143,2012년 6월 2일 08시,토요일,부산광역시 강서구 녹산동,중상사고,0,1,1,0,차대차 - 추돌 - 주정차중,안전운전불이행,건조,맑음,기타 - 기타,이륜,남,59세,중상,화물,남,52세,경상
2012060200100144,2012년 6월 2일 08시,토요일,부산광역시 사상구 감전동,중상사고,0,1,0,0,차대차 - 측면직각충돌,기타,건조,맑음,단일로 - 기타,승용,남,50세,상해없음,원동기,남,34세,중상
2012060200100162,2012년 6월 2일 09시,토요일,부산광역시 서구 서대신동2가,부상신고사고,0,0,0,1,차대사람 - 횡단중,안전운전불이행,건조,맑음,교차로 - 교차로안,승용,남,34세,상해없음,보행자,여,77세,부상신고
2012060200100163,2012년 6월 2일 09시,토요일,부산광역시 강서구 강동동,중상사고,0,1,0,0,차대차 - 정면충돌,중앙선침범,건조,맑음,단일로 - 기타,승용,여,56세,상해없음,화물,남,48세,중상
2012060200100226,2012년 6월 2일 11시,토요일,부산광역시 남구 대연동,경상사고,0,0,1,0,차대차 - 측면직각충돌,안전거리미확보,건조,맑음,단일로 - 기타,화물,남,40세,상해없음,승용,남,34세,경상
2012060200100227,2012년 6월 2일 11시,토요일,부산광역시 남구 대연동,중상사고,0,1,1,0,차대차 - 추돌 - 진행중,안전거리미확보,건조,맑음,단일로 - 기타,승용,남,56세,상해없음,승용,남,37세,경상
2012060200100228,2012년 6월 2일 11시,토요일,부산광역시 해운대구 우동,경상사고,0,0,4,0,차대차 - 측면직각충돌,안전운전불이행,건조,맑음,교차로 - 교차로안,승용,남,27세,상해없음,승용,남,43세,경상
2012060200100229,2012년 6월 2일 11시,토요일,부산광역시 사하구 신평동,경상사고,0,0,1,0,차대차 - 추돌 - 진행중,신호위반,건조,맑음,교차로 - 교차로안,화물,남,49세,상해없음,승용,여,29세,경상
2012060200100230,2012년 6월 2일 11시,토요일,부산광역시 사상구 괘법동,경상사고,0,0,1,0,차대차 - 추돌 - 주정차중,안전운전불이행,건조,맑음,단일로 - 기타,승용,남,46세,상해없음,승용,여,29세,경상
2012060200100256,2012년 6월 2일 12시,토요일,부산광역시 연제구 연산동,중상사고,0,1,0,0,차대사람 - 기타,기타,건조,맑음,단일로 - 기타,화물,남,36세,상해없음,보행자,남,36세,중상
2012060200100257,2012년 6월 2일 12시,토요일,부산광역시 사상구 괘법동,중상사고,0,2,0,0,차대차 - 측면직각충돌,안전운전불이행,건조,맑음,단일로 - 기타,원동기,여,21세,중상,승용,남,49세,상해없음
2012060200100289,2012년 6월 2일 13시,토요일,부산광역시 중구 중앙동1가,중상사고,0,1,0,0,차대사람 - 기타,안전운전불이행,건조,맑음,단일로 - 기타,승용,남,72세,상해없음,보행자,여,81세,중상
2012060200100327,2012년 6월 2일 14시,토요일,부산광역시 남구 용호동,중상사고,0,1,0,1,차대사람 - 기타,안전운전불이행,건조,맑음,단일로 - 기타,화물,남,58세,상해없음,보행자,남,75세,중상
2012060200100328,2012년 6월 2일 14시,토요일,부산광역시 북구 만덕동,경상사고,0,0,1,0,차대차 - 기타,신호위반,건조,맑음,교차로 - 교차로안,승용,여,32세,상해없음,화물,남,47세,경상
2012060200100329,2012년 6월 2일 14시,토요일,부산광역시 해운대구 우동,중상사고,0,1,2,0,차대차 - 추돌 - 진행중,안전운전불이행,건조,맑음,단일로 - 기타,승용,여,57세,상해없음,승용,남,34세,중상
2012060200100330,2012년 6월 2일 14시,토요일,부산광역시 연제구 거제동,중상사고,0,1,0,0,차대사람 - 기타,안전운전불이행,건조,맑음,기타 - 기타,승용,남,42세,상해없음,보행자,남,51세,중상
2012060200100361,2012년 6월 2일 15시,토요일,부산광역시 수영구 민락동,경상사고,0,0,1,0,차대차 - 추돌 - 진행중,차로위반,건조,맑음,교차로 - 교차로부근,승용,여,44세,상해없음,승용,남,32세,경상
2012060200100362,2012년 6월 2일 15시,토요일,부산광역시 동래구 온천동,중상사고,0,2,2,2,차대차 - 추돌 - 진행중,안전거리미확보,건조,맑음,단일로 - 기타,승용,남,33세,상해없음,승용,남,39세,경상
2012060200100363,2012년 6월 2일 15시,토요일,부산광역시 부산진구 전포동,경상사고,0,0,1,0,차대차 - 기타,안전운전불이행,건조,맑음,교차로 - 교차로안,승용,남,59세,상해없음,승용,남,60세,상해없음
2012060200100364,2012년 6월 2일 15시,토요일,부산광역시 사하구 하단동,중상사고,0,1,0,0,차대차 - 기타,안전거리미확보,건조,맑음,단일로 - 기타,화물,여,43세,상해없음,승합,남,42세,중상
2012060200100408,2012년 6월 2일 16시,토요일,부산광역시 동구 범일동,경상사고,0,0,1,0,차대사람 - 기타,안전운전불이행,건조,맑음,단일로 - 기타,승용,남,41세,상해없음,보행자,남,67세,경상
2012060200100409,2012년 6월 2일 16시,토요일,부산광역시 남구 용호동,중상사고,0,2,0,0,차대차 - 추돌 - 진행중,차로위반,건조,맑음,교차로 - 교차로부근,승용,여,25세,상해없음,승용,여,60세,중상
2012060200100410,2012년 6월 2일 16시,토요일,부산광역시 동래구 안락동,중상사고,0,1,0,0,차대사람 - 차도통행중,안전운전불이행,건조,맑음,단일로 - 기타,승용,남,35세,상해없음,보행자,남,9세,중상
2012060200100411,2012년 6월 2일 16시,토요일,부산광역시 금정구 부곡동,중상사고,0,1,0,1,차대차 - 측면직각충돌,중앙선침범,건조,맑음,단일로 - 기타,승용,남,49세,상해없음,승용,여,52세,중상
2012060200100412,2012년 6월 2일 16시,토요일,부산광역시 사하구 당리동,중상사고,0,1,0,0,차대사람 - 기타,안전운전불이행,건조,맑음,교차로 - 교차로부근,승용,여,34세,상해없음,보행자,여,76세,중상
2012060200100449,2012년 6월 2일 17시,토요일,부산광역시 해운대구 반여동,중상사고,0,1,0,0,차대차 - 기타,신호위반,건조,맑음,교차로 - 교차로안,승용,기타불명,기타불명,기타불명,원동기,남,56세,중상
2012060200100450,2012년 6월 2일 17시,토요일,부산광역시 금정구 노포동,부상신고사고,0,0,0,1,차대차 - 측면직각충돌,안전거리미확보,건조,맑음,단일로 - 기타,승용,남,51세,상해없음,화물,남,65세,부상신고
2012060200100484,2012년 6월 2일 18시,토요일,부산광역시 해운대구 반여동,부상신고사고,0,0,0,1,차대사람 - 기타,안전운전불이행,건조,기타,기타 - 기타,승용,기타불명,기타불명,기타불명,보행자,남,5세,부상신고
2012060200100485,2012년 6월 2일 18시,토요일,부산광역시 해운대구 우동,경상사고,0,0,1,0,차대차 - 추돌 - 진행중,안전거리미확보,건조,맑음,교차로 - 교차로부근,승용,남,48세,상해없음,승용,남,50세,경상
2012060200100486,2012년 6월 2일 18시,토요일,부산광역시 부산진구 범천동,중상사고,0,1,0,0,차대차 - 추돌 - 진행중,중앙선침범,건조,맑음,단일로 - 기타,승용,남,45세,상해없음,승용,남,51세,중상
2012060200100522,2012년 6월 2일 19시,토요일,부산광역시 사하구 하단동,중상사고,0,1,1,0,차대차 - 추돌 - 주정차중,안전거리미확보,건조,맑음,교차로 - 교차로안,승용,남,69세,상해없음,승용,남,43세,중상
2012060200100523,2012년 6월 2일 19시,토요일,부산광역시 강서구 명지동,경상사고,0,0,1,0,차대차 - 추돌 - 주정차중,안전운전불이행,건조,맑음,단일로 - 기타,화물,남,31세,기타불명,승용,남,35세,경상
2012060200100524,2012년 6월 2일 19시,토요일,부산광역시 사상구 모라동,중상사고,0,1,1,0,차대차 - 추돌 - 주정차중,안전운전불이행,건조,맑음,미분류 - 미분류,화물,남,41세,상해없음,승용,남,39세,중상
2012060200100593,2012년 6월 2일 21시,토요일,부산광역시 동구 초량동,중상사고,0,1,0,0,차대사람 - 기타,안전운전불이행,건조,맑음,단일로 - 기타,승합,남,52세,상해없음,보행자,여,58세,중상
2012060200100594,2012년 6월 2일 21시,토요일,부산광역시 기장군 기장읍,경상사고,0,0,1,0,차대차 - 정면충돌,신호위반,건조,흐림,단일로 - 기타,원동기,남,44세,상해없음,원동기,남,16세,경상
2012060200100615,2012년 6월 2일 22시,토요일,부산광역시 영도구 동삼동,중상사고,0,1,0,0,차대사람 - 횡단중,신호위반,건조,맑음,교차로 - 교차로부근,승용,남,59세,상해없음,보행자,여,71세,중상
2012060200100616,2012년 6월 2일 22시,토요일,부산광역시 해운대구 우동,중상사고,0,5,2,0,차대차 - 추돌 - 주정차중,안전운전불이행,건조,맑음,교차로 - 교차로부근,승용,남,30세,상해없음,승용,남,48세,중상
2012060200100617,2012년 6월 2일 22시,토요일,부산광역시 해운대구 우동,경상사고,0,0,1,0,차대사람 - 기타,기타,건조,맑음,교차로 - 교차로안,원동기,기타불명,기타불명,기타불명,보행자,남,19세,경상
2012060200100637,2012년 6월 2일 23시,토요일,부산광역시 수영구 광안동,부상신고사고,0,0,0,1,차대사람 - 기타,안전운전불이행,건조,맑음,교차로 - 교차로부근,기타불명,기타불명,기타불명,기타불명,보행자,여,56세,부상신고
2012060200100638,2012년 6월 2일 23시,토요일,부산광역시 수영구 광안동,중상사고,0,1,0,0,차대사람 - 기타,안전운전불이행,건조,맑음,단일로 - 기타,승용,남,43세,상해없음,보행자,남,31세,중상
2012060200100639,2012년 6월 2일 23시,토요일,부산광역시 남구 대연동,중상사고,0,1,0,0,차대사람 - 기타,안전운전불이행,건조,맑음,단일로 - 기타,승용,남,57세,상해없음,보행자,남,44세,중상
2012060200100640,2012년 6월 2일 23시,토요일,부산광역시 부산진구 부전동,경상사고,0,0,1,0,차대사람 - 기타,안전운전불이행,건조,맑음,단일로 - 기타,승용,남,48세,상해없음,보행자,남,42세,경상
2012060300100021,2012년 6월 3일 01시,일요일,부산광역시 부산진구 양정동,경상사고,0,0,1,0,차대차 - 측면직각충돌,교차로운행방법위반,건조,맑음,교차로 - 교차로안,승용,남,23세,상해없음,승용,남,38세,경상
2012060300100037,2012년 6월 3일 02시,일요일,부산광역시 서구 충무동1가,경상사고,0,0,1,0,차대차 - 측면직각충돌,신호위반,건조,맑음,교차로 - 교차로안,승용,남,70세,기타불명,승용,남,46세,경상
2012060300100053,2012년 6월 3일 03시,일요일,부산광역시 동래구 명륜동,중상사고,0,1,0,0,차대사람 - 차도통행중,안전운전불이행,건조,맑음,단일로 - 기타,승용,기타불명,기타불명,기타불명,보행자,남,36세,중상
2012060300100054,2012년 6월 3일 03시,일요일,부산광역시 해운대구 우동,경상사고,0,0,2,0,차대차 - 추돌 - 주정차중,불법유턴,건조,맑음,단일로 - 기타,승용,남,34세,상해없음,승용,남,25세,경상
2012060300100069,2012년 6월 3일 04시,일요일,부산광역시 해운대구 재송동,중상사고,0,1,0,0,차량단독 - 공작물충돌,안전운전불이행,건조,맑음,단일로 - 기타,승용,남,20세,상해없음,,,,
2012060300100082,2012년 6월 3일 05시,일요일,부산광역시 사상구 주례동,중상사고,0,1,0,0,차대차 - 기타,신호위반,건조,맑음,교차로 - 교차로안,승용,남,28세,상해없음,승용,남,53세,중상
2012060300100100,2012년 6월 3일 06시,일요일,부산광역시 동래구 낙민동,경상사고,0,0,1,0,차대차 - 추돌 - 진행중,안전거리미확보,건조,맑음,단일로 - 기타,승용,남,31세,상해없음,승합,남,45세,상해없음
2012060300100140,2012년 6월 3일 09시,일요일,부산광역시 수영구 광안동,중상사고,0,1,0,0,차대사람 - 기타,안전운전불이행,건조,맑음,교차로 - 교차로부근,기타불명,기타불명,기타불명,기타불명,보행자,여,90세,중상
2012060300100141,2012년 6월 3일 09시,일요일,부산광역시 북구 금곡동,경상사고,0,0,1,0,차대사람 - 기타,안전운전불이행,건조,맑음,기타 - 기타,자전거,여,43세,상해없음,보행자,남,59세,경상
2012060300100142,2012년 6월 3일 09시,일요일,부산광역시 사하구 하단동,중상사고,0,1,1,0,차대차 - 측면직각충돌,신호위반,건조,맑음,교차로 - 교차로안,승용,남,48세,상해없음,승용,남,47세,경상
2012060300100181,2012년 6월 3일 11시,일요일,부산광역시 동래구 온천동,중상사고,0,1,1,1,차대차 - 추돌 - 진행중,안전거리미확보,건조,맑음,단일로 - 터널,승용,남,23세,경상,승용,남,60세,상해없음
2012060300100183,2012년 6월 3일 11시,일요일,부산광역시 기장군 철마면,부상신고사고,0,0,0,1,차대차 - 측면직각충돌,안전운전불이행,건조,맑음,단일로 - 기타,승용,남,57세,상해없음,원동기,남,79세,부상신고
2012060300100261,2012년 6월 3일 14시,일요일,부산광역시 동래구 명륜동,경상사고,0,0,2,2,차대차 - 측면직각충돌,중앙선침범,건조,맑음,단일로 - 기타,승용,남,30세,상해없음,승용,남,57세,부상신고
2012060300100262,2012년 6월 3일 14시,일요일,부산광역시 수영구 수영동,경상사고,0,0,1,0,차대차 - 추돌 - 진행중,안전운전불이행,건조,맑음,교차로 - 교차로부근,승용,남,43세,상해없음,승용,여,31세,상해없음
2012060300100313,2012년 6월 3일 16시,일요일,부산광역시 서구 암남동,중상사고,0,1,0,0,차대사람 - 기타,신호위반,건조,맑음,단일로 - 기타,승용,여,47세,상해없음,보행자,남,76세,중상
2012060300100314,2012년 6월 3일 16시,일요일,부산광역시 부산진구 양정동,경상사고,0,0,1,0,차대차 - 기타,안전거리미확보,건조,맑음,단일로 - 기타,승용,남,27세,상해없음,승용,남,31세,경상
2012060300100349,2012년 6월 3일 17시,일요일,부산광역시 강서구 범방동,경상사고,0,0,1,0,차대사람 - 기타,안전운전불이행,건조,맑음,교차로 - 교차로안,승용,남,45세,상해없음,보행자,남,47세,경상
2012060300100384,2012년 6월 3일 18시,일요일,부산광역시 북구 덕천동,경상사고,0,0,2,0,차대차 - 측면직각충돌,안전거리미확보,건조,맑음,단일로 - 기타,승용,남,54세,상해없음,승용,남,23세,경상
2012060300100385,2012년 6월 3일 18시,일요일,부산광역시 동래구 온천동,중상사고,0,1,1,0,차대차 - 측면직각충돌,안전거리미확보,건조,맑음,단일로 - 기타,승용,여,29세,상해없음,이륜,남,48세,중상
2012060300100414,2012년 6월 3일 19시,일요일,부산광역시 금정구 부곡동,중상사고,0,1,0,0,차대차 - 측면직각충돌,신호위반,건조,맑음,교차로 - 교차로안,자전거,남,17세,중상,승용,남,61세,상해없음
2012060300100447,2012년 6월 3일 20시,일요일,부산광역시 남구 대연동,부상신고사고,0,0,0,1,차대차 - 추돌 - 주정차중,안전거리미확보,건조,맑음,단일로 - 기타,승용,남,51세,상해없음,승용,남,46세,부상신고
2012060300100448,2012년 6월 3일 20시,일요일,부산광역시 금정구 부곡동,중상사고,0,1,0,0,차대사람 - 차도통행중,안전운전불이행,건조,맑음,단일로 - 기타,승용,여,52세,상해없음,보행자,여,51세,중상
2012060300100449,2012년 6월 3일 20시,일요일,부산광역시 강서구 대저1동,중상사고,0,1,0,0,차대차 - 기타,안전운전불이행,건조,맑음,단일로 - 기타,원동기,기타불명,기타불명,기타불명,자전거,여,40세,중상
2012060300100488,2012년 6월 3일 21시,일요일,부산광역시 동래구 명륜동,경상사고,0,0,1,0,차대차 - 기타,신호위반,건조,맑음,단일로 - 횡단보도상,승용,남,44세,상해없음,이륜,남,20세,경상
2012060300100513,2012년 6월 3일 22시,일요일,부산광역시 금정구 구서동,경상사고,0,0,1,0,차대사람 - 기타,안전운전불이행,건조,맑음,단일로 - 기타,원동기,남,19세,상해없음,보행자,남,17세,경상
2012060300100527,2012년 6월 3일 23시,일요일,부산광역시 해운대구 재송동,중상사고,0,2,0,0,차대사람 - 차도통행중,안전운전불이행,건조,맑음,교차로 - 교차로안,승용,여,43세,상해없음,보행자,남,70세,중상
2012060300100528,2012년 6월 3일 23시,일요일,부산광역시 부산진구 부전동,중상사고,0,1,0,0,차대사람 - 기타,안전운전불이행,기타,맑음,단일로 - 횡단보도부근,이륜,남,18세,상해없음,보행자,남,31세,중상
2012060300100529,2012년 6월 3일 23시,일요일,부산광역시 연제구 연산동,경상사고,0,0,1,0,차대차 - 측면직각충돌,안전운전불이행,건조,맑음,단일로 - 기타,승용,남,30세,상해없음,승용,남,37세,경상
2012060400100006,2012년 6월 4일 00시,월요일,부산광역시 동래구 명장동,중상사고,0,2,1,0,차대차 - 측면직각충돌,신호위반,건조,맑음,교차로 - 교차로부근,이륜,여,18세,중상,승용,남,45세,상해없음
2012060400100007,2012년 6월 4일 00시,월요일,부산광역시 부산진구 초읍동,중상사고,0,1,0,0,차대사람 - 횡단중,보행자보호의무위반,건조,기타,단일로 - 횡단보도상,승합,남,49세,상해없음,보행자,여,42세,중상
2012060400100008,2012년 6월 4일 00시,월요일,부산광역시 부산진구 양정동,중상사고,0,1,0,0,차대사람 - 기타,안전운전불이행,건조,맑음,단일로 - 기타,승용,남,48세,상해없음,보행자,남,38세,중상
2012060400100019,2012년 6월 4일 02시,월요일,부산광역시 부산진구 가야동,경상사고,0,0,1,0,차대사람 - 기타,안전운전불이행,기타,맑음,단일로 - 기타,승용,남,53세,상해없음,보행자,남,42세,경상
2012060400100032,2012년 6월 4일 05시,월요일,부산광역시 사상구 엄궁동,중상사고,0,1,0,0,차대차 - 측면직각충돌,신호위반,건조,맑음,교차로 - 교차로부근,승용,남,61세,상해없음,자전거,남,69세,중상
2012060400100039,2012년 6월 4일 06시,월요일,부산광역시 사하구 괴정동,경상사고,0,0,1,0,차대차 - 측면직각충돌,신호위반,건조,맑음,교차로 - 교차로안,승용,남,34세,상해없음,승용,남,38세,경상
2012060400100063,2012년 6월 4일 07시,월요일,부산광역시 부산진구 양정동,경상사고,0,0,1,0,차대차 - 기타,안전거리미확보,기타,맑음,교차로 - 교차로부근,화물,남,29세,상해없음,승용,여,35세,경상
2012060400100064,2012년 6월 4일 07시,월요일,부산광역시 기장군 기장읍,중상사고,0,2,1,0,차대차 - 추돌 - 주정차중,안전운전불이행,건조,맑음,교차로 - 교차로안,승합,남,60세,상해없음,승용,남,34세,중상
2012060400100152,2012년 6월 4일 10시,월요일,부산광역시 해운대구 좌동,중상사고,0,1,0,0,차대차 - 추돌 - 진행중,신호위반,건조,맑음,교차로 - 교차로안,승용,남,56세,상해없음,이륜,남,53세,중상