사고번호,사고일시,요일,시군구,사고내용,사망자수,중상자수,경상자수,부상신고자수,사고유형,법규위반,노면상태,기상상태,도로형태,가해운전자 차종,가해운전자 성별,가해운전자 연령,가해운전자 상해정도,피해운전자 차종,피해운전자 성별,피해운전자 연령,피해운전자 상해정도
2012060700100181,2012년 6월 7일 10시,목요일,부산광역시 북구 구포동,중상사고,0,1,0,0,차대사람 - 기타,보행자보호의무위반,건조,맑음,단일로 - 기타,승용,여,38세,상해없음,보행자,남,61세,중상
2012060700100182,2012년 6월 7일 10시,목요일,부산광역시 사상구 학장동,경상사고,0,0,1,0,차대차 - 기타,안전거리미확보,건조,맑음,교차로 - 교차로안,화물,남,51세,기타불명,승용,남,33세,경상
2012060700100222,2012년 6월 7일 11시,목요일,부산광역시 서구 암남동,중상사고,0,1,0,0,차대차 - 측면직각충돌,안전거리미확보,건조,맑음,교차로 - 교차로안,건설기계,남,60세,상해없음,승용,여,47세,중상
2012060700100280,2012년 6월 7일 13시,목요일,부산광역시 중구 부평동1가,중상사고,0,1,0,0,차대사람 - 횡단중,안전운전불이행,건조,맑음,단일로 - 기타,승용,남,53세,상해없음,보행자,여,80세,중상
2012060700100282,2012년 6월 7일 13시,목요일,부산광역시 금정구 장전동,경상사고,0,0,1,0,차대차 - 추돌 - 진행중,안전운전불이행,건조,맑음,단일로 - 기타,승용,여,55세,상해없음,이륜,미분류,기타불명,기타불명
2012060700100283,2012년 6월 7일 13시,목요일,부산광역시 연제구 연산동,경상사고,0,0,1,0,차대차 - 측면직각충돌,신호위반,건조,맑음,교차로 - 교차로안,원동기,남,65세,상해없음,원동기,남,53세,경상
2012060700100301,2012년 6월 7일 14시,목요일,부산광역시 서구 서대신동3가,중상사고,0,1,0,0,차대사람 - 횡단중,신호위반,건조,맑음,단일로 - 횡단보도상,승합,남,58세,상해없음,보행자,여,43세,중상
2012060700100302,2012년 6월 7일 14시,목요일,부산광역시 수영구 남천동,부상신고사고,0,0,0,2,차대사람 - 기타,안전운전불이행,건조,맑음,단일로 - 기타,승합,남,56세,상해없음,보행자,여,26세,부상신고
2012060700100303,2012년 6월 7일 14시,목요일,부산광역시 부산진구 양정동,중상사고,0,1,0,0,차대차 - 기타,신호위반,기타,맑음,단일로 - 횡단보도상,승용,남,31세,상해없음,원동기,남,71세,중상
2012060700100359,2012년 6월 7일 16시,목요일,부산광역시 사하구 장림동,경상사고,0,0,1,0,차대차 - 측면직각충돌,신호위반,건조,맑음,교차로 - 교차로부근,승합,남,65세,상해없음,승용,남,54세,경상
2012060700100360,2012년 6월 7일 16시,목요일,부산광역시 강서구 구랑동,중상사고,0,3,0,0,차대차 - 추돌 - 주정차중,안전운전불이행,건조,맑음,교차로 - 교차로부근,승용,여,50세,중상,화물,남,35세,중상
2012060700100361,2012년 6월 7일 16시,목요일,부산광역시 사상구 모라동,경상사고,0,0,1,0,차대사람 - 기타,안전운전불이행,건조,맑음,단일로 - 기타,승용,남,42세,상해없음,보행자,남,58세,경상
2012060700100396,2012년 6월 7일 17시,목요일,부산광역시 중구 중앙동2가,중상사고,0,5,1,0,차대차 - 추돌 - 진행중,안전운전불이행,건조,맑음,교차로 - 교차로안,화물,남,42세,상해없음,승용,남,36세,중상
2012060700100397,2012년 6월 7일 17시,목요일,부산광역시 수영구 남천동,경상사고,0,0,1,0,차대차 - 측면직각충돌,안전운전불이행,건조,맑음,단일로 - 횡단보도상,승용,남,52세,상해없음,자전거,남,79세,경상
2012060700100398,2012년 6월 7일 17시,목요일,부산광역시 해운대구 반여동,경상사고,0,0,1,0,차대사람 - 횡단중,안전운전불이행,건조,맑음,교차로 - 교차로안,승용,기타불명,기타불명,기타불명,보행자,여,46세,경상
2012060700100448,2012년 6월 7일 18시,목요일,부산광역시 연제구 거제동,중상사고,0,1,0,0,차대차 - 기타,안전거리미확보,건조,맑음,기타 - 기타,이륜,남,70세,상해없음,승합,남,58세,상해없음
2012060700100483,2012년 6월 7일 19시,목요일,부산광역시 연제구 거제동,경상사고,0,0,1,0,차대사람 - 길가장자리구역통행중,안전운전불이행,건조,맑음,단일로 - 기타,승용,남,50세,상해없음,보행자,여,7세,경상
2012060700100513,2012년 6월 7일 20시,목요일,부산광역시 동래구 칠산동,중상사고,0,1,0,0,차대사람 - 기타,기타,건조,맑음,단일로 - 기타,승용,남,44세,상해없음,보행자,남,48세,중상
2012060700100514,2012년 6월 7일 20시,목요일,부산광역시 동래구 사직동,경상사고,0,0,1,0,차대사람 - 횡단중,안전운전불이행,건조,맑음,단일로 - 기타,이륜,남,26세,상해없음,보행자,남,66세,경상
2012060700100515,2012년 6월 7일 20시,목요일,부산광역시 해운대구 반여동,경상사고,0,0,3,0,차대차 - 추돌 - 주정차중,안전운전불이행,건조,맑음,단일로 - 기타,승용,여,29세,상해없음,승용,남,57세,경상
2012060700100516,2012년 6월 7일 20시,목요일,부산광역시 부산진구 개금동,경상사고,0,0,1,0,차대차 - 기타,중앙선침범,건조,맑음,교차로 - 교차로부근,이륜,남,15세,상해없음,이륜,남,18세,경상
2012060700100517,2012년 6월 7일 20시,목요일,부산광역시 수영구 망미동,중상사고,0,3,0,0,차대차 - 측면직각충돌,교차로운행방법위반,건조,맑음,교차로 - 교차로안,승용,여,57세,기타불명,승용,남,54세,상해없음
2012060700100550,2012년 6월 7일 21시,목요일,부산광역시 수영구 민락동,경상사고,0,0,1,0,차대사람 - 기타,안전운전불이행,건조,맑음,단일로 - 기타,화물,남,39세,상해없음,보행자,남,50세,경상
2012060700100551,2012년 6월 7일 21시,목요일,부산광역시 남구 우암동,경상사고,0,0,1,0,차대차 - 추돌 - 주정차중,안전거리미확보,건조,맑음,교차로 - 교차로부근,승용,여,25세,상해없음,승용,여,52세,경상
2012060700100552,2012년 6월 7일 21시,목요일,부산광역시 해운대구 재송동,중상사고,0,1,5,0,차대차 - 추돌 - 주정차중,안전운전불이행,건조,맑음,교차로 - 교차로부근,승용,남,30세,상해없음,승용,남,64세,중상
2012060700100581,2012년 6월 7일 22시,목요일,부산광역시 부산진구 부전동,중상사고,0,1,0,0,차대사람 - 길가장자리구역통행중,중앙선침범,건조,맑음,단일로 - 기타,화물,기타불명,기타불명,기타불명,보행자,남,50세,중상
2012060700100613,2012년 6월 7일 23시,목요일,부산광역시 중구 부평동1가,경상사고,0,0,2,0,차대차 - 측면직각충돌,신호위반,건조,맑음,교차로 - 교차로안,승합,남,56세,상해없음,승용,남,57세,경상
2012060700100614,2012년 6월 7일 23시,목요일,부산광역시 사하구 신평동,부상신고사고,0,0,0,1,차대사람 - 기타,안전운전불이행,건조,맑음,단일로 - 기타,승용,남,60세,상해없음,보행자,남,53세,부상신고
2012060700100615,2012년 6월 7일 23시,목요일,부산광역시 기장군 기장읍,경상사고,0,0,1,0,차대사람 - 길가장자리구역통행중,안전운전불이행,건조,맑음,교차로 - 교차로부근,승용,남,63세,상해없음,보행자,남,36세,경상
2012060800100007,2012년 6월 8일 00시,금요일,부산광역시 금정구 금사동,경상사고,0,0,1,1,차대차 - 측면직각충돌,신호위반,건조,맑음,교차로 - 교차로안,승용,여,38세,부상신고,승용,남,27세,경상
2012060800100030,2012년 6월 8일 01시,금요일,부산광역시 동래구 명륜동,경상사고,0,0,1,0,차대차 - 측면직각충돌,안전운전불이행,건조,맑음,단일로 - 기타,승용,남,26세,기타불명,승용,남,37세,경상
2012060800100031,2012년 6월 8일 01시,금요일,부산광역시 부산진구 부전동,경상사고,0,0,2,0,차대차 - 추돌 - 진행중,안전운전불이행,건조,맑음,단일로 - 기타,승합,남,32세,경상,승용,남,56세,경상
2012060800100051,2012년 6월 8일 02시,금요일,부산광역시 동래구 수안동,경상사고,0,0,1,1,차대차 - 추돌 - 주정차중,안전운전불이행,건조,맑음,단일로 - 기타,승용,남,39세,상해없음,승용,남,51세,경상
2012060800100066,2012년 6월 8일 03시,금요일,부산광역시 남구 대연동,경상사고,0,0,1,0,차대차 - 추돌 - 진행중,신호위반,건조,맑음,교차로 - 교차로안,원동기,남,20세,상해없음,승용,남,45세,상해없음
2012060800100080,2012년 6월 8일 04시,금요일,부산광역시 동래구 온천동,중상사고,0,1,0,0,차대사람 - 기타,안전운전불이행,습기,흐림,단일로 - 기타,화물,남,27세,상해없음,보행자,여,55세,중상
2012060800100090,2012년 6월 8일 05시,금요일,부산광역시 동래구 사직동,중상사고,0,1,0,0,차대차 - 측면직각충돌,안전운전불이행,습기,비,교차로 - 교차로부근,승용,여,32세,상해없음,자전거,남,71세,중상
2012060800100101,2012년 6월 8일 06시,금요일,부산광역시 사하구 다대동,중상사고,0,1,0,0,차대차 - 정면충돌,안전운전불이행,습기,비,단일로 - 기타,승용,남,47세,상해없음,승합,남,42세,상해없음
2012060800100118,2012년 6월 8일 07시,금요일,부산광역시 해운대구 석대동,중상사고,0,1,0,0,차량단독 - 공작물충돌,안전운전불이행,습기,비,단일로 - 기타,승용,남,47세,상해없음,,,,
2012060800100134,2012년 6월 8일 08시,금요일,부산광역시 남구 용호동,중상사고,0,1,2,0,차대차 - 측면직각충돌,직진우회전진행방해,건조,맑음,교차로 - 교차로안,승용,여,56세,상해없음,승용,여,39세,중상
2012060800100135,2012년 6월 8일 08시,금요일,부산광역시 영도구 남항동2가,경상사고,0,0,1,0,차대차 - 측면직각충돌,안전운전불이행,습기,흐림,단일로 - 기타,화물,남,54세,상해없음,승용,남,21세,상해없음
2012060800100137,2012년 6월 8일 08시,금요일,부산광역시 강서구 녹산동,경상사고,0,0,3,0,차대차 - 정면충돌,안전운전불이행,습기,비,교차로 - 교차로안,화물,남,47세,상해없음,승용,남,58세,상해없음
2012060800100184,2012년 6월 8일 09시,금요일,부산광역시 중구 보수동1가,부상신고사고,0,0,0,1,차대차 - 기타,안전운전불이행,습기,비,단일로 - 기타,승용,남,61세,상해없음,이륜,남,28세,부상신고
2012060800100185,2012년 6월 8일 09시,금요일,부산광역시 강서구 명지동,중상사고,0,1,3,0,차대차 - 정면충돌,신호위반,건조,맑음,교차로 - 교차로안,승용,여,54세,상해없음,승용,남,52세,경상
2012060800100186,2012년 6월 8일 09시,금요일,부산광역시 사상구 학장동,경상사고,0,0,1,0,차대차 - 추돌 - 주정차중,안전운전불이행,건조,맑음,교차로 - 교차로부근,화물,남,51세,상해없음,승용,여,45세,경상
2012060800100214,2012년 6월 8일 10시,금요일,부산광역시 동래구 온천동,중상사고,0,1,0,0,차대사람 - 횡단중,보행자보호의무위반,습기,비,교차로 - 교차로안,승합,여,62세,상해없음,보행자,여,66세,중상
2012060800100215,2012년 6월 8일 10시,금요일,부산광역시 연제구 거제동,경상사고,0,0,3,0,차대차 - 측면직각충돌,안전거리미확보,건조,맑음,교차로 - 교차로부근,화물,남,60세,상해없음,승용,남,63세,경상
2012060800100241,2012년 6월 8일 11시,금요일,부산광역시 영도구 대교동1가,중상사고,0,1,0,0,차대사람 - 횡단중,교차로운행방법위반,건조,맑음,교차로 - 교차로안,승용,남,55세,상해없음,보행자,남,77세,중상
2012060800100242,2012년 6월 8일 11시,금요일,부산광역시 부산진구 전포동,중상사고,0,1,0,0,차대차 - 기타,안전운전불이행,습기,비,단일로 - 기타,화물,남,42세,상해없음,승용,남,75세,상해없음
2012060800100243,2012년 6월 8일 11시,금요일,부산광역시 부산진구 개금동,중상사고,0,1,0,0,차대차 - 추돌 - 진행중,안전거리미확보,건조,맑음,단일로 - 기타,화물,남,34세,상해없음,승용,남,29세,중상
2012060800100268,2012년 6월 8일 12시,금요일,부산광역시 북구 금곡동,경상사고,0,0,3,1,차대차 - 추돌 - 진행중,안전거리미확보,습기,비,단일로 - 기타,승용,남,31세,부상신고,화물,남,35세,경상
2012060800100269,2012년 6월 8일 12시,금요일,부산광역시 기장군 장안읍,경상사고,0,0,2,0,차대차 - 정면충돌,교차로운행방법위반,습기,비,교차로 - 교차로안,승용,남,72세,상해없음,승용,남,56세,경상
2012060800100291,2012년 6월 8일 13시,금요일,부산광역시 수영구 광안동,경상사고,0,0,1,0,차대차 - 기타,기타,습기,비,교차로 - 교차로안,승용,여,50세,상해없음,이륜,남,31세,경상
2012060800100292,2012년 6월 8일 13시,금요일,부산광역시 강서구 대저2동,중상사고,0,1,0,0,차대차 - 추돌 - 주정차중,안전운전불이행,건조,맑음,단일로 - 기타,화물,기타불명,기타불명,기타불명,승용,남,56세,중상
2012060800100328,2012년 6월 8일 14시,금요일,부산광역시 수영구 광안동,중상사고,0,1,0,0,차대차 - 기타,안전거리미확보,습기,비,단일로 - 기타,승용,남,51세,상해없음,이륜,남,18세,중상
2012060800100329,2012년 6월 8일 14시,금요일,부산광역시 북구 덕천동,중상사고,0,1,0,0,차대차 - 측면직각충돌,교차로운행방법위반,습기,비,교차로 - 교차로안,특수,남,60세,상해없음,승용,여,44세,중상
2012060800100330,2012년 6월 8일 14시,금요일,부산광역시 사하구 다대동,경상사고,0,0,2,0,차대차 - 측면직각충돌,중앙선침범,건조,맑음,단일로 - 기타,승합,남,54세,상해없음,화물,남,35세,경상
2012060800100362,2012년 6월 8일 15시,금요일,부산광역시 동래구 수안동,부상신고사고,0,0,0,1,차대차 - 측면직각충돌,안전운전불이행,습기,비,단일로 - 기타,승용,남,66세,상해없음,원동기,여,61세,부상신고
2012060800100364,2012년 6월 8일 15시,금요일,부산광역시 부산진구 당감동,경상사고,0,0,1,0,차대차 - 기타,안전거리미확보,습기,비,단일로 - 기타,승용,남,54세,상해없음,승용,여,44세,경상
2012060800100365,2012년 6월 8일 15시,금요일,부산광역시 연제구 거제동,경상사고,0,0,2,0,차대차 - 측면직각충돌,신호위반,습기,비,교차로 - 교차로안,승용,여,45세,상해없음,승용,여,37세,경상
2012060800100405,2012년 6월 8일 16시,금요일,부산광역시 해운대구 반여동,경상사고,0,0,1,0,차대차 - 추돌 - 진행중,안전운전불이행,건조,맑음,단일로 - 기타,승용,여,32세,상해없음,승용,여,41세,경상
2012060800100456,2012년 6월 8일 17시,금요일,부산광역시 동래구 수안동,중상사고,0,1,0,0,차대차 - 측면직각충돌,안전운전불이행,건조,맑음,교차로 - 교차로안,화물,남,49세,상해없음,승용,남,55세,상해없음
2012060800100457,2012년 6월 8일 17시,금요일,부산광역시 동래구 온천동,경상사고,0,0,1,0,차대차 - 추돌 - 진행중,안전운전불이행,건조,맑음,단일로 - 기타,승용,여,29세,상해없음,승용,남,58세,경상
2012060800100458,2012년 6월 8일 17시,금요일,부산광역시 연제구 연산동,경상사고,0,0,2,0,차대차 - 기타,교차로운행방법위반,습기,비,단일로 - 기타,승용,남,34세,상해없음,승용,남,52세,경상
2012060800100502,2012년 6월 8일 18시,금요일,부산광역시 서구 암남동,경상사고,0,0,1,0,차대차 - 기타,차로위반,습기,비,미분류 - 미분류,승용,여,27세,상해없음,승용,남,51세,경상
2012060800100503,2012년 6월 8일 18시,금요일,부산광역시 금정구 구서동,사망사고,1,0,1,0,차대차 - 측면직각충돌,안전운전불이행,습기,비,교차로 - 교차로안,원동기,남,69세,사망,승용,남,58세,경상
2012060800100504,2012년 6월 8일 18시,금요일,부산광역시 강서구 대저1동,경상사고,0,0,4,0,차대차 - 추돌 - 주정차중,안전운전불이행,습기,비,단일로 - 횡단보도부근,화물,남,63세,상해없음,승용,남,50세,경상
2012060800100550,2012년 6월 8일 19시,금요일,부산광역시 연제구 거제동,경상사고,0,0,1,0,차대사람 - 횡단중,안전운전불이행,건조,맑음,단일로 - 횡단보도상,승용,남,54세,상해없음,보행자,남,30세,경상
2012060800100586,2012년 6월 8일 20시,금요일,부산광역시 동래구 온천동,경상사고,0,0,2,0,차대차 - 추돌 - 진행중,안전운전불이행,건조,맑음,단일로 - 기타,화물,남,51세,상해없음,승용,여,41세,경상
2012060800100587,2012년 6월 8일 20시,금요일,부산광역시 해운대구 송정동,경상사고,0,0,1,0,차대차 - 측면직각충돌,안전운전불이행,건조,맑음,단일로 - 기타,승용,남,68세,상해없음,승용,여,48세,경상
2012060800100588,2012년 6월 8일 20시,금요일,부산광역시 사상구 주례동,경상사고,0,0,1,0,차대차 - 측면직각충돌,신호위반,습기,흐림,교차로 - 교차로안,승용,남,58세,상해없음,이륜,남,24세,경상
2012060800100691,2012년 6월 8일 22시,금요일,부산광역시 남구 대연동,경상사고,0,0,2,0,차대차 - 추돌 - 진행중,안전운전불이행,건조,맑음,교차로 - 교차로안,승용,남,41세,상해없음,승용,남,26세,경상
2012060800100692,2012년 6월 8일 22시,금요일,부산광역시 동래구 온천동,중상사고,0,2,0,0,차대차 - 추돌 - 진행중,안전운전불이행,건조,맑음,단일로 - 기타,승용,남,29세,상해없음,원동기,남,17세,중상
2012060800100693,2012년 6월 8일 22시,금요일,부산광역시 해운대구 반여동,경상사고,0,0,1,0,차대차 - 추돌 - 주정차중,안전운전불이행,건조,맑음,단일로 - 기타,승용,여,55세,상해없음,원동기,남,17세,경상
2012060800100741,2012년 6월 8일 23시,금요일,부산광역시 사하구 하단동,경상사고,0,0,1,0,차대차 - 측면직각충돌,안전운전불이행,습기,맑음,단일로 - 기타,승용,남,47세,상해없음,승용,남,22세,경상
2012060900100005,2012년 6월 9일 00시,토요일,부산광역시 부산진구 전포동,경상사고,0,0,1,0,차대사람 - 기타,안전운전불이행,건조,맑음,단일로 - 기타,승용,여,29세,상해없음,보행자,남,35세,경상
2012060900100006,2012년 6월 9일 00시,토요일,부산광역시 금정구 오륜동,경상사고,0,0,1,0,차대차 - 측면직각충돌,안전운전불이행,건조,맑음,단일로 - 기타,승용,남,29세,상해없음,승용,남,40세,경상
2012060900100062,2012년 6월 9일 03시,토요일,부산광역시 사하구 당리동,경상사고,0,0,1,0,차대사람 - 기타,안전운전불이행,건조,흐림,단일로 - 기타,승용,여,40세,상해없음,보행자,남,53세,경상
2012060900100063,2012년 6월 9일 03시,토요일,부산광역시 사상구 덕포동,경상사고,0,0,1,0,차대차 - 추돌 - 진행중,안전거리미확보,건조,맑음,단일로 - 기타,원동기,남,18세,상해없음,원동기,남,19세,경상
2012060900100077,2012년 6월 9일 04시,토요일,부산광역시 사하구 신평동,경상사고,0,0,2,0,차대사람 - 보도통행중,기타,건조,맑음,기타 - 기타,이륜,남,62세,상해없음,보행자,여,37세,경상
2012060900100132,2012년 6월 9일 08시,토요일,부산광역시 연제구 연산동,중상사고,0,1,0,0,차대차 - 측면직각충돌,중앙선침범,건조,맑음,단일로 - 기타,승용,여,23세,상해없음,이륜,남,62세,중상
2012060900100161,2012년 6월 9일 09시,토요일,부산광역시 서구 충무동1가,중상사고,0,1,1,0,차대사람 - 횡단중,신호위반,건조,맑음,단일로 - 횡단보도상,이륜,남,52세,상해없음,보행자,여,57세,경상
2012060900100162,2012년 6월 9일 09시,토요일,부산광역시 해운대구 우동,중상사고,0,2,0,0,차대차 - 추돌 - 주정차중,안전거리미확보,건조,맑음,단일로 - 교량,승용,남,63세,상해없음,승용,여,46세,중상
2012060900100163,2012년 6월 9일 09시,토요일,부산광역시 부산진구 부전동,중상사고,0,1,0,0,차대차 - 측면직각충돌,안전운전불이행,건조,맑음,단일로 - 기타,승용,남,34세,상해없음,이륜,남,59세,중상
2012060900100195,2012년 6월 9일 10시,토요일,부산광역시 북구 만덕동,중상사고,0,1,0,0,차대사람 - 차도통행중,안전운전불이행,건조,맑음,단일로 - 기타,승용,여,52세,상해없음,보행자,여,57세,중상
2012060900100196,2012년 6월 9일 10시,토요일,부산광역시 동래구 명륜동,중상사고,0,1,0,0,차대사람 - 차도통행중,안전운전불이행,건조,맑음,단일로 - 기타,승용,여,42세,상해없음,보행자,여,50세,중상
2012060900100302,2012년 6월 9일 13시,토요일,부산광역시 사하구 하단동,경상사고,0,0,1,0,차대사람 - 보도통행중,기타,건조,맑음,교차로 - 교차로부근,이륜,남,24세,상해없음,보행자,여,18세,경상
2012060900100333,2012년 6월 9일 14시,토요일,부산광역시 중구 영주동,중상사고,0,1,0,0,차대사람 - 횡단중,안전운전불이행,건조,맑음,단일로 - 기타,승용,남,31세,상해없음,보행자,여,79세,중상
2012060900100334,2012년 6월 9일 14시,토요일,부산광역시 해운대구 반여동,경상사고,0,0,1,0,차대사람 - 길가장자리구역통행중,불법유턴,건조,맑음,단일로 - 기타,승용,여,53세,상해없음,보행자,여,77세,경상
2012060900100335,2012년 6월 9일 14시,토요일,부산광역시 부산진구 범천동,중상사고,0,1,0,0,차대차 - 기타,기타,건조,맑음,단일로 - 기타,승용,남,60세,상해없음,이륜,남,47세,중상
2012060900100374,2012년 6월 9일 15시,토요일,부산광역시 수영구 광안동,경상사고,0,0,1,0,차대차 - 측면직각충돌,안전운전불이행,건조,맑음,교차로 - 교차로안,승용,남,47세,경상,승용,남,33세,상해없음
2012060900100375,2012년 6월 9일 15시,토요일,부산광역시 사상구 주례동,경상사고,0,0,2,0,차대차 - 기타,안전운전불이행,건조,맑음,단일로 - 기타,승용,남,38세,상해없음,승용,남,52세,경상
2012060900100404,2012년 6월 9일 16시,토요일,부산광역시 수영구 망미동,경상사고,0,0,1,0,차대차 - 기타,기타,건조,맑음,단일로 - 기타,건설기계,남,43세,상해없음,승용,남,52세,상해없음
2012060900100439,2012년 6월 9일 17시,토요일,부산광역시 남구 대연동,부상신고사고,0,0,0,1,차대차 - 기타,안전거리미확보,건조,맑음,단일로 - 기타,이륜,남,18세,부상신고,승용,남,31세,상해없음
2012060900100440,2012년 6월 9일 17시,토요일,부산광역시 사상구 감전동,경상사고,0,0,1,0,차대사람 - 기타,안전운전불이행,건조,맑음,단일로 - 교량,승용,기타불명,기타불명,기타불명,보행자,남,43세,경상
2012060900100468,2012년 6월 9일 18시,토요일,부산광역시 해운대구 우동,중상사고,0,1,0,0,차대차 - 추돌 - 진행중,안전운전불이행,건조,맑음,단일로 - 기타,승용,남,49세,상해없음,승용,여,59세,중상
2012060900100469,2012년 6월 9일 18시,토요일,부산광역시 해운대구 반여동,경상사고,0,0,1,0,차대사람 - 기타,안전운전불이행,건조,맑음,교차로 - 교차로부근,화물,남,42세,상해없음,보행자,남,36세,경상
2012060900100506,2012년 6월 9일 19시,토요일,부산광역시 부산진구 범천동,중상사고,0,1,0,0,차대차 - 기타,안전거리미확보,기타,맑음,단일로 - 기타,승합,남,32세,상해없음,원동기,남,50세,중상
2012060900100537,2012년 6월 9일 20시,토요일,부산광역시 부산진구 초읍동,중상사고,0,1,1,0,차대차 - 기타,안전운전불이행,습기,비,단일로 - 기타,승용,남,66세,상해없음,승용,남,46세,중상
2012060900100538,2012년 6월 9일 20시,토요일,부산광역시 사하구 신평동,경상사고,0,0,1,0,차대차 - 측면직각충돌,안전운전불이행,건조,맑음,교차로 - 교차로안,승용,남,31세,상해없음,이륜,남,20세,경상
2012060900100563,2012년 6월 9일 21시,토요일,부산광역시 수영구 수영동,경상사고,0,0,2,0,차대차 - 측면직각충돌,차로위반,건조,맑음,교차로 - 교차로안,승용,남,43세,상해없음,이륜,남,16세,경상
2012060900100595,2012년 6월 9일 22시,토요일,부산광역시 중구 남포동5가,중상사고,0,1,0,0,차대사람 - 기타,안전운전불이행,건조,맑음,단일로 - 기타,승용,남,44세,상해없음,보행자,남,28세,중상
2012060900100596,2012년 6월 9일 22시,토요일,부산광역시 부산진구 범천동,경상사고,0,0,2,0,차대차 - 추돌 - 진행중,안전거리미확보,건조,맑음,단일로 - 기타,승용,남,54세,상해없음,승용,남,59세,상해없음
2012060900100597,2012년 6월 9일 22시,토요일,부산광역시 연제구 연산동,경상사고,0,0,1,0,차대차 - 기타,중앙선침범,건조,맑음,단일로 - 기타,승용,여,41세,상해없음,이륜,남,43세,경상
2012060900100598,2012년 6월 9일 22시,토요일,부산광역시 사상구 모라동,부상신고사고,0,0,0,1,차대사람 - 기타,기타,건조,맑음,단일로 - 기타,승합,남,55세,상해없음,보행자,남,61세,부상신고
2012060900100630,2012년 6월 9일 23시,토요일,부산광역시 부산진구 초읍동,경상사고,0,0,2,0,차대차 - 기타,교차로운행방법위반,건조,맑음,교차로 - 교차로안,승용,남,64세,상해없음,승용,남,62세,경상
2012060900100631,2012년 6월 9일 23시,토요일,부산광역시 사상구 괘법동,경상사고,0,0,1,0,차대차 - 정면충돌,안전운전불이행,건조,맑음,단일로 - 기타,이륜,남,22세,경상,승용,남,50세,상해없음
2012061000100004,2012년 6월 10일 00시,일요일,부산광역시 동래구 명륜동,경상사고,0,0,3,0,차대차 - 측면직각충돌,차로위반,건조,맑음,단일로 - 기타,승용,남,54세,상해없음,승용,남,61세,경상
2012061000100047,2012년 6월 10일 02시,일요일,부산광역시 중구 대청동1가,중상사고,0,1,0,0,차대사람 - 기타,안전운전불이행,건조,맑음,단일로 - 기타,승용,남,23세,상해없음,보행자,여,24세,중상
2012061000100048,2012년 6월 10일 02시,일요일,부산광역시 동래구 온천동,중상사고,0,1,0,0,차대차 - 측면직각충돌,신호위반,건조,맑음,교차로 - 교차로안,원동기,남,22세,상해없음,이륜,남,25세,중상
2012061000100049,2012년 6월 10일 02시,일요일,부산광역시 부산진구 부전동,경상사고,0,0,1,0,차대차 - 기타,안전운전불이행,건조,맑음,단일로 - 기타,승용,기타불명,기타불명,기타불명,승용,남,24세,경상
2012061000100050,2012년 6월 10일 02시,일요일,부산광역시 부산진구 부암동,중상사고,0,1,3,0,차대차 - 측면직각충돌,안전거리미확보,건조,맑음,미분류 - 미분류,승용,남,46세,상해없음,승용,남,39세,경상
2012061000100089,2012년 6월 10일 05시,일요일,부산광역시 해운대구 송정동,경상사고,0,0,1,0,차대차 - 측면직각충돌,안전운전불이행,건조,맑음,기타 - 기타,승용,남,34세,경상,승용,남,37세,상해없음
2012061000100112,2012년 6월 10일 07시,일요일,부산광역시 북구 화명동,중상사고,0,1,2,0,차대차 - 추돌 - 진행중,안전운전불이행,건조,맑음,기타 - 기타,승용,남,21세,상해없음,화물,남,49세,경상
2012061000100113,2012년 6월 10일 07시,일요일,부산광역시 해운대구 우동,중상사고,0,1,0,0,차대차 - 추돌 - 진행중,안전운전불이행,건조,맑음,교차로 - 교차로안,승용,남,20세,상해없음,승용,남,54세,중상
2012061000100126,2012년 6월 10일 08시,일요일,부산광역시 중구 대창동1가,경상사고,0,0,1,0,차대사람 - 차도통행중,안전운전불이행,건조,맑음,단일로 - 기타,승용,여,39세,상해없음,보행자,남,48세,경상
2012061000100127,2012년 6월 10일 08시,일요일,부산광역시 사상구 학장동,경상사고,0,0,2,0,차대차 - 측면직각충돌,신호위반,건조,맑음,교차로 - 교차로안,승용,남,52세,상해없음,승용,남,37세,경상
2012061000100143,2012년 6월 10일 09시,일요일,부산광역시 북구 구포동,중상사고,0,1,0,0,차대차 - 측면직각충돌,안전거리미확보,건조,맑음,단일로 - 기타,승용,남,35세,상해없음,이륜,남,61세,중상
2012061000100144,2012년 6월 10일 09시,일요일,부산광역시 부산진구 부전동,경상사고,0,0,1,0,차대차 - 기타,교차로운행방법위반,건조,맑음,교차로 - 교차로안,승용,남,68세,상해없음,승합,남,58세,상해없음
2012061000100160,2012년 6월 10일 10시,일요일,부산광역시 사하구 다대동,경상사고,0,0,1,0,차대차 - 기타,안전운전불이행,건조,맑음,단일로 - 기타,승용,남,61세,상해없음,승용,남,66세,상해없음
2012061000100184,2012년 6월 10일 11시,일요일,부산광역시 강서구 지사동,중상사고,0,2,0,0,차대차 - 측면직각충돌,신호위반,건조,맑음,교차로 - 교차로안,승용,남,52세,상해없음,승용,남,39세,중상
2012061000100294,2012년 6월 10일 15시,일요일,부산광역시 금정구 부곡동,경상사고,0,0,1,0,차대사람 - 횡단중,안전운전불이행,건조,맑음,단일로 - 기타,승용,남,47세,상해없음,보행자,남,9세,경상
2012061000100295,2012년 6월 10일 15시,일요일,부산광역시 사상구 괘법동,경상사고,0,0,1,1,차대차 - 측면직각충돌,신호위반,건조,맑음,교차로 - 교차로안,승용,남,30세,상해없음,승용,남,50세,부상신고