사고번호,사고일시,요일,시군구,사고내용,사망자수,중상자수,경상자수,부상신고자수,사고유형,법규위반,노면상태,기상상태,도로형태,가해운전자 차종,가해운전자 성별,가해운전자 연령,가해운전자 상해정도,피해운전자 차종,피해운전자 성별,피해운전자 연령,피해운전자 상해정도
2012061000100324,2012년 6월 10일 16시,일요일,부산광역시 서구 암남동,경상사고,0,0,1,0,차대차 - 기타,안전운전불이행,건조,맑음,단일로 - 기타,승용,남,53세,상해없음,승용,남,30세,경상
2012061000100325,2012년 6월 10일 16시,일요일,부산광역시 해운대구 우동,중상사고,0,1,3,0,차대차 - 추돌 - 진행중,교차로운행방법위반,건조,맑음,단일로 - 기타,승용,여,40세,중상,승용,남,27세,경상
2012061000100326,2012년 6월 10일 16시,일요일,부산광역시 금정구 서동,중상사고,0,1,0,0,차대사람 - 횡단중,안전운전불이행,건조,맑음,단일로 - 기타,승용,남,26세,상해없음,보행자,남,11세,중상
2012061000100327,2012년 6월 10일 16시,일요일,부산광역시 사하구 괴정동,경상사고,0,0,1,0,차대차 - 측면직각충돌,교차로운행방법위반,건조,맑음,교차로 - 교차로안,승용,여,26세,상해없음,승용,남,45세,상해없음
2012061000100363,2012년 6월 10일 17시,일요일,부산광역시 서구 서대신동3가,경상사고,0,0,1,0,차대사람 - 기타,보행자보호의무위반,건조,맑음,단일로 - 횡단보도상,화물,기타불명,기타불명,기타불명,보행자,여,14세,경상
2012061000100364,2012년 6월 10일 17시,일요일,부산광역시 북구 만덕동,부상신고사고,0,0,0,5,차대차 - 추돌 - 진행중,안전거리미확보,건조,맑음,단일로 - 기타,승용,남,35세,상해없음,승합,남,45세,부상신고
2012061000100365,2012년 6월 10일 17시,일요일,부산광역시 사하구 다대동,부상신고사고,0,0,0,1,차대사람 - 기타,안전운전불이행,건조,맑음,단일로 - 기타,승용,여,21세,상해없음,보행자,여,52세,부상신고
2012061000100409,2012년 6월 10일 18시,일요일,부산광역시 수영구 광안동,부상신고사고,0,0,0,1,차대차 - 추돌 - 진행중,차로위반,건조,맑음,단일로 - 기타,자전거,남,76세,부상신고,승용,남,52세,상해없음
2012061000100410,2012년 6월 10일 18시,일요일,부산광역시 사상구 주례동,경상사고,0,0,2,0,차대차 - 추돌 - 주정차중,안전운전불이행,건조,맑음,교차로 - 교차로부근,승용,남,68세,상해없음,화물,남,39세,상해없음
2012061000100411,2012년 6월 10일 18시,일요일,부산광역시 기장군 일광면,중상사고,0,2,2,0,차대차 - 추돌 - 주정차중,안전거리미확보,건조,맑음,단일로 - 기타,승용,남,64세,상해없음,승용,남,40세,중상
2012061000100440,2012년 6월 10일 19시,일요일,부산광역시 남구 대연동,중상사고,0,1,0,0,차대사람 - 횡단중,보행자보호의무위반,건조,맑음,교차로 - 교차로안,승용,남,47세,상해없음,보행자,여,64세,중상
2012061000100441,2012년 6월 10일 19시,일요일,부산광역시 수영구 광안동,중상사고,0,1,1,0,차대차 - 측면직각충돌,안전운전불이행,건조,맑음,교차로 - 교차로안,승용,여,49세,상해없음,원동기,여,42세,중상
2012061000100442,2012년 6월 10일 19시,일요일,부산광역시 사하구 감천동,경상사고,0,0,1,0,차대차 - 측면직각충돌,안전운전불이행,건조,맑음,교차로 - 교차로안,승용,여,59세,상해없음,승용,남,66세,상해없음
2012061000100443,2012년 6월 10일 19시,일요일,부산광역시 사하구 하단동,경상사고,0,0,2,0,차대차 - 추돌 - 진행중,안전거리미확보,건조,맑음,교차로 - 교차로안,이륜,남,18세,상해없음,승용,남,54세,경상
2012061000100444,2012년 6월 10일 19시,일요일,부산광역시 사상구 삼락동,경상사고,0,0,1,1,차대차 - 측면직각충돌,신호위반,건조,맑음,교차로 - 교차로안,이륜,남,18세,경상,승용,남,35세,상해없음
2012061000100465,2012년 6월 10일 20시,일요일,부산광역시 남구 대연동,중상사고,0,2,1,0,차대차 - 측면직각충돌,안전운전불이행,건조,맑음,단일로 - 기타,승용,남,47세,기타불명,승용,남,56세,경상
2012061000100510,2012년 6월 10일 21시,일요일,부산광역시 사하구 당리동,경상사고,0,0,2,0,차대차 - 추돌 - 진행중,안전거리미확보,건조,맑음,단일로 - 기타,승용,여,33세,상해없음,화물,남,34세,경상
2012061000100542,2012년 6월 10일 22시,일요일,부산광역시 금정구 부곡동,경상사고,0,0,1,0,차대사람 - 기타,안전운전불이행,건조,맑음,교차로 - 교차로안,승용,남,49세,상해없음,보행자,남,17세,경상
2012061000100562,2012년 6월 10일 23시,일요일,부산광역시 중구 중앙동5가,경상사고,0,0,1,1,차대차 - 정면충돌,신호위반,건조,맑음,교차로 - 교차로부근,승용,남,51세,상해없음,승용,남,33세,경상
2012061000100563,2012년 6월 10일 23시,일요일,부산광역시 남구 문현동,경상사고,0,0,1,0,차대차 - 추돌 - 진행중,안전운전불이행,건조,맑음,교차로 - 교차로부근,승용,남,55세,상해없음,승용,남,60세,경상
2012061000100564,2012년 6월 10일 23시,일요일,부산광역시 동래구 사직동,경상사고,0,0,1,0,차대차 - 측면직각충돌,안전운전불이행,건조,맑음,단일로 - 기타,승용,남,25세,상해없음,이륜,남,16세,경상
2012061000100565,2012년 6월 10일 23시,일요일,부산광역시 금정구 남산동,경상사고,0,0,1,0,차대차 - 기타,안전운전불이행,건조,맑음,단일로 - 기타,화물,남,47세,상해없음,원동기,남,19세,경상
2012061000100566,2012년 6월 10일 23시,일요일,부산광역시 금정구 서동,경상사고,0,0,1,0,차대사람 - 보도통행중,보행자보호의무위반,건조,맑음,단일로 - 횡단보도상,승용,남,20세,상해없음,보행자,남,37세,경상
2012061000100567,2012년 6월 10일 23시,일요일,부산광역시 사상구 감전동,경상사고,0,0,2,0,차대차 - 기타,안전거리미확보,건조,맑음,교차로 - 교차로부근,승용,남,40세,상해없음,승용,남,30세,경상
2012061100100003,2012년 6월 11일 00시,월요일,부산광역시 해운대구 반송동,중상사고,0,1,1,0,차대차 - 정면충돌,신호위반,건조,맑음,교차로 - 교차로안,승용,남,28세,상해없음,승용,여,55세,경상
2012061100100004,2012년 6월 11일 00시,월요일,부산광역시 강서구 대저1동,경상사고,0,0,2,0,차대차 - 측면직각충돌,안전거리미확보,건조,맑음,단일로 - 기타,승용,기타불명,기타불명,기타불명,승용,남,23세,경상
2012061100100023,2012년 6월 11일 01시,월요일,부산광역시 해운대구 석대동,경상사고,0,0,2,0,차대차 - 측면직각충돌,안전운전불이행,건조,맑음,교차로 - 교차로안,승용,남,42세,상해없음,승용,남,69세,경상
2012061100100036,2012년 6월 11일 02시,월요일,부산광역시 북구 만덕동,중상사고,0,1,0,0,차대차 - 추돌 - 진행중,안전운전불이행,건조,맑음,단일로 - 기타,승용,여,59세,상해없음,화물,남,43세,중상
2012061100100054,2012년 6월 11일 05시,월요일,부산광역시 동구 초량동,중상사고,0,1,0,0,차대차 - 추돌 - 진행중,안전거리미확보,건조,맑음,교차로 - 교차로부근,승용,남,25세,상해없음,이륜,남,53세,중상
2012061100100062,2012년 6월 11일 06시,월요일,부산광역시 금정구 구서동,중상사고,0,1,0,0,차대차 - 추돌 - 진행중,안전운전불이행,건조,맑음,교차로 - 교차로부근,화물,남,36세,상해없음,승용,남,53세,중상
2012061100100063,2012년 6월 11일 06시,월요일,부산광역시 사하구 괴정동,경상사고,0,0,1,0,차대차 - 추돌 - 진행중,안전운전불이행,건조,맑음,단일로 - 기타,승용,남,51세,상해없음,승용,남,37세,경상
2012061100100064,2012년 6월 11일 06시,월요일,부산광역시 사상구 모라동,중상사고,0,1,0,0,차대차 - 측면직각충돌,중앙선침범,건조,맑음,단일로 - 횡단보도부근,이륜,남,16세,중상,승용,남,63세,상해없음
2012061100100083,2012년 6월 11일 07시,월요일,부산광역시 금정구 청룡동,중상사고,0,1,0,0,차대차 - 측면직각충돌,직진우회전진행방해,건조,맑음,교차로 - 교차로안,화물,남,49세,상해없음,이륜,여,46세,중상
2012061100100112,2012년 6월 11일 08시,월요일,부산광역시 남구 대연동,중상사고,0,1,0,0,차대사람 - 기타,안전운전불이행,건조,맑음,단일로 - 기타,승용,여,36세,상해없음,보행자,여,77세,중상
2012061100100113,2012년 6월 11일 08시,월요일,부산광역시 영도구 대교동1가,사망사고,1,0,0,0,차대차 - 기타,안전거리미확보,건조,맑음,단일로 - 횡단보도부근,이륜,남,69세,사망,승용,남,54세,상해없음
2012061100100114,2012년 6월 11일 08시,월요일,부산광역시 강서구 녹산동,경상사고,0,0,2,0,차대차 - 측면직각충돌,안전운전불이행,건조,맑음,교차로 - 교차로안,승용,여,58세,경상,특수,남,62세,경상
2012061100100143,2012년 6월 11일 09시,월요일,부산광역시 부산진구 전포동,경상사고,0,0,1,0,차대사람 - 길가장자리구역통행중,안전운전불이행,건조,맑음,단일로 - 기타,승용,남,64세,상해없음,보행자,남,18세,경상
2012061100100168,2012년 6월 11일 10시,월요일,부산광역시 남구 용당동,사망사고,1,0,0,0,차대사람 - 기타,안전운전불이행,건조,맑음,기타 - 기타,화물,남,45세,상해없음,보행자,남,58세,사망
2012061100100196,2012년 6월 11일 11시,월요일,부산광역시 수영구 망미동,중상사고,0,1,0,0,차대사람 - 횡단중,중앙선침범,건조,맑음,단일로 - 기타,화물,남,54세,상해없음,보행자,남,56세,중상
2012061100100240,2012년 6월 11일 13시,월요일,부산광역시 사하구 신평동,경상사고,0,0,1,0,차대사람 - 기타,안전운전불이행,건조,맑음,단일로 - 기타,승용,남,72세,상해없음,보행자,여,69세,경상
2012061100100241,2012년 6월 11일 13시,월요일,부산광역시 수영구 수영동,중상사고,0,1,0,0,차대사람 - 기타,안전운전불이행,건조,맑음,단일로 - 기타,승용,여,32세,상해없음,보행자,남,62세,중상
2012061100100262,2012년 6월 11일 14시,월요일,부산광역시 부산진구 부전동,경상사고,0,0,2,0,차대차 - 추돌 - 진행중,안전거리미확보,건조,맑음,단일로 - 기타,승용,남,33세,상해없음,승용,남,58세,경상
2012061100100263,2012년 6월 11일 14시,월요일,부산광역시 사하구 장림동,경상사고,0,0,1,0,차대차 - 기타,안전운전불이행,건조,맑음,단일로 - 기타,화물,남,60세,상해없음,자전거,남,35세,경상
2012061100100300,2012년 6월 11일 15시,월요일,부산광역시 금정구 금사동,경상사고,0,0,1,0,차대사람 - 기타,안전운전불이행,건조,맑음,단일로 - 기타,승용,기타불명,기타불명,기타불명,보행자,여,12세,경상
2012061100100301,2012년 6월 11일 15시,월요일,부산광역시 사하구 하단동,경상사고,0,0,1,0,차대차 - 기타,불법유턴,건조,맑음,교차로 - 교차로안,승용,남,34세,상해없음,자전거,남,59세,경상
2012061100100302,2012년 6월 11일 15시,월요일,부산광역시 강서구 송정동,경상사고,0,0,1,0,차대차 - 기타,안전운전불이행,건조,맑음,기타 - 기타,승용,남,63세,상해없음,승용,남,56세,경상
2012061100100331,2012년 6월 11일 16시,월요일,부산광역시 동래구 명장동,중상사고,0,1,0,0,차대차 - 측면직각충돌,안전운전불이행,건조,맑음,교차로 - 교차로안,자전거,여,49세,중상,승용,여,42세,기타불명
2012061100100332,2012년 6월 11일 16시,월요일,부산광역시 사하구 장림동,경상사고,0,0,1,0,차대차 - 추돌 - 주정차중,안전운전불이행,건조,맑음,교차로 - 교차로부근,승용,남,49세,상해없음,승용,남,50세,상해없음
2012061100100408,2012년 6월 11일 18시,월요일,부산광역시 북구 만덕동,경상사고,0,0,1,0,차대사람 - 기타,안전운전불이행,건조,맑음,단일로 - 기타,화물,남,41세,상해없음,보행자,남,61세,경상
2012061100100447,2012년 6월 11일 19시,월요일,부산광역시 수영구 남천동,경상사고,0,0,1,0,차대사람 - 횡단중,신호위반,건조,맑음,단일로 - 기타,승용,여,45세,상해없음,보행자,남,13세,경상
2012061100100448,2012년 6월 11일 19시,월요일,부산광역시 부산진구 개금동,경상사고,0,0,1,0,차대차 - 측면직각충돌,안전거리미확보,건조,맑음,단일로 - 기타,승용,여,41세,상해없음,승용,남,49세,경상
2012061100100449,2012년 6월 11일 19시,월요일,부산광역시 사하구 하단동,경상사고,0,0,1,0,차대차 - 측면직각충돌,교차로운행방법위반,건조,맑음,교차로 - 교차로안,승합,남,41세,상해없음,승용,남,30세,상해없음
2012061100100477,2012년 6월 11일 20시,월요일,부산광역시 남구 문현동,부상신고사고,0,0,0,1,차대사람 - 기타,안전운전불이행,건조,맑음,단일로 - 기타,이륜,남,56세,상해없음,보행자,남,20세,부상신고
2012061100100478,2012년 6월 11일 20시,월요일,부산광역시 부산진구 전포동,경상사고,0,0,1,0,차대차 - 측면직각충돌,안전운전불이행,건조,맑음,단일로 - 기타,승용,남,26세,상해없음,자전거,남,24세,경상
2012061100100510,2012년 6월 11일 21시,월요일,부산광역시 수영구 남천동,경상사고,0,0,1,0,차대차 - 추돌 - 진행중,기타,건조,맑음,교차로 - 교차로안,원동기,남,30세,경상,승용,여,56세,상해없음
2012061100100511,2012년 6월 11일 21시,월요일,부산광역시 동래구 사직동,중상사고,0,1,0,0,차대사람 - 횡단중,안전운전불이행,건조,맑음,기타 - 기타,자전거,남,6세,상해없음,보행자,여,34세,중상
2012061100100539,2012년 6월 11일 22시,월요일,부산광역시 해운대구 재송동,중상사고,0,1,0,0,차대차 - 추돌 - 진행중,안전운전불이행,건조,맑음,교차로 - 교차로부근,승용,남,34세,상해없음,승용,남,38세,중상
2012061100100540,2012년 6월 11일 22시,월요일,부산광역시 강서구 송정동,중상사고,0,1,0,0,차대차 - 측면직각충돌,안전운전불이행,건조,맑음,교차로 - 교차로안,승용,남,41세,상해없음,자전거,남,55세,중상
2012061200100008,2012년 6월 12일 00시,화요일,부산광역시 사하구 하단동,경상사고,0,0,3,0,차대차 - 측면직각충돌,신호위반,건조,맑음,교차로 - 교차로안,승용,남,53세,상해없음,승용,남,53세,경상
2012061200100022,2012년 6월 12일 01시,화요일,부산광역시 연제구 연산동,경상사고,0,0,1,0,차대차 - 측면직각충돌,안전운전불이행,건조,맑음,단일로 - 기타,이륜,남,52세,상해없음,승용,여,50세,경상
2012061200100059,2012년 6월 12일 04시,화요일,부산광역시 수영구 광안동,중상사고,0,1,0,0,차대차 - 추돌 - 진행중,안전거리미확보,건조,맑음,교차로 - 교차로부근,승용,남,24세,상해없음,승용,남,29세,중상
2012061200100080,2012년 6월 12일 06시,화요일,부산광역시 기장군 철마면,경상사고,0,0,1,0,차대차 - 추돌 - 진행중,안전거리미확보,건조,맑음,단일로 - 기타,승용,남,47세,상해없음,승용,남,27세,경상
2012061200100092,2012년 6월 12일 07시,화요일,부산광역시 수영구 광안동,중상사고,0,2,0,0,차대차 - 추돌 - 진행중,차로위반,건조,맑음,교차로 - 교차로안,승용,남,54세,상해없음,승용,남,63세,중상
2012061200100093,2012년 6월 12일 07시,화요일,부산광역시 북구 화명동,중상사고,0,1,0,0,차대차 - 추돌 - 진행중,차로위반,건조,맑음,단일로 - 기타,자전거,남,18세,중상,승합,남,51세,상해없음
2012061200100124,2012년 6월 12일 08시,화요일,부산광역시 강서구 송정동,경상사고,0,0,1,0,차대사람 - 기타,안전운전불이행,건조,맑음,단일로 - 기타,승용,기타불명,기타불명,기타불명,보행자,남,23세,경상
2012061200100156,2012년 6월 12일 09시,화요일,부산광역시 해운대구 재송동,중상사고,0,1,0,0,차대사람 - 횡단중,보행자보호의무위반,건조,맑음,교차로 - 교차로부근,승용,남,69세,상해없음,보행자,여,56세,중상
2012061200100157,2012년 6월 12일 09시,화요일,부산광역시 금정구 구서동,경상사고,0,0,2,0,차대차 - 측면직각충돌,안전운전불이행,건조,맑음,교차로 - 교차로안,승용,여,38세,상해없음,승용,남,33세,상해없음
2012061200100182,2012년 6월 12일 10시,화요일,부산광역시 영도구 남항동1가,중상사고,0,1,0,0,차대사람 - 횡단중,안전운전불이행,건조,맑음,교차로 - 교차로부근,승용,남,58세,상해없음,보행자,여,72세,중상
2012061200100239,2012년 6월 12일 12시,화요일,부산광역시 중구 신창동4가,경상사고,0,0,1,0,차대차 - 측면직각충돌,안전운전불이행,건조,맑음,교차로 - 교차로부근,화물,남,40세,상해없음,이륜,남,22세,경상
2012061200100240,2012년 6월 12일 12시,화요일,부산광역시 사하구 하단동,중상사고,0,1,0,0,차대차 - 기타,교차로운행방법위반,건조,맑음,교차로 - 교차로안,화물,남,33세,상해없음,승합,남,51세,상해없음
2012061200100257,2012년 6월 12일 13시,화요일,부산광역시 동구 좌천동,경상사고,0,0,1,0,차대사람 - 길가장자리구역통행중,안전운전불이행,건조,맑음,단일로 - 기타,승용,남,39세,상해없음,보행자,남,23세,경상
2012061200100258,2012년 6월 12일 13시,화요일,부산광역시 서구 부민동1가,중상사고,0,1,0,0,차대차 - 측면직각충돌,안전운전불이행,기타,맑음,교차로 - 교차로안,승용,여,47세,상해없음,이륜,남,58세,중상
2012061200100259,2012년 6월 12일 13시,화요일,부산광역시 동래구 수안동,경상사고,0,0,1,0,차대차 - 측면직각충돌,안전운전불이행,건조,맑음,교차로 - 교차로안,승용,여,58세,상해없음,승용,여,51세,경상
2012061200100260,2012년 6월 12일 13시,화요일,부산광역시 사하구 신평동,경상사고,0,0,1,0,차대차 - 측면직각충돌,신호위반,건조,맑음,교차로 - 교차로안,승용,여,33세,상해없음,승합,여,50세,경상
2012061200100261,2012년 6월 12일 13시,화요일,부산광역시 강서구 대저1동,경상사고,0,0,3,0,차대차 - 추돌 - 주정차중,안전운전불이행,건조,맑음,교차로 - 교차로부근,화물,남,22세,상해없음,승용,남,39세,경상
2012061200100323,2012년 6월 12일 15시,화요일,부산광역시 해운대구 좌동,중상사고,0,1,0,0,차대사람 - 보도통행중,안전운전불이행,건조,맑음,단일로 - 횡단보도상,승용,여,69세,상해없음,보행자,남,7세,중상
2012061200100324,2012년 6월 12일 15시,화요일,부산광역시 사하구 다대동,경상사고,0,0,1,0,차대차 - 기타,안전거리미확보,건조,맑음,교차로 - 교차로부근,승용,남,50세,상해없음,승합,남,47세,상해없음
2012061200100325,2012년 6월 12일 15시,화요일,부산광역시 사상구 모라동,중상사고,0,1,0,0,차대차 - 측면직각충돌,안전운전불이행,건조,맑음,단일로 - 횡단보도부근,원동기,남,49세,중상,승용,남,60세,상해없음
2012061200100326,2012년 6월 12일 15시,화요일,부산광역시 사상구 감전동,경상사고,0,0,1,0,차대차 - 측면직각충돌,중앙선침범,건조,맑음,단일로 - 기타,화물,남,36세,상해없음,승용,남,53세,경상
2012061200100359,2012년 6월 12일 16시,화요일,부산광역시 동래구 안락동,부상신고사고,0,0,0,1,차대차 - 측면직각충돌,안전운전불이행,건조,맑음,교차로 - 교차로안,승용,남,70세,상해없음,자전거,남,56세,부상신고
2012061200100360,2012년 6월 12일 16시,화요일,부산광역시 연제구 연산동,사망사고,1,0,0,0,차대차 - 측면직각충돌,안전운전불이행,건조,맑음,단일로 - 기타,건설기계,남,65세,상해없음,이륜,남,26세,사망
2012061200100361,2012년 6월 12일 16시,화요일,부산광역시 사상구 덕포동,경상사고,0,0,1,0,차대차 - 추돌 - 진행중,안전거리미확보,건조,맑음,단일로 - 기타,원동기,남,18세,상해없음,승용,남,30세,경상
2012061200100386,2012년 6월 12일 17시,화요일,부산광역시 사상구 삼락동,중상사고,0,1,0,0,차대사람 - 횡단중,안전운전불이행,건조,맑음,단일로 - 기타,승용,남,46세,상해없음,보행자,남,4세,중상
2012061200100466,2012년 6월 12일 19시,화요일,부산광역시 금정구 구서동,경상사고,0,0,1,0,차대차 - 측면직각충돌,교차로운행방법위반,건조,맑음,교차로 - 교차로안,건설기계,남,62세,상해없음,화물,남,48세,상해없음
2012061200100467,2012년 6월 12일 19시,화요일,부산광역시 사하구 신평동,경상사고,0,0,2,0,차대차 - 측면직각충돌,중앙선침범,건조,맑음,단일로 - 기타,승용,남,56세,상해없음,승용,여,64세,경상
2012061200100504,2012년 6월 12일 20시,화요일,부산광역시 동래구 온천동,중상사고,0,1,0,1,차대차 - 기타,교차로운행방법위반,건조,맑음,교차로 - 교차로안,승용,남,71세,부상신고,승용,남,70세,중상
2012061200100505,2012년 6월 12일 20시,화요일,부산광역시 금정구 구서동,중상사고,0,1,0,0,차량단독 - 공작물충돌,안전운전불이행,건조,맑음,단일로 - 기타,승용,여,47세,중상,,,,
2012061200100535,2012년 6월 12일 21시,화요일,부산광역시 남구 문현동,경상사고,0,0,2,0,차대차 - 측면직각충돌,안전운전불이행,건조,맑음,교차로 - 교차로안,승용,남,55세,상해없음,승용,남,46세,경상
2012061200100536,2012년 6월 12일 21시,화요일,부산광역시 해운대구 반여동,경상사고,0,0,1,0,차대차 - 추돌 - 주정차중,기타,건조,맑음,단일로 - 기타,승합,남,69세,상해없음,원동기,남,16세,경상
2012061200100537,2012년 6월 12일 21시,화요일,부산광역시 부산진구 개금동,중상사고,0,2,0,0,차대차 - 추돌 - 주정차중,안전운전불이행,건조,맑음,교차로 - 교차로부근,원동기,남,15세,중상,승합,여,46세,상해없음
2012061200100538,2012년 6월 12일 21시,화요일,부산광역시 수영구 망미동,경상사고,0,0,1,0,차대차 - 추돌 - 진행중,안전운전불이행,건조,맑음,단일로 - 기타,승합,남,52세,상해없음,승용,여,47세,경상
2012061200100567,2012년 6월 12일 22시,화요일,부산광역시 해운대구 반여동,경상사고,0,0,2,1,차대차 - 추돌 - 진행중,안전운전불이행,건조,맑음,단일로 - 기타,승용,남,51세,상해없음,승용,남,48세,경상
2012061200100568,2012년 6월 12일 22시,화요일,부산광역시 사하구 다대동,중상사고,0,1,1,0,차대차 - 추돌 - 주정차중,안전운전불이행,건조,맑음,단일로 - 기타,승용,남,33세,상해없음,승용,남,38세,중상
2012061200100594,2012년 6월 12일 23시,화요일,부산광역시 북구 구포동,중상사고,0,1,0,0,차대차 - 측면직각충돌,신호위반,건조,맑음,교차로 - 교차로안,승용,남,36세,상해없음,이륜,남,16세,중상
2012061200100595,2012년 6월 12일 23시,화요일,부산광역시 부산진구 부전동,경상사고,0,0,1,0,차대사람 - 기타,신호위반,건조,맑음,단일로 - 횡단보도상,승용,남,30세,상해없음,보행자,여,17세,경상
2012061200100596,2012년 6월 12일 23시,화요일,부산광역시 부산진구 양정동,경상사고,0,0,1,0,차대차 - 추돌 - 진행중,안전운전불이행,건조,맑음,단일로 - 기타,승용,남,33세,상해없음,승용,남,59세,상해없음
2012061300100025,2012년 6월 13일 01시,수요일,부산광역시 부산진구 가야동,사망사고,1,0,0,0,차대차 - 측면직각충돌,중앙선침범,건조,맑음,단일로 - 기타,이륜,남,22세,사망,승용,남,49세,상해없음
2012061300100058,2012년 6월 13일 03시,수요일,부산광역시 사하구 신평동,중상사고,0,2,0,0,차대차 - 측면직각충돌,신호위반,건조,맑음,교차로 - 교차로안,화물,남,40세,상해없음,원동기,남,21세,중상
2012061300100065,2012년 6월 13일 04시,수요일,부산광역시 부산진구 전포동,중상사고,0,1,0,0,차대사람 - 횡단중,안전운전불이행,건조,맑음,교차로 - 교차로부근,승용,여,27세,상해없음,보행자,남,20세,중상
2012061300100074,2012년 6월 13일 05시,수요일,부산광역시 사하구 괴정동,경상사고,0,0,1,0,차대차 - 측면직각충돌,안전거리미확보,건조,맑음,교차로 - 교차로안,승용,남,27세,상해없음,승용,남,56세,경상
2012061300100082,2012년 6월 13일 06시,수요일,부산광역시 동래구 명장동,경상사고,0,0,1,0,차대차 - 추돌 - 주정차중,안전운전불이행,건조,맑음,단일로 - 기타,승용,남,59세,상해없음,화물,남,29세,상해없음
2012061300100147,2012년 6월 13일 09시,수요일,부산광역시 북구 구포동,중상사고,0,1,1,0,차대차 - 추돌 - 진행중,안전거리미확보,건조,맑음,교차로 - 교차로부근,승용,여,42세,상해없음,승용,남,65세,중상
2012061300100170,2012년 6월 13일 10시,수요일,부산광역시 북구 만덕동,경상사고,0,0,1,0,차대사람 - 기타,안전운전불이행,건조,맑음,기타 - 기타,승용,여,55세,상해없음,보행자,남,33세,경상
2012061300100210,2012년 6월 13일 12시,수요일,부산광역시 부산진구 부암동,경상사고,0,0,1,0,차대차 - 기타,신호위반,건조,맑음,교차로 - 교차로안,승용,남,65세,상해없음,승용,남,25세,경상
2012061300100236,2012년 6월 13일 13시,수요일,부산광역시 북구 화명동,중상사고,0,1,0,0,차대차 - 측면직각충돌,신호위반,건조,맑음,교차로 - 교차로안,승용,여,53세,상해없음,원동기,남,44세,중상
2012061300100237,2012년 6월 13일 13시,수요일,부산광역시 북구 구포동,중상사고,0,1,0,0,차대사람 - 횡단중,보행자보호의무위반,건조,맑음,단일로 - 기타,승용,남,39세,상해없음,보행자,남,71세,중상
2012061300100266,2012년 6월 13일 14시,수요일,부산광역시 부산진구 개금동,경상사고,0,0,1,0,차대차 - 추돌 - 주정차중,안전운전불이행,건조,맑음,단일로 - 기타,승합,여,45세,상해없음,승합,남,52세,상해없음
2012061300100305,2012년 6월 13일 15시,수요일,부산광역시 동래구 온천동,중상사고,0,1,0,0,차대사람 - 길가장자리구역통행중,안전운전불이행,건조,맑음,단일로 - 기타,승용,남,56세,상해없음,보행자,여,43세,중상
2012061300100386,2012년 6월 13일 17시,수요일,부산광역시 수영구 민락동,중상사고,0,1,0,0,차대차 - 기타,안전거리미확보,건조,맑음,단일로 - 기타,이륜,여,23세,중상,화물,남,41세,상해없음
2012061300100387,2012년 6월 13일 17시,수요일,부산광역시 부산진구 연지동,경상사고,0,0,2,0,차대차 - 측면직각충돌,안전운전불이행,건조,맑음,교차로 - 교차로안,승용,여,58세,경상,승용,여,33세,경상
2012061300100388,2012년 6월 13일 17시,수요일,부산광역시 기장군 정관면,경상사고,0,0,1,0,차대차 - 측면직각충돌,안전운전불이행,건조,맑음,단일로 - 기타,승용,남,51세,상해없음,원동기,남,29세,경상
2012061300100435,2012년 6월 13일 18시,수요일,부산광역시 동래구 온천동,중상사고,0,1,0,0,차대차 - 기타,안전운전불이행,건조,맑음,단일로 - 기타,승용,남,29세,상해없음,자전거,여,63세,중상
2012061300100436,2012년 6월 13일 18시,수요일,부산광역시 동래구 안락동,중상사고,0,1,0,0,차대사람 - 횡단중,보행자보호의무위반,건조,맑음,단일로 - 횡단보도상,승용,남,51세,상해없음,보행자,여,24세,중상
2012061300100502,2012년 6월 13일 20시,수요일,부산광역시 남구 문현동,경상사고,0,0,1,0,차대차 - 정면충돌,중앙선침범,건조,맑음,단일로 - 기타,승용,남,25세,상해없음,원동기,남,57세,경상
2012061300100535,2012년 6월 13일 21시,수요일,부산광역시 중구 영주동,경상사고,0,0,1,0,차대차 - 추돌 - 주정차중,안전운전불이행,건조,맑음,단일로 - 기타,승용,남,49세,상해없음,승용,남,38세,경상
2012061300100536,2012년 6월 13일 21시,수요일,부산광역시 부산진구 범천동,중상사고,0,1,0,0,차대사람 - 기타,안전운전불이행,건조,맑음,단일로 - 기타,승용,여,53세,상해없음,보행자,여,89세,중상
2012061300100537,2012년 6월 13일 21시,수요일,부산광역시 사상구 주례동,중상사고,0,1,0,0,차대차 - 추돌 - 진행중,안전운전불이행,건조,맑음,단일로 - 기타,승합,남,49세,상해없음,승용,남,25세,중상
2012061300100570,2012년 6월 13일 22시,수요일,부산광역시 서구 암남동,경상사고,0,0,1,0,차대차 - 추돌 - 주정차중,안전운전불이행,기타,기타,단일로 - 기타,승용,남,47세,상해없음,승용,남,47세,상해없음
2012061300100571,2012년 6월 13일 22시,수요일,부산광역시 동래구 사직동,중상사고,0,1,7,0,차대차 - 추돌 - 주정차중,안전운전불이행,건조,맑음,단일로 - 기타,승용,남,64세,상해없음,승용,남,56세,경상
2012061300100572,2012년 6월 13일 22시,수요일,부산광역시 해운대구 좌동,경상사고,0,0,3,0,차대차 - 측면직각충돌,안전운전불이행,건조,맑음,단일로 - 기타,승용,남,60세,상해없음,원동기,남,16세,경상
2012061300100604,2012년 6월 13일 23시,수요일,부산광역시 해운대구 반여동,중상사고,0,1,0,0,차대차 - 측면직각충돌,안전거리미확보,건조,맑음,단일로 - 기타,승용,남,51세,상해없음,승용,남,37세,중상