사고번호,사고일시,요일,시군구,사고내용,사망자수,중상자수,경상자수,부상신고자수,사고유형,법규위반,노면상태,기상상태,도로형태,가해운전자 차종,가해운전자 성별,가해운전자 연령,가해운전자 상해정도,피해운전자 차종,피해운전자 성별,피해운전자 연령,피해운전자 상해정도
2012061300100605,2012년 6월 13일 23시,수요일,부산광역시 사상구 괘법동,경상사고,0,0,1,0,차대사람 - 기타,안전운전불이행,건조,맑음,단일로 - 기타,승용,남,26세,상해없음,보행자,여,31세,경상
2012061400100004,2012년 6월 14일 00시,목요일,부산광역시 북구 덕천동,경상사고,0,0,1,0,차대차 - 추돌 - 진행중,차로위반,건조,맑음,단일로 - 기타,승용,남,60세,상해없음,승용,남,40세,경상
2012061400100005,2012년 6월 14일 00시,목요일,부산광역시 부산진구 부암동,중상사고,0,1,0,0,차대차 - 기타,중앙선침범,건조,맑음,단일로 - 기타,승용,남,30세,상해없음,승용,남,19세,중상
2012061400100046,2012년 6월 14일 03시,목요일,부산광역시 해운대구 좌동,경상사고,0,0,1,0,차대사람 - 기타,안전운전불이행,건조,맑음,교차로 - 교차로부근,승용,여,41세,상해없음,보행자,남,58세,경상
2012061400100047,2012년 6월 14일 03시,목요일,부산광역시 사하구 신평동,경상사고,0,0,1,0,차대차 - 측면직각충돌,신호위반,건조,맑음,교차로 - 교차로부근,승용,남,49세,상해없음,승용,남,51세,경상
2012061400100053,2012년 6월 14일 04시,목요일,부산광역시 서구 동대신동2가,경상사고,0,0,2,0,차대차 - 정면충돌,안전운전불이행,기타,비,단일로 - 기타,승용,남,65세,상해없음,승용,남,30세,경상
2012061400100064,2012년 6월 14일 05시,목요일,부산광역시 부산진구 부전동,경상사고,0,0,2,0,차대차 - 기타,안전거리미확보,건조,맑음,단일로 - 기타,승용,남,35세,상해없음,승용,여,49세,경상
2012061400100073,2012년 6월 14일 06시,목요일,부산광역시 북구 덕천동,부상신고사고,0,0,0,1,차대사람 - 기타,안전운전불이행,건조,맑음,단일로 - 기타,승용,남,59세,상해없음,보행자,여,85세,부상신고
2012061400100091,2012년 6월 14일 07시,목요일,부산광역시 영도구 동삼동,중상사고,0,1,0,0,차대사람 - 횡단중,안전운전불이행,건조,맑음,교차로 - 교차로부근,승합,남,41세,상해없음,보행자,남,24세,중상
2012061400100092,2012년 6월 14일 07시,목요일,부산광역시 금정구 부곡동,중상사고,0,1,0,1,차대차 - 추돌 - 진행중,안전운전불이행,건조,맑음,교차로 - 교차로안,승합,남,44세,상해없음,화물,남,47세,부상신고
2012061400100093,2012년 6월 14일 07시,목요일,부산광역시 강서구 녹산동,중상사고,0,1,0,0,차대차 - 기타,안전운전불이행,건조,맑음,단일로 - 기타,승용,여,22세,상해없음,자전거,남,38세,중상
2012061400100132,2012년 6월 14일 08시,목요일,부산광역시 동구 수정동,중상사고,0,1,0,0,차대차 - 측면직각충돌,안전운전불이행,건조,맑음,단일로 - 기타,자전거,남,12세,중상,화물,남,65세,상해없음
2012061400100133,2012년 6월 14일 08시,목요일,부산광역시 영도구 청학동,경상사고,0,0,1,0,차대차 - 측면직각충돌,안전운전불이행,건조,맑음,단일로 - 기타,승용,여,22세,상해없음,승용,여,53세,경상
2012061400100134,2012년 6월 14일 08시,목요일,부산광역시 해운대구 좌동,경상사고,0,0,1,0,차대사람 - 횡단중,안전운전불이행,건조,맑음,단일로 - 기타,승용,남,51세,상해없음,보행자,여,56세,경상
2012061400100162,2012년 6월 14일 09시,목요일,부산광역시 해운대구 재송동,경상사고,0,0,1,0,차대사람 - 기타,안전운전불이행,건조,맑음,단일로 - 기타,승용,여,50세,상해없음,보행자,남,5세,경상
2012061400100191,2012년 6월 14일 10시,목요일,부산광역시 서구 서대신동1가,중상사고,0,2,0,0,차대차 - 추돌 - 주정차중,안전운전불이행,건조,맑음,단일로 - 기타,승용,남,52세,상해없음,화물,남,56세,상해없음
2012061400100215,2012년 6월 14일 11시,목요일,부산광역시 금정구 서동,경상사고,0,0,1,0,차대사람 - 횡단중,안전운전불이행,건조,맑음,단일로 - 기타,승용,남,34세,상해없음,보행자,남,31세,경상
2012061400100216,2012년 6월 14일 11시,목요일,부산광역시 기장군 철마면,경상사고,0,0,1,0,차대차 - 기타,신호위반,건조,기타,교차로 - 교차로안,승용,남,63세,상해없음,원동기,남,39세,경상
2012061400100241,2012년 6월 14일 12시,목요일,부산광역시 영도구 대평동1가,중상사고,0,1,0,0,차대차 - 추돌 - 주정차중,안전운전불이행,건조,맑음,단일로 - 기타,승용,남,38세,상해없음,승용,남,21세,상해없음
2012061400100242,2012년 6월 14일 12시,목요일,부산광역시 사상구 감전동,중상사고,0,1,1,0,차대차 - 측면직각충돌,직진우회전진행방해,건조,맑음,교차로 - 교차로안,이륜,남,33세,중상,승용,남,62세,상해없음
2012061400100290,2012년 6월 14일 14시,목요일,부산광역시 사하구 장림동,경상사고,0,0,1,0,차대차 - 측면직각충돌,차로위반,건조,맑음,단일로 - 기타,승용,여,45세,상해없음,승용,남,40세,경상
2012061400100291,2012년 6월 14일 14시,목요일,부산광역시 사상구 감전동,경상사고,0,0,1,0,차대차 - 추돌 - 진행중,차로위반,건조,맑음,미분류 - 미분류,화물,남,53세,상해없음,승용,여,59세,경상
2012061400100317,2012년 6월 14일 15시,목요일,부산광역시 서구 암남동,중상사고,0,1,0,0,차대차 - 측면직각충돌,안전운전불이행,건조,맑음,단일로 - 기타,승용,남,57세,상해없음,승용,여,58세,중상
2012061400100318,2012년 6월 14일 15시,목요일,부산광역시 금정구 부곡동,중상사고,0,1,0,0,차대차 - 추돌 - 진행중,안전운전불이행,건조,맑음,단일로 - 기타,화물,남,38세,상해없음,승용,여,44세,중상
2012061400100319,2012년 6월 14일 15시,목요일,부산광역시 기장군 기장읍,중상사고,0,1,1,0,차대차 - 추돌 - 진행중,안전거리미확보,건조,맑음,단일로 - 기타,승용,남,62세,상해없음,승용,여,33세,경상
2012061400100354,2012년 6월 14일 16시,목요일,부산광역시 남구 대연동,경상사고,0,0,2,0,차대차 - 추돌 - 주정차중,안전거리미확보,건조,맑음,단일로 - 터널,승용,남,53세,상해없음,승용,남,28세,경상
2012061400100355,2012년 6월 14일 16시,목요일,부산광역시 동래구 온천동,경상사고,0,0,2,0,차대차 - 측면직각충돌,안전운전불이행,건조,맑음,단일로 - 기타,승용,남,40세,상해없음,자전거,남,13세,경상
2012061400100385,2012년 6월 14일 17시,목요일,부산광역시 부산진구 전포동,부상신고사고,0,0,0,1,차대사람 - 기타,안전운전불이행,건조,맑음,교차로 - 교차로안,승용,남,28세,상해없음,보행자,남,10세,부상신고
2012061400100424,2012년 6월 14일 18시,목요일,부산광역시 수영구 민락동,부상신고사고,0,0,0,1,차량단독 - 공작물충돌,안전운전불이행,건조,맑음,단일로 - 교량,승용,남,50세,부상신고,,,,
2012061400100425,2012년 6월 14일 18시,목요일,부산광역시 남구 우암동,중상사고,0,1,0,0,차대사람 - 횡단중,신호위반,건조,맑음,단일로 - 기타,승용,남,44세,상해없음,보행자,여,17세,중상
2012061400100426,2012년 6월 14일 18시,목요일,부산광역시 북구 구포동,경상사고,0,0,1,0,차대차 - 추돌 - 주정차중,안전운전불이행,건조,맑음,단일로 - 기타,화물,남,49세,기타불명,승용,여,44세,경상
2012061400100427,2012년 6월 14일 18시,목요일,부산광역시 영도구 봉래동1가,경상사고,0,0,1,0,차대차 - 추돌 - 주정차중,안전거리미확보,건조,맑음,단일로 - 교량,승용,남,56세,상해없음,승합,남,36세,경상
2012061400100428,2012년 6월 14일 18시,목요일,부산광역시 사하구 구평동,경상사고,0,0,2,0,차대차 - 추돌 - 진행중,신호위반,건조,맑음,교차로 - 교차로안,승용,여,39세,상해없음,승용,남,44세,경상
2012061400100475,2012년 6월 14일 19시,목요일,부산광역시 부산진구 양정동,경상사고,0,0,1,0,차대사람 - 기타,안전운전불이행,건조,맑음,단일로 - 기타,승용,남,46세,상해없음,보행자,남,47세,경상
2012061400100493,2012년 6월 14일 20시,목요일,부산광역시 서구 남부민동,중상사고,0,1,0,0,차대차 - 기타,안전거리미확보,건조,맑음,단일로 - 기타,자전거,남,71세,중상,승용,남,59세,상해없음
2012061400100494,2012년 6월 14일 20시,목요일,부산광역시 수영구 남천동,경상사고,0,0,1,0,차대차 - 기타,안전운전불이행,건조,맑음,단일로 - 기타,승용,여,33세,상해없음,자전거,남,14세,경상
2012061400100534,2012년 6월 14일 21시,목요일,부산광역시 동래구 온천동,중상사고,0,2,0,0,차대차 - 측면직각충돌,안전운전불이행,건조,맑음,교차로 - 교차로안,화물,남,57세,상해없음,승용,남,27세,중상
2012061400100535,2012년 6월 14일 21시,목요일,부산광역시 해운대구 좌동,경상사고,0,0,1,0,차대차 - 측면직각충돌,중앙선침범,건조,맑음,단일로 - 기타,이륜,남,15세,상해없음,승용,남,58세,경상
2012061400100599,2012년 6월 14일 23시,목요일,부산광역시 수영구 광안동,경상사고,0,0,4,0,차대차 - 기타,교차로운행방법위반,건조,맑음,교차로 - 교차로안,승용,여,28세,경상,승용,여,21세,경상
2012061400100600,2012년 6월 14일 23시,목요일,부산광역시 부산진구 부암동,경상사고,0,0,1,0,차대차 - 추돌 - 진행중,안전운전불이행,건조,맑음,교차로 - 교차로부근,화물,남,53세,상해없음,승용,남,63세,경상
2012061500100030,2012년 6월 15일 01시,금요일,부산광역시 서구 충무동1가,중상사고,0,1,0,0,차대차 - 기타,안전운전불이행,건조,맑음,단일로 - 기타,승용,남,56세,기타불명,승용,남,71세,상해없음
2012061500100031,2012년 6월 15일 01시,금요일,부산광역시 해운대구 우동,경상사고,0,0,3,0,차대차 - 측면직각충돌,안전운전불이행,건조,맑음,단일로 - 기타,승용,남,27세,상해없음,승용,남,23세,기타불명
2012061500100128,2012년 6월 15일 08시,금요일,부산광역시 동구 초량동,경상사고,0,0,1,0,차대차 - 기타,신호위반,건조,맑음,단일로 - 기타,승용,남,40세,상해없음,승용,남,52세,경상
2012061500100129,2012년 6월 15일 08시,금요일,부산광역시 동래구 안락동,경상사고,0,0,1,0,차대차 - 측면직각충돌,교차로운행방법위반,건조,맑음,교차로 - 교차로안,승용,남,37세,상해없음,원동기,남,57세,경상
2012061500100130,2012년 6월 15일 08시,금요일,부산광역시 부산진구 부암동,경상사고,0,0,1,0,차량단독 - 기타,안전운전불이행,건조,맑음,단일로 - 기타,승합,남,50세,상해없음,,,,
2012061500100161,2012년 6월 15일 09시,금요일,부산광역시 부산진구 부전동,경상사고,0,0,1,0,차대차 - 측면직각충돌,교차로운행방법위반,건조,맑음,교차로 - 교차로안,승합,남,45세,상해없음,화물,남,31세,경상
2012061500100162,2012년 6월 15일 09시,금요일,부산광역시 사하구 신평동,중상사고,0,1,0,0,차대사람 - 기타,안전운전불이행,건조,맑음,단일로 - 기타,화물,남,49세,상해없음,보행자,남,61세,중상
2012061500100163,2012년 6월 15일 09시,금요일,부산광역시 사상구 엄궁동,중상사고,0,1,0,0,차대차 - 기타,중앙선침범,건조,맑음,교차로 - 교차로부근,승용,남,31세,상해없음,이륜,남,43세,중상
2012061500100189,2012년 6월 15일 10시,금요일,부산광역시 사하구 하단동,경상사고,0,0,1,0,차대사람 - 기타,안전운전불이행,건조,맑음,단일로 - 기타,승용,남,61세,상해없음,보행자,남,25세,경상
2012061500100190,2012년 6월 15일 10시,금요일,부산광역시 사상구 모라동,경상사고,0,0,1,0,차대사람 - 차도통행중,안전운전불이행,건조,맑음,단일로 - 기타,화물,남,30세,상해없음,보행자,여,74세,경상
2012061500100227,2012년 6월 15일 11시,금요일,부산광역시 해운대구 우동,경상사고,0,0,1,0,차대차 - 추돌 - 주정차중,안전운전불이행,건조,맑음,단일로 - 기타,승용,여,52세,상해없음,승합,남,42세,경상
2012061500100248,2012년 6월 15일 12시,금요일,부산광역시 부산진구 부전동,경상사고,0,0,1,0,차대사람 - 기타,안전운전불이행,건조,맑음,단일로 - 기타,승용,기타불명,기타불명,기타불명,보행자,여,22세,경상
2012061500100312,2012년 6월 15일 14시,금요일,부산광역시 중구 중앙동4가,경상사고,0,0,3,0,차대차 - 측면직각충돌,중앙선침범,습기,비,교차로 - 교차로부근,승용,남,42세,상해없음,화물,남,34세,상해없음
2012061500100313,2012년 6월 15일 14시,금요일,부산광역시 서구 동대신동1가,중상사고,0,1,0,0,차대차 - 추돌 - 진행중,안전거리미확보,습기,비,단일로 - 횡단보도부근,특수,남,64세,상해없음,승용,남,37세,중상
2012061500100314,2012년 6월 15일 14시,금요일,부산광역시 사하구 다대동,경상사고,0,0,1,0,차대사람 - 보도통행중,기타,건조,맑음,단일로 - 기타,화물,남,43세,상해없음,보행자,여,49세,경상
2012061500100345,2012년 6월 15일 15시,금요일,부산광역시 수영구 남천동,중상사고,0,1,0,0,차대사람 - 횡단중,보행자보호의무위반,습기,비,단일로 - 횡단보도상,승용,남,30세,상해없음,보행자,여,69세,중상
2012061500100346,2012년 6월 15일 15시,금요일,부산광역시 남구 감만동,중상사고,0,2,1,0,차대차 - 정면충돌,신호위반,습기,비,교차로 - 교차로안,승용,남,52세,상해없음,승용,여,34세,중상
2012061500100347,2012년 6월 15일 15시,금요일,부산광역시 금정구 서동,경상사고,0,0,1,0,차량단독 - 공작물충돌,안전운전불이행,습기,비,단일로 - 기타,승용,남,32세,상해없음,,,,
2012061500100348,2012년 6월 15일 15시,금요일,부산광역시 금정구 구서동,경상사고,0,0,1,0,차대차 - 추돌 - 진행중,안전거리미확보,습기,비,교차로 - 교차로부근,승용,남,45세,상해없음,승용,여,54세,경상
2012061500100349,2012년 6월 15일 15시,금요일,부산광역시 금정구 노포동,중상사고,0,1,1,0,차대차 - 측면직각충돌,기타,습기,비,교차로 - 교차로안,승합,남,55세,상해없음,화물,남,43세,상해없음
2012061500100350,2012년 6월 15일 15시,금요일,부산광역시 사하구 괴정동,경상사고,0,0,1,0,차대차 - 기타,안전거리미확보,습기,비,교차로 - 교차로부근,승용,여,61세,상해없음,승합,남,66세,상해없음
2012061500100390,2012년 6월 15일 16시,금요일,부산광역시 사하구 다대동,중상사고,0,1,1,0,차대차 - 추돌 - 진행중,안전거리미확보,건조,맑음,단일로 - 기타,승용,남,57세,상해없음,승용,남,35세,경상
2012061500100430,2012년 6월 15일 17시,금요일,부산광역시 북구 화명동,경상사고,0,0,1,0,차대차 - 추돌 - 진행중,안전운전불이행,습기,비,기타 - 기타,승합,남,36세,기타불명,승용,여,43세,경상
2012061500100431,2012년 6월 15일 17시,금요일,부산광역시 북구 덕천동,경상사고,0,0,1,0,차대사람 - 보도통행중,안전운전불이행,습기,비,기타 - 기타,승용,남,63세,상해없음,보행자,남,31세,경상
2012061500100432,2012년 6월 15일 17시,금요일,부산광역시 동래구 명륜동,경상사고,0,0,1,0,차대사람 - 기타,안전운전불이행,습기,비,단일로 - 기타,승용,남,44세,상해없음,보행자,남,11세,경상
2012061500100433,2012년 6월 15일 17시,금요일,부산광역시 부산진구 부전동,경상사고,0,0,1,0,차대차 - 기타,안전운전불이행,습기,비,단일로 - 기타,승용,남,31세,상해없음,이륜,남,38세,경상
2012061500100434,2012년 6월 15일 17시,금요일,부산광역시 사하구 괴정동,부상신고사고,0,0,0,1,차대사람 - 기타,안전운전불이행,습기,비,단일로 - 기타,승용,남,64세,기타불명,보행자,남,17세,부상신고
2012061500100477,2012년 6월 15일 18시,금요일,부산광역시 남구 우암동,중상사고,0,1,0,0,차대차 - 정면충돌,중앙선침범,건조,맑음,단일로 - 기타,승용,남,73세,상해없음,승용,남,57세,중상
2012061500100478,2012년 6월 15일 18시,금요일,부산광역시 해운대구 좌동,경상사고,0,0,2,0,차대차 - 추돌 - 주정차중,안전운전불이행,습기,비,단일로 - 기타,승합,남,57세,상해없음,승용,여,28세,상해없음
2012061500100479,2012년 6월 15일 18시,금요일,부산광역시 부산진구 양정동,경상사고,0,0,1,0,차대차 - 기타,안전운전불이행,습기,비,단일로 - 기타,승용,남,32세,상해없음,자전거,남,43세,경상
2012061500100481,2012년 6월 15일 18시,금요일,부산광역시 사상구 덕포동,경상사고,0,0,2,0,차대차 - 기타,안전운전불이행,건조,맑음,단일로 - 횡단보도부근,승용,남,52세,상해없음,승용,남,46세,경상
2012061500100482,2012년 6월 15일 18시,금요일,부산광역시 사상구 학장동,중상사고,0,1,0,0,차대차 - 측면직각충돌,신호위반,습기,비,교차로 - 교차로안,화물,남,22세,상해없음,승용,남,32세,중상
2012061500100483,2012년 6월 15일 18시,금요일,부산광역시 기장군 장안읍,중상사고,0,1,0,0,차대사람 - 길가장자리구역통행중,안전운전불이행,습기,비,단일로 - 기타,승용,남,66세,상해없음,보행자,남,62세,중상
2012061500100525,2012년 6월 15일 19시,금요일,부산광역시 남구 대연동,경상사고,0,0,1,0,차대차 - 추돌 - 진행중,안전거리미확보,건조,맑음,교차로 - 교차로안,승용,여,57세,상해없음,승용,남,47세,경상
2012061500100526,2012년 6월 15일 19시,금요일,부산광역시 동래구 온천동,부상신고사고,0,0,0,1,차대차 - 추돌 - 진행중,안전운전불이행,건조,맑음,교차로 - 교차로부근,승용,남,30세,상해없음,승용,남,59세,부상신고
2012061500100527,2012년 6월 15일 19시,금요일,부산광역시 사하구 감천동,경상사고,0,0,1,0,차대차 - 추돌 - 진행중,안전거리미확보,습기,비,교차로 - 교차로안,승용,남,52세,상해없음,원동기,남,50세,경상
2012061500100571,2012년 6월 15일 20시,금요일,부산광역시 금정구 장전동,부상신고사고,0,0,0,1,차대사람 - 기타,안전운전불이행,건조,맑음,교차로 - 교차로부근,승용,남,37세,상해없음,보행자,남,52세,부상신고
2012061500100572,2012년 6월 15일 20시,금요일,부산광역시 사하구 하단동,경상사고,0,0,2,0,차대차 - 추돌 - 진행중,안전거리미확보,습기,비,단일로 - 기타,화물,남,53세,상해없음,승합,남,27세,경상
2012061500100574,2012년 6월 15일 20시,금요일,부산광역시 연제구 거제동,경상사고,0,0,1,0,차대차 - 기타,안전운전불이행,건조,맑음,교차로 - 교차로안,승용,남,46세,상해없음,자전거,남,59세,경상
2012061500100575,2012년 6월 15일 20시,금요일,부산광역시 기장군 정관면,경상사고,0,0,2,0,차대차 - 추돌 - 주정차중,안전운전불이행,건조,맑음,단일로 - 기타,승용,남,22세,상해없음,승용,남,41세,경상
2012061500100625,2012년 6월 15일 21시,금요일,부산광역시 남구 대연동,중상사고,0,2,3,0,차대차 - 추돌 - 주정차중,안전거리미확보,습기,비,단일로 - 기타,승용,남,56세,상해없음,승용,여,25세,경상
2012061500100626,2012년 6월 15일 21시,금요일,부산광역시 북구 화명동,중상사고,0,1,0,0,차대사람 - 보도통행중,신호위반,습기,비,단일로 - 횡단보도상,이륜,남,17세,상해없음,보행자,여,53세,중상
2012061500100627,2012년 6월 15일 21시,금요일,부산광역시 부산진구 부전동,경상사고,0,0,2,0,차대차 - 기타,안전운전불이행,습기,비,교차로 - 교차로부근,승용,기타불명,기타불명,기타불명,승용,여,44세,경상
2012061500100628,2012년 6월 15일 21시,금요일,부산광역시 금정구 남산동,경상사고,0,0,2,0,차대차 - 정면충돌,중앙선침범,습기,비,교차로 - 교차로부근,승용,여,45세,상해없음,승용,여,36세,기타불명
2012061500100629,2012년 6월 15일 21시,금요일,부산광역시 금정구 서동,중상사고,0,1,0,0,차대사람 - 기타,안전운전불이행,습기,비,교차로 - 교차로부근,승합,남,44세,상해없음,보행자,남,31세,중상
2012061500100630,2012년 6월 15일 21시,금요일,부산광역시 금정구 서동,경상사고,0,0,1,0,차대차 - 추돌 - 주정차중,안전거리미확보,습기,비,교차로 - 교차로부근,기타불명,기타불명,기타불명,기타불명,승용,남,42세,경상
2012061500100631,2012년 6월 15일 21시,금요일,부산광역시 금정구 서동,중상사고,0,1,0,0,차대사람 - 횡단중,보행자보호의무위반,건조,맑음,단일로 - 횡단보도상,승용,여,42세,상해없음,보행자,여,29세,중상
2012061500100632,2012년 6월 15일 21시,금요일,부산광역시 사하구 장림동,중상사고,0,1,1,0,차대차 - 추돌 - 진행중,안전거리미확보,습기,비,교차로 - 교차로부근,화물,남,52세,상해없음,화물,남,59세,경상
2012061500100675,2012년 6월 15일 22시,금요일,부산광역시 수영구 민락동,중상사고,0,1,0,0,차대차 - 측면직각충돌,안전운전불이행,습기,비,단일로 - 기타,승용,남,25세,상해없음,승용,남,41세,상해없음
2012061500100676,2012년 6월 15일 22시,금요일,부산광역시 부산진구 양정동,경상사고,0,0,1,0,차대사람 - 기타,안전운전불이행,습기,흐림,단일로 - 기타,승용,기타불명,기타불명,기타불명,보행자,남,17세,경상
2012061500100677,2012년 6월 15일 22시,금요일,부산광역시 금정구 부곡동,경상사고,0,0,1,0,차대사람 - 기타,안전운전불이행,습기,비,교차로 - 교차로부근,승용,남,44세,상해없음,보행자,남,52세,경상
2012061500100678,2012년 6월 15일 22시,금요일,부산광역시 금정구 구서동,경상사고,0,0,2,0,차대차 - 추돌 - 진행중,안전거리미확보,습기,비,단일로 - 기타,승용,남,44세,상해없음,승용,남,52세,경상
2012061500100679,2012년 6월 15일 22시,금요일,부산광역시 사하구 당리동,경상사고,0,0,1,0,차대차 - 추돌 - 진행중,안전거리미확보,습기,비,단일로 - 기타,승용,여,47세,상해없음,승용,여,58세,경상
2012061500100680,2012년 6월 15일 22시,금요일,부산광역시 사하구 감천동,경상사고,0,0,1,0,차대차 - 기타,안전운전불이행,습기,비,단일로 - 기타,승용,기타불명,기타불명,기타불명,승용,여,36세,경상
2012061500100724,2012년 6월 15일 23시,금요일,부산광역시 중구 중앙동2가,경상사고,0,0,1,0,차대차 - 측면직각충돌,안전운전불이행,건조,맑음,단일로 - 기타,승용,남,28세,상해없음,승용,남,59세,경상
2012061500100725,2012년 6월 15일 23시,금요일,부산광역시 해운대구 우동,경상사고,0,0,1,0,차대사람 - 횡단중,안전운전불이행,습기,비,단일로 - 횡단보도상,승용,여,41세,상해없음,보행자,여,42세,경상
2012061500100726,2012년 6월 15일 23시,금요일,부산광역시 해운대구 송정동,경상사고,0,0,1,0,차대차 - 추돌 - 주정차중,안전운전불이행,습기,비,단일로 - 기타,승용,남,39세,상해없음,승용,남,40세,경상
2012061500100727,2012년 6월 15일 23시,금요일,부산광역시 부산진구 범천동,중상사고,0,1,0,0,차대사람 - 기타,안전운전불이행,습기,비,단일로 - 기타,원동기,남,17세,상해없음,보행자,남,56세,중상
2012061500100728,2012년 6월 15일 23시,금요일,부산광역시 금정구 서동,중상사고,0,1,0,0,차대사람 - 기타,안전운전불이행,건조,맑음,단일로 - 기타,원동기,남,16세,상해없음,보행자,여,44세,중상
2012061500100729,2012년 6월 15일 23시,금요일,부산광역시 연제구 연산동,중상사고,0,1,0,0,차대사람 - 횡단중,안전운전불이행,습기,비,단일로 - 횡단보도상,이륜,남,41세,상해없음,보행자,여,28세,중상
2012061600100006,2012년 6월 16일 00시,토요일,부산광역시 서구 암남동,경상사고,0,0,1,0,차대사람 - 횡단중,안전운전불이행,습기,비,교차로 - 교차로안,승용,남,37세,상해없음,보행자,남,37세,경상
2012061600100007,2012년 6월 16일 00시,토요일,부산광역시 동래구 온천동,중상사고,0,2,6,0,차대차 - 추돌 - 주정차중,안전운전불이행,습기,비,단일로 - 기타,화물,남,53세,경상,승용,여,43세,경상
2012061600100008,2012년 6월 16일 00시,토요일,부산광역시 해운대구 중동,경상사고,0,0,1,0,차대차 - 측면직각충돌,안전운전불이행,습기,비,교차로 - 교차로안,승용,여,52세,상해없음,승용,남,62세,경상
2012061600100009,2012년 6월 16일 00시,토요일,부산광역시 부산진구 부전동,경상사고,0,0,1,0,차대차 - 측면직각충돌,중앙선침범,건조,흐림,단일로 - 기타,승용,남,31세,상해없음,이륜,남,18세,경상
2012061600100010,2012년 6월 16일 00시,토요일,부산광역시 사하구 당리동,중상사고,0,1,0,0,차대사람 - 길가장자리구역통행중,안전운전불이행,습기,비,단일로 - 기타,승용,남,44세,상해없음,보행자,여,40세,중상
2012061600100011,2012년 6월 16일 00시,토요일,부산광역시 수영구 망미동,중상사고,0,1,0,0,차대차 - 측면직각충돌,신호위반,습기,비,교차로 - 교차로안,승용,남,42세,상해없음,승용,남,59세,중상
2012061600100058,2012년 6월 16일 01시,토요일,부산광역시 동구 범일동,중상사고,0,1,0,0,차대차 - 기타,안전운전불이행,습기,비,교차로 - 교차로부근,승용,남,38세,상해없음,승용,남,65세,상해없음
2012061600100059,2012년 6월 16일 01시,토요일,부산광역시 서구 서대신동1가,중상사고,0,2,1,0,차대차 - 측면직각충돌,중앙선침범,습기,비,단일로 - 기타,승용,남,53세,상해없음,승용,남,64세,경상
2012061600100060,2012년 6월 16일 01시,토요일,부산광역시 연제구 연산동,경상사고,0,0,1,0,차대사람 - 차도통행중,안전운전불이행,습기,비,교차로 - 교차로안,승용,남,49세,상해없음,보행자,여,28세,경상
2012061600100093,2012년 6월 16일 02시,토요일,부산광역시 해운대구 좌동,중상사고,0,1,0,0,차대차 - 기타,안전거리미확보,습기,비,교차로 - 교차로부근,승용,남,54세,상해없음,이륜,남,32세,중상
2012061600100094,2012년 6월 16일 02시,토요일,부산광역시 사상구 감전동,경상사고,0,0,2,0,차대차 - 추돌 - 주정차중,안전운전불이행,습기,흐림,교차로 - 교차로부근,승합,남,41세,상해없음,승용,남,62세,상해없음
2012061600100123,2012년 6월 16일 04시,토요일,부산광역시 북구 구포동,경상사고,0,0,1,0,차대차 - 기타,안전운전불이행,건조,맑음,단일로 - 기타,승용,남,60세,상해없음,화물,남,56세,상해없음
2012061600100139,2012년 6월 16일 05시,토요일,부산광역시 연제구 연산동,경상사고,0,0,1,0,차대차 - 추돌 - 진행중,안전거리미확보,습기,맑음,교차로 - 교차로부근,승용,남,27세,기타불명,승용,남,67세,경상
2012061600100140,2012년 6월 16일 05시,토요일,부산광역시 사상구 감전동,경상사고,0,0,2,0,차대차 - 추돌 - 진행중,안전거리미확보,건조,맑음,단일로 - 기타,승용,남,48세,상해없음,승용,남,59세,경상
2012061600100162,2012년 6월 16일 07시,토요일,부산광역시 강서구 화전동,경상사고,0,0,1,0,차대차 - 측면직각충돌,교차로운행방법위반,건조,맑음,교차로 - 교차로안,화물,남,33세,상해없음,승용,남,29세,경상
2012061600100186,2012년 6월 16일 08시,토요일,부산광역시 부산진구 당감동,중상사고,0,1,0,0,차대차 - 측면직각충돌,신호위반,건조,맑음,교차로 - 교차로안,승용,여,50세,상해없음,승용,남,49세,중상
2012061600100187,2012년 6월 16일 08시,토요일,부산광역시 연제구 연산동,경상사고,0,0,1,0,차대사람 - 보도통행중,안전운전불이행,건조,맑음,교차로 - 교차로부근,승용,여,59세,상해없음,보행자,여,21세,경상
2012061600100209,2012년 6월 16일 09시,토요일,부산광역시 남구 용호동,경상사고,0,0,1,0,차대사람 - 길가장자리구역통행중,안전운전불이행,건조,맑음,단일로 - 기타,승용,남,66세,상해없음,보행자,여,57세,경상
2012061600100210,2012년 6월 16일 09시,토요일,부산광역시 부산진구 범천동,중상사고,0,1,0,0,차대사람 - 횡단중,안전운전불이행,건조,맑음,단일로 - 횡단보도부근,승용,여,55세,상해없음,보행자,여,18세,중상
2012061600100211,2012년 6월 16일 09시,토요일,부산광역시 사하구 구평동,경상사고,0,0,2,0,차대차 - 추돌 - 진행중,안전거리미확보,건조,맑음,단일로 - 기타,건설기계,남,51세,상해없음,승용,남,33세,경상
2012061600100234,2012년 6월 16일 10시,토요일,부산광역시 남구 용당동,중상사고,0,2,0,0,차대차 - 측면직각충돌,안전운전불이행,건조,맑음,단일로 - 기타,화물,남,53세,상해없음,승용,여,37세,중상
2012061600100235,2012년 6월 16일 10시,토요일,부산광역시 수영구 남천동,경상사고,0,0,1,0,차대차 - 측면직각충돌,안전운전불이행,건조,맑음,교차로 - 교차로부근,승용,남,57세,기타불명,승용,여,48세,경상