사고번호,사고일시,요일,시군구,사고내용,사망자수,중상자수,경상자수,부상신고자수,사고유형,법규위반,노면상태,기상상태,도로형태,가해운전자 차종,가해운전자 성별,가해운전자 연령,가해운전자 상해정도,피해운전자 차종,피해운전자 성별,피해운전자 연령,피해운전자 상해정도
2012061900100147,2012년 6월 19일 08시,화요일,부산광역시 기장군 정관면,중상사고,0,1,0,0,차대차 - 기타,차로위반,건조,맑음,단일로 - 기타,승용,남,48세,상해없음,승합,남,62세,중상
2012061900100175,2012년 6월 19일 09시,화요일,부산광역시 사하구 하단동,부상신고사고,0,0,0,1,차대차 - 기타,안전운전불이행,습기,비,단일로 - 기타,건설기계,기타불명,기타불명,기타불명,승용,남,44세,부상신고
2012061900100176,2012년 6월 19일 09시,화요일,부산광역시 기장군 정관면,중상사고,0,2,0,0,차대차 - 추돌 - 진행중,안전거리미확보,습기,비,단일로 - 터널,승용,남,25세,상해없음,승용,남,61세,중상
2012061900100177,2012년 6월 19일 09시,화요일,부산광역시 기장군 정관면,경상사고,0,0,1,0,차대차 - 추돌 - 진행중,안전거리미확보,습기,비,단일로 - 터널,승용,남,25세,경상,화물,남,46세,상해없음
2012061900100207,2012년 6월 19일 10시,화요일,부산광역시 부산진구 가야동,경상사고,0,0,2,0,차대차 - 기타,안전운전불이행,습기,흐림,교차로 - 교차로부근,승용,남,27세,상해없음,승용,여,24세,경상
2012061900100208,2012년 6월 19일 10시,화요일,부산광역시 사상구 학장동,경상사고,0,0,1,0,차량단독 - 기타,안전운전불이행,건조,맑음,단일로 - 기타,승합,남,51세,기타불명,,,,
2012061900100209,2012년 6월 19일 10시,화요일,부산광역시 기장군 기장읍,중상사고,0,1,0,0,차대사람 - 차도통행중,안전운전불이행,건조,맑음,단일로 - 기타,승용,여,60세,상해없음,보행자,여,54세,중상
2012061900100237,2012년 6월 19일 11시,화요일,부산광역시 동구 초량동,경상사고,0,0,1,0,차대차 - 기타,교차로운행방법위반,습기,비,교차로 - 교차로안,승용,남,39세,상해없음,승용,남,29세,경상
2012061900100238,2012년 6월 19일 11시,화요일,부산광역시 해운대구 석대동,중상사고,0,1,0,0,차량단독 - 공작물충돌,안전운전불이행,습기,비,단일로 - 기타,승용,남,52세,상해없음,,,,
2012061900100239,2012년 6월 19일 11시,화요일,부산광역시 사하구 괴정동,중상사고,0,1,0,1,차대차 - 추돌 - 진행중,안전거리미확보,건조,맑음,교차로 - 교차로안,승용,남,19세,상해없음,승합,남,42세,부상신고
2012061900100267,2012년 6월 19일 12시,화요일,부산광역시 부산진구 연지동,경상사고,0,0,1,0,차대사람 - 기타,안전운전불이행,습기,비,교차로 - 교차로부근,승합,여,52세,상해없음,보행자,여,75세,경상
2012061900100283,2012년 6월 19일 13시,화요일,부산광역시 서구 동대신동3가,부상신고사고,0,0,0,1,차대차 - 기타,안전거리미확보,건조,맑음,단일로 - 기타,화물,남,61세,상해없음,이륜,남,76세,부상신고
2012061900100284,2012년 6월 19일 13시,화요일,부산광역시 남구 용호동,중상사고,0,1,0,0,차대사람 - 기타,교차로운행방법위반,건조,맑음,교차로 - 교차로부근,화물,남,35세,상해없음,보행자,남,24세,중상
2012061900100285,2012년 6월 19일 13시,화요일,부산광역시 부산진구 양정동,중상사고,0,2,0,0,차대차 - 기타,안전운전불이행,기타,맑음,단일로 - 기타,승합,남,53세,상해없음,승용,남,30세,상해없음
2012061900100286,2012년 6월 19일 13시,화요일,부산광역시 사상구 덕포동,중상사고,0,1,0,0,차량단독 - 기타,기타,건조,맑음,단일로 - 기타,승합,남,47세,상해없음,,,,
2012061900100287,2012년 6월 19일 13시,화요일,부산광역시 기장군 기장읍,경상사고,0,0,6,0,차대차 - 측면직각충돌,안전운전불이행,건조,맑음,단일로 - 기타,승용,남,65세,상해없음,승용,여,37세,경상
2012061900100307,2012년 6월 19일 14시,화요일,부산광역시 남구 대연동,경상사고,0,0,1,0,차대사람 - 횡단중,신호위반,건조,맑음,단일로 - 횡단보도상,원동기,남,20세,상해없음,보행자,여,68세,경상
2012061900100308,2012년 6월 19일 14시,화요일,부산광역시 해운대구 반송동,경상사고,0,0,1,0,차대차 - 추돌 - 주정차중,안전운전불이행,건조,맑음,단일로 - 기타,승용,남,23세,기타불명,승용,여,20세,경상
2012061900100309,2012년 6월 19일 14시,화요일,부산광역시 사하구 하단동,경상사고,0,0,3,0,차대차 - 추돌 - 주정차중,안전운전불이행,건조,맑음,단일로 - 기타,화물,남,38세,상해없음,승용,여,34세,경상
2012061900100310,2012년 6월 19일 14시,화요일,부산광역시 사하구 신평동,경상사고,0,0,1,0,차대사람 - 기타,안전운전불이행,건조,맑음,단일로 - 횡단보도부근,승용,남,72세,상해없음,보행자,남,30세,경상
2012061900100311,2012년 6월 19일 14시,화요일,부산광역시 사하구 다대동,중상사고,0,1,0,0,차대사람 - 횡단중,신호위반,건조,맑음,단일로 - 횡단보도상,승합,남,52세,기타불명,보행자,남,8세,중상
2012061900100312,2012년 6월 19일 14시,화요일,부산광역시 사상구 덕포동,경상사고,0,0,1,0,차대차 - 추돌 - 진행중,교차로운행방법위반,건조,맑음,교차로 - 교차로부근,승합,남,45세,상해없음,이륜,남,57세,경상
2012061900100340,2012년 6월 19일 15시,화요일,부산광역시 사하구 장림동,경상사고,0,0,1,0,차대차 - 추돌 - 진행중,안전거리미확보,건조,맑음,교차로 - 교차로안,화물,남,45세,상해없음,화물,여,48세,경상
2012061900100341,2012년 6월 19일 15시,화요일,부산광역시 사상구 감전동,경상사고,0,0,1,0,차대차 - 측면직각충돌,안전운전불이행,건조,흐림,단일로 - 기타,화물,남,60세,상해없음,승용,여,54세,경상
2012061900100362,2012년 6월 19일 16시,화요일,부산광역시 금정구 두구동,중상사고,0,1,0,0,차대차 - 측면직각충돌,안전운전불이행,습기,맑음,단일로 - 기타,승용,여,48세,상해없음,이륜,남,72세,중상
2012061900100393,2012년 6월 19일 17시,화요일,부산광역시 기장군 기장읍,중상사고,0,1,1,0,차량단독 - 공작물충돌,안전운전불이행,건조,맑음,교차로 - 교차로안,원동기,남,16세,중상,,,,
2012061900100433,2012년 6월 19일 18시,화요일,부산광역시 해운대구 반여동,중상사고,0,1,0,0,차대차 - 추돌 - 주정차중,안전운전불이행,건조,기타,교차로 - 교차로부근,화물,남,49세,상해없음,승용,여,35세,중상
2012061900100435,2012년 6월 19일 18시,화요일,부산광역시 기장군 장안읍,경상사고,0,0,1,0,차대차 - 측면직각충돌,신호위반,건조,맑음,교차로 - 교차로안,승용,남,24세,상해없음,화물,남,49세,경상
2012061900100474,2012년 6월 19일 19시,화요일,부산광역시 동래구 낙민동,중상사고,0,1,0,0,차대사람 - 횡단중,안전운전불이행,건조,맑음,교차로 - 교차로안,승용,남,29세,상해없음,보행자,남,49세,중상
2012061900100475,2012년 6월 19일 19시,화요일,부산광역시 사하구 장림동,중상사고,0,1,0,0,차대차 - 측면직각충돌,안전거리미확보,건조,맑음,단일로 - 기타,승용,남,45세,상해없음,이륜,남,26세,중상
2012061900100476,2012년 6월 19일 19시,화요일,부산광역시 연제구 연산동,경상사고,0,0,1,0,차대차 - 추돌 - 진행중,안전거리미확보,건조,맑음,교차로 - 교차로부근,승용,남,66세,상해없음,승용,여,33세,경상
2012061900100504,2012년 6월 19일 20시,화요일,부산광역시 남구 우암동,중상사고,0,1,0,0,차대사람 - 횡단중,안전운전불이행,습기,흐림,교차로 - 교차로부근,승용,남,50세,상해없음,보행자,여,64세,중상
2012061900100505,2012년 6월 19일 20시,화요일,부산광역시 사하구 신평동,경상사고,0,0,1,0,차대차 - 측면직각충돌,교차로운행방법위반,건조,맑음,교차로 - 교차로안,승용,남,64세,상해없음,승용,남,63세,경상
2012061900100506,2012년 6월 19일 20시,화요일,부산광역시 사하구 신평동,경상사고,0,0,1,0,차대차 - 추돌 - 주정차중,안전운전불이행,건조,맑음,교차로 - 교차로부근,승용,남,68세,상해없음,승용,남,57세,경상
2012061900100507,2012년 6월 19일 20시,화요일,부산광역시 수영구 망미동,중상사고,0,1,0,0,차대차 - 측면직각충돌,신호위반,건조,맑음,교차로 - 교차로안,승용,남,67세,상해없음,자전거,여,17세,중상
2012061900100508,2012년 6월 19일 20시,화요일,부산광역시 연제구 연산동,중상사고,0,1,0,0,차대차 - 추돌 - 주정차중,안전운전불이행,건조,맑음,단일로 - 기타,승용,여,55세,상해없음,승용,남,51세,상해없음
2012061900100509,2012년 6월 19일 20시,화요일,부산광역시 사상구 감전동,경상사고,0,0,1,0,차대차 - 측면직각충돌,신호위반,건조,맑음,교차로 - 교차로안,승용,남,45세,상해없음,승용,남,24세,경상
2012061900100544,2012년 6월 19일 21시,화요일,부산광역시 부산진구 양정동,중상사고,0,1,0,0,차대차 - 기타,교차로운행방법위반,건조,맑음,교차로 - 교차로안,승용,남,60세,상해없음,이륜,남,17세,중상
2012061900100545,2012년 6월 19일 21시,화요일,부산광역시 금정구 장전동,중상사고,0,1,0,0,차대사람 - 차도통행중,안전운전불이행,습기,흐림,단일로 - 기타,승합,남,59세,상해없음,보행자,남,63세,중상
2012061900100546,2012년 6월 19일 21시,화요일,부산광역시 사하구 괴정동,경상사고,0,0,1,0,차대차 - 측면직각충돌,안전거리미확보,건조,맑음,단일로 - 기타,승용,남,46세,상해없음,이륜,남,16세,경상
2012061900100581,2012년 6월 19일 22시,화요일,부산광역시 부산진구 범천동,경상사고,0,0,3,0,차대차 - 기타,신호위반,건조,맑음,교차로 - 교차로안,승용,남,63세,상해없음,승용,여,56세,경상
2012061900100582,2012년 6월 19일 22시,화요일,부산광역시 부산진구 전포동,부상신고사고,0,0,0,1,차대차 - 기타,안전운전불이행,건조,맑음,단일로 - 기타,승용,남,54세,상해없음,승용,여,34세,부상신고
2012061900100584,2012년 6월 19일 22시,화요일,부산광역시 사하구 신평동,경상사고,0,0,1,0,차대차 - 추돌 - 주정차중,안전거리미확보,건조,맑음,교차로 - 교차로부근,승용,남,33세,상해없음,승용,여,52세,경상
2012061900100605,2012년 6월 19일 23시,화요일,부산광역시 연제구 연산동,경상사고,0,0,1,0,차대차 - 측면직각충돌,교차로운행방법위반,건조,맑음,교차로 - 교차로안,승용,여,48세,상해없음,승용,남,58세,상해없음
2012062000100006,2012년 6월 20일 00시,수요일,부산광역시 동래구 온천동,중상사고,0,1,1,1,차대차 - 측면직각충돌,신호위반,건조,맑음,교차로 - 교차로안,승용,남,61세,중상,승용,남,63세,부상신고
2012062000100007,2012년 6월 20일 00시,수요일,부산광역시 금정구 서동,경상사고,0,0,1,0,차대사람 - 기타,안전운전불이행,건조,맑음,단일로 - 기타,승용,남,57세,상해없음,보행자,남,36세,경상
2012062000100025,2012년 6월 20일 01시,수요일,부산광역시 수영구 광안동,경상사고,0,0,3,0,차대차 - 추돌 - 진행중,안전운전불이행,건조,맑음,단일로 - 기타,승용,남,36세,상해없음,승용,남,30세,경상
2012062000100026,2012년 6월 20일 01시,수요일,부산광역시 해운대구 중동,중상사고,0,1,1,0,차대차 - 측면직각충돌,안전운전불이행,건조,맑음,교차로 - 교차로안,승용,여,36세,상해없음,승용,남,33세,중상
2012062000100036,2012년 6월 20일 02시,수요일,부산광역시 동구 범일동,중상사고,0,1,0,0,차대사람 - 횡단중,보행자보호의무위반,건조,흐림,교차로 - 교차로부근,승용,여,44세,상해없음,보행자,남,51세,중상
2012062000100037,2012년 6월 20일 02시,수요일,부산광역시 수영구 광안동,중상사고,0,2,0,0,차대차 - 정면충돌,중앙선침범,건조,맑음,교차로 - 교차로안,원동기,남,20세,중상,승용,남,25세,상해없음
2012062000100068,2012년 6월 20일 06시,수요일,부산광역시 남구 대연동,중상사고,0,2,0,0,차대차 - 추돌 - 진행중,안전거리미확보,건조,맑음,단일로 - 기타,승용,남,58세,기타불명,승용,미분류,기타불명,기타불명
2012062000100070,2012년 6월 20일 06시,수요일,부산광역시 강서구 송정동,경상사고,0,0,1,0,차대차 - 기타,신호위반,건조,맑음,교차로 - 교차로안,승용,남,54세,기타불명,승용,남,41세,경상
2012062000100092,2012년 6월 20일 07시,수요일,부산광역시 해운대구 우동,경상사고,0,0,1,0,차대차 - 기타,불법유턴,건조,맑음,교차로 - 교차로부근,화물,남,40세,상해없음,자전거,남,73세,경상
2012062000100093,2012년 6월 20일 07시,수요일,부산광역시 강서구 송정동,중상사고,0,1,0,0,차대차 - 측면직각충돌,신호위반,건조,맑음,교차로 - 교차로안,승용,여,30세,상해없음,승용,남,20세,중상
2012062000100119,2012년 6월 20일 08시,수요일,부산광역시 해운대구 반여동,경상사고,0,0,1,0,차대사람 - 보도통행중,안전운전불이행,건조,맑음,단일로 - 기타,화물,남,45세,상해없음,보행자,남,50세,경상
2012062000100120,2012년 6월 20일 08시,수요일,부산광역시 강서구 대저2동,중상사고,0,1,0,0,차대차 - 측면직각충돌,신호위반,건조,맑음,교차로 - 교차로안,화물,남,59세,상해없음,이륜,남,53세,중상
2012062000100155,2012년 6월 20일 09시,수요일,부산광역시 사하구 하단동,경상사고,0,0,1,0,차대차 - 측면직각충돌,안전거리미확보,건조,맑음,단일로 - 기타,화물,남,37세,상해없음,승용,남,38세,경상
2012062000100156,2012년 6월 20일 09시,수요일,부산광역시 사상구 학장동,중상사고,0,1,1,0,차대차 - 추돌 - 주정차중,안전거리미확보,건조,맑음,교차로 - 교차로부근,승용,여,47세,상해없음,승용,여,44세,중상
2012062000100180,2012년 6월 20일 10시,수요일,부산광역시 부산진구 부전동,경상사고,0,0,1,0,차대차 - 기타,교차로운행방법위반,건조,맑음,교차로 - 교차로안,화물,남,40세,상해없음,승용,남,28세,상해없음
2012062000100181,2012년 6월 20일 10시,수요일,부산광역시 연제구 거제동,중상사고,0,1,0,0,차대사람 - 기타,안전운전불이행,건조,맑음,단일로 - 횡단보도부근,승용,남,61세,상해없음,보행자,남,60세,중상
2012062000100208,2012년 6월 20일 11시,수요일,부산광역시 해운대구 좌동,사망사고,1,0,0,0,차량단독 - 공작물충돌,안전운전불이행,건조,맑음,단일로 - 기타,승용,남,85세,사망,,,,
2012062000100237,2012년 6월 20일 12시,수요일,부산광역시 해운대구 석대동,경상사고,0,0,2,0,차대차 - 측면직각충돌,신호위반,건조,맑음,교차로 - 교차로안,승용,여,27세,경상,화물,남,49세,경상
2012062000100271,2012년 6월 20일 13시,수요일,부산광역시 해운대구 우동,경상사고,0,0,2,0,차대차 - 측면직각충돌,안전운전불이행,건조,맑음,단일로 - 기타,승용,남,29세,상해없음,승용,남,68세,경상
2012062000100272,2012년 6월 20일 13시,수요일,부산광역시 부산진구 범전동,중상사고,0,1,0,0,차대사람 - 횡단중,보행자보호의무위반,건조,맑음,교차로 - 교차로안,화물,남,47세,상해없음,보행자,여,71세,중상
2012062000100273,2012년 6월 20일 13시,수요일,부산광역시 부산진구 부암동,중상사고,0,1,1,0,차대차 - 측면직각충돌,교차로운행방법위반,건조,맑음,교차로 - 교차로안,승용,여,51세,상해없음,승용,남,30세,경상
2012062000100274,2012년 6월 20일 13시,수요일,부산광역시 사하구 괴정동,경상사고,0,0,1,0,차대차 - 기타,안전거리미확보,건조,맑음,단일로 - 기타,승용,남,42세,상해없음,승합,남,55세,상해없음
2012062000100275,2012년 6월 20일 13시,수요일,부산광역시 사상구 주례동,중상사고,0,2,0,0,차대차 - 추돌 - 진행중,직진우회전진행방해,건조,맑음,교차로 - 교차로안,승용,남,54세,중상,승용,남,30세,중상
2012062000100303,2012년 6월 20일 14시,수요일,부산광역시 수영구 망미동,중상사고,0,1,0,0,차대차 - 측면직각충돌,안전운전불이행,건조,맑음,교차로 - 교차로안,승용,여,56세,상해없음,이륜,남,23세,중상
2012062000100330,2012년 6월 20일 15시,수요일,부산광역시 동구 초량동,경상사고,0,0,1,0,차대차 - 추돌 - 진행중,안전거리미확보,건조,맑음,단일로 - 기타,승용,남,41세,상해없음,이륜,남,27세,경상
2012062000100362,2012년 6월 20일 16시,수요일,부산광역시 수영구 민락동,중상사고,0,1,0,0,차대차 - 추돌 - 진행중,안전운전불이행,건조,맑음,교차로 - 교차로부근,승용,여,56세,상해없음,승용,여,39세,중상
2012062000100363,2012년 6월 20일 16시,수요일,부산광역시 영도구 남항동1가,경상사고,0,0,1,0,차대차 - 기타,안전운전불이행,건조,맑음,단일로 - 기타,승용,남,42세,상해없음,승용,남,47세,상해없음
2012062000100390,2012년 6월 20일 17시,수요일,부산광역시 동구 범일동,경상사고,0,0,1,0,차대사람 - 횡단중,안전운전불이행,건조,맑음,교차로 - 교차로부근,승용,남,63세,상해없음,보행자,여,16세,경상
2012062000100391,2012년 6월 20일 17시,수요일,부산광역시 서구 토성동4가,중상사고,0,1,0,0,차량단독 - 공작물충돌,안전운전불이행,건조,맑음,단일로 - 기타,원동기,남,14세,상해없음,,,,
2012062000100393,2012년 6월 20일 17시,수요일,부산광역시 연제구 연산동,경상사고,0,0,1,0,차대차 - 기타,교차로운행방법위반,건조,흐림,교차로 - 교차로안,승용,여,50세,상해없음,승용,여,39세,경상
2012062000100423,2012년 6월 20일 18시,수요일,부산광역시 중구 영주동,중상사고,0,1,0,0,차대차 - 측면직각충돌,교차로운행방법위반,건조,맑음,교차로 - 교차로부근,승용,여,50세,상해없음,이륜,남,54세,중상
2012062000100424,2012년 6월 20일 18시,수요일,부산광역시 중구 부평동1가,경상사고,0,0,1,0,차대차 - 측면직각충돌,안전운전불이행,건조,맑음,교차로 - 교차로부근,승용,남,43세,상해없음,기타불명,남,27세,경상
2012062000100425,2012년 6월 20일 18시,수요일,부산광역시 연제구 연산동,경상사고,0,0,1,0,차대차 - 기타,안전운전불이행,건조,맑음,기타 - 기타,승용,남,50세,상해없음,승용,남,54세,경상
2012062000100458,2012년 6월 20일 19시,수요일,부산광역시 수영구 민락동,중상사고,0,1,0,0,차대차 - 측면직각충돌,안전운전불이행,건조,맑음,교차로 - 교차로안,승용,남,45세,상해없음,이륜,남,27세,중상
2012062000100459,2012년 6월 20일 19시,수요일,부산광역시 해운대구 좌동,중상사고,0,1,0,0,차대사람 - 기타,기타,건조,맑음,교차로 - 교차로부근,승용,남,42세,상해없음,보행자,남,35세,중상
2012062000100460,2012년 6월 20일 19시,수요일,부산광역시 사상구 모라동,경상사고,0,0,1,0,차대사람 - 기타,안전운전불이행,건조,맑음,교차로 - 교차로안,승합,남,56세,상해없음,보행자,남,14세,경상
2012062000100490,2012년 6월 20일 20시,수요일,부산광역시 강서구 송정동,중상사고,0,1,0,0,차대차 - 기타,안전운전불이행,건조,맑음,단일로 - 교량,승용,기타불명,기타불명,기타불명,자전거,남,28세,중상
2012062000100522,2012년 6월 20일 21시,수요일,부산광역시 해운대구 좌동,경상사고,0,0,1,0,차대차 - 추돌 - 주정차중,안전운전불이행,건조,맑음,단일로 - 기타,승용,남,22세,상해없음,이륜,남,39세,경상
2012062000100523,2012년 6월 20일 21시,수요일,부산광역시 부산진구 당감동,경상사고,0,0,1,0,차대차 - 기타,안전운전불이행,건조,맑음,단일로 - 기타,화물,남,46세,상해없음,승용,남,43세,경상
2012062000100560,2012년 6월 20일 22시,수요일,부산광역시 중구 중앙동2가,중상사고,0,1,1,0,차대사람 - 차도통행중,안전운전불이행,건조,맑음,단일로 - 횡단보도상,승용,남,58세,상해없음,보행자,남,29세,중상
2012062000100561,2012년 6월 20일 22시,수요일,부산광역시 부산진구 부전동,경상사고,0,0,1,0,차대사람 - 기타,중앙선침범,건조,맑음,단일로 - 기타,승용,남,41세,상해없음,보행자,남,27세,경상
2012062000100591,2012년 6월 20일 23시,수요일,부산광역시 동구 초량동,경상사고,0,0,1,0,차대차 - 기타,안전거리미확보,건조,맑음,단일로 - 기타,기타불명,기타불명,기타불명,기타불명,이륜,남,26세,경상
2012062000100592,2012년 6월 20일 23시,수요일,부산광역시 사상구 괘법동,경상사고,0,0,1,0,차대사람 - 기타,안전운전불이행,건조,맑음,단일로 - 기타,승용,남,20세,상해없음,보행자,남,38세,경상
2012062100100003,2012년 6월 21일 00시,목요일,부산광역시 해운대구 우동,경상사고,0,0,2,0,차대차 - 추돌 - 주정차중,안전운전불이행,건조,맑음,단일로 - 기타,승용,남,39세,상해없음,승용,남,51세,경상
2012062100100004,2012년 6월 21일 00시,목요일,부산광역시 사하구 하단동,중상사고,0,1,0,0,차대사람 - 기타,안전운전불이행,건조,맑음,단일로 - 기타,승용,남,54세,상해없음,보행자,남,30세,중상
2012062100100023,2012년 6월 21일 01시,목요일,부산광역시 부산진구 범천동,경상사고,0,0,1,0,차대차 - 기타,신호위반,기타,맑음,교차로 - 교차로안,승용,남,65세,상해없음,승용,남,58세,경상
2012062100100033,2012년 6월 21일 02시,목요일,부산광역시 남구 우암동,중상사고,0,2,0,0,차량단독 - 공작물충돌,안전운전불이행,건조,맑음,단일로 - 기타,원동기,남,21세,중상,,,,
2012062100100053,2012년 6월 21일 04시,목요일,부산광역시 동래구 수안동,경상사고,0,0,3,0,차대차 - 추돌 - 주정차중,안전운전불이행,건조,맑음,교차로 - 교차로부근,승용,남,56세,상해없음,승용,남,62세,경상
2012062100100054,2012년 6월 21일 04시,목요일,부산광역시 해운대구 반송동,중상사고,0,2,0,1,차대차 - 측면직각충돌,신호위반,건조,맑음,교차로 - 교차로안,원동기,남,20세,중상,승용,남,56세,부상신고
2012062100100070,2012년 6월 21일 05시,목요일,부산광역시 금정구 구서동,중상사고,0,2,0,0,차대차 - 추돌 - 주정차중,안전운전불이행,건조,맑음,단일로 - 기타,화물,남,33세,중상,화물,남,53세,중상
2012062100100098,2012년 6월 21일 07시,목요일,부산광역시 남구 감만동,사망사고,1,0,0,0,차대차 - 정면충돌,신호위반,건조,맑음,교차로 - 교차로안,화물,남,45세,상해없음,이륜,남,36세,사망
2012062100100099,2012년 6월 21일 07시,목요일,부산광역시 강서구 미음동,경상사고,0,0,1,1,차대차 - 기타,안전운전불이행,건조,맑음,단일로 - 기타,승용,남,29세,상해없음,승용,남,35세,경상
2012062100100100,2012년 6월 21일 07시,목요일,부산광역시 강서구 범방동,중상사고,0,1,0,0,차대차 - 추돌 - 주정차중,안전거리미확보,건조,맑음,단일로 - 교량,승용,남,59세,상해없음,승용,남,45세,중상
2012062100100101,2012년 6월 21일 07시,목요일,부산광역시 사상구 주례동,중상사고,0,1,0,0,차대사람 - 기타,안전운전불이행,건조,맑음,단일로 - 기타,승용,남,48세,상해없음,보행자,여,82세,중상
2012062100100102,2012년 6월 21일 07시,목요일,부산광역시 사상구 주례동,중상사고,0,1,0,0,차대차 - 측면직각충돌,안전운전불이행,건조,맑음,교차로 - 교차로안,승용,남,36세,상해없음,원동기,남,31세,중상
2012062100100123,2012년 6월 21일 08시,목요일,부산광역시 서구 서대신동1가,부상신고사고,0,0,0,1,차대차 - 기타,불법유턴,건조,맑음,단일로 - 기타,승용,남,59세,기타불명,이륜,남,25세,부상신고
2012062100100124,2012년 6월 21일 08시,목요일,부산광역시 북구 화명동,경상사고,0,0,1,0,차대차 - 측면직각충돌,신호위반,건조,맑음,교차로 - 교차로안,승용,여,48세,상해없음,승용,여,41세,경상
2012062100100125,2012년 6월 21일 08시,목요일,부산광역시 사하구 괴정동,중상사고,0,1,3,0,차대차 - 기타,안전운전불이행,건조,맑음,단일로 - 기타,승용,남,32세,상해없음,승용,남,39세,경상
2012062100100126,2012년 6월 21일 08시,목요일,부산광역시 연제구 연산동,경상사고,0,0,1,0,차대차 - 측면직각충돌,안전거리미확보,건조,맑음,단일로 - 기타,화물,남,71세,상해없음,승용,여,25세,경상
2012062100100167,2012년 6월 21일 09시,목요일,부산광역시 금정구 남산동,중상사고,0,1,1,0,차대차 - 측면직각충돌,기타,건조,맑음,교차로 - 교차로안,승용,여,34세,중상,승용,여,48세,경상
2012062100100193,2012년 6월 21일 10시,목요일,부산광역시 해운대구 좌동,중상사고,0,3,1,0,차대차 - 추돌 - 진행중,안전운전불이행,건조,맑음,단일로 - 기타,승용,여,58세,상해없음,승용,여,34세,중상
2012062100100247,2012년 6월 21일 12시,목요일,부산광역시 금정구 장전동,중상사고,0,1,0,0,차대사람 - 횡단중,보행자보호의무위반,건조,맑음,교차로 - 교차로부근,승용,여,25세,상해없음,보행자,여,52세,중상
2012062100100274,2012년 6월 21일 13시,목요일,부산광역시 북구 구포동,중상사고,0,1,0,0,차대차 - 정면충돌,안전운전불이행,건조,맑음,교차로 - 교차로안,승용,남,21세,상해없음,원동기,남,48세,중상
2012062100100297,2012년 6월 21일 14시,목요일,부산광역시 중구 중앙동2가,경상사고,0,0,1,0,차대사람 - 기타,안전운전불이행,건조,맑음,기타 - 기타,승용,남,22세,상해없음,보행자,남,19세,경상
2012062100100298,2012년 6월 21일 14시,목요일,부산광역시 중구 중앙동4가,중상사고,0,1,0,0,차대차 - 측면직각충돌,안전운전불이행,건조,맑음,단일로 - 기타,승용,여,57세,상해없음,승용,여,56세,중상
2012062100100299,2012년 6월 21일 14시,목요일,부산광역시 해운대구 반여동,중상사고,0,1,0,0,차대사람 - 횡단중,안전운전불이행,건조,맑음,단일로 - 기타,승용,여,47세,상해없음,보행자,남,6세,중상
2012062100100300,2012년 6월 21일 14시,목요일,부산광역시 해운대구 우동,중상사고,0,1,0,0,차대차 - 정면충돌,안전운전불이행,건조,맑음,기타 - 기타,화물,남,49세,상해없음,자전거,여,9세,중상
2012062100100334,2012년 6월 21일 15시,목요일,부산광역시 해운대구 반여동,경상사고,0,0,1,0,차대차 - 정면충돌,신호위반,건조,맑음,교차로 - 교차로안,승용,남,48세,상해없음,승용,여,40세,경상
2012062100100363,2012년 6월 21일 16시,목요일,부산광역시 부산진구 범천동,중상사고,0,1,0,0,차대차 - 추돌 - 진행중,안전운전불이행,건조,맑음,단일로 - 기타,원동기,남,18세,중상,승용,남,43세,상해없음
2012062100100402,2012년 6월 21일 17시,목요일,부산광역시 해운대구 송정동,중상사고,0,1,0,0,차대차 - 추돌 - 진행중,안전운전불이행,건조,맑음,단일로 - 기타,승합,남,56세,기타불명,승용,남,37세,중상
2012062100100403,2012년 6월 21일 17시,목요일,부산광역시 사상구 괘법동,경상사고,0,0,1,0,차대차 - 측면직각충돌,안전운전불이행,건조,맑음,단일로 - 기타,승용,남,64세,상해없음,이륜,남,43세,경상
2012062100100448,2012년 6월 21일 18시,목요일,부산광역시 동래구 온천동,경상사고,0,0,1,0,차량단독 - 기타,안전운전불이행,건조,맑음,단일로 - 기타,승합,남,47세,상해없음,,,,
2012062100100449,2012년 6월 21일 18시,목요일,부산광역시 동래구 안락동,경상사고,0,0,1,0,차대차 - 측면직각충돌,차로위반,건조,맑음,단일로 - 기타,승용,남,24세,상해없음,승용,여,32세,경상
2012062100100450,2012년 6월 21일 18시,목요일,부산광역시 해운대구 반송동,중상사고,0,1,0,0,차대사람 - 기타,안전운전불이행,건조,맑음,교차로 - 교차로안,승용,여,59세,상해없음,보행자,여,66세,중상
2012062100100451,2012년 6월 21일 18시,목요일,부산광역시 해운대구 중동,경상사고,0,0,1,0,차대사람 - 횡단중,보행자보호의무위반,건조,맑음,단일로 - 횡단보도상,승용,남,61세,상해없음,보행자,남,20세,경상
2012062100100452,2012년 6월 21일 18시,목요일,부산광역시 사하구 감천동,경상사고,0,0,1,0,차대사람 - 기타,안전운전불이행,건조,맑음,단일로 - 기타,승용,남,38세,상해없음,보행자,남,63세,경상
2012062100100453,2012년 6월 21일 18시,목요일,부산광역시 사하구 괴정동,중상사고,0,1,0,0,차대사람 - 횡단중,안전운전불이행,건조,맑음,단일로 - 기타,승용,여,29세,상해없음,보행자,여,74세,중상
2012062100100454,2012년 6월 21일 18시,목요일,부산광역시 기장군 일광면,중상사고,0,2,0,0,차량단독 - 공작물충돌,안전운전불이행,건조,맑음,단일로 - 기타,승용,여,28세,상해없음,,,,