사고번호,사고일시,요일,시군구,사고내용,사망자수,중상자수,경상자수,부상신고자수,사고유형,법규위반,노면상태,기상상태,도로형태,가해운전자 차종,가해운전자 성별,가해운전자 연령,가해운전자 상해정도,피해운전자 차종,피해운전자 성별,피해운전자 연령,피해운전자 상해정도
2012062100100496,2012년 6월 21일 19시,목요일,부산광역시 수영구 남천동,경상사고,0,0,1,0,차대사람 - 기타,안전운전불이행,건조,맑음,단일로 - 기타,자전거,남,61세,상해없음,보행자,여,44세,경상
2012062100100519,2012년 6월 21일 20시,목요일,부산광역시 북구 덕천동,중상사고,0,3,1,0,차대차 - 추돌 - 진행중,안전운전불이행,건조,맑음,단일로 - 기타,승용,남,38세,상해없음,승용,남,34세,중상
2012062100100520,2012년 6월 21일 20시,목요일,부산광역시 금정구 구서동,경상사고,0,0,1,0,차량단독 - 기타,안전운전불이행,건조,맑음,교차로 - 교차로부근,승용,남,55세,상해없음,,,,
2012062100100521,2012년 6월 21일 20시,목요일,부산광역시 금정구 구서동,중상사고,0,1,0,0,차대사람 - 차도통행중,안전운전불이행,건조,맑음,단일로 - 기타,승용,여,51세,상해없음,보행자,남,20세,중상
2012062100100563,2012년 6월 21일 21시,목요일,부산광역시 사하구 다대동,중상사고,0,1,1,0,차대차 - 기타,안전운전불이행,건조,맑음,단일로 - 기타,승용,여,30세,상해없음,승용,남,57세,중상
2012062100100564,2012년 6월 21일 21시,목요일,부산광역시 사상구 모라동,경상사고,0,0,6,0,차대차 - 추돌 - 진행중,안전운전불이행,건조,맑음,교차로 - 교차로부근,승용,남,64세,상해없음,승용,여,34세,경상
2012062100100625,2012년 6월 21일 23시,목요일,부산광역시 사하구 감천동,중상사고,0,1,0,0,차대차 - 기타,안전운전불이행,건조,맑음,단일로 - 기타,승용,남,31세,중상,화물,남,34세,기타불명
2012062200100006,2012년 6월 22일 00시,금요일,부산광역시 해운대구 중동,경상사고,0,0,1,0,차량단독 - 공작물충돌,안전운전불이행,건조,맑음,단일로 - 기타,승용,여,31세,상해없음,,,,
2012062200100031,2012년 6월 22일 01시,금요일,부산광역시 서구 암남동,경상사고,0,0,2,0,차대차 - 측면직각충돌,중앙선침범,건조,맑음,단일로 - 기타,승용,남,19세,상해없음,승용,남,29세,경상
2012062200100032,2012년 6월 22일 01시,금요일,부산광역시 금정구 장전동,중상사고,0,2,0,0,차대차 - 측면직각충돌,중앙선침범,건조,맑음,교차로 - 교차로안,승용,남,23세,상해없음,승용,남,30세,중상
2012062200100033,2012년 6월 22일 01시,금요일,부산광역시 사하구 하단동,중상사고,0,1,2,0,차대사람 - 기타,안전운전불이행,건조,맑음,단일로 - 기타,원동기,남,26세,상해없음,보행자,남,21세,중상
2012062200100053,2012년 6월 22일 02시,금요일,부산광역시 금정구 장전동,경상사고,0,0,1,0,차대차 - 정면충돌,중앙선침범,건조,맑음,단일로 - 기타,승용,남,27세,상해없음,승용,남,60세,상해없음
2012062200100054,2012년 6월 22일 02시,금요일,부산광역시 연제구 연산동,부상신고사고,0,0,0,1,차대사람 - 횡단중,안전운전불이행,건조,맑음,단일로 - 횡단보도부근,승용,남,41세,상해없음,보행자,남,71세,부상신고
2012062200100062,2012년 6월 22일 03시,금요일,부산광역시 영도구 남항동1가,중상사고,0,1,1,0,차대차 - 기타,신호위반,건조,맑음,교차로 - 교차로안,승용,남,58세,상해없음,승용,남,56세,중상
2012062200100063,2012년 6월 22일 03시,금요일,부산광역시 사하구 괴정동,경상사고,0,0,1,0,차대차 - 측면직각충돌,신호위반,건조,맑음,교차로 - 교차로안,승용,남,51세,상해없음,승용,남,56세,경상
2012062200100064,2012년 6월 22일 03시,금요일,부산광역시 연제구 거제동,경상사고,0,0,1,0,차대사람 - 횡단중,보행자보호의무위반,건조,맑음,단일로 - 횡단보도상,승용,남,71세,상해없음,보행자,남,43세,경상
2012062200100076,2012년 6월 22일 04시,금요일,부산광역시 부산진구 부전동,중상사고,0,1,0,0,차대사람 - 기타,안전운전불이행,건조,맑음,단일로 - 기타,원동기,남,60세,상해없음,보행자,여,65세,중상
2012062200100086,2012년 6월 22일 05시,금요일,부산광역시 동구 초량동,경상사고,0,0,1,0,차대사람 - 횡단중,안전운전불이행,건조,맑음,교차로 - 교차로부근,승용,남,64세,상해없음,보행자,남,70세,경상
2012062200100096,2012년 6월 22일 06시,금요일,부산광역시 동래구 수안동,중상사고,0,1,0,0,차대차 - 측면직각충돌,안전운전불이행,건조,맑음,단일로 - 기타,승용,남,42세,상해없음,원동기,여,38세,중상
2012062200100118,2012년 6월 22일 07시,금요일,부산광역시 영도구 남항동1가,경상사고,0,0,2,0,차대차 - 기타,안전운전불이행,건조,맑음,단일로 - 기타,승용,남,61세,경상,승용,남,70세,경상
2012062200100119,2012년 6월 22일 07시,금요일,부산광역시 강서구 송정동,중상사고,0,1,0,0,차대차 - 측면직각충돌,안전운전불이행,건조,맑음,교차로 - 교차로안,승용,남,30세,상해없음,승용,남,31세,중상
2012062200100150,2012년 6월 22일 08시,금요일,부산광역시 사상구 학장동,중상사고,0,2,3,0,차대차 - 측면직각충돌,신호위반,건조,맑음,교차로 - 교차로안,승합,남,46세,상해없음,승용,남,39세,경상
2012062200100197,2012년 6월 22일 09시,금요일,부산광역시 동구 초량동,중상사고,0,1,1,0,차대차 - 측면직각충돌,신호위반,건조,맑음,교차로 - 교차로안,승용,여,63세,상해없음,승용,남,55세,중상
2012062200100198,2012년 6월 22일 09시,금요일,부산광역시 영도구 청학동,경상사고,0,0,1,0,차대차 - 추돌 - 진행중,안전거리미확보,건조,맑음,단일로 - 기타,건설기계,남,57세,상해없음,승용,남,54세,경상
2012062200100199,2012년 6월 22일 09시,금요일,부산광역시 해운대구 재송동,중상사고,0,1,0,0,차대차 - 측면직각충돌,안전운전불이행,건조,맑음,단일로 - 기타,승용,남,57세,상해없음,이륜,남,46세,중상
2012062200100200,2012년 6월 22일 09시,금요일,부산광역시 금정구 서동,경상사고,0,0,1,0,차대사람 - 기타,안전운전불이행,건조,맑음,단일로 - 기타,기타불명,기타불명,기타불명,기타불명,보행자,여,20세,경상
2012062200100233,2012년 6월 22일 10시,금요일,부산광역시 사하구 하단동,중상사고,0,1,1,0,차대사람 - 기타,안전운전불이행,건조,맑음,단일로 - 기타,승용,남,28세,상해없음,보행자,여,33세,중상
2012062200100234,2012년 6월 22일 10시,금요일,부산광역시 사하구 장림동,부상신고사고,0,0,0,1,차대차 - 기타,안전운전불이행,건조,맑음,교차로 - 교차로안,기타불명,기타불명,기타불명,기타불명,자전거,남,65세,부상신고
2012062200100264,2012년 6월 22일 11시,금요일,부산광역시 금정구 부곡동,중상사고,0,1,0,0,차대차 - 측면직각충돌,중앙선침범,건조,맑음,교차로 - 교차로부근,승용,여,51세,상해없음,승용,남,52세,중상
2012062200100368,2012년 6월 22일 15시,금요일,부산광역시 해운대구 우동,중상사고,0,1,0,0,차대차 - 측면직각충돌,안전운전불이행,건조,맑음,교차로 - 교차로부근,승용,남,32세,상해없음,승용,남,25세,중상
2012062200100369,2012년 6월 22일 15시,금요일,부산광역시 부산진구 부전동,경상사고,0,0,1,0,차대차 - 측면직각충돌,신호위반,건조,맑음,교차로 - 교차로안,승용,여,29세,상해없음,원동기,여,46세,경상
2012062200100370,2012년 6월 22일 15시,금요일,부산광역시 금정구 부곡동,중상사고,0,1,0,0,차대사람 - 차도통행중,안전운전불이행,건조,맑음,단일로 - 기타,승용,남,61세,상해없음,보행자,여,79세,중상
2012062200100404,2012년 6월 22일 16시,금요일,부산광역시 해운대구 우동,중상사고,0,1,0,0,차대차 - 측면직각충돌,안전운전불이행,건조,맑음,단일로 - 기타,승용,여,33세,상해없음,원동기,여,54세,중상
2012062200100405,2012년 6월 22일 16시,금요일,부산광역시 사하구 장림동,경상사고,0,0,1,0,차대차 - 측면직각충돌,안전거리미확보,건조,맑음,단일로 - 기타,화물,남,47세,상해없음,승용,여,60세,경상
2012062200100406,2012년 6월 22일 16시,금요일,부산광역시 사하구 괴정동,경상사고,0,0,1,0,차대차 - 추돌 - 진행중,안전거리미확보,건조,맑음,단일로 - 기타,승용,남,53세,상해없음,화물,남,42세,경상
2012062200100407,2012년 6월 22일 16시,금요일,부산광역시 연제구 거제동,중상사고,0,1,0,0,차대차 - 측면직각충돌,안전거리미확보,건조,맑음,단일로 - 기타,승용,남,57세,상해없음,이륜,남,29세,중상
2012062200100408,2012년 6월 22일 16시,금요일,부산광역시 사상구 감전동,경상사고,0,0,1,0,차대차 - 추돌 - 진행중,안전거리미확보,건조,맑음,단일로 - 기타,화물,남,57세,상해없음,승용,남,42세,상해없음
2012062200100437,2012년 6월 22일 17시,금요일,부산광역시 금정구 부곡동,경상사고,0,0,1,0,차대사람 - 보도통행중,기타,건조,맑음,단일로 - 횡단보도부근,화물,남,59세,상해없음,보행자,여,48세,경상
2012062200100438,2012년 6월 22일 17시,금요일,부산광역시 강서구 대저1동,경상사고,0,0,1,0,차대차 - 측면직각충돌,안전운전불이행,건조,맑음,단일로 - 기타,화물,남,38세,상해없음,화물,남,47세,경상
2012062200100479,2012년 6월 22일 18시,금요일,부산광역시 동구 초량동,중상사고,0,1,0,0,차대사람 - 기타,안전운전불이행,건조,맑음,단일로 - 기타,이륜,남,58세,상해없음,보행자,여,42세,중상
2012062200100480,2012년 6월 22일 18시,금요일,부산광역시 부산진구 양정동,경상사고,0,0,1,0,차대사람 - 기타,안전운전불이행,건조,맑음,단일로 - 기타,승용,여,56세,상해없음,보행자,남,14세,경상
2012062200100481,2012년 6월 22일 18시,금요일,부산광역시 금정구 부곡동,경상사고,0,0,1,0,차대사람 - 기타,기타,건조,맑음,단일로 - 기타,승용,남,37세,상해없음,보행자,여,26세,경상
2012062200100517,2012년 6월 22일 19시,금요일,부산광역시 수영구 광안동,부상신고사고,0,0,0,1,차대사람 - 기타,안전운전불이행,건조,맑음,단일로 - 기타,기타불명,기타불명,기타불명,기타불명,보행자,남,50세,부상신고
2012062200100518,2012년 6월 22일 19시,금요일,부산광역시 수영구 남천동,중상사고,0,1,0,0,차대차 - 기타,안전운전불이행,건조,맑음,교차로 - 교차로안,승합,남,32세,상해없음,원동기,여,17세,중상
2012062200100552,2012년 6월 22일 20시,금요일,부산광역시 부산진구 부전동,경상사고,0,0,1,0,차대사람 - 기타,안전운전불이행,건조,맑음,단일로 - 기타,이륜,남,17세,상해없음,보행자,여,31세,경상
2012062200100553,2012년 6월 22일 20시,금요일,부산광역시 사하구 하단동,경상사고,0,0,1,0,차대차 - 추돌 - 진행중,안전거리미확보,건조,맑음,교차로 - 교차로부근,승용,여,30세,상해없음,화물,여,44세,경상
2012062200100554,2012년 6월 22일 20시,금요일,부산광역시 강서구 대저1동,중상사고,0,1,0,0,차대차 - 기타,안전운전불이행,건조,맑음,교차로 - 교차로부근,건설기계,여,43세,상해없음,승용,남,53세,중상
2012062200100594,2012년 6월 22일 21시,금요일,부산광역시 금정구 구서동,경상사고,0,0,1,0,차대차 - 측면직각충돌,교차로운행방법위반,건조,맑음,교차로 - 교차로안,화물,남,52세,상해없음,승용,남,49세,경상
2012062200100634,2012년 6월 22일 22시,금요일,부산광역시 남구 대연동,경상사고,0,0,3,2,차대차 - 기타,안전거리미확보,건조,맑음,교차로 - 교차로안,승용,남,24세,상해없음,승합,남,54세,상해없음
2012062200100635,2012년 6월 22일 22시,금요일,부산광역시 남구 용호동,경상사고,0,0,1,0,차대사람 - 기타,신호위반,건조,맑음,교차로 - 교차로부근,승용,남,44세,상해없음,보행자,남,23세,경상
2012062200100636,2012년 6월 22일 22시,금요일,부산광역시 부산진구 범천동,경상사고,0,0,3,0,차대차 - 기타,안전거리미확보,건조,맑음,단일로 - 기타,화물,남,42세,상해없음,승용,남,51세,경상
2012062200100679,2012년 6월 22일 23시,금요일,부산광역시 영도구 남항동1가,중상사고,0,2,0,0,차대차 - 추돌 - 진행중,중앙선침범,건조,흐림,단일로 - 교량,승용,남,52세,상해없음,승용,여,32세,중상
2012062200100680,2012년 6월 22일 23시,금요일,부산광역시 금정구 구서동,경상사고,0,0,1,0,차대차 - 추돌 - 주정차중,안전운전불이행,건조,맑음,교차로 - 교차로부근,승용,남,48세,상해없음,이륜,남,21세,경상
2012062200100681,2012년 6월 22일 23시,금요일,부산광역시 사상구 삼락동,중상사고,0,1,0,0,차대사람 - 횡단중,안전운전불이행,건조,맑음,단일로 - 기타,승용,남,29세,상해없음,보행자,남,42세,중상
2012062200100682,2012년 6월 22일 23시,금요일,부산광역시 기장군 기장읍,경상사고,0,0,1,0,차대차 - 측면직각충돌,신호위반,건조,맑음,교차로 - 교차로안,승용,남,50세,상해없음,승용,여,50세,경상
2012062300100006,2012년 6월 23일 00시,토요일,부산광역시 서구 남부민동,경상사고,0,0,1,0,차대사람 - 횡단중,안전운전불이행,건조,맑음,단일로 - 횡단보도상,승용,남,70세,상해없음,보행자,남,44세,경상
2012062300100037,2012년 6월 23일 01시,토요일,부산광역시 해운대구 우동,경상사고,0,0,1,4,차대차 - 기타,안전운전불이행,건조,맑음,교차로 - 교차로안,승용,남,33세,상해없음,승용,남,57세,경상
2012062300100038,2012년 6월 23일 01시,토요일,부산광역시 부산진구 연지동,중상사고,0,2,0,0,차대차 - 추돌 - 주정차중,안전운전불이행,건조,맑음,교차로 - 교차로부근,승용,남,47세,상해없음,승용,남,37세,중상
2012062300100039,2012년 6월 23일 01시,토요일,부산광역시 강서구 송정동,중상사고,0,1,2,0,차대차 - 추돌 - 주정차중,안전운전불이행,건조,맑음,교차로 - 교차로부근,승합,남,39세,상해없음,승용,남,25세,경상
2012062300100040,2012년 6월 23일 01시,토요일,부산광역시 사상구 감전동,경상사고,0,0,1,0,차대차 - 추돌 - 주정차중,안전운전불이행,건조,흐림,교차로 - 교차로부근,승용,남,45세,상해없음,승용,남,43세,경상
2012062300100060,2012년 6월 23일 02시,토요일,부산광역시 남구 용호동,부상신고사고,0,0,0,1,차대사람 - 기타,안전운전불이행,건조,맑음,단일로 - 기타,기타불명,기타불명,기타불명,기타불명,보행자,남,45세,부상신고
2012062300100095,2012년 6월 23일 04시,토요일,부산광역시 해운대구 중동,중상사고,0,1,0,0,차대사람 - 차도통행중,안전운전불이행,건조,맑음,단일로 - 횡단보도부근,승용,남,43세,상해없음,보행자,남,23세,중상
2012062300100110,2012년 6월 23일 05시,토요일,부산광역시 수영구 망미동,중상사고,0,1,0,0,차대차 - 측면직각충돌,차로위반,건조,맑음,단일로 - 기타,승용,남,59세,상해없음,승용,남,50세,중상
2012062300100111,2012년 6월 23일 05시,토요일,부산광역시 사상구 엄궁동,중상사고,0,1,0,0,차대차 - 기타,안전거리미확보,건조,맑음,교차로 - 교차로안,승용,남,59세,상해없음,승용,남,64세,상해없음
2012062300100147,2012년 6월 23일 07시,토요일,부산광역시 사상구 감전동,경상사고,0,0,3,0,차대차 - 기타,안전운전불이행,건조,맑음,단일로 - 기타,승합,남,45세,경상,화물,남,60세,경상
2012062300100161,2012년 6월 23일 08시,토요일,부산광역시 남구 용호동,중상사고,0,1,0,0,차대차 - 기타,안전운전불이행,건조,맑음,교차로 - 교차로부근,자전거,여,50세,중상,승용,남,34세,상해없음
2012062300100182,2012년 6월 23일 09시,토요일,부산광역시 동래구 안락동,중상사고,0,1,0,0,차대사람 - 횡단중,안전운전불이행,건조,맑음,교차로 - 교차로부근,화물,남,67세,상해없음,보행자,남,74세,중상
2012062300100183,2012년 6월 23일 09시,토요일,부산광역시 금정구 구서동,경상사고,0,0,1,0,차량단독 - 기타,안전운전불이행,건조,맑음,단일로 - 기타,승용,남,60세,상해없음,,,,
2012062300100208,2012년 6월 23일 10시,토요일,부산광역시 영도구 영선동4가,경상사고,0,0,1,0,차대차 - 기타,직진우회전진행방해,건조,맑음,교차로 - 교차로안,승용,남,49세,상해없음,원동기,남,53세,경상
2012062300100209,2012년 6월 23일 10시,토요일,부산광역시 금정구 서동,부상신고사고,0,0,0,1,차대사람 - 길가장자리구역통행중,안전운전불이행,건조,맑음,교차로 - 교차로부근,화물,남,33세,상해없음,보행자,남,48세,부상신고
2012062300100236,2012년 6월 23일 11시,토요일,부산광역시 서구 서대신동1가,중상사고,0,1,0,0,차대사람 - 횡단중,안전운전불이행,건조,맑음,교차로 - 교차로안,승용,여,54세,상해없음,보행자,여,72세,중상
2012062300100237,2012년 6월 23일 11시,토요일,부산광역시 남구 대연동,중상사고,0,1,0,0,차대차 - 기타,안전운전불이행,건조,맑음,단일로 - 기타,승용,기타불명,기타불명,기타불명,원동기,남,23세,중상
2012062300100238,2012년 6월 23일 11시,토요일,부산광역시 북구 덕천동,경상사고,0,0,3,0,차대차 - 측면직각충돌,신호위반,건조,맑음,교차로 - 교차로안,승용,여,41세,상해없음,승용,여,34세,경상
2012062300100274,2012년 6월 23일 12시,토요일,부산광역시 부산진구 개금동,중상사고,0,1,1,0,차대차 - 정면충돌,중앙선침범,건조,맑음,단일로 - 기타,승용,남,59세,상해없음,승용,남,26세,상해없음
2012062300100331,2012년 6월 23일 14시,토요일,부산광역시 중구 영주동,경상사고,0,0,2,0,차대차 - 기타,안전운전불이행,건조,맑음,교차로 - 교차로부근,승용,여,68세,상해없음,승용,남,55세,경상
2012062300100332,2012년 6월 23일 14시,토요일,부산광역시 사하구 장림동,중상사고,0,1,0,0,차대차 - 측면직각충돌,직진우회전진행방해,건조,맑음,교차로 - 교차로안,승용,남,36세,상해없음,이륜,남,53세,중상
2012062300100333,2012년 6월 23일 14시,토요일,부산광역시 강서구 죽동동,경상사고,0,0,1,0,차대차 - 기타,안전운전불이행,건조,맑음,단일로 - 횡단보도부근,화물,남,51세,상해없음,화물,남,27세,경상
2012062300100334,2012년 6월 23일 14시,토요일,부산광역시 사상구 학장동,중상사고,0,1,0,0,차대차 - 측면직각충돌,안전운전불이행,건조,맑음,교차로 - 교차로안,화물,남,47세,상해없음,자전거,여,42세,중상
2012062300100428,2012년 6월 23일 17시,토요일,부산광역시 남구 문현동,경상사고,0,0,1,1,차대차 - 측면직각충돌,안전운전불이행,건조,맑음,교차로 - 교차로안,승용,여,37세,상해없음,승용,여,41세,경상
2012062300100429,2012년 6월 23일 17시,토요일,부산광역시 부산진구 전포동,경상사고,0,0,1,0,차대사람 - 기타,안전운전불이행,건조,맑음,단일로 - 기타,승용,기타불명,기타불명,기타불명,보행자,남,9세,경상
2012062300100430,2012년 6월 23일 17시,토요일,부산광역시 사하구 다대동,경상사고,0,0,2,0,차대차 - 측면직각충돌,안전운전불이행,건조,맑음,단일로 - 기타,승용,여,25세,상해없음,승용,남,35세,상해없음
2012062300100463,2012년 6월 23일 18시,토요일,부산광역시 수영구 광안동,경상사고,0,0,1,0,차대차 - 기타,안전운전불이행,건조,맑음,단일로 - 기타,화물,남,73세,상해없음,자전거,남,23세,경상
2012062300100464,2012년 6월 23일 18시,토요일,부산광역시 해운대구 반여동,경상사고,0,0,1,0,차대차 - 추돌 - 주정차중,안전거리미확보,건조,맑음,단일로 - 기타,화물,남,44세,상해없음,화물,여,31세,경상
2012062300100465,2012년 6월 23일 18시,토요일,부산광역시 부산진구 전포동,경상사고,0,0,2,0,차대차 - 추돌 - 진행중,안전거리미확보,건조,맑음,교차로 - 교차로부근,승용,남,28세,상해없음,승용,남,60세,경상
2012062300100466,2012년 6월 23일 18시,토요일,부산광역시 부산진구 연지동,경상사고,0,0,4,0,차대차 - 기타,안전거리미확보,건조,맑음,단일로 - 기타,승용,남,64세,상해없음,승용,남,37세,경상
2012062300100467,2012년 6월 23일 18시,토요일,부산광역시 금정구 장전동,중상사고,0,1,0,0,차대차 - 측면직각충돌,교차로운행방법위반,건조,맑음,교차로 - 교차로안,이륜,남,18세,중상,승용,남,40세,상해없음
2012062300100497,2012년 6월 23일 19시,토요일,부산광역시 사상구 학장동,경상사고,0,0,1,0,차대차 - 추돌 - 주정차중,안전운전불이행,건조,흐림,미분류 - 미분류,승용,기타불명,기타불명,기타불명,승용,남,43세,경상
2012062300100527,2012년 6월 23일 20시,토요일,부산광역시 서구 충무동1가,중상사고,0,1,0,0,차대사람 - 기타,안전운전불이행,건조,맑음,단일로 - 기타,승합,남,38세,상해없음,보행자,여,60세,중상
2012062300100528,2012년 6월 23일 20시,토요일,부산광역시 사하구 하단동,경상사고,0,0,1,0,차대차 - 측면직각충돌,차로위반,건조,맑음,단일로 - 기타,승용,남,65세,상해없음,이륜,남,18세,경상
2012062300100564,2012년 6월 23일 21시,토요일,부산광역시 부산진구 개금동,중상사고,0,1,1,0,차대차 - 기타,신호위반,기타,맑음,교차로 - 교차로안,승용,여,53세,상해없음,승용,남,54세,중상
2012062300100565,2012년 6월 23일 21시,토요일,부산광역시 금정구 부곡동,부상신고사고,0,0,0,1,차대사람 - 기타,안전운전불이행,건조,맑음,단일로 - 기타,승용,여,48세,상해없음,보행자,남,55세,부상신고
2012062300100566,2012년 6월 23일 21시,토요일,부산광역시 사하구 괴정동,경상사고,0,0,2,0,차대차 - 추돌 - 주정차중,안전운전불이행,건조,맑음,단일로 - 기타,승용,남,47세,상해없음,승용,남,67세,경상
2012062300100604,2012년 6월 23일 22시,토요일,부산광역시 중구 보수동1가,경상사고,0,0,2,0,차대차 - 측면직각충돌,안전거리미확보,건조,맑음,단일로 - 기타,승용,남,26세,상해없음,승용,남,45세,경상
2012062300100605,2012년 6월 23일 22시,토요일,부산광역시 북구 금곡동,중상사고,0,1,0,0,차대사람 - 횡단중,안전운전불이행,건조,맑음,단일로 - 기타,원동기,남,20세,상해없음,보행자,남,60세,중상
2012062300100606,2012년 6월 23일 22시,토요일,부산광역시 금정구 남산동,중상사고,0,2,1,0,차대차 - 추돌 - 진행중,안전운전불이행,건조,맑음,교차로 - 교차로부근,승용,남,55세,중상,승용,남,24세,경상
2012062300100630,2012년 6월 23일 23시,토요일,부산광역시 연제구 연산동,경상사고,0,0,1,0,차대사람 - 횡단중,보행자보호의무위반,건조,맑음,교차로 - 교차로부근,승용,남,57세,상해없음,보행자,남,57세,경상
2012062400100062,2012년 6월 24일 03시,일요일,부산광역시 북구 구포동,사망사고,2,2,0,0,차량단독 - 전도전복,안전운전불이행,건조,맑음,단일로 - 교량,승용,남,24세,중상,,,,
2012062400100072,2012년 6월 24일 04시,일요일,부산광역시 연제구 연산동,중상사고,0,2,0,0,차량단독 - 공작물충돌,안전운전불이행,건조,맑음,단일로 - 횡단보도부근,이륜,여,14세,중상,,,,
2012062400100081,2012년 6월 24일 05시,일요일,부산광역시 북구 덕천동,중상사고,0,1,0,0,차대차 - 측면직각충돌,신호위반,건조,맑음,교차로 - 교차로안,승용,남,50세,상해없음,승용,남,52세,상해없음
2012062400100109,2012년 6월 24일 08시,일요일,부산광역시 영도구 대평동1가,경상사고,0,0,1,0,차대차 - 측면직각충돌,교차로운행방법위반,건조,맑음,교차로 - 교차로안,이륜,남,53세,상해없음,승용,남,50세,경상
2012062400100124,2012년 6월 24일 09시,일요일,부산광역시 동래구 안락동,경상사고,0,0,4,0,차대차 - 기타,중앙선침범,건조,맑음,단일로 - 기타,승용,기타불명,기타불명,기타불명,승용,남,45세,경상
2012062400100138,2012년 6월 24일 10시,일요일,부산광역시 남구 우암동,경상사고,0,0,1,0,차대차 - 추돌 - 진행중,안전운전불이행,건조,맑음,교차로 - 교차로부근,승용,남,78세,상해없음,승용,남,56세,경상
2012062400100139,2012년 6월 24일 10시,일요일,부산광역시 사상구 감전동,중상사고,0,1,1,0,차대차 - 추돌 - 주정차중,안전거리미확보,건조,흐림,교차로 - 교차로부근,승용,여,27세,상해없음,승용,남,64세,경상
2012062400100140,2012년 6월 24일 10시,일요일,부산광역시 사상구 감전동,경상사고,0,0,1,0,차량단독 - 공작물충돌,안전운전불이행,건조,흐림,단일로 - 기타,승용,남,27세,경상,,,,
2012062400100141,2012년 6월 24일 10시,일요일,부산광역시 기장군 기장읍,경상사고,0,0,4,0,차대차 - 측면직각충돌,신호위반,건조,흐림,교차로 - 교차로안,승용,남,64세,상해없음,승용,남,52세,경상
2012062400100161,2012년 6월 24일 11시,일요일,부산광역시 수영구 광안동,경상사고,0,0,1,0,차대차 - 추돌 - 진행중,신호위반,건조,맑음,교차로 - 교차로안,승용,남,32세,상해없음,승용,남,49세,경상
2012062400100162,2012년 6월 24일 11시,일요일,부산광역시 연제구 거제동,경상사고,0,0,4,0,차대차 - 측면직각충돌,신호위반,건조,흐림,교차로 - 교차로안,승용,남,31세,상해없음,승용,남,52세,경상
2012062400100188,2012년 6월 24일 12시,일요일,부산광역시 해운대구 반송동,경상사고,0,0,1,0,차대차 - 추돌 - 주정차중,안전운전불이행,건조,맑음,단일로 - 기타,승용,남,52세,상해없음,승용,여,46세,상해없음
2012062400100210,2012년 6월 24일 13시,일요일,부산광역시 동래구 명장동,경상사고,0,0,1,0,차대차 - 측면직각충돌,교차로운행방법위반,습기,비,교차로 - 교차로안,승용,남,56세,상해없음,원동기,남,22세,경상
2012062400100211,2012년 6월 24일 13시,일요일,부산광역시 사하구 하단동,경상사고,0,0,1,0,차대차 - 측면직각충돌,안전거리미확보,습기,비,교차로 - 교차로부근,승용,남,54세,상해없음,승용,남,64세,경상
2012062400100235,2012년 6월 24일 14시,일요일,부산광역시 해운대구 재송동,경상사고,0,0,1,0,차대차 - 측면직각충돌,교차로운행방법위반,습기,비,교차로 - 교차로안,승용,남,40세,상해없음,이륜,남,17세,경상
2012062400100236,2012년 6월 24일 14시,일요일,부산광역시 해운대구 송정동,경상사고,0,0,1,0,차대차 - 기타,안전운전불이행,건조,맑음,교차로 - 교차로안,승용,남,42세,상해없음,승용,여,41세,경상
2012062400100237,2012년 6월 24일 14시,일요일,부산광역시 사상구 덕포동,중상사고,0,1,0,0,차대차 - 기타,중앙선침범,습기,비,단일로 - 기타,화물,남,63세,상해없음,이륜,남,37세,중상
2012062400100263,2012년 6월 24일 15시,일요일,부산광역시 해운대구 우동,경상사고,0,0,1,0,차대차 - 측면직각충돌,안전운전불이행,건조,맑음,교차로 - 교차로부근,승용,남,56세,상해없음,승용,남,43세,경상
2012062400100264,2012년 6월 24일 15시,일요일,부산광역시 부산진구 가야동,중상사고,0,1,0,0,차대사람 - 기타,안전운전불이행,기타,맑음,교차로 - 교차로안,화물,남,41세,상해없음,보행자,남,80세,중상
2012062400100265,2012년 6월 24일 15시,일요일,부산광역시 기장군 일광면,중상사고,0,1,0,0,차대차 - 측면직각충돌,안전운전불이행,습기,비,단일로 - 기타,승용,남,29세,상해없음,자전거,남,62세,중상
2012062400100291,2012년 6월 24일 16시,일요일,부산광역시 중구 중앙동4가,경상사고,0,0,1,0,차대차 - 측면직각충돌,교차로운행방법위반,건조,맑음,교차로 - 교차로안,승용,남,31세,상해없음,승용,남,58세,경상
2012062400100292,2012년 6월 24일 16시,일요일,부산광역시 북구 만덕동,중상사고,0,2,0,0,차대차 - 추돌 - 진행중,안전거리미확보,건조,맑음,단일로 - 기타,승합,남,32세,기타불명,승용,여,31세,중상
2012062400100293,2012년 6월 24일 16시,일요일,부산광역시 해운대구 반여동,경상사고,0,0,1,0,차대사람 - 보도통행중,보행자보호의무위반,건조,기타,단일로 - 횡단보도상,승용,여,42세,상해없음,보행자,남,10세,경상
2012062400100294,2012년 6월 24일 16시,일요일,부산광역시 강서구 명지동,사망사고,1,0,0,0,차량단독 - 공작물충돌,안전운전불이행,습기,비,단일로 - 교량,승용,남,59세,사망,,,,
2012062400100335,2012년 6월 24일 17시,일요일,부산광역시 해운대구 송정동,중상사고,0,1,0,0,차대사람 - 차도통행중,안전운전불이행,습기,비,단일로 - 횡단보도부근,승용,남,29세,상해없음,보행자,여,12세,중상
2012062400100336,2012년 6월 24일 17시,일요일,부산광역시 사하구 괴정동,중상사고,0,1,0,0,차대차 - 기타,기타,건조,맑음,교차로 - 교차로부근,승용,남,32세,상해없음,이륜,남,17세,중상