사고번호,사고일시,요일,시군구,사고내용,사망자수,중상자수,경상자수,부상신고자수,사고유형,법규위반,노면상태,기상상태,도로형태,가해운전자 차종,가해운전자 성별,가해운전자 연령,가해운전자 상해정도,피해운전자 차종,피해운전자 성별,피해운전자 연령,피해운전자 상해정도
2012062400100355,2012년 6월 24일 18시,일요일,부산광역시 남구 대연동,경상사고,0,0,1,0,차대차 - 기타,직진우회전진행방해,건조,맑음,교차로 - 교차로안,승용,남,18세,기타불명,승용,남,42세,경상
2012062400100380,2012년 6월 24일 19시,일요일,부산광역시 중구 대청동1가,중상사고,0,1,0,0,차대차 - 기타,안전운전불이행,건조,맑음,교차로 - 교차로부근,승용,남,27세,상해없음,자전거,남,66세,중상
2012062400100381,2012년 6월 24일 19시,일요일,부산광역시 사하구 장림동,중상사고,0,3,1,0,차대차 - 측면직각충돌,안전거리미확보,건조,맑음,단일로 - 기타,화물,남,40세,상해없음,승용,남,36세,중상
2012062400100414,2012년 6월 24일 20시,일요일,부산광역시 남구 용당동,중상사고,0,1,0,0,차대사람 - 기타,안전운전불이행,건조,맑음,단일로 - 기타,승용,남,54세,상해없음,보행자,여,46세,중상
2012062400100415,2012년 6월 24일 20시,일요일,부산광역시 동래구 낙민동,사망사고,1,3,1,0,차대차 - 측면직각충돌,안전거리미확보,건조,맑음,단일로 - 기타,승용,남,28세,상해없음,승용,남,31세,중상
2012062400100416,2012년 6월 24일 20시,일요일,부산광역시 사하구 신평동,경상사고,0,0,1,0,차대차 - 추돌 - 진행중,안전거리미확보,습기,비,교차로 - 교차로부근,화물,남,42세,상해없음,승용,여,57세,경상
2012062400100448,2012년 6월 24일 21시,일요일,부산광역시 부산진구 범천동,경상사고,0,0,2,0,차대사람 - 보도통행중,안전운전불이행,건조,흐림,단일로 - 기타,승용,남,31세,상해없음,보행자,남,50세,경상
2012062400100474,2012년 6월 24일 22시,일요일,부산광역시 강서구 봉림동,중상사고,0,1,0,0,차대차 - 기타,중앙선침범,건조,맑음,단일로 - 기타,화물,남,56세,상해없음,승용,남,42세,중상
2012062400100475,2012년 6월 24일 22시,일요일,부산광역시 기장군 일광면,부상신고사고,0,0,0,1,차대사람 - 차도통행중,안전운전불이행,건조,맑음,단일로 - 기타,승용,남,21세,상해없음,보행자,남,50세,부상신고
2012062400100495,2012년 6월 24일 23시,일요일,부산광역시 중구 부평동1가,경상사고,0,0,1,0,차대사람 - 기타,안전운전불이행,건조,맑음,단일로 - 기타,승용,남,26세,상해없음,보행자,여,27세,경상
2012062400100496,2012년 6월 24일 23시,일요일,부산광역시 해운대구 송정동,중상사고,0,1,0,0,차대사람 - 횡단중,안전운전불이행,건조,기타,단일로 - 기타,승용,남,34세,상해없음,보행자,남,45세,중상
2012062500100005,2012년 6월 25일 00시,월요일,부산광역시 수영구 남천동,경상사고,0,0,1,0,차대차 - 측면직각충돌,안전거리미확보,건조,맑음,교차로 - 교차로부근,승용,남,21세,상해없음,승용,남,46세,경상
2012062500100006,2012년 6월 25일 00시,월요일,부산광역시 금정구 부곡동,경상사고,0,0,1,0,차량단독 - 공작물충돌,안전거리미확보,건조,맑음,단일로 - 기타,승용,남,27세,상해없음,,,,
2012062500100044,2012년 6월 25일 05시,월요일,부산광역시 서구 남부민동,중상사고,0,1,0,0,차대사람 - 횡단중,신호위반,건조,맑음,단일로 - 횡단보도상,승용,남,54세,상해없음,보행자,여,80세,중상
2012062500100055,2012년 6월 25일 06시,월요일,부산광역시 기장군 정관면,중상사고,0,1,4,0,차대차 - 추돌 - 진행중,안전거리미확보,건조,맑음,단일로 - 기타,화물,남,62세,상해없음,화물,남,44세,중상
2012062500100076,2012년 6월 25일 07시,월요일,부산광역시 수영구 광안동,경상사고,0,0,1,0,차대사람 - 횡단중,안전운전불이행,건조,맑음,단일로 - 기타,승용,여,63세,상해없음,보행자,남,13세,경상
2012062500100102,2012년 6월 25일 08시,월요일,부산광역시 강서구 지사동,경상사고,0,0,4,0,차대차 - 추돌 - 진행중,안전거리미확보,건조,맑음,교차로 - 교차로부근,화물,남,66세,상해없음,승용,남,41세,경상
2012062500100103,2012년 6월 25일 08시,월요일,부산광역시 사상구 감전동,중상사고,0,1,0,0,차대차 - 추돌 - 진행중,안전운전불이행,건조,맑음,단일로 - 기타,승용,남,42세,상해없음,승용,여,33세,중상
2012062500100140,2012년 6월 25일 09시,월요일,부산광역시 영도구 대교동1가,중상사고,0,1,0,0,차대사람 - 기타,안전운전불이행,건조,맑음,기타 - 기타,승용,여,28세,상해없음,보행자,여,72세,중상
2012062500100141,2012년 6월 25일 09시,월요일,부산광역시 해운대구 우동,중상사고,0,1,1,0,차대차 - 측면직각충돌,교차로운행방법위반,건조,맑음,교차로 - 교차로안,승용,남,59세,경상,승용,남,49세,중상
2012062500100171,2012년 6월 25일 10시,월요일,부산광역시 수영구 광안동,중상사고,0,1,0,0,차대사람 - 기타,안전운전불이행,건조,맑음,단일로 - 기타,승용,남,62세,상해없음,보행자,여,65세,중상
2012062500100172,2012년 6월 25일 10시,월요일,부산광역시 부산진구 양정동,경상사고,0,0,1,0,차대사람 - 기타,안전운전불이행,건조,맑음,단일로 - 기타,이륜,남,59세,상해없음,보행자,남,33세,경상
2012062500100201,2012년 6월 25일 11시,월요일,부산광역시 동구 좌천동,경상사고,0,0,1,0,차대차 - 측면직각충돌,안전운전불이행,건조,맑음,단일로 - 터널,승용,남,32세,상해없음,승용,남,28세,경상
2012062500100233,2012년 6월 25일 12시,월요일,부산광역시 서구 동대신동1가,경상사고,0,0,1,0,차대차 - 기타,안전운전불이행,건조,맑음,단일로 - 기타,승용,남,40세,상해없음,승용,남,63세,상해없음
2012062500100234,2012년 6월 25일 12시,월요일,부산광역시 수영구 망미동,경상사고,0,0,1,0,차대차 - 기타,안전운전불이행,건조,맑음,기타 - 기타,승용,남,59세,상해없음,이륜,남,23세,경상
2012062500100235,2012년 6월 25일 12시,월요일,부산광역시 강서구 명지동,경상사고,0,0,1,0,차대차 - 기타,중앙선침범,건조,맑음,단일로 - 기타,승용,여,48세,상해없음,승용,여,42세,경상
2012062500100262,2012년 6월 25일 13시,월요일,부산광역시 남구 대연동,중상사고,0,1,0,0,차대사람 - 횡단중,보행자보호의무위반,건조,맑음,단일로 - 기타,승용,여,54세,상해없음,보행자,남,7세,중상
2012062500100263,2012년 6월 25일 13시,월요일,부산광역시 사하구 신평동,경상사고,0,0,2,0,차대차 - 추돌 - 진행중,안전거리미확보,건조,맑음,단일로 - 기타,화물,남,51세,상해없음,승용,남,46세,경상
2012062500100264,2012년 6월 25일 13시,월요일,부산광역시 사하구 장림동,중상사고,0,1,0,0,차대차 - 추돌 - 진행중,신호위반,건조,맑음,단일로 - 기타,승용,남,16세,상해없음,이륜,남,70세,중상
2012062500100302,2012년 6월 25일 14시,월요일,부산광역시 영도구 대교동1가,중상사고,0,1,0,0,차대차 - 추돌 - 주정차중,안전거리미확보,건조,맑음,단일로 - 횡단보도부근,승용,남,52세,상해없음,화물,남,26세,중상
2012062500100303,2012년 6월 25일 14시,월요일,부산광역시 영도구 남항동2가,경상사고,0,0,1,0,차대사람 - 길가장자리구역통행중,안전운전불이행,건조,맑음,단일로 - 기타,승합,남,44세,기타불명,보행자,남,43세,경상
2012062500100340,2012년 6월 25일 15시,월요일,부산광역시 사상구 감전동,중상사고,0,1,0,0,차대차 - 기타,중앙선침범,건조,맑음,단일로 - 기타,화물,남,51세,상해없음,원동기,남,24세,중상
2012062500100366,2012년 6월 25일 16시,월요일,부산광역시 남구 우암동,경상사고,0,0,1,0,차량단독 - 기타,기타,건조,맑음,교차로 - 교차로부근,승합,남,63세,기타불명,,,,
2012062500100367,2012년 6월 25일 16시,월요일,부산광역시 부산진구 부암동,경상사고,0,0,1,0,차대사람 - 기타,보행자보호의무위반,건조,맑음,단일로 - 횡단보도상,승용,남,39세,상해없음,보행자,남,31세,경상
2012062500100368,2012년 6월 25일 16시,월요일,부산광역시 기장군 일광면,중상사고,0,1,0,0,차대차 - 측면직각충돌,교차로운행방법위반,건조,맑음,교차로 - 교차로안,승용,여,62세,상해없음,원동기,남,48세,중상
2012062500100463,2012년 6월 25일 18시,월요일,부산광역시 동구 범일동,경상사고,0,0,1,0,차대차 - 기타,교차로운행방법위반,건조,맑음,교차로 - 교차로안,승용,남,30세,상해없음,승용,남,62세,경상
2012062500100464,2012년 6월 25일 18시,월요일,부산광역시 동래구 온천동,경상사고,0,0,1,0,차대사람 - 횡단중,신호위반,건조,맑음,단일로 - 횡단보도상,원동기,남,26세,상해없음,보행자,남,8세,경상
2012062500100465,2012년 6월 25일 18시,월요일,부산광역시 해운대구 우동,중상사고,0,1,0,0,차대차 - 측면직각충돌,안전운전불이행,건조,맑음,단일로 - 기타,승합,남,57세,상해없음,원동기,남,25세,중상
2012062500100466,2012년 6월 25일 18시,월요일,부산광역시 강서구 성북동,중상사고,0,1,0,0,차대사람 - 횡단중,안전운전불이행,건조,맑음,단일로 - 기타,승용,여,27세,상해없음,보행자,남,53세,중상
2012062500100467,2012년 6월 25일 18시,월요일,부산광역시 사상구 괘법동,경상사고,0,0,1,0,차대차 - 기타,안전운전불이행,건조,맑음,단일로 - 횡단보도부근,승용,남,52세,상해없음,자전거,남,57세,경상
2012062500100540,2012년 6월 25일 20시,월요일,부산광역시 서구 토성동3가,중상사고,0,1,0,0,차대사람 - 횡단중,보행자보호의무위반,기타,기타,단일로 - 횡단보도상,승용,남,53세,상해없음,보행자,남,64세,중상
2012062500100541,2012년 6월 25일 20시,월요일,부산광역시 동래구 안락동,중상사고,0,1,0,0,차대사람 - 횡단중,안전운전불이행,건조,맑음,교차로 - 교차로부근,화물,남,44세,상해없음,보행자,남,63세,중상
2012062500100542,2012년 6월 25일 20시,월요일,부산광역시 사상구 모라동,부상신고사고,0,0,0,1,차대사람 - 기타,교차로운행방법위반,건조,맑음,교차로 - 교차로부근,승합,남,47세,상해없음,보행자,남,51세,부상신고
2012062500100578,2012년 6월 25일 21시,월요일,부산광역시 동래구 온천동,중상사고,0,1,0,0,차대차 - 추돌 - 주정차중,안전운전불이행,건조,맑음,교차로 - 교차로부근,승용,남,27세,상해없음,승용,남,41세,중상
2012062500100611,2012년 6월 25일 22시,월요일,부산광역시 중구 남포동5가,중상사고,0,1,0,0,차대차 - 측면직각충돌,차로위반,건조,맑음,단일로 - 기타,승용,남,53세,상해없음,이륜,남,19세,중상
2012062500100612,2012년 6월 25일 22시,월요일,부산광역시 북구 만덕동,경상사고,0,0,1,0,차대사람 - 길가장자리구역통행중,안전운전불이행,건조,맑음,단일로 - 기타,승용,남,54세,상해없음,보행자,남,36세,경상
2012062500100640,2012년 6월 25일 23시,월요일,부산광역시 부산진구 가야동,경상사고,0,0,2,0,차대차 - 기타,안전거리미확보,건조,맑음,단일로 - 기타,승용,남,65세,상해없음,이륜,남,23세,경상
2012062600100006,2012년 6월 26일 00시,화요일,부산광역시 부산진구 부전동,경상사고,0,0,1,0,차대사람 - 기타,안전운전불이행,기타,맑음,단일로 - 기타,승용,남,23세,상해없음,보행자,여,37세,경상
2012062600100007,2012년 6월 26일 00시,화요일,부산광역시 금정구 남산동,중상사고,0,2,0,0,차대차 - 추돌 - 진행중,안전운전불이행,건조,맑음,교차로 - 교차로부근,승용,남,34세,상해없음,승용,남,23세,중상
2012062600100020,2012년 6월 26일 01시,화요일,부산광역시 동래구 안락동,경상사고,0,0,2,1,차대차 - 추돌 - 진행중,안전운전불이행,건조,맑음,단일로 - 기타,승합,남,54세,상해없음,승용,남,35세,경상
2012062600100035,2012년 6월 26일 02시,화요일,부산광역시 금정구 부곡동,경상사고,0,0,1,0,차대차 - 추돌 - 진행중,안전운전불이행,건조,맑음,단일로 - 기타,승용,남,32세,상해없음,승용,남,58세,상해없음
2012062600100036,2012년 6월 26일 02시,화요일,부산광역시 강서구 송정동,중상사고,0,1,2,0,차대차 - 측면직각충돌,직진우회전진행방해,건조,맑음,교차로 - 교차로안,승용,남,41세,중상,승용,남,32세,경상
2012062600100092,2012년 6월 26일 07시,화요일,부산광역시 동구 초량동,경상사고,0,0,2,0,차대차 - 측면직각충돌,교차로운행방법위반,건조,맑음,교차로 - 교차로안,승용,남,53세,상해없음,승용,남,56세,경상
2012062600100121,2012년 6월 26일 08시,화요일,부산광역시 북구 금곡동,중상사고,0,1,1,0,차대차 - 측면직각충돌,안전운전불이행,건조,흐림,단일로 - 기타,화물,남,35세,상해없음,승용,여,30세,중상
2012062600100122,2012년 6월 26일 08시,화요일,부산광역시 사상구 주례동,중상사고,0,1,0,0,차대사람 - 횡단중,보행자보호의무위반,건조,맑음,단일로 - 횡단보도상,화물,남,49세,상해없음,보행자,여,26세,중상
2012062600100157,2012년 6월 26일 09시,화요일,부산광역시 사하구 하단동,경상사고,0,0,2,0,차대차 - 추돌 - 진행중,안전거리미확보,습기,흐림,교차로 - 교차로부근,화물,남,55세,상해없음,화물,남,39세,경상
2012062600100158,2012년 6월 26일 09시,화요일,부산광역시 사상구 엄궁동,경상사고,0,0,3,1,차대차 - 추돌 - 주정차중,안전운전불이행,습기,흐림,단일로 - 기타,승용,여,35세,상해없음,승합,남,50세,상해없음
2012062600100210,2012년 6월 26일 11시,화요일,부산광역시 기장군 정관면,중상사고,0,1,1,0,차대차 - 추돌 - 주정차중,안전운전불이행,건조,맑음,교차로 - 교차로부근,화물,남,38세,상해없음,승용,남,48세,중상
2012062600100254,2012년 6월 26일 13시,화요일,부산광역시 사상구 주례동,경상사고,0,0,1,1,차대차 - 측면직각충돌,안전운전불이행,건조,맑음,교차로 - 교차로안,승용,남,42세,상해없음,승용,남,63세,경상
2012062600100276,2012년 6월 26일 14시,화요일,부산광역시 동구 수정동,중상사고,0,1,0,0,차대차 - 기타,중앙선침범,건조,맑음,단일로 - 기타,승합,남,26세,상해없음,원동기,남,71세,중상
2012062600100277,2012년 6월 26일 14시,화요일,부산광역시 남구 대연동,중상사고,0,1,1,0,차대사람 - 횡단중,보행자보호의무위반,건조,흐림,교차로 - 교차로부근,이륜,남,32세,상해없음,보행자,여,64세,중상
2012062600100278,2012년 6월 26일 14시,화요일,부산광역시 북구 덕천동,경상사고,0,0,1,0,차대사람 - 길가장자리구역통행중,안전운전불이행,습기,흐림,단일로 - 기타,자전거,남,16세,상해없음,보행자,여,22세,경상
2012062600100279,2012년 6월 26일 14시,화요일,부산광역시 부산진구 가야동,중상사고,0,1,1,0,차대차 - 추돌 - 진행중,중앙선침범,건조,맑음,단일로 - 기타,승용,남,72세,기타불명,승합,남,54세,중상
2012062600100280,2012년 6월 26일 14시,화요일,부산광역시 사하구 당리동,경상사고,0,0,1,0,차대차 - 측면직각충돌,차로위반,건조,맑음,단일로 - 기타,승용,남,23세,상해없음,승합,남,43세,상해없음
2012062600100281,2012년 6월 26일 14시,화요일,부산광역시 기장군 기장읍,경상사고,0,0,2,0,차대차 - 추돌 - 주정차중,안전운전불이행,건조,맑음,교차로 - 교차로부근,승용,남,49세,상해없음,승용,남,58세,경상
2012062600100322,2012년 6월 26일 15시,화요일,부산광역시 남구 문현동,경상사고,0,0,2,0,차대차 - 측면직각충돌,차로위반,건조,맑음,교차로 - 교차로부근,화물,남,36세,경상,승용,남,48세,경상
2012062600100388,2012년 6월 26일 17시,화요일,부산광역시 동래구 사직동,경상사고,0,0,1,0,차대차 - 추돌 - 주정차중,안전운전불이행,건조,맑음,교차로 - 교차로부근,승용,남,51세,기타불명,승용,남,68세,경상
2012062600100389,2012년 6월 26일 17시,화요일,부산광역시 연제구 연산동,경상사고,0,0,1,0,차대차 - 기타,안전운전불이행,습기,비,단일로 - 횡단보도부근,승용,남,61세,상해없음,승용,여,46세,상해없음
2012062600100390,2012년 6월 26일 17시,화요일,부산광역시 사상구 괘법동,중상사고,0,1,0,0,차대사람 - 횡단중,보행자보호의무위반,건조,맑음,단일로 - 횡단보도상,승용,남,45세,상해없음,보행자,남,50세,중상
2012062600100431,2012년 6월 26일 18시,화요일,부산광역시 남구 대연동,중상사고,0,1,0,0,차량단독 - 기타,안전운전불이행,건조,맑음,단일로 - 기타,승합,남,56세,상해없음,,,,
2012062600100432,2012년 6월 26일 18시,화요일,부산광역시 부산진구 범천동,경상사고,0,0,1,0,차대차 - 추돌 - 진행중,안전거리미확보,건조,맑음,교차로 - 교차로부근,승용,남,45세,상해없음,원동기,남,20세,경상
2012062600100433,2012년 6월 26일 18시,화요일,부산광역시 수영구 수영동,중상사고,0,1,0,0,차대차 - 추돌 - 진행중,교차로운행방법위반,습기,비,교차로 - 교차로안,승용,여,61세,상해없음,화물,남,59세,중상
2012062600100434,2012년 6월 26일 18시,화요일,부산광역시 연제구 연산동,경상사고,0,0,1,0,차대차 - 측면직각충돌,중앙선침범,습기,비,단일로 - 기타,승용,여,46세,상해없음,이륜,남,37세,경상
2012062600100467,2012년 6월 26일 19시,화요일,부산광역시 해운대구 반송동,경상사고,0,0,1,0,차대차 - 측면직각충돌,중앙선침범,습기,비,단일로 - 기타,승용,남,50세,상해없음,승용,여,56세,경상
2012062600100468,2012년 6월 26일 19시,화요일,부산광역시 해운대구 반여동,중상사고,0,1,0,0,차대사람 - 횡단중,보행자보호의무위반,습기,비,교차로 - 교차로안,승용,남,44세,상해없음,보행자,여,55세,중상
2012062600100492,2012년 6월 26일 20시,화요일,부산광역시 남구 대연동,중상사고,0,1,0,0,차량단독 - 공작물충돌,안전운전불이행,습기,비,단일로 - 기타,이륜,남,67세,중상,,,,
2012062600100520,2012년 6월 26일 21시,화요일,부산광역시 동구 범일동,경상사고,0,0,1,0,차대차 - 측면직각충돌,교차로운행방법위반,건조,맑음,교차로 - 교차로부근,승용,남,52세,상해없음,승용,남,56세,경상
2012062600100521,2012년 6월 26일 21시,화요일,부산광역시 북구 구포동,경상사고,0,0,4,0,차대차 - 추돌 - 진행중,안전운전불이행,습기,비,단일로 - 기타,화물,남,44세,상해없음,승용,남,51세,경상
2012062600100522,2012년 6월 26일 21시,화요일,부산광역시 사하구 괴정동,중상사고,0,1,0,0,차대차 - 측면직각충돌,신호위반,습기,흐림,교차로 - 교차로안,승용,남,27세,상해없음,승합,남,37세,상해없음
2012062600100559,2012년 6월 26일 22시,화요일,부산광역시 북구 만덕동,중상사고,0,2,1,1,차대차 - 추돌 - 진행중,중앙선침범,습기,흐림,기타 - 기타,화물,남,41세,상해없음,승용,남,46세,부상신고
2012062600100560,2012년 6월 26일 22시,화요일,부산광역시 해운대구 중동,경상사고,0,0,2,0,차대차 - 측면직각충돌,신호위반,습기,비,교차로 - 교차로안,승용,여,42세,경상,승용,남,24세,경상
2012062600100561,2012년 6월 26일 22시,화요일,부산광역시 사하구 신평동,중상사고,0,1,0,0,차대사람 - 기타,안전운전불이행,습기,비,단일로 - 기타,승용,여,46세,상해없음,보행자,남,43세,중상
2012062600100598,2012년 6월 26일 23시,화요일,부산광역시 동래구 안락동,중상사고,0,1,5,0,차대차 - 추돌 - 진행중,안전운전불이행,습기,비,미분류 - 미분류,승용,남,59세,상해없음,승용,남,70세,경상
2012062600100599,2012년 6월 26일 23시,화요일,부산광역시 해운대구 우동,중상사고,0,2,0,0,차대차 - 추돌 - 주정차중,안전운전불이행,습기,비,교차로 - 교차로부근,승용,남,51세,상해없음,승용,남,48세,중상
2012062600100600,2012년 6월 26일 23시,화요일,부산광역시 해운대구 중동,경상사고,0,0,2,0,차대사람 - 보도통행중,보행자보호의무위반,건조,맑음,단일로 - 횡단보도상,승용,남,66세,상해없음,보행자,남,23세,경상
2012062600100601,2012년 6월 26일 23시,화요일,부산광역시 연제구 거제동,중상사고,0,1,0,0,차량단독 - 전도전복,안전운전불이행,습기,비,교차로 - 교차로부근,이륜,남,17세,상해없음,,,,
2012062700100037,2012년 6월 27일 01시,수요일,부산광역시 동래구 온천동,중상사고,0,2,0,0,차대차 - 측면직각충돌,신호위반,건조,맑음,교차로 - 교차로안,화물,남,46세,상해없음,승용,남,41세,중상
2012062700100053,2012년 6월 27일 02시,수요일,부산광역시 사하구 장림동,중상사고,0,2,1,0,차대차 - 추돌 - 주정차중,안전운전불이행,건조,맑음,교차로 - 교차로부근,승용,남,59세,상해없음,승용,남,59세,중상
2012062700100089,2012년 6월 27일 05시,수요일,부산광역시 기장군 장안읍,경상사고,0,0,1,0,차대차 - 측면직각충돌,교차로운행방법위반,습기,비,교차로 - 교차로안,승용,남,71세,경상,건설기계,남,45세,상해없음
2012062700100098,2012년 6월 27일 06시,수요일,부산광역시 기장군 정관면,중상사고,0,2,1,0,차대차 - 측면직각충돌,신호위반,습기,비,교차로 - 교차로안,승용,남,48세,상해없음,승용,남,57세,경상
2012062700100109,2012년 6월 27일 07시,수요일,부산광역시 사하구 하단동,경상사고,0,0,1,0,차대차 - 측면직각충돌,교차로운행방법위반,건조,맑음,교차로 - 교차로안,승합,남,61세,상해없음,승용,남,26세,상해없음
2012062700100110,2012년 6월 27일 07시,수요일,부산광역시 사하구 신평동,경상사고,0,0,1,0,차대차 - 측면직각충돌,교차로운행방법위반,건조,맑음,교차로 - 교차로안,화물,남,29세,상해없음,승용,남,41세,경상
2012062700100145,2012년 6월 27일 08시,수요일,부산광역시 사하구 장림동,경상사고,0,0,1,0,차대차 - 측면직각충돌,안전운전불이행,건조,맑음,단일로 - 기타,승합,남,51세,상해없음,화물,남,28세,경상
2012062700100183,2012년 6월 27일 09시,수요일,부산광역시 해운대구 우동,경상사고,0,0,1,0,차대차 - 측면직각충돌,신호위반,건조,맑음,교차로 - 교차로안,승용,여,39세,상해없음,승용,남,58세,경상
2012062700100184,2012년 6월 27일 09시,수요일,부산광역시 부산진구 당감동,경상사고,0,0,1,0,차대차 - 추돌 - 진행중,안전거리미확보,건조,맑음,단일로 - 횡단보도부근,승용,남,72세,상해없음,이륜,남,62세,경상
2012062700100185,2012년 6월 27일 09시,수요일,부산광역시 강서구 대저2동,중상사고,0,1,0,0,차대차 - 기타,안전운전불이행,건조,맑음,교차로 - 교차로안,승용,남,42세,상해없음,이륜,남,62세,중상
2012062700100228,2012년 6월 27일 10시,수요일,부산광역시 수영구 민락동,중상사고,0,1,0,0,차대차 - 기타,안전운전불이행,건조,맑음,단일로 - 기타,승용,남,49세,상해없음,자전거,남,69세,중상
2012062700100229,2012년 6월 27일 10시,수요일,부산광역시 북구 덕천동,중상사고,0,1,0,0,차대사람 - 횡단중,안전운전불이행,건조,흐림,단일로 - 횡단보도부근,화물,남,50세,상해없음,보행자,여,72세,중상
2012062700100250,2012년 6월 27일 11시,수요일,부산광역시 기장군 일광면,경상사고,0,0,1,0,차대차 - 측면직각충돌,직진우회전진행방해,습기,비,교차로 - 교차로안,승용,여,42세,상해없음,화물,남,54세,경상
2012062700100274,2012년 6월 27일 12시,수요일,부산광역시 사상구 학장동,중상사고,0,1,2,0,차대차 - 기타,신호위반,건조,맑음,교차로 - 교차로안,승용,남,40세,상해없음,승용,남,38세,경상
2012062700100292,2012년 6월 27일 13시,수요일,부산광역시 해운대구 우동,경상사고,0,0,1,0,차대차 - 추돌 - 진행중,안전운전불이행,건조,기타,단일로 - 기타,화물,남,51세,상해없음,화물,남,41세,경상
2012062700100293,2012년 6월 27일 13시,수요일,부산광역시 금정구 금사동,중상사고,0,1,0,0,차대사람 - 길가장자리구역통행중,안전운전불이행,건조,흐림,교차로 - 교차로부근,승합,남,34세,상해없음,보행자,남,78세,중상
2012062700100294,2012년 6월 27일 13시,수요일,부산광역시 연제구 연산동,경상사고,0,0,1,0,차대사람 - 기타,안전운전불이행,건조,맑음,단일로 - 기타,승용,여,42세,상해없음,보행자,여,30세,경상
2012062700100325,2012년 6월 27일 14시,수요일,부산광역시 해운대구 우동,중상사고,0,2,2,0,차대차 - 정면충돌,신호위반,건조,맑음,교차로 - 교차로안,승용,여,51세,상해없음,승용,여,38세,경상
2012062700100326,2012년 6월 27일 14시,수요일,부산광역시 사상구 괘법동,경상사고,0,0,1,0,차대차 - 기타,안전거리미확보,건조,맑음,교차로 - 교차로안,승합,남,40세,상해없음,자전거,남,49세,경상
2012062700100361,2012년 6월 27일 15시,수요일,부산광역시 금정구 서동,중상사고,0,1,0,0,차대사람 - 차도통행중,안전운전불이행,건조,맑음,단일로 - 기타,승용,여,39세,상해없음,보행자,남,81세,중상
2012062700100362,2012년 6월 27일 15시,수요일,부산광역시 기장군 정관면,중상사고,0,1,0,0,차대차 - 추돌 - 주정차중,안전운전불이행,건조,맑음,교차로 - 교차로부근,승용,여,51세,상해없음,승용,남,57세,중상
2012062700100394,2012년 6월 27일 16시,수요일,부산광역시 중구 중앙동4가,경상사고,0,0,1,0,차대차 - 측면직각충돌,안전운전불이행,건조,맑음,교차로 - 교차로안,승용,여,47세,상해없음,승용,여,60세,경상
2012062700100395,2012년 6월 27일 16시,수요일,부산광역시 남구 대연동,중상사고,0,1,0,0,차대차 - 측면직각충돌,신호위반,건조,맑음,교차로 - 교차로안,승용,남,50세,상해없음,이륜,남,42세,중상
2012062700100396,2012년 6월 27일 16시,수요일,부산광역시 수영구 광안동,경상사고,0,0,1,0,차대차 - 기타,안전운전불이행,건조,맑음,단일로 - 기타,화물,남,70세,상해없음,승용,여,42세,경상
2012062700100431,2012년 6월 27일 17시,수요일,부산광역시 북구 덕천동,경상사고,0,0,1,0,차량단독 - 기타,기타,습기,흐림,단일로 - 기타,승합,남,55세,상해없음,,,,
2012062700100432,2012년 6월 27일 17시,수요일,부산광역시 부산진구 양정동,중상사고,0,1,0,0,차대차 - 기타,안전운전불이행,건조,맑음,단일로 - 기타,승용,여,57세,상해없음,승용,남,46세,중상
2012062700100433,2012년 6월 27일 17시,수요일,부산광역시 연제구 연산동,중상사고,0,1,0,0,차량단독 - 기타,안전운전불이행,건조,맑음,단일로 - 기타,승합,남,46세,상해없음,,,,
2012062700100434,2012년 6월 27일 17시,수요일,부산광역시 강서구 대저2동,중상사고,0,1,0,0,차대차 - 기타,신호위반,건조,맑음,교차로 - 교차로안,승용,여,27세,상해없음,자전거,남,8세,중상
2012062700100435,2012년 6월 27일 17시,수요일,부산광역시 기장군 일광면,중상사고,0,1,0,0,차대차 - 추돌 - 주정차중,안전운전불이행,습기,비,교차로 - 교차로안,화물,남,56세,상해없음,승용,남,45세,중상
2012062700100468,2012년 6월 27일 18시,수요일,부산광역시 부산진구 가야동,경상사고,0,0,1,0,차대차 - 기타,안전운전불이행,건조,맑음,단일로 - 기타,승합,여,37세,상해없음,승용,남,62세,상해없음
2012062700100470,2012년 6월 27일 18시,수요일,부산광역시 사상구 주례동,부상신고사고,0,0,0,1,차대차 - 기타,교차로운행방법위반,건조,흐림,단일로 - 기타,승합,남,59세,상해없음,승용,남,73세,상해없음
2012062700100503,2012년 6월 27일 19시,수요일,부산광역시 북구 구포동,중상사고,0,1,0,0,차대사람 - 횡단중,보행자보호의무위반,건조,맑음,미분류 - 미분류,승용,여,41세,상해없음,보행자,여,19세,중상
2012062700100504,2012년 6월 27일 19시,수요일,부산광역시 동래구 온천동,중상사고,0,1,0,0,차대사람 - 횡단중,안전운전불이행,건조,맑음,교차로 - 교차로부근,승용,남,31세,상해없음,보행자,남,11세,중상
2012062700100543,2012년 6월 27일 20시,수요일,부산광역시 동래구 온천동,중상사고,0,1,0,0,차대차 - 측면직각충돌,교차로운행방법위반,건조,맑음,교차로 - 교차로안,승용,남,35세,상해없음,원동기,남,21세,중상
2012062700100544,2012년 6월 27일 20시,수요일,부산광역시 사하구 다대동,부상신고사고,0,0,0,1,차대차 - 추돌 - 주정차중,안전운전불이행,건조,맑음,교차로 - 교차로부근,승용,여,55세,상해없음,화물,남,38세,부상신고