사고번호,사고일시,요일,시군구,사고내용,사망자수,중상자수,경상자수,부상신고자수,사고유형,법규위반,노면상태,기상상태,도로형태,가해운전자 차종,가해운전자 성별,가해운전자 연령,가해운전자 상해정도,피해운전자 차종,피해운전자 성별,피해운전자 연령,피해운전자 상해정도
2012063000100491,2012년 6월 30일 16시,토요일,부산광역시 해운대구 재송동,부상신고사고,0,0,0,1,차대차 - 기타,안전운전불이행,습기,흐림,교차로 - 교차로안,승용,기타불명,기타불명,기타불명,원동기,남,36세,부상신고
2012063000100522,2012년 6월 30일 17시,토요일,부산광역시 남구 대연동,경상사고,0,0,1,0,차대차 - 정면충돌,중앙선침범,건조,맑음,교차로 - 교차로안,승용,남,27세,상해없음,승용,남,33세,경상
2012063000100523,2012년 6월 30일 17시,토요일,부산광역시 동래구 온천동,경상사고,0,0,3,1,차대차 - 추돌 - 주정차중,안전운전불이행,습기,비,단일로 - 기타,승용,여,53세,상해없음,승용,남,42세,경상
2012063000100561,2012년 6월 30일 18시,토요일,부산광역시 북구 구포동,중상사고,0,1,0,0,차대차 - 측면직각충돌,안전운전불이행,습기,흐림,단일로 - 기타,승용,남,35세,상해없음,자전거,남,12세,중상
2012063000100562,2012년 6월 30일 18시,토요일,부산광역시 북구 덕천동,경상사고,0,0,1,0,차대차 - 추돌 - 주정차중,안전거리미확보,건조,맑음,단일로 - 기타,승용,남,68세,상해없음,승용,남,54세,경상
2012063000100595,2012년 6월 30일 19시,토요일,부산광역시 수영구 민락동,중상사고,0,1,1,0,차대차 - 추돌 - 주정차중,안전운전불이행,습기,비,교차로 - 교차로부근,화물,남,51세,상해없음,승용,여,35세,경상
2012063000100596,2012년 6월 30일 19시,토요일,부산광역시 수영구 민락동,중상사고,0,1,0,0,차대차 - 측면직각충돌,교차로운행방법위반,습기,비,교차로 - 교차로안,승용,남,59세,상해없음,이륜,남,28세,중상
2012063000100597,2012년 6월 30일 19시,토요일,부산광역시 북구 구포동,경상사고,0,0,1,0,차대차 - 추돌 - 진행중,안전거리미확보,습기,비,교차로 - 교차로부근,승용,남,36세,상해없음,승용,남,67세,경상
2012063000100598,2012년 6월 30일 19시,토요일,부산광역시 동래구 사직동,중상사고,0,1,0,0,차대사람 - 횡단중,보행자보호의무위반,습기,비,단일로 - 횡단보도상,승용,남,53세,상해없음,보행자,남,30세,중상
2012063000100599,2012년 6월 30일 19시,토요일,부산광역시 연제구 연산동,중상사고,0,1,0,0,차대차 - 측면직각충돌,신호위반,건조,맑음,교차로 - 교차로안,승용,여,37세,상해없음,승용,남,31세,중상
2012063000100600,2012년 6월 30일 19시,토요일,부산광역시 연제구 거제동,경상사고,0,0,2,0,차대차 - 추돌 - 주정차중,안전거리미확보,건조,맑음,교차로 - 교차로부근,승용,남,55세,상해없음,승용,남,28세,경상
2012063000100601,2012년 6월 30일 19시,토요일,부산광역시 사상구 괘법동,경상사고,0,0,1,0,차대차 - 기타,교차로운행방법위반,건조,맑음,교차로 - 교차로안,승합,남,45세,상해없음,승합,남,40세,경상
2012063000100639,2012년 6월 30일 20시,토요일,부산광역시 중구 부평동4가,사망사고,1,0,0,0,차대사람 - 횡단중,안전운전불이행,습기,비,단일로 - 기타,승용,남,28세,상해없음,보행자,여,73세,사망
2012063000100640,2012년 6월 30일 20시,토요일,부산광역시 동구 초량동,경상사고,0,0,1,0,차대차 - 측면직각충돌,교차로운행방법위반,습기,비,교차로 - 교차로안,승용,남,53세,상해없음,승용,남,28세,경상
2012063000100641,2012년 6월 30일 20시,토요일,부산광역시 북구 구포동,경상사고,0,0,1,0,차대차 - 측면직각충돌,중앙선침범,습기,비,단일로 - 기타,승용,여,48세,상해없음,이륜,여,42세,경상
2012063000100642,2012년 6월 30일 20시,토요일,부산광역시 해운대구 우동,중상사고,0,1,0,0,차대차 - 측면직각충돌,신호위반,습기,비,교차로 - 교차로안,승용,여,44세,상해없음,승용,남,55세,중상
2012063000100643,2012년 6월 30일 20시,토요일,부산광역시 사하구 괴정동,중상사고,0,1,0,0,차대차 - 기타,중앙선침범,건조,맑음,단일로 - 기타,승용,여,44세,상해없음,원동기,남,17세,중상
2012063000100690,2012년 6월 30일 21시,토요일,부산광역시 남구 용호동,중상사고,0,1,0,0,차대사람 - 기타,안전운전불이행,습기,비,단일로 - 기타,승용,남,28세,상해없음,보행자,남,41세,중상
2012063000100691,2012년 6월 30일 21시,토요일,부산광역시 동래구 사직동,중상사고,0,1,0,0,차대사람 - 차도통행중,신호위반,습기,비,교차로 - 교차로안,승용,남,28세,상해없음,보행자,여,52세,중상
2012063000100692,2012년 6월 30일 21시,토요일,부산광역시 기장군 정관면,중상사고,0,1,0,0,차대차 - 측면직각충돌,안전운전불이행,습기,비,교차로 - 교차로안,승용,남,52세,상해없음,승용,남,60세,중상
2012063000100743,2012년 6월 30일 22시,토요일,부산광역시 해운대구 우동,경상사고,0,0,1,0,차대사람 - 횡단중,안전운전불이행,습기,비,교차로 - 교차로부근,승용,남,62세,상해없음,보행자,여,52세,경상
2012063000100744,2012년 6월 30일 22시,토요일,부산광역시 해운대구 우동,경상사고,0,0,1,0,차대사람 - 횡단중,안전운전불이행,습기,비,교차로 - 교차로부근,승용,여,25세,상해없음,보행자,남,50세,경상
2012063000100746,2012년 6월 30일 22시,토요일,부산광역시 사상구 엄궁동,중상사고,0,1,0,0,차대차 - 기타,안전거리미확보,습기,비,단일로 - 기타,승용,여,51세,상해없음,이륜,남,18세,중상
2012063000100789,2012년 6월 30일 23시,토요일,부산광역시 북구 구포동,경상사고,0,0,1,0,차대사람 - 기타,안전운전불이행,습기,비,단일로 - 기타,화물,남,35세,기타불명,보행자,남,35세,경상
2012070100100004,2012년 7월 1일 00시,일요일,부산광역시 서구 충무동1가,경상사고,0,0,1,0,차대차 - 기타,안전거리미확보,건조,맑음,단일로 - 기타,승용,남,53세,상해없음,승용,남,57세,경상
2012070100100005,2012년 7월 1일 00시,일요일,부산광역시 사상구 괘법동,경상사고,0,0,1,0,차대차 - 기타,중앙선침범,습기,비,교차로 - 교차로안,승합,남,64세,상해없음,이륜,남,18세,경상
2012070100100034,2012년 7월 1일 01시,일요일,부산광역시 부산진구 당감동,경상사고,0,0,1,0,차대차 - 정면충돌,중앙선침범,습기,흐림,단일로 - 기타,승용,남,23세,상해없음,승용,남,68세,경상
2012070100100035,2012년 7월 1일 01시,일요일,부산광역시 사하구 다대동,경상사고,0,0,1,0,차대차 - 측면직각충돌,안전거리미확보,건조,맑음,교차로 - 교차로부근,승용,남,51세,상해없음,승용,남,55세,경상
2012070100100036,2012년 7월 1일 01시,일요일,부산광역시 기장군 기장읍,부상신고사고,0,0,0,2,차대차 - 측면직각충돌,교차로운행방법위반,건조,맑음,교차로 - 교차로안,승용,남,57세,상해없음,승용,남,30세,부상신고
2012070100100064,2012년 7월 1일 02시,일요일,부산광역시 남구 대연동,경상사고,0,0,1,0,차대차 - 추돌 - 진행중,안전운전불이행,습기,비,단일로 - 기타,승용,남,27세,상해없음,승용,남,56세,경상
2012070100100065,2012년 7월 1일 02시,일요일,부산광역시 강서구 송정동,중상사고,0,2,1,0,차량단독 - 공작물충돌,안전운전불이행,습기,흐림,단일로 - 기타,승용,남,55세,경상,,,,
2012070100100080,2012년 7월 1일 03시,일요일,부산광역시 해운대구 중동,중상사고,0,2,0,0,차대차 - 측면직각충돌,안전운전불이행,습기,맑음,교차로 - 교차로안,승용,여,34세,상해없음,승용,남,40세,중상
2012070100100081,2012년 7월 1일 03시,일요일,부산광역시 부산진구 부전동,경상사고,0,0,2,0,차대차 - 기타,안전운전불이행,건조,맑음,교차로 - 교차로부근,승용,남,36세,상해없음,승용,남,25세,경상
2012070100100090,2012년 7월 1일 04시,일요일,부산광역시 중구 중앙동2가,중상사고,0,1,0,0,차대차 - 측면직각충돌,신호위반,건조,맑음,교차로 - 교차로안,승용,여,28세,상해없음,승용,남,32세,중상
2012070100100091,2012년 7월 1일 04시,일요일,부산광역시 해운대구 반여동,중상사고,0,1,0,2,차량단독 - 공작물충돌,안전운전불이행,습기,맑음,단일로 - 기타,승용,남,23세,부상신고,,,,
2012070100100104,2012년 7월 1일 05시,일요일,부산광역시 동구 수정동,경상사고,0,0,1,0,차대차 - 추돌 - 주정차중,안전거리미확보,건조,맑음,단일로 - 기타,승용,남,56세,상해없음,승용,남,56세,경상
2012070100100105,2012년 7월 1일 05시,일요일,부산광역시 부산진구 부전동,경상사고,0,0,2,0,차대차 - 기타,안전운전불이행,건조,맑음,단일로 - 기타,승용,여,31세,상해없음,승용,남,22세,경상
2012070100100112,2012년 7월 1일 06시,일요일,부산광역시 사상구 학장동,경상사고,0,0,1,0,차대차 - 추돌 - 주정차중,안전운전불이행,건조,맑음,교차로 - 교차로부근,승용,여,50세,상해없음,승용,여,31세,경상
2012070100100149,2012년 7월 1일 09시,일요일,부산광역시 부산진구 개금동,경상사고,0,0,1,0,차대사람 - 기타,안전운전불이행,건조,맑음,단일로 - 기타,승용,여,69세,상해없음,보행자,남,41세,경상
2012070100100165,2012년 7월 1일 10시,일요일,부산광역시 동래구 수안동,경상사고,0,0,2,0,차대차 - 추돌 - 진행중,안전운전불이행,건조,맑음,단일로 - 기타,승용,남,36세,상해없음,승용,남,61세,경상
2012070100100184,2012년 7월 1일 11시,일요일,부산광역시 강서구 송정동,경상사고,0,0,1,0,차대차 - 측면직각충돌,안전운전불이행,건조,맑음,교차로 - 교차로안,승용,남,47세,상해없음,화물,남,53세,경상
2012070100100223,2012년 7월 1일 13시,일요일,부산광역시 서구 충무동1가,경상사고,0,0,1,0,차대사람 - 길가장자리구역통행중,안전운전불이행,건조,맑음,단일로 - 기타,승용,남,35세,상해없음,보행자,여,46세,경상
2012070100100243,2012년 7월 1일 14시,일요일,부산광역시 남구 대연동,중상사고,0,1,0,0,차대차 - 측면직각충돌,신호위반,건조,맑음,교차로 - 교차로안,승용,남,46세,상해없음,자전거,남,73세,중상
2012070100100272,2012년 7월 1일 15시,일요일,부산광역시 해운대구 송정동,경상사고,0,0,1,0,차대사람 - 보도통행중,기타,건조,맑음,단일로 - 횡단보도부근,원동기,남,56세,상해없음,보행자,남,5세,경상
2012070100100307,2012년 7월 1일 16시,일요일,부산광역시 동래구 온천동,경상사고,0,0,6,0,차대차 - 추돌 - 진행중,안전거리미확보,건조,맑음,단일로 - 기타,승용,여,50세,상해없음,승용,여,43세,경상
2012070100100308,2012년 7월 1일 16시,일요일,부산광역시 기장군 장안읍,중상사고,0,1,0,0,차대차 - 측면직각충돌,신호위반,건조,맑음,교차로 - 교차로안,승용,남,26세,상해없음,승용,여,50세,중상
2012070100100343,2012년 7월 1일 17시,일요일,부산광역시 부산진구 부전동,경상사고,0,0,1,0,차대차 - 기타,안전운전불이행,건조,맑음,단일로 - 기타,승용,남,34세,상해없음,승용,남,44세,경상
2012070100100344,2012년 7월 1일 17시,일요일,부산광역시 부산진구 전포동,경상사고,0,0,1,0,차대차 - 기타,안전운전불이행,건조,맑음,단일로 - 기타,승용,남,18세,상해없음,승용,여,56세,기타불명
2012070100100345,2012년 7월 1일 17시,일요일,부산광역시 사하구 신평동,경상사고,0,0,1,0,차대차 - 측면직각충돌,직진우회전진행방해,건조,맑음,교차로 - 교차로안,승용,남,67세,상해없음,승용,여,46세,경상
2012070100100424,2012년 7월 1일 20시,일요일,부산광역시 금정구 장전동,중상사고,0,1,0,0,차대차 - 측면직각충돌,안전운전불이행,건조,맑음,단일로 - 기타,자전거,여,47세,중상,자전거,남,13세,상해없음
2012070100100479,2012년 7월 1일 22시,일요일,부산광역시 해운대구 좌동,경상사고,0,0,1,0,차대차 - 측면직각충돌,신호위반,건조,맑음,교차로 - 교차로안,승용,남,26세,상해없음,승용,여,45세,경상
2012070200100003,2012년 7월 2일 00시,월요일,부산광역시 동래구 안락동,경상사고,0,0,1,0,차대차 - 측면직각충돌,안전운전불이행,건조,맑음,단일로 - 기타,승용,남,28세,상해없음,승용,남,25세,경상
2012070200100004,2012년 7월 2일 00시,월요일,부산광역시 금정구 부곡동,중상사고,0,1,0,0,차대차 - 측면직각충돌,기타,건조,맑음,교차로 - 교차로안,승용,남,43세,상해없음,자전거,남,26세,중상
2012070200100014,2012년 7월 2일 01시,월요일,부산광역시 동래구 명륜동,경상사고,0,0,1,0,차대차 - 추돌 - 주정차중,안전운전불이행,건조,맑음,단일로 - 기타,승용,여,28세,기타불명,승용,남,60세,경상
2012070200100026,2012년 7월 2일 02시,월요일,부산광역시 영도구 봉래동1가,경상사고,0,0,1,0,차대사람 - 차도통행중,안전운전불이행,건조,맑음,기타 - 기타,승용,남,34세,상해없음,보행자,남,81세,경상
2012070200100027,2012년 7월 2일 02시,월요일,부산광역시 사하구 다대동,중상사고,0,3,0,0,차대차 - 추돌 - 진행중,교차로운행방법위반,건조,맑음,교차로 - 교차로안,승용,여,26세,상해없음,승용,남,22세,중상
2012070200100044,2012년 7월 2일 04시,월요일,부산광역시 부산진구 양정동,경상사고,0,0,1,0,차대사람 - 기타,안전운전불이행,기타,맑음,단일로 - 기타,화물,남,54세,상해없음,보행자,여,82세,경상
2012070200100045,2012년 7월 2일 04시,월요일,부산광역시 연제구 연산동,중상사고,0,1,0,0,차대차 - 측면직각충돌,안전운전불이행,건조,맑음,단일로 - 횡단보도상,승용,남,57세,상해없음,자전거,여,47세,중상
2012070200100051,2012년 7월 2일 05시,월요일,부산광역시 사하구 장림동,중상사고,0,1,0,0,차대차 - 추돌 - 진행중,교차로운행방법위반,건조,맑음,교차로 - 교차로안,승용,남,57세,상해없음,자전거,남,43세,중상
2012070200100070,2012년 7월 2일 07시,월요일,부산광역시 강서구 화전동,중상사고,0,1,0,0,차대차 - 기타,신호위반,건조,맑음,교차로 - 교차로안,승용,남,34세,상해없음,승용,남,26세,중상
2012070200100090,2012년 7월 2일 08시,월요일,부산광역시 동래구 명륜동,중상사고,0,1,0,0,차대차 - 추돌 - 진행중,안전운전불이행,건조,맑음,교차로 - 교차로부근,승용,남,48세,상해없음,이륜,남,23세,중상
2012070200100091,2012년 7월 2일 08시,월요일,부산광역시 강서구 죽림동,중상사고,0,1,0,0,차대차 - 측면직각충돌,안전운전불이행,건조,맑음,교차로 - 교차로안,이륜,남,58세,중상,승용,남,43세,상해없음
2012070200100124,2012년 7월 2일 09시,월요일,부산광역시 금정구 금사동,중상사고,0,1,0,0,차대차 - 정면충돌,안전운전불이행,건조,맑음,단일로 - 횡단보도상,화물,남,41세,상해없음,자전거,남,69세,중상
2012070200100152,2012년 7월 2일 10시,월요일,부산광역시 북구 구포동,경상사고,0,0,1,0,차대차 - 추돌 - 진행중,안전운전불이행,건조,맑음,단일로 - 기타,승합,남,70세,상해없음,승용,남,47세,경상
2012070200100153,2012년 7월 2일 10시,월요일,부산광역시 사하구 감천동,경상사고,0,0,1,0,차대차 - 측면직각충돌,중앙선침범,건조,맑음,단일로 - 기타,화물,남,45세,상해없음,승용,남,63세,경상
2012070200100179,2012년 7월 2일 11시,월요일,부산광역시 사하구 신평동,중상사고,0,1,1,0,차대차 - 기타,교차로운행방법위반,건조,맑음,교차로 - 교차로안,승용,남,65세,상해없음,승용,남,57세,상해없음
2012070200100180,2012년 7월 2일 11시,월요일,부산광역시 사상구 주례동,중상사고,0,2,0,0,차대차 - 측면직각충돌,교차로운행방법위반,건조,맑음,교차로 - 교차로안,승용,남,60세,상해없음,이륜,남,59세,중상
2012070200100239,2012년 7월 2일 13시,월요일,부산광역시 동래구 사직동,중상사고,0,1,0,0,차대차 - 측면직각충돌,안전운전불이행,건조,맑음,단일로 - 기타,승용,남,68세,상해없음,자전거,여,20세,중상
2012070200100274,2012년 7월 2일 14시,월요일,부산광역시 해운대구 반여동,경상사고,0,0,1,0,차량단독 - 기타,안전운전불이행,건조,맑음,교차로 - 교차로부근,승합,남,56세,상해없음,,,,
2012070200100275,2012년 7월 2일 14시,월요일,부산광역시 강서구 범방동,경상사고,0,0,4,0,차대차 - 추돌 - 진행중,안전거리미확보,건조,맑음,교차로 - 교차로부근,화물,남,45세,상해없음,승용,여,31세,경상
2012070200100312,2012년 7월 2일 15시,월요일,부산광역시 수영구 민락동,중상사고,0,1,0,0,차대차 - 추돌 - 진행중,신호위반,건조,맑음,교차로 - 교차로안,승용,남,60세,상해없음,원동기,남,43세,중상
2012070200100313,2012년 7월 2일 15시,월요일,부산광역시 사하구 장림동,경상사고,0,0,2,0,차대차 - 기타,안전거리미확보,건조,맑음,교차로 - 교차로안,특수,남,63세,상해없음,승용,남,47세,경상
2012070200100314,2012년 7월 2일 15시,월요일,부산광역시 연제구 거제동,중상사고,0,1,0,0,차대사람 - 횡단중,안전운전불이행,건조,맑음,단일로 - 횡단보도상,승용,남,60세,상해없음,보행자,남,62세,중상
2012070200100340,2012년 7월 2일 16시,월요일,부산광역시 북구 덕천동,부상신고사고,0,0,0,1,차대차 - 기타,안전운전불이행,건조,맑음,단일로 - 기타,승용,남,49세,상해없음,자전거,남,7세,부상신고
2012070200100341,2012년 7월 2일 16시,월요일,부산광역시 영도구 동삼동,중상사고,0,1,0,0,차대사람 - 횡단중,보행자보호의무위반,건조,맑음,교차로 - 교차로부근,승용,여,40세,기타불명,보행자,여,7세,중상
2012070200100343,2012년 7월 2일 16시,월요일,부산광역시 해운대구 재송동,중상사고,0,3,2,0,차대차 - 추돌 - 주정차중,안전운전불이행,건조,맑음,단일로 - 기타,승용,남,57세,상해없음,승용,여,24세,경상
2012070200100344,2012년 7월 2일 16시,월요일,부산광역시 금정구 남산동,경상사고,0,0,1,0,차대사람 - 횡단중,안전운전불이행,건조,맑음,단일로 - 기타,화물,남,42세,상해없음,보행자,남,9세,경상
2012070200100392,2012년 7월 2일 17시,월요일,부산광역시 남구 문현동,중상사고,0,1,0,0,차대차 - 추돌 - 진행중,안전운전불이행,건조,맑음,단일로 - 기타,승합,남,51세,상해없음,자전거,남,70세,중상
2012070200100393,2012년 7월 2일 17시,월요일,부산광역시 동래구 사직동,경상사고,0,0,1,0,차대사람 - 횡단중,안전운전불이행,건조,맑음,단일로 - 횡단보도상,승용,남,60세,상해없음,보행자,남,12세,경상
2012070200100394,2012년 7월 2일 17시,월요일,부산광역시 해운대구 우동,경상사고,0,0,1,0,차대차 - 측면직각충돌,안전운전불이행,건조,맑음,교차로 - 교차로부근,승용,여,48세,상해없음,자전거,여,39세,경상
2012070200100395,2012년 7월 2일 17시,월요일,부산광역시 강서구 강동동,경상사고,0,0,2,0,차대차 - 추돌 - 주정차중,안전거리미확보,건조,맑음,단일로 - 기타,승용,남,51세,상해없음,승용,남,61세,경상
2012070200100396,2012년 7월 2일 17시,월요일,부산광역시 강서구 범방동,중상사고,0,1,1,0,차대차 - 측면직각충돌,안전운전불이행,건조,흐림,단일로 - 기타,특수,기타불명,기타불명,기타불명,승용,남,31세,중상
2012070200100397,2012년 7월 2일 17시,월요일,부산광역시 기장군 기장읍,경상사고,0,0,1,0,차대차 - 추돌 - 주정차중,안전거리미확보,건조,맑음,단일로 - 기타,승용,남,46세,상해없음,승용,여,63세,경상
2012070200100425,2012년 7월 2일 18시,월요일,부산광역시 서구 남부민동,중상사고,0,1,0,0,차대차 - 측면직각충돌,안전운전불이행,기타,맑음,단일로 - 기타,승용,남,42세,상해없음,승용,남,54세,중상
2012070200100426,2012년 7월 2일 18시,월요일,부산광역시 남구 우암동,중상사고,0,1,0,0,차대차 - 측면직각충돌,기타,건조,맑음,교차로 - 교차로안,화물,남,61세,상해없음,자전거,남,61세,중상
2012070200100427,2012년 7월 2일 18시,월요일,부산광역시 해운대구 반여동,경상사고,0,0,1,0,차대차 - 측면직각충돌,기타,건조,맑음,단일로 - 기타,승용,남,70세,상해없음,이륜,남,19세,경상
2012070200100428,2012년 7월 2일 18시,월요일,부산광역시 사하구 하단동,중상사고,0,1,0,0,차대차 - 측면직각충돌,안전거리미확보,건조,맑음,교차로 - 교차로안,승용,남,24세,상해없음,승합,남,29세,중상
2012070200100429,2012년 7월 2일 18시,월요일,부산광역시 기장군 철마면,중상사고,0,1,5,0,차대차 - 추돌 - 주정차중,안전거리미확보,건조,맑음,단일로 - 기타,승용,여,31세,경상,승용,남,30세,경상
2012070200100465,2012년 7월 2일 19시,월요일,부산광역시 수영구 남천동,중상사고,0,1,1,0,차대차 - 추돌 - 진행중,안전운전불이행,건조,맑음,단일로 - 기타,승용,남,42세,상해없음,승용,여,53세,경상
2012070200100493,2012년 7월 2일 20시,월요일,부산광역시 동구 수정동,경상사고,0,0,1,0,차대사람 - 기타,안전운전불이행,건조,맑음,단일로 - 기타,승용,여,49세,상해없음,보행자,남,44세,경상
2012070200100495,2012년 7월 2일 20시,월요일,부산광역시 기장군 기장읍,중상사고,0,1,0,0,차대사람 - 횡단중,안전운전불이행,건조,맑음,교차로 - 교차로안,원동기,남,18세,상해없음,보행자,남,50세,중상
2012070200100533,2012년 7월 2일 21시,월요일,부산광역시 사하구 하단동,중상사고,0,1,0,0,차대차 - 추돌 - 주정차중,안전운전불이행,건조,맑음,단일로 - 기타,화물,남,22세,상해없음,화물,미분류,90세 이상,기타불명
2012070200100573,2012년 7월 2일 22시,월요일,부산광역시 동래구 사직동,경상사고,0,0,2,0,차대차 - 측면직각충돌,차로위반,건조,맑음,단일로 - 기타,승용,남,43세,상해없음,승용,남,30세,경상
2012070200100574,2012년 7월 2일 22시,월요일,부산광역시 부산진구 당감동,경상사고,0,0,1,0,차대사람 - 횡단중,중앙선침범,건조,흐림,단일로 - 횡단보도상,승용,남,55세,상해없음,보행자,남,28세,경상
2012070200100602,2012년 7월 2일 23시,월요일,부산광역시 수영구 광안동,중상사고,0,1,0,0,차대차 - 기타,안전운전불이행,건조,맑음,단일로 - 기타,승용,남,54세,상해없음,원동기,여,25세,중상
2012070300100019,2012년 7월 3일 01시,화요일,부산광역시 해운대구 재송동,경상사고,0,0,1,0,차대차 - 기타,신호위반,건조,맑음,교차로 - 교차로안,승용,여,29세,상해없음,승용,남,68세,경상
2012070300100040,2012년 7월 3일 03시,화요일,부산광역시 사하구 감천동,중상사고,0,1,0,0,차대사람 - 횡단중,신호위반,습기,비,교차로 - 교차로안,승용,남,52세,상해없음,보행자,남,29세,중상
2012070300100058,2012년 7월 3일 05시,화요일,부산광역시 금정구 부곡동,중상사고,0,1,0,0,차대차 - 추돌 - 진행중,안전운전불이행,건조,맑음,교차로 - 교차로안,이륜,남,22세,중상,승용,남,63세,상해없음
2012070300100065,2012년 7월 3일 06시,화요일,부산광역시 남구 용호동,중상사고,0,1,0,0,차대차 - 기타,신호위반,건조,맑음,단일로 - 기타,승용,남,52세,상해없음,자전거,남,71세,중상
2012070300100104,2012년 7월 3일 08시,화요일,부산광역시 서구 서대신동2가,중상사고,0,1,0,0,차대사람 - 보도통행중,신호위반,건조,맑음,단일로 - 횡단보도상,승용,남,66세,상해없음,보행자,여,14세,중상
2012070300100105,2012년 7월 3일 08시,화요일,부산광역시 남구 대연동,중상사고,0,1,0,0,차대사람 - 기타,안전운전불이행,건조,맑음,교차로 - 교차로안,승용,여,51세,상해없음,보행자,여,27세,중상
2012070300100106,2012년 7월 3일 08시,화요일,부산광역시 남구 문현동,중상사고,0,1,0,0,차대차 - 추돌 - 주정차중,안전운전불이행,건조,맑음,단일로 - 기타,승용,남,69세,상해없음,이륜,남,67세,중상
2012070300100107,2012년 7월 3일 08시,화요일,부산광역시 수영구 남천동,중상사고,0,2,1,0,차대차 - 추돌 - 주정차중,안전거리미확보,건조,맑음,단일로 - 교량,승용,남,35세,상해없음,승용,남,37세,경상
2012070300100108,2012년 7월 3일 08시,화요일,부산광역시 남구 대연동,경상사고,0,0,1,0,차대차 - 추돌 - 진행중,안전운전불이행,건조,맑음,단일로 - 기타,자전거,남,79세,경상,화물,남,49세,상해없음
2012070300100109,2012년 7월 3일 08시,화요일,부산광역시 동래구 사직동,경상사고,0,0,1,0,차대사람 - 횡단중,보행자보호의무위반,건조,맑음,단일로 - 횡단보도상,승용,여,43세,상해없음,보행자,여,20세,경상
2012070300100148,2012년 7월 3일 09시,화요일,부산광역시 중구 중앙동5가,경상사고,0,0,1,0,차대차 - 측면직각충돌,신호위반,건조,맑음,교차로 - 교차로안,승합,남,47세,상해없음,승용,남,54세,경상
2012070300100149,2012년 7월 3일 09시,화요일,부산광역시 연제구 연산동,중상사고,0,1,0,0,차대사람 - 보도통행중,신호위반,건조,맑음,단일로 - 횡단보도상,자전거,남,22세,상해없음,보행자,여,76세,중상
2012070300100150,2012년 7월 3일 09시,화요일,부산광역시 금정구 노포동,중상사고,0,1,2,0,차대차 - 측면직각충돌,안전거리미확보,건조,맑음,단일로 - 기타,승용,남,41세,상해없음,화물,남,38세,경상
2012070300100172,2012년 7월 3일 10시,화요일,부산광역시 부산진구 범천동,중상사고,0,1,0,0,차대차 - 기타,기타,건조,맑음,교차로 - 교차로부근,승용,여,47세,상해없음,이륜,남,54세,중상
2012070300100173,2012년 7월 3일 10시,화요일,부산광역시 사하구 하단동,경상사고,0,0,1,0,차대사람 - 기타,기타,습기,비,단일로 - 기타,화물,남,49세,상해없음,보행자,여,40세,경상
2012070300100174,2012년 7월 3일 10시,화요일,부산광역시 연제구 연산동,중상사고,0,1,0,0,차대차 - 기타,안전거리미확보,건조,맑음,단일로 - 기타,승용,남,53세,상해없음,이륜,남,26세,중상
2012070300100175,2012년 7월 3일 10시,화요일,부산광역시 사상구 학장동,중상사고,0,1,0,0,차대차 - 측면직각충돌,신호위반,건조,맑음,교차로 - 교차로안,이륜,남,54세,상해없음,이륜,남,29세,중상
2012070300100204,2012년 7월 3일 11시,화요일,부산광역시 해운대구 반여동,경상사고,0,0,1,0,차대차 - 추돌 - 주정차중,안전운전불이행,건조,맑음,단일로 - 기타,승용,남,71세,상해없음,승용,여,47세,경상
2012070300100205,2012년 7월 3일 11시,화요일,부산광역시 부산진구 개금동,경상사고,0,0,1,0,차대사람 - 기타,안전운전불이행,건조,맑음,교차로 - 교차로안,승용,남,42세,상해없음,보행자,여,37세,경상
2012070300100230,2012년 7월 3일 12시,화요일,부산광역시 해운대구 좌동,중상사고,0,1,0,0,차대차 - 측면직각충돌,안전운전불이행,건조,맑음,단일로 - 기타,승용,남,32세,상해없음,승용,여,45세,중상
2012070300100255,2012년 7월 3일 13시,화요일,부산광역시 해운대구 중동,중상사고,0,1,0,0,차대사람 - 횡단중,보행자보호의무위반,건조,맑음,교차로 - 교차로안,승용,남,36세,상해없음,보행자,여,76세,중상
2012070300100256,2012년 7월 3일 13시,화요일,부산광역시 사상구 학장동,경상사고,0,0,1,0,차대사람 - 횡단중,안전운전불이행,건조,맑음,단일로 - 횡단보도상,승용,남,48세,상해없음,보행자,남,55세,경상
2012070300100257,2012년 7월 3일 13시,화요일,부산광역시 사상구 주례동,중상사고,0,1,0,0,차대차 - 측면직각충돌,차로위반,건조,맑음,단일로 - 기타,승용,남,66세,상해없음,원동기,남,56세,중상
2012070300100288,2012년 7월 3일 14시,화요일,부산광역시 부산진구 부전동,경상사고,0,0,1,0,차대사람 - 횡단중,보행자보호의무위반,건조,맑음,단일로 - 기타,승용,여,48세,상해없음,보행자,남,46세,경상
2012070300100289,2012년 7월 3일 14시,화요일,부산광역시 부산진구 개금동,중상사고,0,1,2,0,차대차 - 추돌 - 주정차중,안전운전불이행,건조,맑음,단일로 - 기타,승용,남,35세,기타불명,화물,남,50세,상해없음
2012070300100320,2012년 7월 3일 15시,화요일,부산광역시 부산진구 양정동,중상사고,0,2,1,1,차대차 - 기타,신호위반,건조,맑음,교차로 - 교차로안,승용,남,51세,상해없음,승용,여,39세,중상
2012070300100321,2012년 7월 3일 15시,화요일,부산광역시 사상구 주례동,중상사고,0,1,0,0,차대사람 - 횡단중,보행자보호의무위반,건조,맑음,단일로 - 횡단보도상,승용,여,49세,상해없음,보행자,남,11세,중상
2012070300100360,2012년 7월 3일 16시,화요일,부산광역시 해운대구 우동,경상사고,0,0,1,0,차대차 - 추돌 - 진행중,안전운전불이행,건조,맑음,단일로 - 기타,승용,남,70세,상해없음,승용,여,36세,경상