사고번호,사고일시,요일,시군구,사고내용,사망자수,중상자수,경상자수,부상신고자수,사고유형,법규위반,노면상태,기상상태,도로형태,가해운전자 차종,가해운전자 성별,가해운전자 연령,가해운전자 상해정도,피해운전자 차종,피해운전자 성별,피해운전자 연령,피해운전자 상해정도
2012070300100361,2012년 7월 3일 16시,화요일,부산광역시 사상구 괘법동,중상사고,0,1,1,0,차대차 - 측면직각충돌,중앙선침범,건조,맑음,단일로 - 기타,화물,남,53세,상해없음,원동기,남,51세,중상
2012070300100362,2012년 7월 3일 16시,화요일,부산광역시 기장군 장안읍,경상사고,0,0,1,0,차대차 - 측면직각충돌,안전운전불이행,건조,맑음,단일로 - 기타,화물,남,46세,상해없음,승용,여,60세,경상
2012070300100404,2012년 7월 3일 17시,화요일,부산광역시 남구 대연동,중상사고,0,1,1,0,차대차 - 기타,안전거리미확보,건조,맑음,단일로 - 기타,승용,여,43세,중상,승용,여,24세,경상
2012070300100406,2012년 7월 3일 17시,화요일,부산광역시 남구 문현동,중상사고,0,1,0,0,차대사람 - 기타,안전운전불이행,건조,맑음,단일로 - 기타,승용,남,42세,상해없음,보행자,남,66세,중상
2012070300100407,2012년 7월 3일 17시,화요일,부산광역시 남구 용호동,중상사고,0,1,0,0,차대사람 - 기타,안전운전불이행,건조,맑음,단일로 - 기타,승용,여,34세,상해없음,보행자,여,80세,중상
2012070300100408,2012년 7월 3일 17시,화요일,부산광역시 해운대구 우동,경상사고,0,0,1,0,차대차 - 추돌 - 진행중,안전거리미확보,건조,맑음,교차로 - 교차로부근,승용,남,57세,상해없음,승용,남,28세,경상
2012070300100409,2012년 7월 3일 17시,화요일,부산광역시 해운대구 우동,경상사고,0,0,1,0,차대차 - 측면직각충돌,기타,건조,맑음,단일로 - 기타,승용,여,69세,상해없음,원동기,남,61세,경상
2012070300100482,2012년 7월 3일 19시,화요일,부산광역시 중구 남포동4가,경상사고,0,0,3,0,차대차 - 측면직각충돌,안전운전불이행,건조,맑음,교차로 - 교차로안,승용,남,57세,경상,승용,여,41세,경상
2012070300100483,2012년 7월 3일 19시,화요일,부산광역시 수영구 망미동,중상사고,0,1,0,0,차대사람 - 차도통행중,안전운전불이행,건조,맑음,단일로 - 기타,승용,남,34세,상해없음,보행자,여,65세,중상
2012070300100508,2012년 7월 3일 20시,화요일,부산광역시 동래구 수안동,경상사고,0,0,1,0,차대사람 - 길가장자리구역통행중,안전운전불이행,건조,맑음,단일로 - 기타,승용,여,51세,상해없음,보행자,여,25세,경상
2012070300100509,2012년 7월 3일 20시,화요일,부산광역시 사하구 감천동,경상사고,0,0,1,0,차대차 - 측면직각충돌,안전운전불이행,건조,맑음,교차로 - 교차로부근,승용,여,56세,상해없음,승용,남,61세,경상
2012070300100510,2012년 7월 3일 20시,화요일,부산광역시 사하구 감천동,중상사고,0,1,0,0,차대차 - 측면직각충돌,중앙선침범,건조,맑음,단일로 - 기타,승용,기타불명,기타불명,기타불명,승용,남,52세,중상
2012070300100548,2012년 7월 3일 21시,화요일,부산광역시 동구 초량동,경상사고,0,0,1,0,차대차 - 측면직각충돌,교차로운행방법위반,건조,맑음,교차로 - 교차로안,승용,남,25세,상해없음,승용,남,56세,경상
2012070300100549,2012년 7월 3일 21시,화요일,부산광역시 수영구 남천동,경상사고,0,0,1,0,차대차 - 기타,교차로운행방법위반,건조,맑음,교차로 - 교차로안,승용,여,44세,상해없음,자전거,남,28세,경상
2012070300100582,2012년 7월 3일 22시,화요일,부산광역시 동구 좌천동,경상사고,0,0,2,0,차대차 - 추돌 - 진행중,신호위반,건조,맑음,교차로 - 교차로안,승용,여,30세,상해없음,승용,남,65세,경상
2012070300100583,2012년 7월 3일 22시,화요일,부산광역시 수영구 남천동,경상사고,0,0,1,0,차대차 - 추돌 - 진행중,안전거리미확보,건조,맑음,단일로 - 기타,승용,여,26세,상해없음,이륜,남,27세,경상
2012070300100584,2012년 7월 3일 22시,화요일,부산광역시 해운대구 우동,경상사고,0,0,1,0,차대사람 - 횡단중,안전운전불이행,건조,맑음,단일로 - 기타,자전거,여,44세,상해없음,보행자,여,67세,경상
2012070300100617,2012년 7월 3일 23시,화요일,부산광역시 수영구 광안동,중상사고,0,2,0,0,차대사람 - 길가장자리구역통행중,안전운전불이행,건조,맑음,단일로 - 기타,승용,남,47세,상해없음,보행자,남,28세,중상
2012070300100618,2012년 7월 3일 23시,화요일,부산광역시 북구 화명동,경상사고,0,0,1,0,차대차 - 추돌 - 주정차중,안전운전불이행,건조,맑음,교차로 - 교차로부근,승용,남,35세,상해없음,원동기,남,18세,경상
2012070400100006,2012년 7월 4일 00시,수요일,부산광역시 사하구 장림동,중상사고,0,1,0,0,차대사람 - 기타,안전운전불이행,건조,맑음,단일로 - 기타,승용,남,28세,상해없음,보행자,남,54세,중상
2012070400100022,2012년 7월 4일 01시,수요일,부산광역시 서구 동대신동2가,중상사고,0,2,0,0,차대차 - 추돌 - 주정차중,안전운전불이행,습기,비,단일로 - 기타,승용,남,34세,상해없음,승용,남,52세,중상
2012070400100023,2012년 7월 4일 01시,수요일,부산광역시 금정구 장전동,경상사고,0,0,1,0,차량단독 - 공작물충돌,안전운전불이행,건조,맑음,단일로 - 기타,원동기,남,55세,경상,,,,
2012070400100037,2012년 7월 4일 02시,수요일,부산광역시 서구 동대신동2가,경상사고,0,0,1,0,차대사람 - 차도통행중,기타,기타,기타,단일로 - 기타,승용,남,36세,상해없음,보행자,남,50세,경상
2012070400100038,2012년 7월 4일 02시,수요일,부산광역시 사하구 감천동,중상사고,0,4,1,0,차대차 - 기타,신호위반,건조,맑음,교차로 - 교차로안,승용,남,50세,상해없음,승용,남,19세,중상
2012070400100047,2012년 7월 4일 03시,수요일,부산광역시 사상구 괘법동,중상사고,0,1,0,0,차대사람 - 차도통행중,안전운전불이행,건조,맑음,단일로 - 기타,화물,남,55세,상해없음,보행자,남,41세,중상
2012070400100054,2012년 7월 4일 04시,수요일,부산광역시 동구 초량동,중상사고,0,1,0,0,차대사람 - 횡단중,안전운전불이행,건조,맑음,단일로 - 횡단보도상,승용,남,56세,상해없음,보행자,여,46세,중상
2012070400100076,2012년 7월 4일 07시,수요일,부산광역시 강서구 녹산동,경상사고,0,0,1,0,차대차 - 측면직각충돌,신호위반,건조,맑음,교차로 - 교차로안,승용,남,28세,상해없음,승용,여,29세,경상
2012070400100100,2012년 7월 4일 08시,수요일,부산광역시 수영구 광안동,경상사고,0,0,1,0,차대차 - 측면직각충돌,교차로운행방법위반,건조,맑음,교차로 - 교차로부근,승용,여,49세,상해없음,원동기,남,25세,경상
2012070400100101,2012년 7월 4일 08시,수요일,부산광역시 남구 용호동,중상사고,0,1,0,0,차대사람 - 횡단중,기타,건조,맑음,단일로 - 기타,승용,남,51세,상해없음,보행자,여,9세,중상
2012070400100102,2012년 7월 4일 08시,수요일,부산광역시 금정구 남산동,부상신고사고,0,0,0,1,차대차 - 측면직각충돌,직진우회전진행방해,건조,맑음,교차로 - 교차로안,승용,남,35세,상해없음,자전거,남,18세,부상신고
2012070400100103,2012년 7월 4일 08시,수요일,부산광역시 금정구 노포동,경상사고,0,0,1,0,차대사람 - 기타,안전운전불이행,건조,맑음,단일로 - 기타,승용,남,67세,상해없음,보행자,여,41세,경상
2012070400100135,2012년 7월 4일 09시,수요일,부산광역시 사상구 괘법동,중상사고,0,1,0,0,차대차 - 기타,안전운전불이행,건조,맑음,단일로 - 기타,승용,남,54세,상해없음,자전거,남,49세,중상
2012070400100159,2012년 7월 4일 10시,수요일,부산광역시 부산진구 부전동,중상사고,0,1,0,0,차대사람 - 기타,신호위반,기타,맑음,단일로 - 기타,승용,남,79세,상해없음,보행자,여,56세,중상
2012070400100172,2012년 7월 4일 11시,수요일,부산광역시 부산진구 당감동,경상사고,0,0,1,0,차대사람 - 보도통행중,기타,건조,맑음,단일로 - 기타,승용,남,70세,상해없음,보행자,여,82세,경상
2012070400100195,2012년 7월 4일 12시,수요일,부산광역시 금정구 서동,중상사고,0,1,0,0,차대사람 - 기타,기타,건조,맑음,기타 - 기타,승합,남,46세,기타불명,보행자,여,54세,중상
2012070400100196,2012년 7월 4일 12시,수요일,부산광역시 연제구 연산동,중상사고,0,1,3,0,차대차 - 측면직각충돌,안전운전불이행,건조,맑음,교차로 - 교차로부근,승용,여,20세,상해없음,승용,남,26세,중상
2012070400100251,2012년 7월 4일 14시,수요일,부산광역시 서구 동대신동1가,경상사고,0,0,1,0,차대차 - 추돌 - 주정차중,안전운전불이행,건조,맑음,단일로 - 기타,승용,여,55세,상해없음,승용,남,67세,경상
2012070400100315,2012년 7월 4일 16시,수요일,부산광역시 수영구 광안동,부상신고사고,0,0,0,1,차대차 - 측면직각충돌,교차로운행방법위반,건조,맑음,교차로 - 교차로안,화물,남,56세,상해없음,승용,남,44세,부상신고
2012070400100316,2012년 7월 4일 16시,수요일,부산광역시 북구 만덕동,중상사고,0,1,0,0,차대차 - 측면직각충돌,안전운전불이행,건조,맑음,교차로 - 교차로안,승용,여,33세,상해없음,승용,여,41세,중상
2012070400100338,2012년 7월 4일 17시,수요일,부산광역시 남구 대연동,중상사고,0,1,0,0,차대사람 - 기타,기타,건조,맑음,단일로 - 기타,승용,남,46세,상해없음,보행자,여,7세,중상
2012070400100339,2012년 7월 4일 17시,수요일,부산광역시 연제구 연산동,중상사고,0,1,0,0,차대사람 - 횡단중,안전운전불이행,건조,맑음,교차로 - 교차로부근,승용,남,51세,상해없음,보행자,남,8세,중상
2012070400100340,2012년 7월 4일 17시,수요일,부산광역시 사상구 괘법동,경상사고,0,0,1,0,차대사람 - 길가장자리구역통행중,안전운전불이행,건조,맑음,단일로 - 기타,승용,남,64세,상해없음,보행자,남,62세,경상
2012070400100375,2012년 7월 4일 18시,수요일,부산광역시 북구 구포동,경상사고,0,0,1,0,차대사람 - 기타,안전운전불이행,건조,맑음,단일로 - 기타,승합,남,52세,상해없음,보행자,여,27세,경상
2012070400100377,2012년 7월 4일 18시,수요일,부산광역시 부산진구 당감동,중상사고,0,1,0,0,차대차 - 기타,안전거리미확보,건조,맑음,단일로 - 기타,승용,남,49세,상해없음,승용,남,42세,중상
2012070400100407,2012년 7월 4일 19시,수요일,부산광역시 북구 구포동,중상사고,0,1,0,0,차량단독 - 기타,기타,건조,맑음,단일로 - 기타,승합,남,56세,상해없음,,,,
2012070400100408,2012년 7월 4일 19시,수요일,부산광역시 해운대구 반송동,경상사고,0,0,1,0,차대차 - 측면직각충돌,교차로운행방법위반,건조,맑음,교차로 - 교차로안,승용,여,41세,상해없음,이륜,남,40세,경상
2012070400100444,2012년 7월 4일 20시,수요일,부산광역시 남구 문현동,경상사고,0,0,1,0,차대차 - 측면직각충돌,교차로운행방법위반,건조,맑음,교차로 - 교차로안,승용,남,29세,상해없음,승용,남,72세,경상
2012070400100445,2012년 7월 4일 20시,수요일,부산광역시 해운대구 우동,중상사고,0,1,0,0,차대차 - 측면직각충돌,신호위반,건조,맑음,단일로 - 기타,승용,남,53세,상해없음,자전거,남,51세,중상
2012070400100446,2012년 7월 4일 20시,수요일,부산광역시 수영구 수영동,경상사고,0,0,1,0,차대사람 - 횡단중,안전운전불이행,건조,맑음,단일로 - 기타,화물,남,57세,상해없음,보행자,남,16세,경상
2012070400100447,2012년 7월 4일 20시,수요일,부산광역시 강서구 녹산동,경상사고,0,0,3,0,차대차 - 추돌 - 주정차중,안전운전불이행,습기,비,단일로 - 기타,승용,남,26세,상해없음,승용,남,54세,경상
2012070400100478,2012년 7월 4일 21시,수요일,부산광역시 북구 덕천동,경상사고,0,0,1,0,차대사람 - 길가장자리구역통행중,안전운전불이행,건조,맑음,기타 - 기타,기타불명,기타불명,기타불명,기타불명,보행자,남,51세,경상
2012070400100479,2012년 7월 4일 21시,수요일,부산광역시 해운대구 재송동,부상신고사고,0,0,0,2,차대차 - 측면직각충돌,안전운전불이행,건조,맑음,단일로 - 기타,승용,남,29세,상해없음,원동기,남,40세,부상신고
2012070400100480,2012년 7월 4일 21시,수요일,부산광역시 기장군 기장읍,경상사고,0,0,1,0,차대차 - 추돌 - 주정차중,안전운전불이행,건조,맑음,단일로 - 기타,승용,남,39세,상해없음,승용,남,40세,경상
2012070400100511,2012년 7월 4일 22시,수요일,부산광역시 해운대구 재송동,경상사고,0,0,2,0,차대차 - 추돌 - 진행중,안전운전불이행,건조,맑음,단일로 - 기타,승용,여,65세,상해없음,승용,남,47세,경상
2012070400100512,2012년 7월 4일 22시,수요일,부산광역시 금정구 부곡동,중상사고,0,1,0,0,차대차 - 측면직각충돌,신호위반,건조,맑음,단일로 - 기타,승합,여,55세,상해없음,원동기,남,21세,중상
2012070400100513,2012년 7월 4일 22시,수요일,부산광역시 사하구 하단동,경상사고,0,0,2,0,차대차 - 추돌 - 주정차중,안전운전불이행,건조,맑음,단일로 - 기타,승용,남,28세,상해없음,승용,남,57세,경상
2012070500100047,2012년 7월 5일 02시,목요일,부산광역시 중구 대청동1가,중상사고,0,1,0,0,차대사람 - 기타,안전운전불이행,습기,비,교차로 - 교차로안,승용,남,54세,상해없음,보행자,남,82세,중상
2012070500100048,2012년 7월 5일 02시,목요일,부산광역시 사상구 엄궁동,경상사고,0,0,2,1,차대차 - 기타,안전거리미확보,습기,흐림,단일로 - 기타,승용,남,22세,부상신고,승용,남,53세,경상
2012070500100061,2012년 7월 5일 03시,목요일,부산광역시 북구 구포동,경상사고,0,0,1,0,차대사람 - 차도통행중,안전운전불이행,습기,비,미분류 - 미분류,승용,남,29세,상해없음,보행자,남,45세,경상
2012070500100062,2012년 7월 5일 03시,목요일,부산광역시 부산진구 부전동,중상사고,0,1,0,0,차대차 - 기타,안전거리미확보,습기,비,단일로 - 기타,승용,남,56세,상해없음,승용,남,52세,상해없음
2012070500100063,2012년 7월 5일 03시,목요일,부산광역시 부산진구 범천동,부상신고사고,0,0,0,1,차대차 - 기타,안전운전불이행,습기,비,단일로 - 기타,승용,남,49세,상해없음,화물,남,46세,상해없음
2012070500100083,2012년 7월 5일 05시,목요일,부산광역시 북구 구포동,중상사고,0,1,0,0,차대차 - 추돌 - 진행중,안전운전불이행,습기,비,단일로 - 기타,승용,여,28세,상해없음,승용,남,62세,중상
2012070500100092,2012년 7월 5일 06시,목요일,부산광역시 강서구 송정동,중상사고,0,1,0,0,차대차 - 측면직각충돌,신호위반,습기,비,교차로 - 교차로안,화물,남,52세,상해없음,승용,남,40세,중상
2012070500100132,2012년 7월 5일 08시,목요일,부산광역시 동구 초량동,중상사고,0,1,0,0,차대사람 - 횡단중,안전운전불이행,건조,맑음,교차로 - 교차로안,승용,남,65세,상해없음,보행자,여,25세,중상
2012070500100133,2012년 7월 5일 08시,목요일,부산광역시 부산진구 양정동,경상사고,0,0,1,0,차대차 - 추돌 - 진행중,안전거리미확보,건조,맑음,단일로 - 기타,승용,남,56세,상해없음,승용,남,44세,경상
2012070500100134,2012년 7월 5일 08시,목요일,부산광역시 연제구 거제동,경상사고,0,0,1,0,차대차 - 기타,안전운전불이행,습기,비,교차로 - 교차로안,승용,남,57세,기타불명,승합,남,60세,상해없음
2012070500100169,2012년 7월 5일 09시,목요일,부산광역시 동래구 안락동,경상사고,0,0,3,0,차대차 - 측면직각충돌,신호위반,습기,비,교차로 - 교차로안,승용,여,45세,상해없음,승용,남,34세,경상
2012070500100207,2012년 7월 5일 10시,목요일,부산광역시 북구 만덕동,경상사고,0,0,2,0,차대차 - 측면직각충돌,안전운전불이행,습기,비,단일로 - 기타,승용,여,41세,상해없음,승용,남,63세,상해없음
2012070500100229,2012년 7월 5일 11시,목요일,부산광역시 동구 초량동,경상사고,0,0,1,0,차대차 - 측면직각충돌,교차로운행방법위반,습기,비,교차로 - 교차로안,승용,남,64세,상해없음,승용,남,38세,경상
2012070500100230,2012년 7월 5일 11시,목요일,부산광역시 북구 덕천동,경상사고,0,0,1,0,차대차 - 정면충돌,교차로운행방법위반,습기,비,교차로 - 교차로안,승용,남,68세,상해없음,승용,여,41세,경상
2012070500100231,2012년 7월 5일 11시,목요일,부산광역시 연제구 연산동,경상사고,0,0,1,0,차대차 - 기타,안전거리미확보,건조,맑음,단일로 - 기타,화물,남,47세,상해없음,승용,남,28세,경상
2012070500100292,2012년 7월 5일 13시,목요일,부산광역시 동래구 사직동,중상사고,0,1,0,0,차대사람 - 기타,안전운전불이행,습기,비,단일로 - 기타,승용,여,36세,상해없음,보행자,남,55세,중상
2012070500100293,2012년 7월 5일 13시,목요일,부산광역시 강서구 대저2동,경상사고,0,0,1,0,차대사람 - 기타,안전운전불이행,습기,비,단일로 - 기타,승용,남,21세,상해없음,보행자,남,70세,경상
2012070500100294,2012년 7월 5일 13시,목요일,부산광역시 사상구 덕포동,경상사고,0,0,1,0,차대사람 - 횡단중,보행자보호의무위반,습기,비,교차로 - 교차로안,승용,남,47세,상해없음,보행자,남,33세,경상
2012070500100318,2012년 7월 5일 14시,목요일,부산광역시 부산진구 전포동,중상사고,0,1,0,0,차대사람 - 기타,안전운전불이행,건조,맑음,단일로 - 기타,화물,남,31세,상해없음,보행자,여,80세,중상
2012070500100319,2012년 7월 5일 14시,목요일,부산광역시 기장군 기장읍,중상사고,0,1,0,0,차대차 - 추돌 - 주정차중,안전운전불이행,건조,맑음,단일로 - 기타,승용,여,41세,상해없음,화물,남,44세,중상
2012070500100350,2012년 7월 5일 15시,목요일,부산광역시 북구 덕천동,중상사고,0,1,0,0,차대사람 - 기타,안전운전불이행,건조,흐림,단일로 - 횡단보도상,승용,남,63세,상해없음,보행자,여,48세,중상
2012070500100351,2012년 7월 5일 15시,목요일,부산광역시 사하구 다대동,중상사고,0,1,2,0,차대차 - 정면충돌,중앙선침범,건조,맑음,단일로 - 기타,승용,남,29세,상해없음,승용,여,44세,경상
2012070500100382,2012년 7월 5일 16시,목요일,부산광역시 사상구 덕포동,경상사고,0,0,1,0,차대차 - 측면직각충돌,안전운전불이행,건조,맑음,단일로 - 기타,화물,남,53세,상해없음,승합,남,29세,경상
2012070500100426,2012년 7월 5일 17시,목요일,부산광역시 금정구 장전동,경상사고,0,0,1,0,차대차 - 측면직각충돌,중앙선침범,습기,흐림,단일로 - 기타,승합,남,57세,상해없음,승용,여,37세,경상
2012070500100467,2012년 7월 5일 18시,목요일,부산광역시 사하구 장림동,중상사고,0,1,0,0,차대사람 - 횡단중,안전운전불이행,습기,비,단일로 - 기타,승용,남,31세,상해없음,보행자,여,33세,중상
2012070500100494,2012년 7월 5일 19시,목요일,부산광역시 연제구 연산동,중상사고,0,1,0,0,차대차 - 측면직각충돌,교차로운행방법위반,건조,맑음,교차로 - 교차로안,승용,여,36세,상해없음,승용,여,50세,중상
2012070500100536,2012년 7월 5일 20시,목요일,부산광역시 연제구 연산동,경상사고,0,0,1,0,차대차 - 추돌 - 진행중,안전운전불이행,습기,비,단일로 - 기타,승용,남,40세,상해없음,승용,남,30세,경상
2012070500100537,2012년 7월 5일 20시,목요일,부산광역시 사상구 괘법동,중상사고,0,2,1,0,차대차 - 기타,신호위반,습기,비,교차로 - 교차로안,승용,남,37세,상해없음,승용,여,55세,중상
2012070500100583,2012년 7월 5일 21시,목요일,부산광역시 중구 대청동4가,경상사고,0,0,1,0,차대차 - 정면충돌,안전운전불이행,습기,흐림,단일로 - 기타,승용,여,31세,상해없음,이륜,남,56세,경상
2012070500100584,2012년 7월 5일 21시,목요일,부산광역시 동구 초량동,중상사고,0,1,0,0,차대사람 - 차도통행중,안전운전불이행,건조,흐림,단일로 - 기타,승용,남,59세,상해없음,보행자,남,44세,중상
2012070500100585,2012년 7월 5일 21시,목요일,부산광역시 동구 범일동,경상사고,0,0,1,0,차대차 - 기타,교차로운행방법위반,건조,맑음,교차로 - 교차로안,승용,여,32세,상해없음,원동기,남,16세,경상
2012070500100586,2012년 7월 5일 21시,목요일,부산광역시 남구 대연동,경상사고,0,0,1,0,차대차 - 추돌 - 진행중,안전거리미확보,습기,흐림,교차로 - 교차로부근,승용,남,45세,상해없음,승용,남,49세,경상
2012070500100587,2012년 7월 5일 21시,목요일,부산광역시 사하구 당리동,경상사고,0,0,1,0,차대사람 - 기타,안전운전불이행,습기,비,교차로 - 교차로부근,이륜,남,36세,상해없음,보행자,남,16세,경상
2012070500100636,2012년 7월 5일 22시,목요일,부산광역시 부산진구 연지동,경상사고,0,0,1,0,차대차 - 기타,안전운전불이행,기타,맑음,단일로 - 기타,승용,남,54세,상해없음,원동기,남,71세,경상
2012070500100686,2012년 7월 5일 23시,목요일,부산광역시 해운대구 우동,중상사고,0,1,0,0,차대차 - 추돌 - 진행중,중앙선침범,건조,맑음,단일로 - 기타,승용,남,32세,상해없음,승용,남,28세,중상
2012070500100687,2012년 7월 5일 23시,목요일,부산광역시 사상구 괘법동,부상신고사고,0,0,0,1,차대차 - 추돌 - 진행중,기타,건조,맑음,단일로 - 기타,자전거,남,47세,부상신고,승용,남,24세,상해없음
2012070600100013,2012년 7월 6일 00시,금요일,부산광역시 사상구 괘법동,중상사고,0,1,0,0,차대차 - 측면직각충돌,교차로운행방법위반,습기,흐림,교차로 - 교차로안,승용,남,45세,상해없음,이륜,여,23세,중상
2012070600100057,2012년 7월 6일 01시,금요일,부산광역시 부산진구 전포동,경상사고,0,0,3,0,차대차 - 측면직각충돌,신호위반,습기,비,교차로 - 교차로안,승용,남,53세,상해없음,승용,남,59세,경상
2012070600100058,2012년 7월 6일 01시,금요일,부산광역시 사하구 하단동,경상사고,0,0,2,1,차대차 - 측면직각충돌,신호위반,건조,맑음,교차로 - 교차로안,승용,남,24세,상해없음,승용,남,63세,부상신고
2012070600100059,2012년 7월 6일 01시,금요일,부산광역시 연제구 연산동,경상사고,0,0,1,0,차대차 - 기타,안전운전불이행,습기,비,교차로 - 교차로부근,승용,남,54세,기타불명,승용,남,30세,경상
2012070600100089,2012년 7월 6일 02시,금요일,부산광역시 연제구 연산동,경상사고,0,0,1,0,차대사람 - 횡단중,신호위반,습기,비,교차로 - 교차로부근,승용,남,60세,상해없음,보행자,여,45세,경상
2012070600100115,2012년 7월 6일 03시,금요일,부산광역시 동래구 명륜동,중상사고,0,1,0,0,차대차 - 측면직각충돌,기타,건조,맑음,교차로 - 교차로안,승용,남,19세,상해없음,승용,남,26세,상해없음
2012070600100116,2012년 7월 6일 03시,금요일,부산광역시 부산진구 전포동,경상사고,0,0,2,0,차대차 - 측면직각충돌,신호위반,습기,비,교차로 - 교차로안,승용,여,28세,상해없음,승용,남,43세,상해없음
2012070600100143,2012년 7월 6일 05시,금요일,부산광역시 해운대구 우동,중상사고,0,1,0,0,차대차 - 정면충돌,신호위반,습기,비,교차로 - 교차로안,승용,남,42세,상해없음,승용,남,38세,중상
2012070600100151,2012년 7월 6일 06시,금요일,부산광역시 강서구 강동동,경상사고,0,0,5,0,차량단독 - 공작물충돌,안전운전불이행,습기,비,단일로 - 기타,승합,남,49세,상해없음,,,,
2012070600100164,2012년 7월 6일 07시,금요일,부산광역시 남구 감만동,중상사고,0,1,0,0,차대차 - 측면직각충돌,기타,건조,맑음,교차로 - 교차로부근,승용,남,57세,상해없음,자전거,여,52세,중상
2012070600100165,2012년 7월 6일 07시,금요일,부산광역시 강서구 지사동,경상사고,0,0,5,0,차대차 - 기타,안전운전불이행,건조,맑음,단일로 - 기타,승용,여,51세,상해없음,승합,남,55세,상해없음
2012070600100186,2012년 7월 6일 08시,금요일,부산광역시 사하구 괴정동,경상사고,0,0,1,0,차대사람 - 길가장자리구역통행중,안전운전불이행,건조,흐림,단일로 - 기타,승용,남,62세,상해없음,보행자,남,2세,경상
2012070600100243,2012년 7월 6일 10시,금요일,부산광역시 동래구 온천동,경상사고,0,0,1,0,차대사람 - 횡단중,보행자보호의무위반,건조,맑음,단일로 - 기타,승용,남,34세,상해없음,보행자,여,19세,경상
2012070600100269,2012년 7월 6일 11시,금요일,부산광역시 북구 금곡동,부상신고사고,0,0,0,1,차대차 - 추돌 - 진행중,안전운전불이행,습기,비,단일로 - 기타,화물,남,30세,상해없음,화물,남,49세,부상신고
2012070600100270,2012년 7월 6일 11시,금요일,부산광역시 강서구 범방동,부상신고사고,0,0,0,1,차대차 - 추돌 - 주정차중,안전거리미확보,습기,비,교차로 - 교차로부근,화물,남,54세,상해없음,화물,남,52세,상해없음
2012070600100294,2012년 7월 6일 12시,금요일,부산광역시 영도구 대교동1가,중상사고,0,1,0,0,차대차 - 기타,안전운전불이행,습기,비,단일로 - 교량,화물,남,55세,상해없음,승용,여,50세,중상
2012070600100295,2012년 7월 6일 12시,금요일,부산광역시 부산진구 부전동,부상신고사고,0,0,0,1,차대차 - 기타,안전운전불이행,습기,비,교차로 - 교차로부근,화물,남,30세,상해없음,승합,남,39세,상해없음
2012070600100326,2012년 7월 6일 13시,금요일,부산광역시 해운대구 우동,경상사고,0,0,1,0,차대차 - 측면직각충돌,신호위반,습기,비,교차로 - 교차로안,승용,여,41세,상해없음,승용,여,49세,경상
2012070600100327,2012년 7월 6일 13시,금요일,부산광역시 해운대구 반여동,경상사고,0,0,1,0,차대차 - 추돌 - 진행중,안전거리미확보,습기,비,단일로 - 기타,승용,남,71세,상해없음,승용,남,38세,상해없음
2012070600100346,2012년 7월 6일 14시,금요일,부산광역시 서구 동대신동1가,중상사고,0,1,0,0,차대차 - 추돌 - 주정차중,안전운전불이행,습기,비,단일로 - 기타,승용,남,25세,상해없음,승용,여,47세,중상
2012070600100347,2012년 7월 6일 14시,금요일,부산광역시 북구 만덕동,경상사고,0,0,1,0,차대차 - 측면직각충돌,안전운전불이행,습기,비,교차로 - 교차로안,이륜,남,17세,경상,승용,여,50세,상해없음
2012070600100348,2012년 7월 6일 14시,금요일,부산광역시 사하구 신평동,중상사고,0,1,0,0,차대차 - 측면직각충돌,신호위반,습기,비,교차로 - 교차로안,화물,남,40세,상해없음,원동기,남,53세,중상
2012070600100349,2012년 7월 6일 14시,금요일,부산광역시 기장군 일광면,경상사고,0,0,1,0,차대차 - 추돌 - 주정차중,안전운전불이행,습기,비,단일로 - 기타,승용,남,62세,상해없음,승용,남,40세,경상
2012070600100379,2012년 7월 6일 15시,금요일,부산광역시 부산진구 부전동,중상사고,0,1,0,0,차대사람 - 길가장자리구역통행중,안전운전불이행,습기,비,교차로 - 교차로안,화물,남,62세,상해없음,보행자,남,25세,중상
2012070600100412,2012년 7월 6일 16시,금요일,부산광역시 해운대구 좌동,중상사고,0,1,0,0,차대차 - 기타,안전운전불이행,습기,비,미분류 - 미분류,승용,여,51세,상해없음,이륜,남,59세,중상
2012070600100413,2012년 7월 6일 16시,금요일,부산광역시 해운대구 재송동,경상사고,0,0,1,0,차대차 - 측면직각충돌,안전운전불이행,습기,비,단일로 - 기타,승용,여,40세,기타불명,승용,남,63세,경상
2012070600100414,2012년 7월 6일 16시,금요일,부산광역시 부산진구 범천동,중상사고,0,2,4,0,차대차 - 측면직각충돌,신호위반,건조,맑음,교차로 - 교차로안,승용,남,68세,상해없음,승용,여,63세,중상
2012070600100415,2012년 7월 6일 16시,금요일,부산광역시 사하구 당리동,경상사고,0,0,1,0,차대차 - 측면직각충돌,안전운전불이행,건조,맑음,교차로 - 교차로부근,화물,남,29세,상해없음,원동기,남,28세,경상
2012070600100416,2012년 7월 6일 16시,금요일,부산광역시 강서구 대저1동,경상사고,0,0,1,0,차대차 - 기타,안전운전불이행,습기,비,교차로 - 교차로안,화물,남,47세,상해없음,승용,남,33세,경상
2012070600100417,2012년 7월 6일 16시,금요일,부산광역시 사상구 삼락동,부상신고사고,0,0,0,1,차대차 - 추돌 - 주정차중,안전거리미확보,습기,비,교차로 - 교차로부근,화물,남,43세,상해없음,승합,남,42세,부상신고
2012070600100455,2012년 7월 6일 17시,금요일,부산광역시 동구 초량동,경상사고,0,0,1,0,차대사람 - 횡단중,안전운전불이행,습기,비,단일로 - 기타,승용,남,38세,상해없음,보행자,여,14세,경상