사고번호,사고일시,요일,시군구,사고내용,사망자수,중상자수,경상자수,부상신고자수,사고유형,법규위반,노면상태,기상상태,도로형태,가해운전자 차종,가해운전자 성별,가해운전자 연령,가해운전자 상해정도,피해운전자 차종,피해운전자 성별,피해운전자 연령,피해운전자 상해정도
2012070600100456,2012년 7월 6일 17시,금요일,부산광역시 수영구 남천동,경상사고,0,0,1,0,차대사람 - 보도통행중,불법유턴,습기,비,단일로 - 기타,승용,남,42세,상해없음,보행자,여,52세,경상
2012070600100457,2012년 7월 6일 17시,금요일,부산광역시 부산진구 부전동,중상사고,0,1,0,0,차대사람 - 기타,안전운전불이행,습기,비,단일로 - 기타,화물,남,30세,상해없음,보행자,여,55세,중상
2012070600100458,2012년 7월 6일 17시,금요일,부산광역시 부산진구 전포동,중상사고,0,1,0,0,차대차 - 측면직각충돌,중앙선침범,건조,맑음,단일로 - 기타,승합,남,51세,상해없음,이륜,남,19세,중상
2012070600100459,2012년 7월 6일 17시,금요일,부산광역시 사상구 괘법동,경상사고,0,0,1,0,차대사람 - 기타,안전운전불이행,건조,맑음,단일로 - 기타,승용,여,45세,상해없음,보행자,남,38세,경상
2012070600100501,2012년 7월 6일 18시,금요일,부산광역시 사하구 신평동,경상사고,0,0,1,1,차대차 - 추돌 - 주정차중,안전운전불이행,건조,맑음,단일로 - 기타,승용,남,29세,상해없음,승용,남,40세,경상
2012070600100502,2012년 7월 6일 18시,금요일,부산광역시 강서구 화전동,경상사고,0,0,1,0,차대차 - 측면직각충돌,신호위반,습기,비,교차로 - 교차로안,승용,남,60세,상해없음,화물,남,31세,경상
2012070600100534,2012년 7월 6일 19시,금요일,부산광역시 남구 감만동,중상사고,0,1,0,0,차대사람 - 길가장자리구역통행중,안전운전불이행,습기,비,단일로 - 기타,승용,남,52세,상해없음,보행자,남,62세,중상
2012070600100535,2012년 7월 6일 19시,금요일,부산광역시 북구 화명동,중상사고,0,1,0,0,차대사람 - 횡단중,안전운전불이행,건조,흐림,단일로 - 기타,승용,여,46세,상해없음,보행자,여,10세,중상
2012070600100536,2012년 7월 6일 19시,금요일,부산광역시 영도구 동삼동,중상사고,0,1,0,0,차대사람 - 기타,안전운전불이행,습기,흐림,교차로 - 교차로부근,승용,여,52세,상해없음,보행자,여,47세,중상
2012070600100611,2012년 7월 6일 21시,금요일,부산광역시 북구 덕천동,경상사고,0,0,1,0,차대사람 - 기타,안전운전불이행,건조,맑음,기타 - 기타,승용,기타불명,기타불명,기타불명,보행자,남,36세,경상
2012070600100642,2012년 7월 6일 22시,금요일,부산광역시 동구 초량동,경상사고,0,0,4,0,차대차 - 정면충돌,안전운전불이행,건조,맑음,단일로 - 기타,승용,남,47세,상해없음,승용,남,23세,경상
2012070600100643,2012년 7월 6일 22시,금요일,부산광역시 사하구 하단동,중상사고,0,1,0,0,차대사람 - 횡단중,신호위반,건조,맑음,단일로 - 횡단보도상,화물,남,26세,상해없음,보행자,남,32세,중상
2012070600100683,2012년 7월 6일 23시,금요일,부산광역시 수영구 광안동,중상사고,0,1,0,0,차대차 - 추돌 - 진행중,안전운전불이행,건조,맑음,교차로 - 교차로부근,승용,남,45세,상해없음,원동기,남,26세,중상
2012070600100684,2012년 7월 6일 23시,금요일,부산광역시 부산진구 양정동,경상사고,0,0,1,0,차대차 - 추돌 - 주정차중,안전운전불이행,습기,비,단일로 - 기타,승용,남,32세,상해없음,승용,여,54세,경상
2012070600100685,2012년 7월 6일 23시,금요일,부산광역시 강서구 명지동,중상사고,0,1,0,0,차대차 - 측면직각충돌,안전운전불이행,습기,비,단일로 - 기타,승용,남,50세,상해없음,이륜,남,30세,중상
2012070700100010,2012년 7월 7일 00시,토요일,부산광역시 해운대구 우동,경상사고,0,0,1,0,차대사람 - 기타,안전운전불이행,습기,비,교차로 - 교차로안,승용,남,26세,상해없음,보행자,남,47세,경상
2012070700100011,2012년 7월 7일 00시,토요일,부산광역시 수영구 수영동,경상사고,0,0,4,0,차대차 - 기타,교차로운행방법위반,건조,맑음,교차로 - 교차로안,승용,남,46세,상해없음,승용,남,55세,상해없음
2012070700100012,2012년 7월 7일 00시,토요일,부산광역시 강서구 대저1동,경상사고,0,0,1,0,차대차 - 측면직각충돌,안전운전불이행,습기,비,단일로 - 기타,승용,남,26세,상해없음,특수,남,51세,경상
2012070700100053,2012년 7월 7일 01시,토요일,부산광역시 중구 부평동1가,중상사고,0,1,0,0,차대차 - 측면직각충돌,차로위반,습기,비,단일로 - 기타,승용,남,50세,상해없음,이륜,남,22세,중상
2012070700100054,2012년 7월 7일 01시,토요일,부산광역시 동래구 명륜동,경상사고,0,0,6,0,차대차 - 추돌 - 주정차중,안전운전불이행,습기,비,단일로 - 기타,승용,남,35세,상해없음,승용,남,60세,경상
2012070700100055,2012년 7월 7일 01시,토요일,부산광역시 부산진구 가야동,경상사고,0,0,2,0,차대차 - 기타,신호위반,습기,비,교차로 - 교차로안,승용,여,42세,상해없음,승용,남,28세,경상
2012070700100056,2012년 7월 7일 01시,토요일,부산광역시 부산진구 범천동,중상사고,0,2,1,0,차대차 - 추돌 - 주정차중,안전운전불이행,습기,비,교차로 - 교차로부근,승용,남,48세,상해없음,승합,남,30세,중상
2012070700100057,2012년 7월 7일 01시,토요일,부산광역시 연제구 연산동,경상사고,0,0,1,0,차대차 - 기타,안전운전불이행,건조,맑음,단일로 - 기타,승용,남,48세,상해없음,승용,남,32세,경상
2012070700100102,2012년 7월 7일 02시,토요일,부산광역시 남구 용호동,경상사고,0,0,2,0,차대차 - 추돌 - 진행중,안전운전불이행,습기,비,단일로 - 기타,승용,남,53세,상해없음,승용,남,52세,경상
2012070700100103,2012년 7월 7일 02시,토요일,부산광역시 해운대구 우동,경상사고,0,0,1,0,차대차 - 추돌 - 주정차중,안전운전불이행,습기,비,단일로 - 기타,승용,남,41세,상해없음,승용,여,42세,경상
2012070700100104,2012년 7월 7일 02시,토요일,부산광역시 해운대구 우동,경상사고,0,0,1,0,차대차 - 측면직각충돌,안전운전불이행,습기,비,교차로 - 교차로부근,승용,남,53세,상해없음,승용,남,30세,경상
2012070700100105,2012년 7월 7일 02시,토요일,부산광역시 금정구 부곡동,부상신고사고,0,0,0,1,차대차 - 추돌 - 진행중,안전거리미확보,습기,비,단일로 - 횡단보도부근,승용,남,16세,상해없음,승용,남,41세,부상신고
2012070700100131,2012년 7월 7일 03시,토요일,부산광역시 동래구 사직동,경상사고,0,0,2,0,차대차 - 추돌 - 주정차중,안전운전불이행,습기,맑음,단일로 - 기타,승합,남,30세,상해없음,승합,남,45세,경상
2012070700100132,2012년 7월 7일 03시,토요일,부산광역시 해운대구 좌동,경상사고,0,0,1,0,차대차 - 추돌 - 주정차중,안전운전불이행,건조,기타,교차로 - 교차로부근,승용,남,34세,상해없음,승용,여,44세,경상
2012070700100153,2012년 7월 7일 04시,토요일,부산광역시 동구 초량동,경상사고,0,0,2,0,차대차 - 기타,안전거리미확보,습기,비,단일로 - 기타,승용,남,51세,상해없음,승용,남,68세,상해없음
2012070700100154,2012년 7월 7일 04시,토요일,부산광역시 동래구 명륜동,중상사고,0,1,0,0,차대사람 - 기타,안전운전불이행,건조,맑음,단일로 - 기타,승용,남,21세,상해없음,보행자,남,37세,중상
2012070700100155,2012년 7월 7일 04시,토요일,부산광역시 사하구 당리동,경상사고,0,0,1,0,차대차 - 측면직각충돌,직진우회전진행방해,습기,맑음,교차로 - 교차로안,승용,남,45세,상해없음,승용,남,42세,상해없음
2012070700100165,2012년 7월 7일 05시,토요일,부산광역시 동래구 온천동,경상사고,0,0,1,0,차대차 - 측면직각충돌,안전운전불이행,습기,흐림,교차로 - 교차로부근,승용,남,56세,상해없음,이륜,여,52세,경상
2012070700100166,2012년 7월 7일 05시,토요일,부산광역시 사하구 감천동,경상사고,0,0,1,0,차대사람 - 길가장자리구역통행중,불법유턴,건조,맑음,단일로 - 기타,승용,남,47세,상해없음,보행자,여,18세,경상
2012070700100182,2012년 7월 7일 06시,토요일,부산광역시 수영구 광안동,중상사고,0,1,0,0,차대차 - 추돌 - 진행중,안전거리미확보,건조,맑음,교차로 - 교차로부근,승용,남,53세,상해없음,승용,남,31세,중상
2012070700100183,2012년 7월 7일 06시,토요일,부산광역시 부산진구 개금동,경상사고,0,0,1,0,차대차 - 기타,안전운전불이행,기타,맑음,단일로 - 기타,승용,남,32세,상해없음,승용,남,63세,경상
2012070700100195,2012년 7월 7일 07시,토요일,부산광역시 해운대구 우동,중상사고,0,1,1,0,차대차 - 측면직각충돌,신호위반,건조,맑음,교차로 - 교차로안,승용,남,55세,상해없음,승용,남,52세,중상
2012070700100196,2012년 7월 7일 07시,토요일,부산광역시 강서구 대저2동,중상사고,0,1,0,0,차대차 - 기타,안전운전불이행,습기,비,교차로 - 교차로안,승용,남,39세,상해없음,승용,남,49세,중상
2012070700100220,2012년 7월 7일 08시,토요일,부산광역시 부산진구 개금동,경상사고,0,0,1,0,차대사람 - 횡단중,신호위반,습기,비,단일로 - 횡단보도상,화물,남,28세,상해없음,보행자,여,28세,경상
2012070700100242,2012년 7월 7일 09시,토요일,부산광역시 영도구 대교동2가,경상사고,0,0,1,0,차대사람 - 기타,안전운전불이행,건조,흐림,단일로 - 기타,이륜,남,70세,상해없음,보행자,남,53세,경상
2012070700100243,2012년 7월 7일 09시,토요일,부산광역시 금정구 남산동,경상사고,0,0,1,0,차대차 - 측면직각충돌,신호위반,건조,맑음,교차로 - 교차로안,이륜,남,81세,경상,승용,여,26세,상해없음
2012070700100263,2012년 7월 7일 10시,토요일,부산광역시 동래구 온천동,중상사고,0,1,0,0,차대차 - 측면직각충돌,교차로운행방법위반,습기,비,교차로 - 교차로안,승용,남,55세,상해없음,원동기,남,40세,중상
2012070700100303,2012년 7월 7일 11시,토요일,부산광역시 영도구 동삼동,중상사고,0,1,1,0,차대사람 - 보도통행중,기타,습기,흐림,단일로 - 기타,승용,남,73세,상해없음,보행자,남,44세,중상
2012070700100334,2012년 7월 7일 12시,토요일,부산광역시 영도구 동삼동,중상사고,0,2,0,0,차대차 - 추돌 - 진행중,교차로운행방법위반,습기,흐림,교차로 - 교차로안,승용,여,48세,상해없음,승용,남,63세,중상
2012070700100406,2012년 7월 7일 14시,토요일,부산광역시 해운대구 송정동,중상사고,0,1,1,0,차대차 - 추돌 - 주정차중,안전거리미확보,건조,맑음,단일로 - 기타,승용,남,29세,상해없음,승용,남,24세,중상
2012070700100440,2012년 7월 7일 15시,토요일,부산광역시 중구 중앙동3가,경상사고,0,0,2,0,차대차 - 추돌 - 진행중,안전운전불이행,건조,맑음,단일로 - 기타,승용,남,51세,상해없음,승용,남,58세,상해없음
2012070700100441,2012년 7월 7일 15시,토요일,부산광역시 부산진구 범천동,중상사고,0,1,0,0,차대차 - 추돌 - 진행중,신호위반,건조,맑음,교차로 - 교차로안,승용,남,26세,상해없음,승합,남,37세,중상
2012070700100442,2012년 7월 7일 15시,토요일,부산광역시 금정구 금성동,경상사고,0,0,1,0,차대사람 - 기타,안전운전불이행,건조,맑음,단일로 - 기타,승용,여,39세,상해없음,보행자,여,49세,경상
2012070700100443,2012년 7월 7일 15시,토요일,부산광역시 연제구 연산동,중상사고,0,1,0,0,차대차 - 기타,중앙선침범,건조,맑음,단일로 - 기타,승용,남,50세,상해없음,원동기,남,28세,중상
2012070700100444,2012년 7월 7일 15시,토요일,부산광역시 강서구 대저2동,부상신고사고,0,0,0,1,차대차 - 기타,안전운전불이행,건조,맑음,교차로 - 교차로부근,승용,여,42세,상해없음,화물,남,63세,상해없음
2012070700100445,2012년 7월 7일 15시,토요일,부산광역시 사상구 모라동,경상사고,0,0,3,0,차대차 - 추돌 - 진행중,안전거리미확보,건조,맑음,단일로 - 기타,승용,남,61세,상해없음,승용,여,56세,경상
2012070700100485,2012년 7월 7일 16시,토요일,부산광역시 해운대구 우동,경상사고,0,0,2,1,차대차 - 추돌 - 진행중,안전운전불이행,건조,맑음,단일로 - 기타,승용,여,33세,상해없음,승용,남,32세,부상신고
2012070700100486,2012년 7월 7일 16시,토요일,부산광역시 사상구 주례동,경상사고,0,0,7,0,차대차 - 추돌 - 진행중,안전거리미확보,건조,맑음,단일로 - 기타,승합,남,60세,상해없음,승합,남,51세,상해없음
2012070700100520,2012년 7월 7일 17시,토요일,부산광역시 해운대구 우동,중상사고,0,2,0,0,차대차 - 추돌 - 진행중,안전운전불이행,건조,맑음,단일로 - 기타,승용,남,49세,상해없음,승용,남,30세,중상
2012070700100521,2012년 7월 7일 17시,토요일,부산광역시 해운대구 우동,중상사고,0,1,1,0,차대차 - 정면충돌,중앙선침범,건조,맑음,단일로 - 기타,승용,남,39세,경상,승용,여,40세,중상
2012070700100522,2012년 7월 7일 17시,토요일,부산광역시 금정구 남산동,중상사고,0,1,0,0,차대차 - 측면직각충돌,안전운전불이행,건조,흐림,교차로 - 교차로부근,승합,남,47세,상해없음,자전거,남,15세,중상
2012070700100523,2012년 7월 7일 17시,토요일,부산광역시 강서구 강동동,경상사고,0,0,1,0,차대차 - 기타,안전운전불이행,건조,맑음,단일로 - 기타,승용,남,57세,상해없음,자전거,남,72세,경상
2012070700100606,2012년 7월 7일 20시,토요일,부산광역시 수영구 민락동,경상사고,0,0,1,0,차대차 - 기타,안전운전불이행,건조,맑음,교차로 - 교차로안,이륜,남,69세,상해없음,승용,남,42세,경상
2012070700100607,2012년 7월 7일 20시,토요일,부산광역시 동래구 안락동,경상사고,0,0,1,1,차대사람 - 보도통행중,기타,건조,맑음,단일로 - 횡단보도부근,승용,남,67세,상해없음,보행자,남,33세,경상
2012070700100608,2012년 7월 7일 20시,토요일,부산광역시 해운대구 우동,중상사고,0,1,0,0,차대차 - 측면직각충돌,안전운전불이행,건조,맑음,단일로 - 기타,원동기,남,27세,상해없음,자전거,남,49세,중상
2012070700100639,2012년 7월 7일 21시,토요일,부산광역시 중구 영주동,중상사고,0,1,0,0,차대차 - 기타,불법유턴,건조,맑음,기타 - 기타,승용,남,23세,상해없음,이륜,남,48세,중상
2012070700100640,2012년 7월 7일 21시,토요일,부산광역시 남구 용당동,중상사고,0,1,0,0,차대차 - 측면직각충돌,중앙선침범,건조,맑음,교차로 - 교차로부근,화물,남,30세,상해없음,이륜,남,17세,중상
2012070700100641,2012년 7월 7일 21시,토요일,부산광역시 해운대구 반송동,중상사고,0,1,0,0,차대사람 - 횡단중,안전운전불이행,건조,맑음,단일로 - 기타,화물,남,51세,상해없음,보행자,남,40세,중상
2012070700100642,2012년 7월 7일 21시,토요일,부산광역시 부산진구 부전동,중상사고,0,1,0,0,차대차 - 측면직각충돌,안전운전불이행,건조,맑음,교차로 - 교차로부근,이륜,남,27세,상해없음,승용,남,45세,상해없음
2012070700100643,2012년 7월 7일 21시,토요일,부산광역시 부산진구 전포동,경상사고,0,0,1,0,차대사람 - 기타,안전운전불이행,건조,맑음,단일로 - 기타,승용,남,44세,기타불명,보행자,남,52세,경상
2012070700100644,2012년 7월 7일 21시,토요일,부산광역시 부산진구 양정동,경상사고,0,0,1,0,차대차 - 측면직각충돌,안전운전불이행,건조,맑음,교차로 - 교차로부근,이륜,남,29세,상해없음,승용,여,56세,상해없음
2012070700100673,2012년 7월 7일 22시,토요일,부산광역시 해운대구 우동,경상사고,0,0,2,0,차대차 - 측면직각충돌,안전거리미확보,건조,맑음,단일로 - 기타,승용,남,19세,상해없음,승용,남,37세,경상
2012070700100674,2012년 7월 7일 22시,토요일,부산광역시 해운대구 반송동,중상사고,0,1,1,0,차대차 - 측면직각충돌,안전운전불이행,건조,맑음,교차로 - 교차로안,승합,남,60세,상해없음,승용,남,40세,중상
2012070700100675,2012년 7월 7일 22시,토요일,부산광역시 사상구 괘법동,중상사고,0,1,0,0,차대사람 - 횡단중,안전운전불이행,건조,맑음,단일로 - 기타,승용,여,47세,상해없음,보행자,남,49세,중상
2012070700100701,2012년 7월 7일 23시,토요일,부산광역시 영도구 동삼동,경상사고,0,0,2,0,차대차 - 기타,안전운전불이행,건조,맑음,기타 - 기타,승용,남,39세,상해없음,승용,남,29세,경상
2012070700100702,2012년 7월 7일 23시,토요일,부산광역시 부산진구 양정동,경상사고,0,0,4,0,차대차 - 기타,안전운전불이행,건조,맑음,교차로 - 교차로부근,승용,남,55세,상해없음,승용,여,44세,경상
2012070800100003,2012년 7월 8일 00시,일요일,부산광역시 서구 암남동,경상사고,0,0,2,0,차대차 - 측면직각충돌,기타,건조,맑음,단일로 - 기타,승용,남,20세,상해없음,승용,남,23세,경상
2012070800100004,2012년 7월 8일 00시,일요일,부산광역시 남구 문현동,사망사고,1,0,0,1,차대사람 - 횡단중,안전운전불이행,건조,흐림,단일로 - 횡단보도상,이륜,남,23세,부상신고,보행자,남,55세,사망
2012070800100021,2012년 7월 8일 01시,일요일,부산광역시 중구 중앙동2가,중상사고,0,1,3,0,차대차 - 측면직각충돌,안전운전불이행,건조,맑음,단일로 - 기타,승용,여,22세,상해없음,승용,남,48세,중상
2012070800100022,2012년 7월 8일 01시,일요일,부산광역시 해운대구 우동,부상신고사고,0,0,0,3,차대차 - 측면직각충돌,차로위반,건조,기타,미분류 - 미분류,승용,남,34세,상해없음,승용,남,27세,부상신고
2012070800100023,2012년 7월 8일 01시,일요일,부산광역시 수영구 망미동,중상사고,0,1,0,0,차대차 - 기타,신호위반,건조,맑음,교차로 - 교차로안,기타불명,기타불명,기타불명,기타불명,승용,남,45세,상해없음
2012070800100060,2012년 7월 8일 02시,일요일,부산광역시 금정구 노포동,중상사고,0,1,0,0,차대차 - 추돌 - 주정차중,안전운전불이행,건조,맑음,단일로 - 기타,승용,여,54세,중상,건설기계,미분류,기타불명,기타불명
2012070800100079,2012년 7월 8일 03시,일요일,부산광역시 해운대구 좌동,경상사고,0,0,1,0,차대사람 - 횡단중,보행자보호의무위반,건조,맑음,단일로 - 횡단보도상,승용,남,51세,상해없음,보행자,남,42세,경상
2012070800100080,2012년 7월 8일 03시,일요일,부산광역시 부산진구 부전동,경상사고,0,0,1,0,차대사람 - 길가장자리구역통행중,안전운전불이행,건조,맑음,교차로 - 교차로부근,승용,남,32세,상해없음,보행자,남,26세,경상
2012070800100090,2012년 7월 8일 04시,일요일,부산광역시 영도구 동삼동,중상사고,0,1,0,0,차대사람 - 기타,안전운전불이행,건조,맑음,기타 - 기타,승합,남,40세,상해없음,보행자,남,68세,중상
2012070800100091,2012년 7월 8일 04시,일요일,부산광역시 부산진구 부암동,경상사고,0,0,1,0,차대차 - 추돌 - 주정차중,안전운전불이행,건조,맑음,단일로 - 기타,이륜,기타불명,기타불명,기타불명,승용,미분류,기타불명,기타불명
2012070800100105,2012년 7월 8일 05시,일요일,부산광역시 중구 남포동3가,중상사고,0,1,1,0,차대차 - 측면직각충돌,중앙선침범,건조,맑음,단일로 - 기타,이륜,남,27세,중상,승용,남,51세,경상
2012070800100106,2012년 7월 8일 05시,일요일,부산광역시 금정구 구서동,경상사고,0,0,2,0,차대차 - 측면직각충돌,교차로운행방법위반,건조,흐림,교차로 - 교차로안,승용,남,19세,상해없음,승합,남,43세,경상
2012070800100125,2012년 7월 8일 06시,일요일,부산광역시 해운대구 반여동,중상사고,0,1,0,0,차대차 - 측면직각충돌,안전운전불이행,건조,맑음,단일로 - 기타,승용,남,26세,상해없음,화물,남,40세,상해없음
2012070800100126,2012년 7월 8일 06시,일요일,부산광역시 수영구 망미동,경상사고,0,0,1,0,차대차 - 추돌 - 주정차중,안전운전불이행,건조,흐림,교차로 - 교차로부근,승용,남,33세,상해없음,승합,남,47세,상해없음
2012070800100144,2012년 7월 8일 08시,일요일,부산광역시 동래구 명륜동,경상사고,0,0,1,1,차대차 - 추돌 - 진행중,안전운전불이행,건조,맑음,단일로 - 기타,승용,남,43세,상해없음,승용,남,51세,경상
2012070800100145,2012년 7월 8일 08시,일요일,부산광역시 금정구 부곡동,부상신고사고,0,0,0,1,차대차 - 기타,안전운전불이행,습기,흐림,교차로 - 교차로부근,자전거,남,15세,부상신고,승용,남,49세,상해없음
2012070800100159,2012년 7월 8일 09시,일요일,부산광역시 수영구 남천동,부상신고사고,0,0,0,1,차대차 - 기타,안전운전불이행,건조,맑음,단일로 - 기타,승용,남,27세,상해없음,자전거,남,62세,부상신고
2012070800100169,2012년 7월 8일 10시,일요일,부산광역시 금정구 부곡동,중상사고,0,1,1,0,차대차 - 기타,교차로운행방법위반,건조,맑음,교차로 - 교차로안,승용,남,63세,상해없음,승용,여,46세,중상
2012070800100170,2012년 7월 8일 10시,일요일,부산광역시 금정구 구서동,부상신고사고,0,0,0,1,차대차 - 추돌 - 진행중,차로위반,건조,맑음,교차로 - 교차로안,이륜,남,52세,부상신고,승용,남,58세,상해없음
2012070800100171,2012년 7월 8일 10시,일요일,부산광역시 사하구 다대동,중상사고,0,1,0,0,차대차 - 추돌 - 진행중,교차로운행방법위반,건조,맑음,교차로 - 교차로안,승합,남,52세,상해없음,승합,남,47세,중상
2012070800100194,2012년 7월 8일 11시,일요일,부산광역시 부산진구 전포동,경상사고,0,0,1,0,차대차 - 기타,신호위반,건조,맑음,교차로 - 교차로안,승용,남,54세,상해없음,승용,남,45세,경상
2012070800100195,2012년 7월 8일 11시,일요일,부산광역시 연제구 거제동,경상사고,0,0,1,0,차대차 - 측면직각충돌,신호위반,건조,맑음,단일로 - 횡단보도상,승용,남,39세,상해없음,자전거,남,24세,경상
2012070800100220,2012년 7월 8일 12시,일요일,부산광역시 부산진구 개금동,경상사고,0,0,4,0,차대차 - 추돌 - 진행중,안전거리미확보,건조,맑음,단일로 - 기타,승용,남,52세,상해없음,승용,남,31세,경상
2012070800100221,2012년 7월 8일 12시,일요일,부산광역시 금정구 두구동,중상사고,0,1,0,0,차대차 - 측면직각충돌,안전운전불이행,건조,맑음,단일로 - 기타,승용,남,65세,상해없음,원동기,남,66세,중상
2012070800100243,2012년 7월 8일 13시,일요일,부산광역시 남구 대연동,중상사고,0,3,1,0,차대차 - 기타,차로위반,건조,맑음,단일로 - 터널,승용,남,22세,상해없음,승용,남,23세,상해없음
2012070800100244,2012년 7월 8일 13시,일요일,부산광역시 해운대구 재송동,경상사고,0,0,1,1,차대차 - 측면직각충돌,안전운전불이행,건조,맑음,교차로 - 교차로안,승용,여,48세,부상신고,화물,남,50세,경상
2012070800100245,2012년 7월 8일 13시,일요일,부산광역시 금정구 구서동,경상사고,0,0,1,0,차대차 - 측면직각충돌,안전운전불이행,건조,맑음,단일로 - 기타,승용,남,52세,상해없음,원동기,남,41세,경상
2012070800100281,2012년 7월 8일 14시,일요일,부산광역시 해운대구 반여동,중상사고,0,2,6,0,차대차 - 추돌 - 주정차중,안전운전불이행,건조,맑음,단일로 - 횡단보도부근,화물,남,44세,상해없음,승용,남,59세,경상
2012070800100282,2012년 7월 8일 14시,일요일,부산광역시 부산진구 양정동,경상사고,0,0,1,0,차대차 - 측면직각충돌,안전거리미확보,건조,맑음,단일로 - 기타,승용,남,25세,상해없음,승용,남,33세,상해없음
2012070800100283,2012년 7월 8일 14시,일요일,부산광역시 부산진구 개금동,경상사고,0,0,4,0,차대차 - 추돌 - 진행중,안전운전불이행,건조,맑음,미분류 - 미분류,승용,남,22세,상해없음,승용,남,30세,경상
2012070800100308,2012년 7월 8일 15시,일요일,부산광역시 해운대구 중동,중상사고,0,1,0,0,차대차 - 측면직각충돌,안전운전불이행,건조,맑음,단일로 - 기타,승용,남,49세,상해없음,승용,남,32세,상해없음
2012070800100309,2012년 7월 8일 15시,일요일,부산광역시 금정구 구서동,경상사고,0,0,1,0,차대차 - 측면직각충돌,안전운전불이행,건조,맑음,단일로 - 기타,원동기,남,19세,경상,승용,남,54세,상해없음
2012070800100370,2012년 7월 8일 17시,일요일,부산광역시 수영구 광안동,경상사고,0,0,1,0,차대사람 - 횡단중,안전운전불이행,건조,맑음,단일로 - 기타,승용,남,48세,상해없음,보행자,남,5세,경상
2012070800100371,2012년 7월 8일 17시,일요일,부산광역시 기장군 일광면,경상사고,0,0,3,0,차대차 - 측면직각충돌,안전운전불이행,건조,맑음,교차로 - 교차로안,승용,남,45세,상해없음,승용,남,32세,경상
2012070800100397,2012년 7월 8일 18시,일요일,부산광역시 사상구 모라동,중상사고,0,1,0,0,차대사람 - 차도통행중,안전운전불이행,건조,맑음,단일로 - 기타,자전거,남,12세,상해없음,보행자,여,57세,중상
2012070800100424,2012년 7월 8일 19시,일요일,부산광역시 동구 초량동,부상신고사고,0,0,0,1,차대사람 - 차도통행중,안전운전불이행,건조,맑음,단일로 - 기타,승용,남,29세,상해없음,보행자,남,5세,부상신고
2012070800100425,2012년 7월 8일 19시,일요일,부산광역시 사상구 학장동,중상사고,0,1,0,0,차대차 - 기타,안전거리미확보,건조,맑음,단일로 - 기타,승용,남,58세,상해없음,이륜,남,18세,중상
2012070800100458,2012년 7월 8일 20시,일요일,부산광역시 서구 암남동,경상사고,0,0,1,0,차대사람 - 기타,안전운전불이행,건조,맑음,단일로 - 기타,승용,남,47세,상해없음,보행자,여,38세,경상
2012070800100459,2012년 7월 8일 20시,일요일,부산광역시 영도구 영선동3가,중상사고,0,1,0,0,차대사람 - 횡단중,안전운전불이행,건조,맑음,단일로 - 기타,승용,남,57세,상해없음,보행자,남,18세,중상
2012070800100461,2012년 7월 8일 20시,일요일,부산광역시 부산진구 부암동,경상사고,0,0,2,0,차대차 - 기타,교차로운행방법위반,건조,맑음,교차로 - 교차로안,승합,남,64세,상해없음,승용,남,41세,경상
2012070800100462,2012년 7월 8일 20시,일요일,부산광역시 사하구 괴정동,경상사고,0,0,1,0,차대사람 - 기타,안전운전불이행,건조,맑음,단일로 - 기타,승용,남,68세,상해없음,보행자,남,47세,경상
2012070800100493,2012년 7월 8일 21시,일요일,부산광역시 동구 초량동,중상사고,0,1,0,0,차대사람 - 기타,안전거리미확보,건조,맑음,단일로 - 기타,승합,남,40세,상해없음,보행자,여,69세,중상
2012070800100494,2012년 7월 8일 21시,일요일,부산광역시 강서구 대저1동,경상사고,0,0,4,0,차대차 - 측면직각충돌,안전거리미확보,건조,흐림,단일로 - 기타,승용,남,34세,상해없음,승용,남,49세,경상
2012070800100523,2012년 7월 8일 22시,일요일,부산광역시 해운대구 중동,중상사고,0,1,0,0,차대차 - 추돌 - 주정차중,안전운전불이행,건조,맑음,교차로 - 교차로부근,승용,남,51세,상해없음,승용,남,43세,중상
2012070800100549,2012년 7월 8일 23시,일요일,부산광역시 부산진구 부전동,중상사고,0,1,0,0,차대차 - 기타,안전운전불이행,건조,맑음,단일로 - 기타,승용,남,55세,상해없음,원동기,남,16세,중상
2012070900100023,2012년 7월 9일 02시,월요일,부산광역시 동래구 낙민동,중상사고,0,1,0,0,차대사람 - 횡단중,중앙선침범,건조,맑음,단일로 - 기타,승용,남,48세,상해없음,보행자,남,49세,중상
2012070900100024,2012년 7월 9일 02시,월요일,부산광역시 해운대구 반송동,중상사고,0,1,0,0,차량단독 - 공작물충돌,안전운전불이행,건조,맑음,단일로 - 기타,화물,남,29세,중상,,,,
2012070900100063,2012년 7월 9일 07시,월요일,부산광역시 해운대구 우동,경상사고,0,0,1,0,차대차 - 추돌 - 주정차중,안전운전불이행,건조,맑음,단일로 - 기타,승용,남,44세,상해없음,승용,여,37세,경상
2012070900100086,2012년 7월 9일 08시,월요일,부산광역시 사하구 하단동,부상신고사고,0,0,0,1,차대사람 - 기타,안전운전불이행,건조,맑음,단일로 - 기타,승용,남,32세,상해없음,보행자,여,14세,부상신고
2012070900100131,2012년 7월 9일 09시,월요일,부산광역시 금정구 부곡동,부상신고사고,0,0,0,1,차대사람 - 기타,안전운전불이행,건조,맑음,단일로 - 기타,승합,남,38세,상해없음,보행자,여,65세,부상신고
2012070900100132,2012년 7월 9일 09시,월요일,부산광역시 사하구 당리동,중상사고,0,1,0,0,차대차 - 기타,안전거리미확보,건조,맑음,단일로 - 기타,승용,여,57세,상해없음,승합,남,46세,상해없음