사고번호,사고일시,요일,시군구,사고내용,사망자수,중상자수,경상자수,부상신고자수,사고유형,법규위반,노면상태,기상상태,도로형태,가해운전자 차종,가해운전자 성별,가해운전자 연령,가해운전자 상해정도,피해운전자 차종,피해운전자 성별,피해운전자 연령,피해운전자 상해정도
2012072600100455,2012년 7월 26일 17시,목요일,부산광역시 해운대구 우동,중상사고,0,1,4,0,차대차 - 추돌 - 주정차중,교차로운행방법위반,건조,맑음,교차로 - 교차로안,화물,남,61세,상해없음,승용,여,29세,중상
2012072600100456,2012년 7월 26일 17시,목요일,부산광역시 금정구 회동동,경상사고,0,0,1,0,차대차 - 추돌 - 주정차중,안전운전불이행,건조,맑음,단일로 - 기타,건설기계,남,46세,경상,건설기계,남,59세,기타불명
2012072600100457,2012년 7월 26일 17시,목요일,부산광역시 사하구 신평동,경상사고,0,0,1,0,차대차 - 추돌 - 진행중,안전거리미확보,건조,맑음,단일로 - 기타,승용,남,64세,상해없음,화물,남,28세,경상
2012072600100458,2012년 7월 26일 17시,목요일,부산광역시 사하구 하단동,경상사고,0,0,1,0,차대사람 - 길가장자리구역통행중,안전운전불이행,건조,맑음,단일로 - 횡단보도부근,승용,남,54세,상해없음,보행자,남,13세,경상
2012072600100493,2012년 7월 26일 18시,목요일,부산광역시 북구 금곡동,중상사고,0,1,0,0,차대차 - 기타,안전운전불이행,건조,맑음,단일로 - 기타,승용,남,23세,상해없음,자전거,남,12세,중상
2012072600100494,2012년 7월 26일 18시,목요일,부산광역시 사하구 다대동,경상사고,0,0,2,0,차대차 - 기타,안전거리미확보,건조,맑음,교차로 - 교차로부근,승용,남,30세,상해없음,승용,남,55세,경상
2012072600100495,2012년 7월 26일 18시,목요일,부산광역시 사상구 덕포동,경상사고,0,0,1,0,차량단독 - 기타,기타,건조,맑음,단일로 - 기타,승합,남,37세,상해없음,,,,
2012072600100532,2012년 7월 26일 19시,목요일,부산광역시 수영구 광안동,경상사고,0,0,1,0,차대차 - 측면직각충돌,신호위반,건조,맑음,교차로 - 교차로안,승용,남,59세,상해없음,승용,여,24세,경상
2012072600100533,2012년 7월 26일 19시,목요일,부산광역시 연제구 연산동,경상사고,0,0,1,0,차대차 - 기타,안전운전불이행,건조,맑음,기타 - 기타,승용,남,37세,상해없음,승용,여,47세,경상
2012072600100569,2012년 7월 26일 20시,목요일,부산광역시 사하구 신평동,중상사고,0,1,0,0,차대차 - 기타,신호위반,건조,맑음,교차로 - 교차로안,승용,남,56세,상해없음,이륜,남,17세,중상
2012072600100597,2012년 7월 26일 21시,목요일,부산광역시 수영구 망미동,중상사고,0,1,0,0,차대차 - 기타,신호위반,건조,맑음,단일로 - 횡단보도상,승용,여,45세,상해없음,원동기,여,51세,중상
2012072600100624,2012년 7월 26일 22시,목요일,부산광역시 사하구 하단동,경상사고,0,0,2,0,차대차 - 기타,안전거리미확보,건조,맑음,교차로 - 교차로부근,승용,여,56세,상해없음,승용,남,47세,상해없음
2012072600100625,2012년 7월 26일 22시,목요일,부산광역시 강서구 지사동,중상사고,0,2,0,0,차대차 - 측면직각충돌,신호위반,건조,맑음,교차로 - 교차로안,승용,남,53세,상해없음,승용,남,29세,상해없음
2012072600100656,2012년 7월 26일 23시,목요일,부산광역시 동구 초량동,중상사고,0,1,2,0,차대차 - 측면직각충돌,신호위반,건조,맑음,교차로 - 교차로안,승용,남,33세,경상,승용,남,45세,경상
2012072600100657,2012년 7월 26일 23시,목요일,부산광역시 남구 문현동,중상사고,0,1,4,0,차대차 - 추돌 - 진행중,안전운전불이행,건조,맑음,교차로 - 교차로부근,승용,여,46세,기타불명,승용,남,68세,경상
2012072600100658,2012년 7월 26일 23시,목요일,부산광역시 사하구 장림동,중상사고,0,1,3,0,차대차 - 기타,신호위반,건조,맑음,교차로 - 교차로안,승용,남,60세,상해없음,승용,남,21세,중상
2012072700100004,2012년 7월 27일 00시,금요일,부산광역시 동래구 온천동,경상사고,0,0,1,0,차대차 - 측면직각충돌,안전거리미확보,건조,맑음,단일로 - 기타,이륜,기타불명,기타불명,기타불명,승용,남,48세,경상
2012072700100005,2012년 7월 27일 00시,금요일,부산광역시 부산진구 범천동,중상사고,0,2,0,1,차량단독 - 공작물충돌,안전운전불이행,건조,맑음,교차로 - 교차로부근,승용,남,65세,부상신고,,,,
2012072700100025,2012년 7월 27일 01시,금요일,부산광역시 부산진구 양정동,경상사고,0,0,1,0,차대차 - 추돌 - 주정차중,안전운전불이행,건조,맑음,단일로 - 기타,승용,남,50세,상해없음,승용,남,34세,경상
2012072700100053,2012년 7월 27일 03시,금요일,부산광역시 북구 만덕동,경상사고,0,0,1,0,차대차 - 측면직각충돌,안전운전불이행,건조,맑음,단일로 - 기타,승용,남,28세,기타불명,승용,남,62세,경상
2012072700100054,2012년 7월 27일 03시,금요일,부산광역시 수영구 망미동,중상사고,0,1,0,0,차대사람 - 기타,안전운전불이행,건조,맑음,교차로 - 교차로부근,승용,여,39세,상해없음,보행자,남,54세,중상
2012072700100079,2012년 7월 27일 05시,금요일,부산광역시 연제구 연산동,경상사고,0,0,2,0,차대차 - 정면충돌,신호위반,건조,맑음,교차로 - 교차로안,승용,남,23세,상해없음,승용,여,50세,경상
2012072700100090,2012년 7월 27일 06시,금요일,부산광역시 북구 구포동,중상사고,0,1,0,0,차대사람 - 기타,안전운전불이행,건조,맑음,기타 - 기타,승용,남,30세,상해없음,보행자,여,84세,중상
2012072700100091,2012년 7월 27일 06시,금요일,부산광역시 부산진구 범전동,경상사고,0,0,2,0,차대차 - 기타,신호위반,기타,맑음,교차로 - 교차로안,화물,남,55세,상해없음,승용,남,59세,경상
2012072700100101,2012년 7월 27일 07시,금요일,부산광역시 사하구 하단동,경상사고,0,0,1,0,차대차 - 기타,안전운전불이행,건조,맑음,단일로 - 기타,승합,남,67세,기타불명,승용,남,34세,경상
2012072700100102,2012년 7월 27일 07시,금요일,부산광역시 강서구 송정동,경상사고,0,0,1,0,차대차 - 측면직각충돌,안전운전불이행,건조,맑음,단일로 - 기타,승용,남,33세,기타불명,승용,여,31세,경상
2012072700100129,2012년 7월 27일 08시,금요일,부산광역시 기장군 정관면,부상신고사고,0,0,0,1,차대차 - 추돌 - 진행중,안전운전불이행,건조,맑음,단일로 - 기타,이륜,남,64세,부상신고,승합,남,46세,상해없음
2012072700100160,2012년 7월 27일 09시,금요일,부산광역시 영도구 대교동1가,중상사고,0,1,0,0,차대차 - 추돌 - 주정차중,안전운전불이행,건조,맑음,교차로 - 교차로부근,화물,남,32세,상해없음,승용,남,40세,중상
2012072700100161,2012년 7월 27일 09시,금요일,부산광역시 연제구 거제동,경상사고,0,0,3,0,차대차 - 측면직각충돌,기타,건조,맑음,교차로 - 교차로안,승용,남,52세,경상,승용,남,48세,경상
2012072700100162,2012년 7월 27일 09시,금요일,부산광역시 강서구 대저1동,경상사고,0,0,2,0,차대차 - 추돌 - 주정차중,안전운전불이행,건조,맑음,기타 - 기타,특수,남,36세,상해없음,승용,여,38세,상해없음
2012072700100199,2012년 7월 27일 10시,금요일,부산광역시 부산진구 부암동,중상사고,0,2,0,0,차량단독 - 공작물충돌,안전운전불이행,건조,맑음,단일로 - 기타,승합,남,54세,상해없음,,,,
2012072700100200,2012년 7월 27일 10시,금요일,부산광역시 부산진구 부전동,경상사고,0,0,1,0,차대차 - 기타,안전운전불이행,건조,맑음,단일로 - 기타,승용,여,50세,상해없음,화물,남,53세,경상
2012072700100201,2012년 7월 27일 10시,금요일,부산광역시 금정구 장전동,부상신고사고,0,0,0,1,차대차 - 측면직각충돌,교차로운행방법위반,건조,맑음,교차로 - 교차로부근,승용,남,25세,상해없음,승용,남,28세,부상신고
2012072700100202,2012년 7월 27일 10시,금요일,부산광역시 사상구 엄궁동,중상사고,0,2,0,1,차대차 - 측면직각충돌,신호위반,건조,맑음,교차로 - 교차로안,원동기,남,14세,부상신고,승용,여,66세,상해없음
2012072700100240,2012년 7월 27일 11시,금요일,부산광역시 동래구 수안동,부상신고사고,0,0,0,1,차대사람 - 횡단중,안전운전불이행,건조,맑음,단일로 - 기타,승용,여,53세,상해없음,보행자,여,68세,부상신고
2012072700100241,2012년 7월 27일 11시,금요일,부산광역시 해운대구 재송동,중상사고,0,1,0,0,차대사람 - 횡단중,신호위반,건조,맑음,단일로 - 횡단보도상,승용,남,65세,상해없음,보행자,여,18세,중상
2012072700100242,2012년 7월 27일 11시,금요일,부산광역시 사상구 학장동,경상사고,0,0,1,0,차대차 - 측면직각충돌,신호위반,건조,맑음,교차로 - 교차로안,승용,여,18세,상해없음,원동기,남,43세,경상
2012072700100243,2012년 7월 27일 11시,금요일,부산광역시 사상구 감전동,경상사고,0,0,2,0,차대차 - 측면직각충돌,중앙선침범,건조,맑음,단일로 - 기타,승용,남,55세,상해없음,화물,남,22세,경상
2012072700100278,2012년 7월 27일 12시,금요일,부산광역시 동래구 온천동,중상사고,0,1,0,0,차대사람 - 기타,안전운전불이행,건조,맑음,단일로 - 횡단보도부근,승용,남,66세,상해없음,보행자,남,12세,중상
2012072700100279,2012년 7월 27일 12시,금요일,부산광역시 동래구 안락동,경상사고,0,0,1,0,차대차 - 측면직각충돌,안전운전불이행,건조,맑음,단일로 - 기타,승합,남,48세,상해없음,자전거,남,17세,경상
2012072700100280,2012년 7월 27일 12시,금요일,부산광역시 해운대구 좌동,중상사고,0,1,0,0,차대차 - 추돌 - 주정차중,안전운전불이행,건조,맑음,단일로 - 기타,승용,남,27세,상해없음,승용,여,45세,중상
2012072700100281,2012년 7월 27일 12시,금요일,부산광역시 사하구 감천동,중상사고,0,1,0,0,차대사람 - 기타,중앙선침범,건조,맑음,단일로 - 기타,승용,여,50세,기타불명,보행자,여,76세,중상
2012072700100282,2012년 7월 27일 12시,금요일,부산광역시 강서구 송정동,중상사고,0,1,2,0,차대차 - 기타,교차로운행방법위반,건조,맑음,교차로 - 교차로안,승용,남,57세,상해없음,승용,남,31세,중상
2012072700100309,2012년 7월 27일 13시,금요일,부산광역시 기장군 정관면,중상사고,0,2,1,0,차대차 - 측면직각충돌,교차로운행방법위반,건조,맑음,교차로 - 교차로안,화물,여,39세,경상,승용,여,42세,중상
2012072700100363,2012년 7월 27일 15시,금요일,부산광역시 중구 영주동,중상사고,0,1,0,0,차대차 - 추돌 - 진행중,교차로운행방법위반,건조,맑음,교차로 - 교차로부근,승용,남,68세,상해없음,건설기계,남,57세,상해없음
2012072700100364,2012년 7월 27일 15시,금요일,부산광역시 동래구 안락동,중상사고,0,1,0,0,차대사람 - 횡단중,신호위반,건조,맑음,단일로 - 횡단보도부근,이륜,남,74세,상해없음,보행자,여,13세,중상
2012072700100398,2012년 7월 27일 16시,금요일,부산광역시 부산진구 전포동,경상사고,0,0,1,0,차대사람 - 횡단중,안전운전불이행,건조,맑음,단일로 - 기타,승용,남,66세,상해없음,보행자,여,63세,경상
2012072700100399,2012년 7월 27일 16시,금요일,부산광역시 사하구 다대동,중상사고,0,1,0,0,차대차 - 추돌 - 진행중,안전거리미확보,건조,맑음,단일로 - 기타,승합,남,56세,상해없음,원동기,남,63세,중상
2012072700100444,2012년 7월 27일 17시,금요일,부산광역시 북구 구포동,경상사고,0,0,1,0,차대차 - 측면직각충돌,안전거리미확보,건조,맑음,단일로 - 기타,승용,남,54세,상해없음,승용,남,60세,경상
2012072700100482,2012년 7월 27일 18시,금요일,부산광역시 부산진구 부전동,경상사고,0,0,1,0,차대사람 - 기타,안전운전불이행,건조,맑음,단일로 - 기타,승용,남,27세,상해없음,보행자,여,16세,경상
2012072700100483,2012년 7월 27일 18시,금요일,부산광역시 강서구 대저1동,중상사고,0,1,0,0,차대사람 - 횡단중,안전운전불이행,건조,맑음,단일로 - 기타,승용,남,43세,상해없음,보행자,남,9세,중상
2012072700100484,2012년 7월 27일 18시,금요일,부산광역시 강서구 대저2동,경상사고,0,0,3,0,차대차 - 기타,안전운전불이행,건조,맑음,교차로 - 교차로부근,특수,남,55세,상해없음,승용,남,25세,경상
2012072700100524,2012년 7월 27일 19시,금요일,부산광역시 동구 초량동,중상사고,0,1,0,0,차량단독 - 기타,안전운전불이행,건조,맑음,단일로 - 기타,승합,남,51세,기타불명,,,,
2012072700100559,2012년 7월 27일 20시,금요일,부산광역시 서구 토성동3가,중상사고,0,1,0,0,차대사람 - 횡단중,보행자보호의무위반,건조,맑음,단일로 - 기타,승용,남,58세,상해없음,보행자,여,51세,중상
2012072700100560,2012년 7월 27일 20시,금요일,부산광역시 남구 문현동,경상사고,0,0,1,0,차대차 - 기타,안전운전불이행,건조,맑음,교차로 - 교차로부근,원동기,남,49세,상해없음,자전거,남,29세,경상
2012072700100561,2012년 7월 27일 20시,금요일,부산광역시 수영구 광안동,경상사고,0,0,1,0,차대차 - 추돌 - 주정차중,안전운전불이행,건조,맑음,단일로 - 기타,승용,남,41세,상해없음,자전거,남,22세,경상
2012072700100562,2012년 7월 27일 20시,금요일,부산광역시 북구 구포동,경상사고,0,0,1,0,차대사람 - 기타,안전운전불이행,건조,맑음,기타 - 기타,승용,남,60세,상해없음,보행자,남,1세,경상
2012072700100563,2012년 7월 27일 20시,금요일,부산광역시 사상구 감전동,경상사고,0,0,2,0,차대차 - 측면직각충돌,교차로운행방법위반,건조,맑음,교차로 - 교차로안,승용,남,46세,상해없음,이륜,남,53세,경상
2012072700100603,2012년 7월 27일 21시,금요일,부산광역시 수영구 광안동,경상사고,0,0,3,0,차대차 - 추돌 - 주정차중,안전운전불이행,건조,맑음,기타 - 기타,승용,남,66세,상해없음,승용,남,39세,기타불명
2012072700100644,2012년 7월 27일 22시,금요일,부산광역시 부산진구 연지동,중상사고,0,1,0,0,차대차 - 측면직각충돌,교차로운행방법위반,건조,맑음,교차로 - 교차로안,승용,남,50세,상해없음,원동기,여,50세,중상
2012072700100645,2012년 7월 27일 22시,금요일,부산광역시 연제구 연산동,중상사고,0,1,0,0,차대차 - 정면충돌,신호위반,건조,맑음,교차로 - 교차로안,승용,남,53세,상해없음,이륜,남,22세,중상
2012072700100646,2012년 7월 27일 22시,금요일,부산광역시 기장군 기장읍,경상사고,0,0,1,0,차대차 - 측면직각충돌,교차로운행방법위반,건조,맑음,교차로 - 교차로안,승용,여,51세,경상,승용,남,54세,상해없음
2012072700100680,2012년 7월 27일 23시,금요일,부산광역시 해운대구 반송동,중상사고,0,1,0,0,차대사람 - 횡단중,안전운전불이행,건조,맑음,단일로 - 기타,이륜,남,27세,상해없음,보행자,남,55세,중상
2012072700100681,2012년 7월 27일 23시,금요일,부산광역시 해운대구 우동,경상사고,0,0,4,0,차대차 - 추돌 - 주정차중,안전운전불이행,건조,맑음,단일로 - 기타,승용,남,56세,상해없음,승용,남,39세,경상
2012072700100682,2012년 7월 27일 23시,금요일,부산광역시 부산진구 범천동,경상사고,0,0,1,0,차대차 - 측면직각충돌,안전거리미확보,건조,맑음,미분류 - 미분류,승용,남,54세,상해없음,승용,남,61세,경상
2012072800100006,2012년 7월 28일 00시,토요일,부산광역시 사상구 괘법동,경상사고,0,0,1,0,차대사람 - 차도통행중,불법유턴,건조,맑음,단일로 - 기타,승용,남,40세,상해없음,보행자,여,20세,경상
2012072800100047,2012년 7월 28일 02시,토요일,부산광역시 남구 대연동,중상사고,0,1,0,0,차대차 - 측면직각충돌,중앙선침범,건조,맑음,단일로 - 기타,원동기,남,32세,중상,승용,남,62세,상해없음
2012072800100063,2012년 7월 28일 03시,토요일,부산광역시 동구 초량동,경상사고,0,0,2,0,차대차 - 측면직각충돌,신호위반,건조,맑음,교차로 - 교차로안,승용,남,65세,상해없음,승용,남,47세,상해없음
2012072800100064,2012년 7월 28일 03시,토요일,부산광역시 동구 초량동,경상사고,0,0,1,0,차대차 - 기타,안전운전불이행,건조,맑음,교차로 - 교차로부근,승용,기타불명,기타불명,기타불명,원동기,남,58세,경상
2012072800100065,2012년 7월 28일 03시,토요일,부산광역시 해운대구 중동,중상사고,0,1,0,0,차대사람 - 횡단중,보행자보호의무위반,건조,맑음,교차로 - 교차로안,승용,남,29세,상해없음,보행자,남,51세,중상
2012072800100081,2012년 7월 28일 04시,토요일,부산광역시 동래구 낙민동,경상사고,0,0,2,0,차대차 - 측면직각충돌,신호위반,건조,맑음,교차로 - 교차로안,승용,남,74세,상해없음,승용,남,47세,경상
2012072800100082,2012년 7월 28일 04시,토요일,부산광역시 기장군 기장읍,부상신고사고,0,0,0,1,차대사람 - 기타,안전운전불이행,건조,맑음,교차로 - 교차로부근,승용,남,73세,상해없음,보행자,남,30세,부상신고
2012072800100095,2012년 7월 28일 05시,토요일,부산광역시 해운대구 좌동,중상사고,0,1,2,0,차대차 - 측면직각충돌,신호위반,건조,기타,교차로 - 교차로안,승용,남,22세,경상,승용,남,60세,경상
2012072800100096,2012년 7월 28일 05시,토요일,부산광역시 부산진구 가야동,경상사고,0,0,2,0,차대차 - 추돌 - 진행중,안전운전불이행,건조,맑음,교차로 - 교차로부근,승용,남,35세,상해없음,승용,남,53세,경상
2012072800100114,2012년 7월 28일 06시,토요일,부산광역시 북구 구포동,중상사고,0,1,0,0,차대사람 - 횡단중,신호위반,건조,맑음,교차로 - 교차로안,승합,남,38세,상해없음,보행자,여,58세,중상
2012072800100128,2012년 7월 28일 07시,토요일,부산광역시 강서구 송정동,경상사고,0,0,1,0,차대차 - 측면직각충돌,중앙선침범,건조,맑음,교차로 - 교차로부근,승용,남,48세,상해없음,승용,남,30세,경상
2012072800100148,2012년 7월 28일 08시,토요일,부산광역시 강서구 명지동,중상사고,0,1,0,0,차대차 - 기타,안전운전불이행,건조,맑음,단일로 - 기타,승용,남,65세,상해없음,승용,여,43세,중상
2012072800100167,2012년 7월 28일 09시,토요일,부산광역시 수영구 민락동,중상사고,0,1,0,0,차대사람 - 길가장자리구역통행중,안전운전불이행,건조,맑음,기타 - 기타,승용,여,51세,상해없음,보행자,여,70세,중상
2012072800100168,2012년 7월 28일 09시,토요일,부산광역시 해운대구 우동,경상사고,0,0,4,0,차대차 - 추돌 - 진행중,안전운전불이행,건조,맑음,단일로 - 기타,승용,여,41세,상해없음,승용,남,76세,상해없음
2012072800100169,2012년 7월 28일 09시,토요일,부산광역시 사하구 당리동,부상신고사고,0,0,0,1,차대차 - 측면직각충돌,교차로운행방법위반,건조,맑음,교차로 - 교차로안,승용,남,64세,상해없음,승용,남,66세,상해없음
2012072800100193,2012년 7월 28일 10시,토요일,부산광역시 사하구 하단동,중상사고,0,1,2,0,차대차 - 측면직각충돌,신호위반,건조,맑음,교차로 - 교차로안,승용,남,65세,상해없음,승용,남,59세,경상
2012072800100216,2012년 7월 28일 11시,토요일,부산광역시 동구 범일동,중상사고,0,1,0,0,차대사람 - 횡단중,안전운전불이행,건조,맑음,교차로 - 교차로안,승용,남,23세,상해없음,보행자,여,64세,중상
2012072800100217,2012년 7월 28일 11시,토요일,부산광역시 부산진구 연지동,중상사고,0,2,3,0,차대차 - 측면직각충돌,안전거리미확보,건조,맑음,단일로 - 기타,승용,남,29세,상해없음,화물,남,53세,경상
2012072800100218,2012년 7월 28일 11시,토요일,부산광역시 부산진구 양정동,경상사고,0,0,1,0,차대차 - 기타,안전거리미확보,건조,맑음,단일로 - 기타,승용,남,51세,상해없음,이륜,남,26세,경상
2012072800100219,2012년 7월 28일 11시,토요일,부산광역시 연제구 연산동,중상사고,0,1,0,0,차대사람 - 기타,기타,건조,맑음,기타 - 기타,원동기,남,16세,기타불명,보행자,여,19세,중상
2012072800100245,2012년 7월 28일 12시,토요일,부산광역시 남구 용호동,경상사고,0,0,2,0,차대차 - 추돌 - 주정차중,안전운전불이행,건조,맑음,단일로 - 기타,승용,남,22세,상해없음,승용,남,35세,상해없음
2012072800100246,2012년 7월 28일 12시,토요일,부산광역시 동래구 사직동,경상사고,0,0,1,0,차대차 - 측면직각충돌,안전운전불이행,건조,맑음,단일로 - 기타,이륜,남,19세,경상,승용,여,31세,상해없음
2012072800100247,2012년 7월 28일 12시,토요일,부산광역시 동래구 명륜동,경상사고,0,0,1,0,차대차 - 측면직각충돌,안전운전불이행,건조,맑음,단일로 - 기타,승용,남,31세,상해없음,승용,여,33세,경상
2012072800100248,2012년 7월 28일 12시,토요일,부산광역시 해운대구 우동,경상사고,0,0,1,0,차대차 - 기타,안전운전불이행,건조,맑음,단일로 - 기타,승용,남,28세,상해없음,승용,남,62세,경상
2012072800100249,2012년 7월 28일 12시,토요일,부산광역시 사하구 신평동,중상사고,0,1,0,0,차대사람 - 횡단중,보행자보호의무위반,건조,맑음,단일로 - 기타,승용,남,52세,상해없음,보행자,여,60세,중상
2012072800100279,2012년 7월 28일 13시,토요일,부산광역시 동구 수정동,경상사고,0,0,3,0,차대차 - 추돌 - 진행중,안전거리미확보,건조,맑음,단일로 - 기타,승용,남,56세,상해없음,승용,여,28세,상해없음
2012072800100280,2012년 7월 28일 13시,토요일,부산광역시 서구 서대신동1가,경상사고,0,0,2,0,차대차 - 추돌 - 주정차중,안전거리미확보,건조,맑음,단일로 - 터널,승용,여,33세,기타불명,승용,남,35세,경상
2012072800100281,2012년 7월 28일 13시,토요일,부산광역시 연제구 연산동,중상사고,0,1,0,0,차대차 - 측면직각충돌,중앙선침범,건조,맑음,단일로 - 기타,이륜,남,42세,상해없음,이륜,남,53세,중상
2012072800100318,2012년 7월 28일 14시,토요일,부산광역시 영도구 봉래동1가,중상사고,0,1,0,0,차대사람 - 기타,안전운전불이행,건조,맑음,교차로 - 교차로안,승합,남,40세,상해없음,보행자,여,78세,중상
2012072800100345,2012년 7월 28일 15시,토요일,부산광역시 해운대구 중동,중상사고,0,1,0,0,차대사람 - 차도통행중,안전운전불이행,건조,맑음,단일로 - 횡단보도부근,승용,남,61세,상해없음,보행자,여,19세,중상
2012072800100346,2012년 7월 28일 15시,토요일,부산광역시 해운대구 중동,부상신고사고,0,0,0,1,차대차 - 추돌 - 진행중,안전거리미확보,건조,맑음,단일로 - 기타,승용,남,29세,상해없음,승용,여,40세,부상신고
2012072800100347,2012년 7월 28일 15시,토요일,부산광역시 해운대구 반여동,경상사고,0,0,1,0,차대차 - 측면직각충돌,안전거리미확보,건조,맑음,단일로 - 교량,승용,여,28세,상해없음,승용,여,34세,경상
2012072800100348,2012년 7월 28일 15시,토요일,부산광역시 사하구 괴정동,경상사고,0,0,1,0,차대사람 - 기타,안전운전불이행,건조,맑음,단일로 - 기타,승용,남,44세,상해없음,보행자,남,7세,경상
2012072800100415,2012년 7월 28일 17시,토요일,부산광역시 중구 남포동2가,경상사고,0,0,2,0,차대차 - 추돌 - 주정차중,안전운전불이행,건조,맑음,단일로 - 기타,승용,남,65세,상해없음,승용,남,57세,경상
2012072800100416,2012년 7월 28일 17시,토요일,부산광역시 부산진구 범천동,중상사고,0,1,0,0,차대차 - 측면직각충돌,신호위반,건조,맑음,교차로 - 교차로안,승용,남,38세,상해없음,자전거,남,69세,중상
2012072800100417,2012년 7월 28일 17시,토요일,부산광역시 부산진구 당감동,중상사고,0,3,4,0,차대차 - 기타,안전운전불이행,건조,맑음,단일로 - 기타,건설기계,남,49세,상해없음,승용,남,59세,경상
2012072800100418,2012년 7월 28일 17시,토요일,부산광역시 부산진구 개금동,경상사고,0,0,1,0,차대차 - 측면직각충돌,안전운전불이행,건조,맑음,교차로 - 교차로안,승용,남,56세,상해없음,원동기,남,49세,경상
2012072800100419,2012년 7월 28일 17시,토요일,부산광역시 기장군 정관면,경상사고,0,0,1,1,차대차 - 측면직각충돌,중앙선침범,건조,맑음,교차로 - 교차로안,승용,남,24세,상해없음,승용,남,28세,경상
2012072800100456,2012년 7월 28일 18시,토요일,부산광역시 강서구 죽림동,중상사고,0,1,0,0,차대차 - 기타,안전운전불이행,건조,맑음,단일로 - 기타,승용,기타불명,기타불명,기타불명,승용,남,52세,중상
2012072800100457,2012년 7월 28일 18시,토요일,부산광역시 사상구 주례동,중상사고,0,2,0,0,차대차 - 기타,안전거리미확보,건조,맑음,단일로 - 기타,승용,남,52세,상해없음,이륜,남,27세,중상
2012072800100489,2012년 7월 28일 19시,토요일,부산광역시 중구 동광동3가,중상사고,0,1,0,0,차대사람 - 기타,안전운전불이행,건조,맑음,기타 - 기타,승용,남,42세,상해없음,보행자,남,63세,중상
2012072800100490,2012년 7월 28일 19시,토요일,부산광역시 수영구 광안동,중상사고,0,1,0,0,차대사람 - 횡단중,안전운전불이행,건조,맑음,단일로 - 기타,승용,남,66세,상해없음,보행자,여,70세,중상
2012072800100520,2012년 7월 28일 20시,토요일,부산광역시 동래구 온천동,경상사고,0,0,1,0,차대차 - 측면직각충돌,안전거리미확보,건조,맑음,교차로 - 교차로안,화물,남,66세,상해없음,승용,여,48세,경상
2012072800100521,2012년 7월 28일 20시,토요일,부산광역시 해운대구 우동,경상사고,0,0,2,0,차대차 - 추돌 - 주정차중,안전운전불이행,건조,맑음,단일로 - 기타,승용,남,26세,기타불명,승용,여,29세,경상
2012072800100522,2012년 7월 28일 20시,토요일,부산광역시 기장군 장안읍,중상사고,0,1,0,0,차대차 - 추돌 - 주정차중,안전운전불이행,건조,맑음,교차로 - 교차로부근,승용,남,54세,상해없음,화물,여,53세,중상
2012072800100567,2012년 7월 28일 21시,토요일,부산광역시 해운대구 반여동,경상사고,0,0,1,0,차대차 - 추돌 - 주정차중,안전운전불이행,건조,맑음,단일로 - 기타,이륜,남,43세,상해없음,승용,여,36세,경상
2012072800100568,2012년 7월 28일 21시,토요일,부산광역시 사하구 신평동,경상사고,0,0,1,0,차대차 - 측면직각충돌,중앙선침범,건조,맑음,단일로 - 기타,승용,남,60세,상해없음,승용,남,38세,경상
2012072800100569,2012년 7월 28일 21시,토요일,부산광역시 사하구 괴정동,경상사고,0,0,1,0,차대차 - 기타,안전거리미확보,건조,맑음,단일로 - 기타,승용,남,28세,상해없음,원동기,남,22세,경상
2012072800100570,2012년 7월 28일 21시,토요일,부산광역시 사상구 덕포동,중상사고,0,1,0,0,차대차 - 기타,안전거리미확보,건조,맑음,단일로 - 기타,승용,남,62세,상해없음,이륜,남,45세,중상
2012072800100614,2012년 7월 28일 22시,토요일,부산광역시 남구 대연동,중상사고,0,2,0,0,차대차 - 추돌 - 진행중,안전거리미확보,건조,맑음,단일로 - 기타,승용,남,58세,상해없음,원동기,남,17세,중상
2012072800100641,2012년 7월 28일 23시,토요일,부산광역시 동구 초량동,부상신고사고,0,0,0,2,차대차 - 추돌 - 진행중,안전거리미확보,건조,맑음,단일로 - 기타,승용,남,52세,상해없음,원동기,남,16세,상해없음
2012072800100642,2012년 7월 28일 23시,토요일,부산광역시 동래구 명장동,중상사고,0,1,0,0,차대사람 - 기타,안전운전불이행,건조,맑음,기타 - 기타,승용,남,33세,상해없음,보행자,남,39세,중상
2012072800100643,2012년 7월 28일 23시,토요일,부산광역시 금정구 부곡동,부상신고사고,0,0,0,1,차대차 - 측면직각충돌,안전운전불이행,건조,맑음,단일로 - 기타,이륜,남,17세,부상신고,승용,남,58세,상해없음
2012072900100004,2012년 7월 29일 00시,일요일,부산광역시 강서구 대저1동,사망사고,1,0,0,0,차대사람 - 횡단중,안전운전불이행,건조,맑음,단일로 - 기타,승용,남,50세,상해없음,보행자,남,55세,사망
2012072900100027,2012년 7월 29일 01시,일요일,부산광역시 동구 범일동,경상사고,0,0,1,0,차대차 - 기타,안전운전불이행,건조,맑음,교차로 - 교차로부근,화물,남,57세,상해없음,승용,남,55세,경상
2012072900100028,2012년 7월 29일 01시,일요일,부산광역시 수영구 민락동,경상사고,0,0,1,0,차대사람 - 기타,안전운전불이행,건조,맑음,단일로 - 기타,이륜,남,19세,상해없음,보행자,여,51세,경상
2012072900100045,2012년 7월 29일 02시,일요일,부산광역시 연제구 연산동,중상사고,0,1,0,0,차대사람 - 횡단중,안전운전불이행,건조,흐림,단일로 - 기타,승용,남,63세,상해없음,보행자,남,43세,중상