사고번호,사고일시,요일,시군구,사고내용,사망자수,중상자수,경상자수,부상신고자수,사고유형,법규위반,노면상태,기상상태,도로형태,가해운전자 차종,가해운전자 성별,가해운전자 연령,가해운전자 상해정도,피해운전자 차종,피해운전자 성별,피해운전자 연령,피해운전자 상해정도
2012080100100042,2012년 8월 1일 03시,수요일,부산광역시 해운대구 재송동,경상사고,0,0,1,0,차대차 - 측면직각충돌,신호위반,건조,맑음,단일로 - 횡단보도상,승용,남,50세,상해없음,이륜,남,30세,경상
2012080100100052,2012년 8월 1일 04시,수요일,부산광역시 사상구 모라동,경상사고,0,0,1,0,차대사람 - 횡단중,안전운전불이행,건조,맑음,교차로 - 교차로안,승용,남,44세,상해없음,보행자,여,63세,경상
2012080100100063,2012년 8월 1일 05시,수요일,부산광역시 사하구 장림동,부상신고사고,0,0,0,1,차대차 - 정면충돌,중앙선침범,건조,맑음,교차로 - 교차로부근,이륜,남,22세,상해없음,승합,남,57세,상해없음
2012080100100075,2012년 8월 1일 06시,수요일,부산광역시 남구 대연동,경상사고,0,0,4,0,차대차 - 측면직각충돌,중앙선침범,건조,맑음,단일로 - 기타,화물,남,31세,기타불명,승합,남,42세,경상
2012080100100076,2012년 8월 1일 06시,수요일,부산광역시 해운대구 중동,경상사고,0,0,3,0,차대차 - 측면직각충돌,교차로운행방법위반,건조,맑음,교차로 - 교차로안,승합,남,65세,상해없음,승용,남,54세,경상
2012080100100088,2012년 8월 1일 07시,수요일,부산광역시 동래구 온천동,경상사고,0,0,2,0,차대차 - 추돌 - 주정차중,안전운전불이행,건조,맑음,교차로 - 교차로안,화물,남,26세,상해없음,승용,남,70세,경상
2012080100100105,2012년 8월 1일 08시,수요일,부산광역시 수영구 남천동,중상사고,0,1,0,0,차량단독 - 기타,안전운전불이행,건조,맑음,단일로 - 기타,승합,남,45세,상해없음,,,,
2012080100100106,2012년 8월 1일 08시,수요일,부산광역시 해운대구 우동,경상사고,0,0,1,0,차대차 - 추돌 - 진행중,안전거리미확보,건조,맑음,단일로 - 기타,승용,남,56세,상해없음,승용,남,32세,경상
2012080100100107,2012년 8월 1일 08시,수요일,부산광역시 금정구 부곡동,경상사고,0,0,1,1,차대차 - 추돌 - 진행중,안전운전불이행,건조,맑음,교차로 - 교차로안,승용,남,47세,상해없음,화물,남,62세,부상신고
2012080100100108,2012년 8월 1일 08시,수요일,부산광역시 연제구 거제동,중상사고,0,1,0,0,차대사람 - 횡단중,보행자보호의무위반,건조,맑음,단일로 - 횡단보도상,화물,남,42세,상해없음,보행자,여,52세,중상
2012080100100127,2012년 8월 1일 09시,수요일,부산광역시 서구 동대신동1가,경상사고,0,0,1,0,차대차 - 추돌 - 진행중,안전거리미확보,건조,맑음,단일로 - 기타,특수,남,39세,상해없음,승용,남,46세,경상
2012080100100128,2012년 8월 1일 09시,수요일,부산광역시 남구 대연동,경상사고,0,0,1,0,차대차 - 추돌 - 주정차중,안전운전불이행,건조,맑음,기타 - 기타,승합,남,45세,상해없음,화물,남,40세,경상
2012080100100129,2012년 8월 1일 09시,수요일,부산광역시 동래구 안락동,중상사고,0,1,0,0,차대사람 - 횡단중,보행자보호의무위반,건조,맑음,단일로 - 횡단보도상,승용,여,49세,상해없음,보행자,남,48세,중상
2012080100100130,2012년 8월 1일 09시,수요일,부산광역시 부산진구 양정동,중상사고,0,1,0,0,차대사람 - 기타,안전운전불이행,건조,맑음,단일로 - 기타,화물,남,65세,상해없음,보행자,여,74세,중상
2012080100100152,2012년 8월 1일 10시,수요일,부산광역시 부산진구 당감동,경상사고,0,0,1,0,차대차 - 기타,안전운전불이행,기타,맑음,기타 - 기타,승용,남,54세,상해없음,이륜,남,39세,경상
2012080100100182,2012년 8월 1일 11시,수요일,부산광역시 해운대구 우동,중상사고,0,1,0,0,차대사람 - 차도통행중,안전운전불이행,건조,맑음,단일로 - 기타,승용,남,19세,상해없음,보행자,남,21세,중상
2012080100100239,2012년 8월 1일 13시,수요일,부산광역시 남구 용호동,경상사고,0,0,2,0,차대차 - 추돌 - 진행중,교차로운행방법위반,건조,맑음,교차로 - 교차로안,승합,남,37세,상해없음,승용,여,42세,경상
2012080100100240,2012년 8월 1일 13시,수요일,부산광역시 금정구 서동,중상사고,0,1,0,0,차대사람 - 횡단중,기타,건조,맑음,단일로 - 기타,승용,남,36세,상해없음,보행자,여,8세,중상
2012080100100241,2012년 8월 1일 13시,수요일,부산광역시 사상구 모라동,경상사고,0,0,1,0,차대사람 - 길가장자리구역통행중,신호위반,건조,맑음,단일로 - 기타,승용,남,68세,상해없음,보행자,여,16세,경상
2012080100100277,2012년 8월 1일 14시,수요일,부산광역시 서구 동대신동1가,경상사고,0,0,4,0,차대차 - 추돌 - 진행중,안전운전불이행,건조,맑음,교차로 - 교차로부근,승용,남,38세,상해없음,승용,여,63세,기타불명
2012080100100304,2012년 8월 1일 15시,수요일,부산광역시 수영구 광안동,중상사고,0,1,0,0,차대사람 - 기타,안전운전불이행,건조,맑음,단일로 - 기타,이륜,남,17세,상해없음,보행자,여,54세,중상
2012080100100305,2012년 8월 1일 15시,수요일,부산광역시 동래구 낙민동,중상사고,0,1,0,0,차대사람 - 횡단중,안전운전불이행,건조,맑음,교차로 - 교차로부근,승합,남,54세,상해없음,보행자,여,71세,중상
2012080100100306,2012년 8월 1일 15시,수요일,부산광역시 사상구 학장동,경상사고,0,0,5,0,차대차 - 추돌 - 주정차중,안전거리미확보,건조,맑음,교차로 - 교차로부근,승용,남,48세,상해없음,승용,남,46세,경상
2012080100100339,2012년 8월 1일 16시,수요일,부산광역시 부산진구 개금동,중상사고,0,1,0,0,차대차 - 기타,안전거리미확보,건조,맑음,단일로 - 기타,화물,남,47세,상해없음,승합,남,47세,상해없음
2012080100100367,2012년 8월 1일 17시,수요일,부산광역시 중구 남포동3가,경상사고,0,0,1,1,차대차 - 측면직각충돌,기타,건조,맑음,단일로 - 기타,승용,남,52세,상해없음,이륜,남,18세,경상
2012080100100368,2012년 8월 1일 17시,수요일,부산광역시 사상구 감전동,경상사고,0,0,1,0,차대차 - 기타,불법유턴,건조,맑음,교차로 - 교차로안,화물,남,55세,상해없음,승용,남,25세,경상
2012080100100401,2012년 8월 1일 18시,수요일,부산광역시 동래구 안락동,중상사고,0,1,0,0,차대차 - 측면직각충돌,교차로운행방법위반,건조,맑음,교차로 - 교차로안,승용,남,47세,상해없음,원동기,남,25세,중상
2012080100100402,2012년 8월 1일 18시,수요일,부산광역시 영도구 동삼동,경상사고,0,0,1,0,차대차 - 추돌 - 진행중,안전운전불이행,건조,맑음,교차로 - 교차로안,승용,남,54세,상해없음,이륜,남,16세,경상
2012080100100403,2012년 8월 1일 18시,수요일,부산광역시 사하구 다대동,경상사고,0,0,1,0,차대차 - 측면직각충돌,안전거리미확보,건조,맑음,단일로 - 기타,승용,남,52세,상해없음,승용,여,54세,경상
2012080100100404,2012년 8월 1일 18시,수요일,부산광역시 강서구 명지동,중상사고,0,1,0,0,차대차 - 기타,신호위반,건조,맑음,교차로 - 교차로안,원동기,남,16세,상해없음,승용,남,26세,상해없음
2012080100100442,2012년 8월 1일 19시,수요일,부산광역시 금정구 구서동,중상사고,0,1,0,0,차대사람 - 횡단중,보행자보호의무위반,건조,맑음,단일로 - 횡단보도상,승용,남,33세,상해없음,보행자,여,61세,중상
2012080100100443,2012년 8월 1일 19시,수요일,부산광역시 강서구 구랑동,경상사고,0,0,1,0,차대차 - 추돌 - 주정차중,안전운전불이행,건조,맑음,단일로 - 기타,승용,남,39세,상해없음,화물,남,32세,경상
2012080100100468,2012년 8월 1일 20시,수요일,부산광역시 해운대구 중동,경상사고,0,0,1,0,차대차 - 측면직각충돌,교차로운행방법위반,건조,맑음,교차로 - 교차로안,승용,남,48세,상해없음,원동기,남,18세,경상
2012080100100503,2012년 8월 1일 21시,수요일,부산광역시 영도구 봉래동2가,경상사고,0,0,2,0,차대차 - 추돌 - 주정차중,안전거리미확보,건조,맑음,단일로 - 기타,승용,남,50세,상해없음,승용,남,36세,경상
2012080100100504,2012년 8월 1일 21시,수요일,부산광역시 사하구 당리동,경상사고,0,0,1,0,차대차 - 측면직각충돌,안전운전불이행,건조,맑음,교차로 - 교차로안,화물,남,39세,상해없음,승용,여,22세,경상
2012080100100538,2012년 8월 1일 22시,수요일,부산광역시 북구 덕천동,경상사고,0,0,1,0,차대차 - 추돌 - 주정차중,안전거리미확보,건조,맑음,단일로 - 기타,승용,남,53세,상해없음,승용,남,58세,경상
2012080100100559,2012년 8월 1일 23시,수요일,부산광역시 동래구 명륜동,중상사고,0,1,0,0,차대차 - 측면직각충돌,직진우회전진행방해,건조,맑음,교차로 - 교차로안,승용,남,64세,상해없음,이륜,남,44세,중상
2012080100100560,2012년 8월 1일 23시,수요일,부산광역시 해운대구 중동,부상신고사고,0,0,0,1,차대차 - 측면직각충돌,교차로운행방법위반,건조,맑음,교차로 - 교차로안,승용,여,23세,상해없음,승합,남,33세,부상신고
2012080200100002,2012년 8월 2일 00시,목요일,부산광역시 동래구 수안동,중상사고,0,2,3,0,차대차 - 정면충돌,중앙선침범,건조,맑음,단일로 - 기타,승용,남,41세,상해없음,승용,남,36세,중상
2012080200100047,2012년 8월 2일 04시,목요일,부산광역시 해운대구 우동,중상사고,0,1,0,1,차량단독 - 공작물충돌,안전운전불이행,건조,맑음,단일로 - 기타,승용,남,30세,부상신고,,,,
2012080200100074,2012년 8월 2일 07시,목요일,부산광역시 금정구 금사동,경상사고,0,0,1,0,차대사람 - 기타,안전운전불이행,건조,맑음,교차로 - 교차로안,승용,남,58세,상해없음,보행자,여,62세,경상
2012080200100075,2012년 8월 2일 07시,목요일,부산광역시 강서구 녹산동,중상사고,0,2,5,0,차대차 - 기타,안전운전불이행,건조,맑음,교차로 - 교차로부근,화물,남,42세,상해없음,승용,남,36세,중상
2012080200100097,2012년 8월 2일 08시,목요일,부산광역시 부산진구 초읍동,경상사고,0,0,1,0,차대사람 - 횡단중,보행자보호의무위반,건조,맑음,단일로 - 횡단보도상,승용,남,59세,상해없음,보행자,여,82세,경상
2012080200100098,2012년 8월 2일 08시,목요일,부산광역시 사상구 괘법동,중상사고,0,1,2,0,차대차 - 측면직각충돌,교차로운행방법위반,건조,맑음,교차로 - 교차로부근,승용,여,49세,경상,승용,남,40세,중상
2012080200100119,2012년 8월 2일 09시,목요일,부산광역시 해운대구 우동,경상사고,0,0,1,0,차대차 - 추돌 - 진행중,안전운전불이행,건조,맑음,단일로 - 기타,승용,남,56세,상해없음,승용,여,28세,경상
2012080200100171,2012년 8월 2일 11시,목요일,부산광역시 동래구 안락동,중상사고,0,1,0,0,차대사람 - 횡단중,기타,건조,맑음,단일로 - 기타,화물,남,49세,상해없음,보행자,여,43세,중상
2012080200100173,2012년 8월 2일 11시,목요일,부산광역시 사상구 감전동,경상사고,0,0,1,0,차대차 - 추돌 - 주정차중,안전거리미확보,건조,맑음,단일로 - 기타,화물,남,56세,상해없음,승용,남,50세,경상
2012080200100293,2012년 8월 2일 15시,목요일,부산광역시 해운대구 송정동,중상사고,0,1,8,2,차대차 - 추돌 - 주정차중,중앙선침범,건조,맑음,단일로 - 기타,승용,여,51세,경상,승용,남,59세,부상신고
2012080200100327,2012년 8월 2일 16시,목요일,부산광역시 동래구 온천동,경상사고,0,0,4,0,차대차 - 추돌 - 진행중,안전거리미확보,건조,맑음,단일로 - 터널,승용,남,36세,상해없음,승용,남,57세,경상
2012080200100328,2012년 8월 2일 16시,목요일,부산광역시 기장군 기장읍,중상사고,0,1,0,0,차대차 - 측면직각충돌,안전운전불이행,건조,맑음,교차로 - 교차로안,승용,여,53세,상해없음,자전거,남,79세,중상
2012080200100368,2012년 8월 2일 17시,목요일,부산광역시 남구 대연동,중상사고,0,1,0,0,차량단독 - 기타,안전운전불이행,건조,맑음,단일로 - 기타,승합,남,63세,상해없음,,,,
2012080200100397,2012년 8월 2일 18시,목요일,부산광역시 남구 대연동,경상사고,0,0,1,0,차대차 - 추돌 - 진행중,안전운전불이행,건조,맑음,단일로 - 기타,화물,남,54세,상해없음,승용,여,39세,경상
2012080200100442,2012년 8월 2일 19시,목요일,부산광역시 동구 초량동,중상사고,0,1,0,0,차대사람 - 기타,안전운전불이행,건조,맑음,단일로 - 기타,승용,남,68세,상해없음,보행자,여,65세,중상
2012080200100443,2012년 8월 2일 19시,목요일,부산광역시 해운대구 우동,경상사고,0,0,1,0,차대차 - 기타,신호위반,건조,맑음,단일로 - 횡단보도상,승합,여,64세,상해없음,자전거,남,65세,경상
2012080200100444,2012년 8월 2일 19시,목요일,부산광역시 사하구 다대동,경상사고,0,0,1,0,차대차 - 기타,안전운전불이행,건조,맑음,단일로 - 기타,승용,여,45세,상해없음,승용,남,56세,경상
2012080200100470,2012년 8월 2일 20시,목요일,부산광역시 동래구 명륜동,경상사고,0,0,1,0,차대사람 - 기타,안전운전불이행,건조,맑음,단일로 - 기타,승합,남,41세,상해없음,보행자,남,59세,경상
2012080200100471,2012년 8월 2일 20시,목요일,부산광역시 금정구 남산동,중상사고,0,1,0,0,차대차 - 측면직각충돌,신호위반,건조,맑음,단일로 - 기타,승용,남,41세,상해없음,자전거,남,28세,중상
2012080200100472,2012년 8월 2일 20시,목요일,부산광역시 수영구 수영동,경상사고,0,0,1,0,차대차 - 기타,차로위반,건조,맑음,단일로 - 기타,승용,남,50세,상해없음,승용,남,36세,경상
2012080200100517,2012년 8월 2일 21시,목요일,부산광역시 사하구 하단동,중상사고,0,1,0,0,차대차 - 기타,신호위반,건조,맑음,교차로 - 교차로부근,승용,남,47세,상해없음,이륜,남,25세,중상
2012080200100518,2012년 8월 2일 21시,목요일,부산광역시 사상구 주례동,경상사고,0,0,2,0,차대차 - 기타,안전거리미확보,건조,맑음,단일로 - 기타,승용,남,70세,상해없음,승용,남,29세,경상
2012080200100519,2012년 8월 2일 21시,목요일,부산광역시 기장군 정관면,경상사고,0,0,1,0,차대차 - 추돌 - 진행중,안전운전불이행,건조,기타,단일로 - 기타,승용,여,39세,상해없음,승용,남,32세,경상
2012080300100007,2012년 8월 3일 00시,금요일,부산광역시 강서구 범방동,부상신고사고,0,0,0,5,차대차 - 추돌 - 진행중,안전운전불이행,건조,맑음,단일로 - 기타,승용,남,38세,상해없음,승용,남,39세,부상신고
2012080300100023,2012년 8월 3일 01시,금요일,부산광역시 남구 대연동,경상사고,0,0,1,0,차대사람 - 횡단중,중앙선침범,건조,맑음,교차로 - 교차로안,승용,남,21세,상해없음,보행자,여,24세,경상
2012080300100037,2012년 8월 3일 02시,금요일,부산광역시 중구 부평동4가,경상사고,0,0,2,1,차대차 - 측면직각충돌,안전운전불이행,건조,맑음,단일로 - 기타,승용,남,35세,상해없음,승용,남,53세,부상신고
2012080300100038,2012년 8월 3일 02시,금요일,부산광역시 서구 동대신동1가,경상사고,0,0,2,0,차대차 - 추돌 - 주정차중,안전운전불이행,건조,맑음,교차로 - 교차로부근,승용,남,29세,상해없음,승용,남,30세,경상
2012080300100039,2012년 8월 3일 02시,금요일,부산광역시 부산진구 범전동,중상사고,0,2,1,0,차대차 - 기타,안전운전불이행,건조,맑음,교차로 - 교차로안,승용,여,24세,상해없음,승용,남,45세,경상
2012080300100070,2012년 8월 3일 06시,금요일,부산광역시 동구 초량동,중상사고,0,1,0,0,차대사람 - 기타,안전운전불이행,건조,맑음,기타 - 기타,승용,남,45세,기타불명,보행자,여,49세,중상
2012080300100071,2012년 8월 3일 06시,금요일,부산광역시 영도구 봉래동1가,경상사고,0,0,2,0,차대차 - 추돌 - 진행중,안전거리미확보,건조,맑음,단일로 - 기타,승합,남,55세,상해없음,승합,남,50세,상해없음
2012080300100072,2012년 8월 3일 06시,금요일,부산광역시 해운대구 좌동,중상사고,0,1,3,0,차대차 - 추돌 - 진행중,안전운전불이행,건조,맑음,단일로 - 기타,승용,남,27세,상해없음,승용,남,50세,상해없음
2012080300100088,2012년 8월 3일 07시,금요일,부산광역시 남구 대연동,경상사고,0,0,2,6,차대차 - 정면충돌,교차로운행방법위반,건조,맑음,교차로 - 교차로안,승용,남,59세,상해없음,승합,남,57세,상해없음
2012080300100089,2012년 8월 3일 07시,금요일,부산광역시 동래구 안락동,경상사고,0,0,1,0,차대사람 - 기타,안전운전불이행,건조,맑음,단일로 - 기타,자전거,남,11세,상해없음,보행자,여,53세,경상
2012080300100090,2012년 8월 3일 07시,금요일,부산광역시 금정구 남산동,부상신고사고,0,0,0,4,차대차 - 추돌 - 진행중,교차로운행방법위반,건조,맑음,교차로 - 교차로부근,승용,여,43세,기타불명,승합,남,50세,부상신고
2012080300100091,2012년 8월 3일 07시,금요일,부산광역시 기장군 기장읍,경상사고,0,0,1,0,차대사람 - 횡단중,안전운전불이행,건조,맑음,교차로 - 교차로부근,승용,여,45세,상해없음,보행자,여,19세,경상
2012080300100114,2012년 8월 3일 08시,금요일,부산광역시 수영구 광안동,중상사고,0,1,0,0,차대차 - 기타,안전거리미확보,건조,맑음,단일로 - 횡단보도부근,승용,남,71세,기타불명,승용,여,42세,중상
2012080300100135,2012년 8월 3일 09시,금요일,부산광역시 부산진구 가야동,부상신고사고,0,0,0,1,차대차 - 기타,안전거리미확보,건조,맑음,단일로 - 기타,승합,남,53세,상해없음,승합,남,53세,기타불명
2012080300100158,2012년 8월 3일 10시,금요일,부산광역시 해운대구 반여동,중상사고,0,1,0,0,차대사람 - 횡단중,안전운전불이행,건조,맑음,교차로 - 교차로부근,승용,남,27세,상해없음,보행자,여,61세,중상
2012080300100159,2012년 8월 3일 10시,금요일,부산광역시 금정구 부곡동,경상사고,0,0,1,0,차대차 - 추돌 - 진행중,안전거리미확보,건조,맑음,단일로 - 기타,승용,여,51세,상해없음,승용,여,34세,상해없음
2012080300100160,2012년 8월 3일 10시,금요일,부산광역시 강서구 구랑동,경상사고,0,0,2,0,차대차 - 기타,안전운전불이행,건조,맑음,단일로 - 기타,특수,남,46세,상해없음,승용,남,38세,경상
2012080300100191,2012년 8월 3일 11시,금요일,부산광역시 연제구 연산동,경상사고,0,0,1,0,차대사람 - 차도통행중,안전운전불이행,건조,맑음,기타 - 기타,승용,남,33세,상해없음,보행자,여,51세,경상
2012080300100229,2012년 8월 3일 12시,금요일,부산광역시 수영구 민락동,경상사고,0,0,1,0,차대차 - 기타,안전거리미확보,건조,맑음,단일로 - 기타,화물,남,68세,상해없음,승용,남,64세,경상
2012080300100230,2012년 8월 3일 12시,금요일,부산광역시 기장군 기장읍,중상사고,0,1,0,0,차대차 - 측면직각충돌,신호위반,건조,맑음,교차로 - 교차로안,승용,남,57세,상해없음,승용,여,46세,중상
2012080300100251,2012년 8월 3일 13시,금요일,부산광역시 중구 중앙동4가,경상사고,0,0,2,0,차대차 - 측면직각충돌,안전운전불이행,건조,맑음,단일로 - 기타,승용,남,66세,상해없음,승용,여,48세,경상
2012080300100252,2012년 8월 3일 13시,금요일,부산광역시 동래구 명륜동,경상사고,0,0,2,0,차대차 - 추돌 - 주정차중,안전운전불이행,건조,맑음,단일로 - 기타,승용,남,47세,상해없음,승용,남,34세,경상
2012080300100275,2012년 8월 3일 14시,금요일,부산광역시 수영구 광안동,경상사고,0,0,5,0,차대차 - 기타,안전운전불이행,건조,맑음,단일로 - 기타,승용,여,48세,상해없음,승용,남,40세,경상
2012080300100304,2012년 8월 3일 15시,금요일,부산광역시 해운대구 우동,경상사고,0,0,1,0,차대차 - 측면직각충돌,신호위반,건조,맑음,교차로 - 교차로부근,승용,남,60세,상해없음,승용,남,55세,상해없음
2012080300100305,2012년 8월 3일 15시,금요일,부산광역시 사상구 주례동,중상사고,0,1,0,0,차대차 - 기타,신호위반,건조,맑음,단일로 - 횡단보도상,승용,남,73세,상해없음,이륜,남,65세,중상
2012080300100330,2012년 8월 3일 16시,금요일,부산광역시 남구 대연동,중상사고,0,1,0,0,차대차 - 측면직각충돌,안전운전불이행,건조,맑음,교차로 - 교차로부근,원동기,남,27세,상해없음,화물,남,51세,상해없음
2012080300100331,2012년 8월 3일 16시,금요일,부산광역시 연제구 거제동,중상사고,0,1,0,0,차대차 - 측면직각충돌,기타,건조,맑음,단일로 - 기타,승용,남,23세,상해없음,이륜,남,25세,중상
2012080300100332,2012년 8월 3일 16시,금요일,부산광역시 연제구 연산동,경상사고,0,0,1,0,차대차 - 측면직각충돌,안전운전불이행,건조,맑음,교차로 - 교차로안,화물,남,34세,상해없음,승용,여,39세,경상
2012080300100333,2012년 8월 3일 16시,금요일,부산광역시 사상구 주례동,중상사고,0,1,0,0,차대사람 - 횡단중,안전운전불이행,건조,맑음,단일로 - 횡단보도상,승용,남,45세,상해없음,보행자,여,60세,중상
2012080300100372,2012년 8월 3일 17시,금요일,부산광역시 동구 범일동,중상사고,0,1,0,0,차대사람 - 횡단중,안전운전불이행,건조,맑음,단일로 - 횡단보도부근,승용,남,31세,상해없음,보행자,남,52세,중상
2012080300100373,2012년 8월 3일 17시,금요일,부산광역시 수영구 광안동,중상사고,0,1,0,0,차대차 - 추돌 - 주정차중,안전거리미확보,건조,맑음,단일로 - 교량,승용,남,48세,상해없음,승용,남,53세,상해없음
2012080300100374,2012년 8월 3일 17시,금요일,부산광역시 사하구 괴정동,경상사고,0,0,2,0,차대차 - 추돌 - 주정차중,안전운전불이행,건조,맑음,교차로 - 교차로부근,승용,남,50세,상해없음,승용,남,22세,경상
2012080300100375,2012년 8월 3일 17시,금요일,부산광역시 사상구 엄궁동,중상사고,0,1,0,0,차대차 - 기타,교차로운행방법위반,건조,맑음,교차로 - 교차로안,화물,남,68세,상해없음,이륜,남,49세,중상
2012080300100376,2012년 8월 3일 17시,금요일,부산광역시 사상구 덕포동,중상사고,0,1,0,0,차대차 - 측면직각충돌,직진우회전진행방해,건조,맑음,교차로 - 교차로안,승합,남,49세,상해없음,원동기,남,25세,중상
2012080300100415,2012년 8월 3일 18시,금요일,부산광역시 영도구 청학동,중상사고,0,1,0,0,차대차 - 기타,안전운전불이행,건조,맑음,단일로 - 기타,승용,여,59세,상해없음,이륜,남,59세,중상
2012080300100416,2012년 8월 3일 18시,금요일,부산광역시 해운대구 우동,중상사고,0,1,0,0,차대차 - 추돌 - 주정차중,안전운전불이행,건조,맑음,단일로 - 교량,승용,여,46세,상해없음,승용,여,31세,중상
2012080300100417,2012년 8월 3일 18시,금요일,부산광역시 금정구 구서동,경상사고,0,0,2,0,차대차 - 기타,중앙선침범,건조,맑음,교차로 - 교차로부근,승용,여,59세,상해없음,승용,남,62세,경상
2012080300100418,2012년 8월 3일 18시,금요일,부산광역시 금정구 금사동,중상사고,0,1,0,0,차대차 - 기타,기타,건조,맑음,단일로 - 기타,승용,남,51세,상해없음,자전거,남,58세,중상
2012080300100419,2012년 8월 3일 18시,금요일,부산광역시 금정구 금성동,경상사고,0,0,1,0,차대차 - 추돌 - 주정차중,안전운전불이행,건조,맑음,단일로 - 기타,승용,남,27세,상해없음,화물,미분류,기타불명,기타불명
2012080300100420,2012년 8월 3일 18시,금요일,부산광역시 기장군 정관면,중상사고,0,1,0,0,차대차 - 기타,신호위반,건조,맑음,교차로 - 교차로안,승용,여,35세,상해없음,이륜,남,31세,중상
2012080300100467,2012년 8월 3일 19시,금요일,부산광역시 동구 초량동,경상사고,0,0,1,0,차대차 - 측면직각충돌,안전거리미확보,건조,맑음,단일로 - 기타,승합,남,45세,상해없음,승용,남,47세,경상
2012080300100499,2012년 8월 3일 20시,금요일,부산광역시 수영구 광안동,중상사고,0,1,0,0,차대사람 - 길가장자리구역통행중,안전운전불이행,건조,맑음,단일로 - 기타,화물,남,56세,상해없음,보행자,남,56세,중상
2012080300100500,2012년 8월 3일 20시,금요일,부산광역시 동래구 안락동,경상사고,0,0,1,0,차대차 - 추돌 - 진행중,안전운전불이행,건조,맑음,단일로 - 기타,승용,남,52세,상해없음,승용,남,59세,경상
2012080300100541,2012년 8월 3일 21시,금요일,부산광역시 부산진구 가야동,경상사고,0,0,1,0,차대차 - 기타,안전운전불이행,건조,맑음,교차로 - 교차로부근,이륜,남,15세,상해없음,승용,남,54세,경상
2012080300100609,2012년 8월 3일 23시,금요일,부산광역시 사하구 하단동,중상사고,0,1,3,0,차대차 - 기타,안전거리미확보,건조,맑음,단일로 - 기타,승용,여,46세,상해없음,승용,남,28세,경상
2012080400100019,2012년 8월 4일 01시,토요일,부산광역시 동래구 안락동,중상사고,0,2,0,0,차량단독 - 공작물충돌,안전운전불이행,건조,맑음,단일로 - 기타,승용,남,42세,상해없음,,,,
2012080400100048,2012년 8월 4일 03시,토요일,부산광역시 강서구 성북동,사망사고,1,0,0,0,차량단독 - 전도전복,안전운전불이행,건조,맑음,단일로 - 기타,특수,남,32세,사망,,,,
2012080400100061,2012년 8월 4일 04시,토요일,부산광역시 해운대구 우동,경상사고,0,0,4,0,차대차 - 측면직각충돌,교차로운행방법위반,건조,맑음,교차로 - 교차로안,승용,남,32세,상해없음,승용,남,45세,상해없음
2012080400100092,2012년 8월 4일 07시,토요일,부산광역시 연제구 연산동,경상사고,0,0,1,0,차대사람 - 횡단중,안전운전불이행,건조,맑음,단일로 - 횡단보도상,승용,남,55세,상해없음,보행자,여,17세,경상
2012080400100104,2012년 8월 4일 08시,토요일,부산광역시 동래구 온천동,경상사고,0,0,1,0,차대차 - 측면직각충돌,교차로운행방법위반,건조,맑음,교차로 - 교차로안,승용,남,43세,상해없음,승용,여,31세,경상
2012080400100121,2012년 8월 4일 09시,토요일,부산광역시 수영구 남천동,중상사고,0,1,0,0,차대사람 - 기타,안전운전불이행,건조,맑음,단일로 - 기타,승합,남,56세,상해없음,보행자,남,54세,중상
2012080400100142,2012년 8월 4일 10시,토요일,부산광역시 금정구 부곡동,중상사고,0,5,0,0,차대차 - 추돌 - 주정차중,안전거리미확보,건조,맑음,교차로 - 교차로부근,승합,남,35세,상해없음,승용,여,43세,중상
2012080400100143,2012년 8월 4일 10시,토요일,부산광역시 연제구 거제동,중상사고,0,1,0,0,차대차 - 추돌 - 진행중,안전거리미확보,건조,맑음,단일로 - 기타,승용,남,56세,상해없음,승합,남,57세,상해없음
2012080400100144,2012년 8월 4일 10시,토요일,부산광역시 강서구 명지동,경상사고,0,0,1,0,차대차 - 기타,교차로운행방법위반,건조,맑음,교차로 - 교차로안,승용,남,57세,상해없음,승용,남,49세,상해없음
2012080400100173,2012년 8월 4일 11시,토요일,부산광역시 남구 용호동,부상신고사고,0,0,0,1,차대차 - 측면직각충돌,교차로운행방법위반,건조,맑음,교차로 - 교차로안,이륜,여,62세,부상신고,화물,남,45세,상해없음
2012080400100174,2012년 8월 4일 11시,토요일,부산광역시 부산진구 부암동,경상사고,0,0,3,0,차대차 - 기타,안전운전불이행,건조,맑음,단일로 - 기타,승용,남,25세,상해없음,승용,여,38세,경상
2012080400100207,2012년 8월 4일 12시,토요일,부산광역시 남구 대연동,경상사고,0,0,1,0,차대차 - 추돌 - 진행중,교차로운행방법위반,건조,맑음,교차로 - 교차로안,승용,남,49세,상해없음,승용,남,39세,경상
2012080400100236,2012년 8월 4일 13시,토요일,부산광역시 서구 암남동,경상사고,0,0,1,0,차대차 - 기타,안전운전불이행,건조,맑음,단일로 - 기타,승용,남,57세,상해없음,승용,남,32세,경상
2012080400100237,2012년 8월 4일 13시,토요일,부산광역시 남구 대연동,경상사고,0,0,1,0,차대사람 - 길가장자리구역통행중,안전운전불이행,건조,맑음,교차로 - 교차로부근,승합,남,43세,상해없음,보행자,남,26세,경상
2012080400100238,2012년 8월 4일 13시,토요일,부산광역시 해운대구 좌동,중상사고,0,2,0,0,차대차 - 측면직각충돌,교차로운행방법위반,건조,맑음,교차로 - 교차로안,승용,남,52세,상해없음,화물,남,45세,중상
2012080400100300,2012년 8월 4일 15시,토요일,부산광역시 북구 구포동,경상사고,0,0,1,0,차대차 - 측면직각충돌,교차로운행방법위반,건조,맑음,교차로 - 교차로안,승용,남,34세,상해없음,원동기,남,23세,경상