사고번호,사고일시,요일,시군구,사고내용,사망자수,중상자수,경상자수,부상신고자수,사고유형,법규위반,노면상태,기상상태,도로형태,가해운전자 차종,가해운전자 성별,가해운전자 연령,가해운전자 상해정도,피해운전자 차종,피해운전자 성별,피해운전자 연령,피해운전자 상해정도
2012080700100591,2012년 8월 7일 22시,화요일,부산광역시 사하구 다대동,경상사고,0,0,3,1,차대차 - 기타,안전운전불이행,건조,맑음,단일로 - 기타,승용,남,38세,상해없음,승용,남,46세,경상
2012080700100627,2012년 8월 7일 23시,화요일,부산광역시 사하구 하단동,경상사고,0,0,1,0,차량단독 - 기타,기타,건조,맑음,단일로 - 기타,이륜,남,16세,상해없음,,,,
2012080800100038,2012년 8월 8일 02시,수요일,부산광역시 사상구 주례동,중상사고,0,2,1,0,차대차 - 기타,안전운전불이행,건조,맑음,단일로 - 기타,승용,남,27세,상해없음,승합,남,53세,중상
2012080800100049,2012년 8월 8일 03시,수요일,부산광역시 남구 용호동,경상사고,0,0,1,0,차대사람 - 기타,안전운전불이행,건조,맑음,단일로 - 기타,화물,기타불명,기타불명,기타불명,보행자,남,33세,경상
2012080800100056,2012년 8월 8일 04시,수요일,부산광역시 해운대구 우동,중상사고,0,2,1,0,차대차 - 측면직각충돌,안전운전불이행,건조,맑음,단일로 - 기타,승용,남,46세,상해없음,이륜,남,16세,중상
2012080800100069,2012년 8월 8일 06시,수요일,부산광역시 해운대구 반여동,중상사고,0,1,0,0,차대차 - 측면직각충돌,안전운전불이행,건조,맑음,단일로 - 기타,화물,남,49세,상해없음,자전거,남,71세,중상
2012080800100070,2012년 8월 8일 06시,수요일,부산광역시 수영구 수영동,중상사고,0,1,0,0,차대차 - 기타,안전운전불이행,건조,맑음,기타 - 기타,자전거,남,36세,상해없음,자전거,여,57세,중상
2012080800100137,2012년 8월 8일 09시,수요일,부산광역시 기장군 철마면,경상사고,0,0,1,0,차대차 - 정면충돌,중앙선침범,건조,맑음,교차로 - 교차로안,승용,여,57세,상해없음,승용,여,57세,경상
2012080800100173,2012년 8월 8일 10시,수요일,부산광역시 해운대구 우동,중상사고,0,1,0,0,차대차 - 추돌 - 주정차중,안전운전불이행,건조,맑음,단일로 - 기타,승용,여,41세,상해없음,승용,남,31세,중상
2012080800100174,2012년 8월 8일 10시,수요일,부산광역시 연제구 연산동,경상사고,0,0,2,0,차대차 - 측면직각충돌,안전운전불이행,건조,맑음,교차로 - 교차로안,승용,여,44세,상해없음,승용,남,77세,경상
2012080800100199,2012년 8월 8일 11시,수요일,부산광역시 서구 부민동1가,중상사고,0,1,0,0,차대차 - 기타,신호위반,건조,맑음,교차로 - 교차로안,특수,남,38세,상해없음,승용,여,51세,중상
2012080800100200,2012년 8월 8일 11시,수요일,부산광역시 남구 감만동,중상사고,0,1,0,0,차대차 - 측면직각충돌,불법유턴,건조,맑음,교차로 - 교차로안,승용,남,38세,상해없음,이륜,남,36세,중상
2012080800100201,2012년 8월 8일 11시,수요일,부산광역시 해운대구 중동,경상사고,0,0,1,0,차대차 - 추돌 - 진행중,안전운전불이행,건조,기타,단일로 - 기타,승용,남,61세,상해없음,원동기,남,34세,경상
2012080800100202,2012년 8월 8일 11시,수요일,부산광역시 금정구 금성동,중상사고,0,1,0,0,차대차 - 기타,기타,기타,맑음,단일로 - 기타,기타불명,기타불명,기타불명,기타불명,원동기,남,35세,중상
2012080800100203,2012년 8월 8일 11시,수요일,부산광역시 사하구 하단동,중상사고,0,1,0,0,차량단독 - 기타,안전운전불이행,건조,맑음,단일로 - 기타,승합,남,35세,상해없음,,,,
2012080800100232,2012년 8월 8일 12시,수요일,부산광역시 사상구 괘법동,경상사고,0,0,1,0,차대사람 - 차도통행중,안전운전불이행,건조,맑음,단일로 - 기타,이륜,남,22세,상해없음,보행자,여,56세,경상
2012080800100305,2012년 8월 8일 15시,수요일,부산광역시 북구 구포동,중상사고,0,1,0,0,차대차 - 측면직각충돌,안전운전불이행,건조,맑음,기타 - 기타,화물,남,28세,상해없음,자전거,여,53세,중상
2012080800100306,2012년 8월 8일 15시,수요일,부산광역시 연제구 연산동,경상사고,0,0,1,0,차대차 - 추돌 - 진행중,교차로운행방법위반,건조,맑음,교차로 - 교차로안,승용,남,60세,상해없음,화물,여,57세,경상
2012080800100307,2012년 8월 8일 15시,수요일,부산광역시 강서구 녹산동,경상사고,0,0,2,0,차대차 - 추돌 - 주정차중,안전운전불이행,건조,맑음,교차로 - 교차로부근,화물,남,65세,기타불명,승용,남,54세,경상
2012080800100336,2012년 8월 8일 16시,수요일,부산광역시 남구 대연동,중상사고,0,1,0,0,차대사람 - 차도통행중,안전운전불이행,건조,맑음,교차로 - 교차로안,승용,남,60세,상해없음,보행자,여,29세,중상
2012080800100337,2012년 8월 8일 16시,수요일,부산광역시 강서구 명지동,중상사고,0,1,1,0,차대차 - 기타,교차로운행방법위반,건조,맑음,교차로 - 교차로부근,승용,남,57세,상해없음,승용,여,34세,중상
2012080800100338,2012년 8월 8일 16시,수요일,부산광역시 기장군 기장읍,경상사고,0,0,1,0,차대사람 - 횡단중,보행자보호의무위반,건조,맑음,단일로 - 기타,승용,여,52세,상해없음,보행자,여,14세,경상
2012080800100368,2012년 8월 8일 17시,수요일,부산광역시 중구 중앙동4가,중상사고,0,1,0,0,차대차 - 측면직각충돌,안전운전불이행,건조,맑음,단일로 - 기타,승용,남,54세,상해없음,이륜,여,23세,중상
2012080800100369,2012년 8월 8일 17시,수요일,부산광역시 금정구 노포동,경상사고,0,0,3,0,차대차 - 기타,안전운전불이행,건조,맑음,기타 - 기타,승합,남,65세,상해없음,화물,미분류,기타불명,기타불명
2012080800100399,2012년 8월 8일 18시,수요일,부산광역시 중구 대청동1가,중상사고,0,1,1,0,차대차 - 추돌 - 진행중,중앙선침범,건조,맑음,단일로 - 기타,승용,남,54세,상해없음,이륜,남,51세,중상
2012080800100400,2012년 8월 8일 18시,수요일,부산광역시 동래구 사직동,경상사고,0,0,1,0,차대사람 - 횡단중,보행자보호의무위반,건조,맑음,교차로 - 교차로부근,승용,남,46세,상해없음,보행자,여,10세,경상
2012080800100401,2012년 8월 8일 18시,수요일,부산광역시 해운대구 우동,경상사고,0,0,2,0,차대차 - 추돌 - 주정차중,안전운전불이행,건조,맑음,단일로 - 기타,승용,남,55세,상해없음,승용,남,74세,경상
2012080800100402,2012년 8월 8일 18시,수요일,부산광역시 강서구 봉림동,경상사고,0,0,1,0,차량단독 - 전도전복,안전운전불이행,건조,맑음,단일로 - 기타,원동기,남,63세,경상,,,,
2012080800100403,2012년 8월 8일 18시,수요일,부산광역시 사상구 주례동,경상사고,0,0,1,0,차대사람 - 횡단중,안전운전불이행,건조,맑음,단일로 - 기타,승용,여,52세,상해없음,보행자,남,66세,경상
2012080800100436,2012년 8월 8일 19시,수요일,부산광역시 동구 초량동,중상사고,0,1,0,0,차대차 - 추돌 - 주정차중,안전운전불이행,건조,맑음,교차로 - 교차로안,이륜,남,17세,상해없음,이륜,남,35세,중상
2012080800100437,2012년 8월 8일 19시,수요일,부산광역시 해운대구 재송동,경상사고,0,0,1,1,차대차 - 추돌 - 주정차중,안전운전불이행,건조,맑음,단일로 - 기타,승용,남,41세,상해없음,승용,남,59세,부상신고
2012080800100467,2012년 8월 8일 20시,수요일,부산광역시 수영구 광안동,경상사고,0,0,1,0,차대차 - 측면직각충돌,안전운전불이행,건조,맑음,단일로 - 횡단보도상,자전거,남,18세,경상,승용,남,62세,상해없음
2012080800100468,2012년 8월 8일 20시,수요일,부산광역시 북구 만덕동,중상사고,0,1,0,0,차대차 - 측면직각충돌,안전운전불이행,건조,맑음,교차로 - 교차로안,승합,남,49세,상해없음,원동기,남,69세,중상
2012080800100469,2012년 8월 8일 20시,수요일,부산광역시 부산진구 가야동,경상사고,0,0,2,0,차대차 - 기타,직진우회전진행방해,건조,흐림,교차로 - 교차로안,승용,남,34세,상해없음,이륜,남,21세,경상
2012080800100536,2012년 8월 8일 22시,수요일,부산광역시 해운대구 반송동,중상사고,0,1,0,0,차대차 - 정면충돌,안전거리미확보,건조,맑음,교차로 - 교차로안,승용,기타불명,기타불명,기타불명,승용,남,49세,상해없음
2012080800100570,2012년 8월 8일 23시,수요일,부산광역시 부산진구 초읍동,중상사고,0,1,0,0,차대차 - 기타,안전거리미확보,건조,맑음,단일로 - 기타,승용,남,38세,상해없음,이륜,남,23세,중상
2012080900100006,2012년 8월 9일 00시,목요일,부산광역시 금정구 부곡동,중상사고,0,1,0,0,차대차 - 측면직각충돌,기타,건조,맑음,교차로 - 교차로안,승용,남,45세,상해없음,승용,남,40세,상해없음
2012080900100024,2012년 8월 9일 02시,목요일,부산광역시 동구 초량동,중상사고,0,1,0,0,차대차 - 추돌 - 주정차중,안전거리미확보,건조,맑음,교차로 - 교차로부근,승용,남,27세,상해없음,승용,남,42세,상해없음
2012080900100025,2012년 8월 9일 02시,목요일,부산광역시 동래구 온천동,중상사고,0,1,1,0,차대차 - 정면충돌,중앙선침범,건조,맑음,교차로 - 교차로부근,승용,남,56세,상해없음,승용,남,72세,중상
2012080900100059,2012년 8월 9일 05시,목요일,부산광역시 동래구 사직동,경상사고,0,0,1,0,차대차 - 측면직각충돌,신호위반,건조,맑음,교차로 - 교차로안,승용,남,42세,상해없음,승용,여,47세,경상
2012080900100070,2012년 8월 9일 06시,목요일,부산광역시 기장군 일광면,경상사고,0,0,1,0,차량단독 - 기타,안전운전불이행,건조,맑음,단일로 - 기타,원동기,남,16세,상해없음,,,,
2012080900100082,2012년 8월 9일 07시,목요일,부산광역시 해운대구 우동,중상사고,0,2,2,0,차대차 - 측면직각충돌,신호위반,건조,맑음,교차로 - 교차로안,승용,남,61세,상해없음,승용,남,58세,경상
2012080900100107,2012년 8월 9일 08시,목요일,부산광역시 부산진구 범천동,경상사고,0,0,1,0,차대사람 - 횡단중,신호위반,건조,맑음,단일로 - 횡단보도상,원동기,남,18세,상해없음,보행자,여,57세,경상
2012080900100138,2012년 8월 9일 09시,목요일,부산광역시 동구 범일동,경상사고,0,0,1,0,차대차 - 측면직각충돌,안전운전불이행,건조,맑음,단일로 - 기타,승용,여,63세,상해없음,승합,남,55세,상해없음
2012080900100156,2012년 8월 9일 10시,목요일,부산광역시 해운대구 우동,중상사고,0,1,0,0,차대차 - 추돌 - 진행중,안전운전불이행,건조,맑음,단일로 - 기타,승합,남,53세,상해없음,이륜,남,69세,중상
2012080900100184,2012년 8월 9일 11시,목요일,부산광역시 동구 범일동,중상사고,0,1,0,0,차대사람 - 횡단중,안전운전불이행,건조,맑음,단일로 - 기타,승용,남,58세,상해없음,보행자,남,44세,중상
2012080900100185,2012년 8월 9일 11시,목요일,부산광역시 사하구 감천동,중상사고,0,1,0,0,차대차 - 측면직각충돌,안전거리미확보,건조,맑음,단일로 - 기타,특수,남,49세,상해없음,화물,남,38세,중상
2012080900100186,2012년 8월 9일 11시,목요일,부산광역시 사상구 모라동,중상사고,0,2,1,0,차대차 - 측면직각충돌,신호위반,건조,맑음,교차로 - 교차로안,승합,남,52세,상해없음,승용,남,34세,경상
2012080900100187,2012년 8월 9일 11시,목요일,부산광역시 기장군 정관면,경상사고,0,0,2,0,차대차 - 추돌 - 진행중,안전운전불이행,건조,맑음,단일로 - 기타,승용,여,47세,상해없음,승용,남,42세,경상
2012080900100214,2012년 8월 9일 12시,목요일,부산광역시 사하구 감천동,경상사고,0,0,2,0,차대차 - 측면직각충돌,안전운전불이행,건조,맑음,단일로 - 기타,원동기,남,25세,경상,승용,여,32세,상해없음
2012080900100215,2012년 8월 9일 12시,목요일,부산광역시 사하구 신평동,중상사고,0,2,2,0,차대차 - 추돌 - 주정차중,안전운전불이행,건조,맑음,교차로 - 교차로부근,화물,남,49세,상해없음,승용,남,62세,경상
2012080900100216,2012년 8월 9일 12시,목요일,부산광역시 사상구 모라동,경상사고,0,0,1,0,차대차 - 측면직각충돌,안전운전불이행,건조,맑음,단일로 - 기타,이륜,남,60세,경상,승합,남,39세,상해없음
2012080900100217,2012년 8월 9일 12시,목요일,부산광역시 기장군 기장읍,부상신고사고,0,0,0,1,차대사람 - 횡단중,안전운전불이행,건조,맑음,단일로 - 기타,승용,남,43세,상해없음,보행자,여,82세,부상신고
2012080900100236,2012년 8월 9일 13시,목요일,부산광역시 사상구 학장동,경상사고,0,0,1,1,차대차 - 측면직각충돌,교차로운행방법위반,건조,맑음,교차로 - 교차로안,화물,여,38세,부상신고,화물,남,51세,경상
2012080900100293,2012년 8월 9일 15시,목요일,부산광역시 남구 용호동,경상사고,0,0,1,0,차대사람 - 횡단중,안전운전불이행,건조,맑음,교차로 - 교차로안,승용,남,34세,상해없음,보행자,여,62세,경상
2012080900100294,2012년 8월 9일 15시,목요일,부산광역시 사하구 장림동,중상사고,0,1,0,0,차대차 - 측면직각충돌,신호위반,건조,맑음,교차로 - 교차로안,승용,남,28세,상해없음,이륜,남,44세,중상
2012080900100329,2012년 8월 9일 16시,목요일,부산광역시 수영구 남천동,부상신고사고,0,0,0,1,차대차 - 추돌 - 진행중,교차로운행방법위반,건조,맑음,교차로 - 교차로안,이륜,남,18세,부상신고,승용,여,52세,상해없음
2012080900100330,2012년 8월 9일 16시,목요일,부산광역시 동래구 사직동,부상신고사고,0,0,0,1,차대차 - 측면직각충돌,신호위반,건조,맑음,교차로 - 교차로안,자전거,남,13세,부상신고,승합,남,64세,상해없음
2012080900100331,2012년 8월 9일 16시,목요일,부산광역시 영도구 남항동1가,사망사고,1,0,0,0,차량단독 - 전도전복,안전운전불이행,건조,맑음,단일로 - 기타,이륜,남,17세,상해없음,,,,
2012080900100332,2012년 8월 9일 16시,목요일,부산광역시 해운대구 반여동,부상신고사고,0,0,0,1,차대사람 - 기타,기타,건조,맑음,단일로 - 기타,원동기,기타불명,기타불명,기타불명,보행자,남,28세,부상신고
2012080900100360,2012년 8월 9일 17시,목요일,부산광역시 동구 초량동,중상사고,0,1,0,0,차량단독 - 기타,안전운전불이행,건조,맑음,단일로 - 기타,승합,남,54세,상해없음,,,,
2012080900100361,2012년 8월 9일 17시,목요일,부산광역시 동래구 안락동,중상사고,0,1,0,0,차대사람 - 횡단중,안전운전불이행,건조,맑음,교차로 - 교차로부근,승용,여,52세,상해없음,보행자,여,70세,중상
2012080900100362,2012년 8월 9일 17시,목요일,부산광역시 동래구 명장동,부상신고사고,0,0,0,1,차대사람 - 기타,기타,건조,맑음,단일로 - 기타,승용,여,44세,기타불명,보행자,여,41세,부상신고
2012080900100363,2012년 8월 9일 17시,목요일,부산광역시 부산진구 범천동,경상사고,0,0,3,0,차대차 - 추돌 - 진행중,안전거리미확보,건조,맑음,단일로 - 기타,승합,남,53세,상해없음,승용,남,34세,경상
2012080900100398,2012년 8월 9일 18시,목요일,부산광역시 금정구 부곡동,사망사고,1,0,0,0,차대사람 - 횡단중,보행자보호의무위반,건조,맑음,교차로 - 교차로부근,건설기계,남,50세,상해없음,보행자,남,75세,사망
2012080900100399,2012년 8월 9일 18시,목요일,부산광역시 사하구 장림동,경상사고,0,0,1,0,차대차 - 측면직각충돌,안전거리미확보,건조,맑음,단일로 - 기타,승용,남,29세,상해없음,승용,남,44세,경상
2012080900100400,2012년 8월 9일 18시,목요일,부산광역시 사상구 학장동,중상사고,0,1,0,0,차대사람 - 횡단중,안전운전불이행,건조,맑음,교차로 - 교차로부근,이륜,남,18세,상해없음,보행자,여,69세,중상
2012080900100434,2012년 8월 9일 19시,목요일,부산광역시 금정구 남산동,중상사고,0,1,0,0,차대차 - 측면직각충돌,안전운전불이행,건조,맑음,단일로 - 기타,승용,남,43세,상해없음,원동기,남,16세,중상
2012080900100469,2012년 8월 9일 20시,목요일,부산광역시 중구 중앙동4가,중상사고,0,1,0,0,차대차 - 기타,신호위반,건조,맑음,교차로 - 교차로안,자전거,남,58세,중상,승용,남,61세,상해없음
2012080900100470,2012년 8월 9일 20시,목요일,부산광역시 연제구 연산동,경상사고,0,0,1,0,차대차 - 정면충돌,신호위반,건조,맑음,교차로 - 교차로안,승용,남,63세,상해없음,승용,남,72세,경상
2012080900100506,2012년 8월 9일 21시,목요일,부산광역시 해운대구 우동,경상사고,0,0,1,0,차대차 - 측면직각충돌,안전거리미확보,건조,맑음,단일로 - 기타,승용,여,26세,상해없음,화물,남,40세,경상
2012080900100507,2012년 8월 9일 21시,목요일,부산광역시 연제구 거제동,중상사고,0,2,2,0,차대차 - 측면직각충돌,신호위반,건조,맑음,교차로 - 교차로안,승용,남,72세,중상,승합,남,57세,경상
2012080900100508,2012년 8월 9일 21시,목요일,부산광역시 사상구 엄궁동,경상사고,0,0,1,0,차대차 - 기타,안전운전불이행,건조,맑음,교차로 - 교차로안,승용,남,63세,상해없음,이륜,남,16세,경상
2012080900100529,2012년 8월 9일 22시,목요일,부산광역시 해운대구 우동,중상사고,0,1,0,0,차대차 - 추돌 - 진행중,안전거리미확보,건조,맑음,단일로 - 기타,이륜,여,22세,상해없음,승용,남,24세,상해없음
2012080900100560,2012년 8월 9일 23시,목요일,부산광역시 동구 초량동,중상사고,0,1,0,1,차대차 - 추돌 - 주정차중,안전운전불이행,건조,맑음,교차로 - 교차로부근,승용,여,22세,부상신고,승용,남,30세,중상
2012080900100561,2012년 8월 9일 23시,목요일,부산광역시 동래구 수안동,경상사고,0,0,1,0,차대사람 - 기타,안전운전불이행,건조,맑음,단일로 - 기타,승용,여,38세,상해없음,보행자,남,48세,경상
2012080900100562,2012년 8월 9일 23시,목요일,부산광역시 해운대구 송정동,경상사고,0,0,1,0,차대차 - 추돌 - 진행중,안전운전불이행,건조,맑음,단일로 - 기타,승용,남,33세,상해없음,승용,남,61세,경상
2012080900100563,2012년 8월 9일 23시,목요일,부산광역시 해운대구 우동,경상사고,0,0,1,0,차대차 - 측면직각충돌,안전운전불이행,건조,맑음,단일로 - 기타,승용,남,33세,상해없음,승용,남,33세,경상
2012080900100564,2012년 8월 9일 23시,목요일,부산광역시 해운대구 우동,중상사고,0,1,2,0,차대차 - 측면직각충돌,안전운전불이행,건조,맑음,단일로 - 기타,승용,남,33세,상해없음,승용,남,42세,경상
2012080900100565,2012년 8월 9일 23시,목요일,부산광역시 금정구 남산동,중상사고,0,1,1,0,차대차 - 측면직각충돌,교차로운행방법위반,건조,맑음,교차로 - 교차로안,승용,남,39세,경상,승용,남,52세,중상
2012081000100004,2012년 8월 10일 00시,금요일,부산광역시 수영구 민락동,경상사고,0,0,1,0,차대차 - 추돌 - 진행중,신호위반,건조,맑음,교차로 - 교차로안,승용,남,30세,상해없음,승용,남,59세,경상
2012081000100024,2012년 8월 10일 01시,금요일,부산광역시 금정구 서동,경상사고,0,0,1,0,차대차 - 측면직각충돌,안전운전불이행,건조,맑음,교차로 - 교차로부근,승용,남,29세,상해없음,승용,남,40세,상해없음
2012081000100046,2012년 8월 10일 02시,금요일,부산광역시 동래구 사직동,부상신고사고,0,0,0,3,차대차 - 측면직각충돌,신호위반,건조,맑음,교차로 - 교차로안,승용,남,37세,상해없음,승용,남,55세,부상신고
2012081000100074,2012년 8월 10일 04시,금요일,부산광역시 남구 대연동,중상사고,0,1,0,0,차대차 - 정면충돌,신호위반,건조,맑음,단일로 - 기타,이륜,남,17세,기타불명,이륜,남,26세,중상
2012081000100075,2012년 8월 10일 04시,금요일,부산광역시 해운대구 재송동,경상사고,0,0,1,0,차대차 - 추돌 - 진행중,안전운전불이행,건조,맑음,단일로 - 기타,승용,남,18세,상해없음,승용,남,54세,경상
2012081000100103,2012년 8월 10일 07시,금요일,부산광역시 수영구 남천동,경상사고,0,0,1,0,차대차 - 추돌 - 진행중,안전운전불이행,건조,맑음,교차로 - 교차로부근,승용,여,32세,상해없음,승용,남,40세,경상
2012081000100104,2012년 8월 10일 07시,금요일,부산광역시 해운대구 반여동,경상사고,0,0,1,0,차대차 - 측면직각충돌,안전운전불이행,건조,맑음,단일로 - 기타,승합,남,59세,상해없음,승용,남,25세,경상
2012081000100105,2012년 8월 10일 07시,금요일,부산광역시 강서구 화전동,중상사고,0,2,0,0,차대차 - 기타,신호위반,건조,맑음,교차로 - 교차로안,승용,남,57세,상해없음,승용,남,41세,중상
2012081000100127,2012년 8월 10일 08시,금요일,부산광역시 해운대구 좌동,경상사고,0,0,1,0,차대차 - 기타,안전운전불이행,건조,맑음,교차로 - 교차로부근,승용,남,49세,상해없음,승용,남,33세,경상
2012081000100151,2012년 8월 10일 09시,금요일,부산광역시 연제구 연산동,중상사고,0,1,1,0,차대차 - 기타,안전거리미확보,건조,맑음,단일로 - 기타,화물,남,53세,상해없음,승용,여,63세,중상
2012081000100152,2012년 8월 10일 09시,금요일,부산광역시 사상구 학장동,경상사고,0,0,2,0,차대차 - 측면직각충돌,안전운전불이행,건조,맑음,단일로 - 기타,화물,남,42세,상해없음,승용,남,50세,경상
2012081000100184,2012년 8월 10일 10시,금요일,부산광역시 남구 대연동,중상사고,0,1,0,0,차대차 - 기타,중앙선침범,건조,맑음,교차로 - 교차로안,승용,여,45세,상해없음,이륜,남,23세,중상
2012081000100211,2012년 8월 10일 11시,금요일,부산광역시 해운대구 반송동,경상사고,0,0,1,0,차대차 - 측면직각충돌,신호위반,건조,맑음,교차로 - 교차로안,승용,남,23세,상해없음,화물,남,41세,경상
2012081000100240,2012년 8월 10일 12시,금요일,부산광역시 남구 문현동,경상사고,0,0,2,0,차대차 - 추돌 - 진행중,차로위반,건조,맑음,단일로 - 기타,승합,남,60세,상해없음,승용,남,26세,경상
2012081000100241,2012년 8월 10일 12시,금요일,부산광역시 동래구 사직동,중상사고,0,1,0,0,차대차 - 측면직각충돌,안전운전불이행,건조,맑음,단일로 - 횡단보도상,승용,남,68세,상해없음,자전거,여,44세,중상
2012081000100242,2012년 8월 10일 12시,금요일,부산광역시 동래구 안락동,경상사고,0,0,3,2,차량단독 - 공작물충돌,안전운전불이행,건조,맑음,단일로 - 기타,승합,남,46세,상해없음,,,,
2012081000100243,2012년 8월 10일 12시,금요일,부산광역시 영도구 동삼동,경상사고,0,0,1,0,차대사람 - 차도통행중,안전운전불이행,건조,맑음,단일로 - 기타,승용,여,32세,상해없음,보행자,남,21세,경상
2012081000100244,2012년 8월 10일 12시,금요일,부산광역시 사상구 삼락동,경상사고,0,0,1,0,차대차 - 측면직각충돌,차로위반,건조,맑음,교차로 - 교차로부근,승용,남,65세,상해없음,승용,남,52세,경상
2012081000100305,2012년 8월 10일 14시,금요일,부산광역시 부산진구 범천동,중상사고,0,1,0,0,차대차 - 측면직각충돌,안전운전불이행,건조,맑음,단일로 - 기타,건설기계,남,43세,상해없음,승용,여,27세,중상
2012081000100306,2012년 8월 10일 14시,금요일,부산광역시 사하구 하단동,경상사고,0,0,2,0,차대차 - 기타,안전운전불이행,건조,맑음,단일로 - 기타,화물,남,70세,상해없음,승용,남,75세,경상
2012081000100345,2012년 8월 10일 15시,금요일,부산광역시 해운대구 반여동,중상사고,0,1,0,0,차대차 - 추돌 - 주정차중,안전운전불이행,건조,흐림,단일로 - 기타,승용,여,63세,상해없음,승용,남,45세,상해없음
2012081000100346,2012년 8월 10일 15시,금요일,부산광역시 해운대구 반송동,경상사고,0,0,1,0,차대차 - 측면직각충돌,안전운전불이행,건조,맑음,단일로 - 기타,승용,여,53세,상해없음,승용,여,32세,경상
2012081000100347,2012년 8월 10일 15시,금요일,부산광역시 금정구 구서동,중상사고,0,1,0,0,차량단독 - 기타,안전운전불이행,건조,맑음,단일로 - 기타,승합,남,46세,상해없음,,,,
2012081000100381,2012년 8월 10일 16시,금요일,부산광역시 해운대구 재송동,경상사고,0,0,2,0,차대사람 - 횡단중,신호위반,건조,맑음,단일로 - 횡단보도상,승용,남,55세,상해없음,보행자,남,6세,경상
2012081000100382,2012년 8월 10일 16시,금요일,부산광역시 해운대구 송정동,중상사고,0,1,0,0,차대사람 - 기타,안전운전불이행,건조,맑음,기타 - 기타,승용,남,64세,상해없음,보행자,남,41세,중상
2012081000100383,2012년 8월 10일 16시,금요일,부산광역시 사하구 하단동,경상사고,0,0,1,0,차대사람 - 기타,교차로운행방법위반,건조,맑음,교차로 - 교차로안,승용,남,27세,상해없음,보행자,남,54세,경상
2012081000100426,2012년 8월 10일 17시,금요일,부산광역시 동래구 명륜동,중상사고,0,1,0,0,차대차 - 측면직각충돌,신호위반,건조,맑음,단일로 - 횡단보도상,화물,남,28세,상해없음,자전거,남,16세,중상
2012081000100427,2012년 8월 10일 17시,금요일,부산광역시 사상구 엄궁동,경상사고,0,0,3,0,차대차 - 측면직각충돌,차로위반,건조,맑음,교차로 - 교차로안,승용,남,45세,경상,화물,남,34세,경상
2012081000100467,2012년 8월 10일 18시,금요일,부산광역시 동래구 명륜동,중상사고,0,1,0,0,차대사람 - 횡단중,보행자보호의무위반,건조,맑음,교차로 - 교차로안,승용,남,62세,상해없음,보행자,여,55세,중상
2012081000100468,2012년 8월 10일 18시,금요일,부산광역시 해운대구 우동,중상사고,0,1,0,0,차대차 - 추돌 - 진행중,안전운전불이행,건조,흐림,단일로 - 기타,화물,남,52세,상해없음,승용,여,47세,중상
2012081000100512,2012년 8월 10일 19시,금요일,부산광역시 북구 화명동,경상사고,0,0,1,0,차대차 - 추돌 - 진행중,기타,건조,맑음,단일로 - 기타,승용,남,59세,상해없음,이륜,남,22세,경상
2012081000100513,2012년 8월 10일 19시,금요일,부산광역시 부산진구 부전동,중상사고,0,1,1,0,차대차 - 기타,중앙선침범,건조,맑음,단일로 - 기타,승용,남,18세,상해없음,승용,남,23세,중상
2012081000100553,2012년 8월 10일 20시,금요일,부산광역시 북구 화명동,경상사고,0,0,1,0,차량단독 - 기타,안전운전불이행,건조,맑음,교차로 - 교차로부근,승합,남,47세,상해없음,,,,
2012081000100554,2012년 8월 10일 20시,금요일,부산광역시 부산진구 개금동,경상사고,0,0,1,0,차대차 - 측면직각충돌,불법유턴,건조,맑음,단일로 - 횡단보도상,원동기,남,19세,상해없음,원동기,남,22세,경상
2012081000100555,2012년 8월 10일 20시,금요일,부산광역시 금정구 두구동,경상사고,0,0,1,0,차대차 - 측면직각충돌,안전거리미확보,건조,맑음,단일로 - 기타,화물,기타불명,기타불명,기타불명,승용,여,43세,경상
2012081000100599,2012년 8월 10일 21시,금요일,부산광역시 해운대구 재송동,경상사고,0,0,2,0,차대차 - 측면직각충돌,신호위반,건조,맑음,교차로 - 교차로안,승용,남,55세,상해없음,승용,남,21세,경상
2012081000100600,2012년 8월 10일 21시,금요일,부산광역시 금정구 장전동,경상사고,0,0,2,0,차대차 - 측면직각충돌,신호위반,건조,맑음,교차로 - 교차로안,승용,남,19세,기타불명,이륜,남,57세,경상
2012081000100601,2012년 8월 10일 21시,금요일,부산광역시 사하구 감천동,중상사고,0,1,0,0,차대차 - 기타,차로위반,건조,맑음,단일로 - 기타,승용,남,46세,상해없음,원동기,남,54세,중상
2012081000100622,2012년 8월 10일 22시,금요일,부산광역시 부산진구 양정동,중상사고,0,1,0,0,차대차 - 측면직각충돌,안전운전불이행,건조,맑음,교차로 - 교차로안,승용,남,48세,상해없음,원동기,남,28세,중상
2012081000100623,2012년 8월 10일 22시,금요일,부산광역시 부산진구 전포동,경상사고,0,0,1,0,차대사람 - 기타,안전운전불이행,건조,맑음,교차로 - 교차로부근,승용,남,39세,상해없음,보행자,남,53세,경상
2012081000100624,2012년 8월 10일 22시,금요일,부산광역시 사상구 학장동,중상사고,0,1,0,1,차대사람 - 횡단중,안전운전불이행,건조,맑음,단일로 - 기타,이륜,남,24세,부상신고,보행자,남,48세,중상
2012081000100655,2012년 8월 10일 23시,금요일,부산광역시 중구 영주동,경상사고,0,0,1,0,차대차 - 기타,안전운전불이행,건조,맑음,단일로 - 기타,승합,남,44세,상해없음,화물,남,29세,기타불명
2012081000100656,2012년 8월 10일 23시,금요일,부산광역시 해운대구 우동,경상사고,0,0,1,0,차량단독 - 기타,안전운전불이행,건조,맑음,단일로 - 기타,승용,남,60세,기타불명,,,,