사고번호,사고일시,요일,시군구,사고내용,사망자수,중상자수,경상자수,부상신고자수,사고유형,법규위반,노면상태,기상상태,도로형태,가해운전자 차종,가해운전자 성별,가해운전자 연령,가해운전자 상해정도,피해운전자 차종,피해운전자 성별,피해운전자 연령,피해운전자 상해정도
2012081000100657,2012년 8월 10일 23시,금요일,부산광역시 사하구 하단동,경상사고,0,0,3,0,차대차 - 기타,안전운전불이행,건조,맑음,교차로 - 교차로안,승용,남,65세,상해없음,승용,남,27세,경상
2012081000100658,2012년 8월 10일 23시,금요일,부산광역시 사하구 하단동,부상신고사고,0,0,0,1,차대차 - 기타,안전운전불이행,습기,비,교차로 - 교차로안,원동기,남,21세,상해없음,원동기,남,53세,부상신고
2012081100100009,2012년 8월 11일 00시,토요일,부산광역시 중구 대청동1가,경상사고,0,0,1,0,차대차 - 기타,교차로운행방법위반,건조,맑음,교차로 - 교차로안,승용,남,23세,상해없음,승용,남,67세,경상
2012081100100010,2012년 8월 11일 00시,토요일,부산광역시 금정구 남산동,경상사고,0,0,1,0,차대차 - 추돌 - 진행중,안전운전불이행,건조,맑음,단일로 - 기타,이륜,남,22세,경상,승용,여,39세,상해없음
2012081100100011,2012년 8월 11일 00시,토요일,부산광역시 금정구 남산동,경상사고,0,0,1,0,차대차 - 측면직각충돌,안전운전불이행,건조,맑음,단일로 - 기타,승용,기타불명,기타불명,기타불명,승용,남,64세,경상
2012081100100041,2012년 8월 11일 01시,토요일,부산광역시 남구 대연동,경상사고,0,0,1,0,차대차 - 추돌 - 주정차중,안전거리미확보,건조,맑음,교차로 - 교차로부근,승용,남,35세,상해없음,승용,남,50세,상해없음
2012081100100076,2012년 8월 11일 03시,토요일,부산광역시 금정구 서동,경상사고,0,0,1,0,차대사람 - 기타,안전운전불이행,습기,흐림,기타 - 기타,이륜,남,54세,상해없음,보행자,남,43세,경상
2012081100100077,2012년 8월 11일 03시,토요일,부산광역시 사상구 주례동,경상사고,0,0,1,0,차량단독 - 기타,안전운전불이행,건조,맑음,단일로 - 기타,승용,남,45세,상해없음,,,,
2012081100100078,2012년 8월 11일 03시,토요일,부산광역시 사상구 학장동,경상사고,0,0,1,0,차대차 - 측면직각충돌,안전운전불이행,건조,맑음,단일로 - 기타,승용,남,55세,상해없음,승용,남,58세,경상
2012081100100095,2012년 8월 11일 04시,토요일,부산광역시 부산진구 연지동,사망사고,1,1,0,0,차대차 - 기타,안전운전불이행,기타,맑음,기타 - 기타,이륜,여,51세,사망,승용,남,55세,중상
2012081100100096,2012년 8월 11일 04시,토요일,부산광역시 연제구 연산동,경상사고,0,0,3,0,차대차 - 추돌 - 주정차중,안전거리미확보,건조,맑음,단일로 - 횡단보도부근,승용,여,19세,상해없음,승용,남,56세,경상
2012081100100130,2012년 8월 11일 06시,토요일,부산광역시 해운대구 반여동,경상사고,0,0,3,0,차대차 - 기타,신호위반,건조,맑음,미분류 - 미분류,원동기,남,25세,상해없음,승용,남,37세,상해없음
2012081100100150,2012년 8월 11일 08시,토요일,부산광역시 북구 화명동,경상사고,0,0,2,0,차대차 - 추돌 - 진행중,안전운전불이행,건조,맑음,기타 - 기타,승용,남,29세,상해없음,승용,남,53세,경상
2012081100100151,2012년 8월 11일 08시,토요일,부산광역시 강서구 대저2동,중상사고,0,1,0,0,차대차 - 측면직각충돌,교차로운행방법위반,건조,맑음,교차로 - 교차로안,승용,여,43세,상해없음,이륜,남,56세,중상
2012081100100164,2012년 8월 11일 09시,토요일,부산광역시 금정구 부곡동,경상사고,0,0,1,0,차대사람 - 차도통행중,안전운전불이행,건조,맑음,교차로 - 교차로부근,화물,남,48세,상해없음,보행자,여,47세,경상
2012081100100165,2012년 8월 11일 09시,토요일,부산광역시 금정구 부곡동,중상사고,0,1,0,0,차대차 - 측면직각충돌,안전운전불이행,건조,맑음,단일로 - 기타,승용,남,62세,상해없음,원동기,남,58세,중상
2012081100100185,2012년 8월 11일 10시,토요일,부산광역시 해운대구 우동,경상사고,0,0,1,0,차대차 - 측면직각충돌,안전운전불이행,건조,맑음,단일로 - 기타,승용,여,26세,상해없음,이륜,남,20세,경상
2012081100100186,2012년 8월 11일 10시,토요일,부산광역시 기장군 정관면,중상사고,0,1,0,0,차대차 - 측면직각충돌,직진우회전진행방해,건조,맑음,교차로 - 교차로안,승용,남,58세,상해없음,이륜,남,26세,중상
2012081100100213,2012년 8월 11일 11시,토요일,부산광역시 동래구 명장동,부상신고사고,0,0,0,1,차대사람 - 횡단중,안전운전불이행,건조,맑음,교차로 - 교차로안,화물,남,69세,상해없음,보행자,여,45세,부상신고
2012081100100214,2012년 8월 11일 11시,토요일,부산광역시 동래구 온천동,경상사고,0,0,7,0,차대차 - 추돌 - 진행중,안전거리미확보,건조,맑음,단일로 - 횡단보도상,승용,남,61세,상해없음,승용,남,41세,경상
2012081100100262,2012년 8월 11일 13시,토요일,부산광역시 북구 금곡동,중상사고,0,1,1,0,차대차 - 측면직각충돌,신호위반,건조,맑음,교차로 - 교차로안,승용,남,79세,상해없음,승용,남,58세,경상
2012081100100263,2012년 8월 11일 13시,토요일,부산광역시 해운대구 석대동,경상사고,0,0,1,0,차대차 - 기타,교차로운행방법위반,건조,맑음,교차로 - 교차로안,승용,남,53세,상해없음,원동기,남,52세,경상
2012081100100264,2012년 8월 11일 13시,토요일,부산광역시 사하구 구평동,경상사고,0,0,1,0,차대차 - 측면직각충돌,안전운전불이행,건조,맑음,교차로 - 교차로부근,승용,남,66세,상해없음,승용,남,53세,경상
2012081100100265,2012년 8월 11일 13시,토요일,부산광역시 연제구 거제동,경상사고,0,0,1,0,차대차 - 측면직각충돌,안전운전불이행,건조,맑음,단일로 - 기타,승용,남,41세,상해없음,이륜,남,40세,경상
2012081100100292,2012년 8월 11일 14시,토요일,부산광역시 연제구 거제동,경상사고,0,0,1,0,차대차 - 추돌 - 진행중,안전거리미확보,건조,맑음,교차로 - 교차로부근,승용,여,42세,상해없음,이륜,남,32세,경상
2012081100100316,2012년 8월 11일 15시,토요일,부산광역시 북구 만덕동,중상사고,0,1,0,0,차대사람 - 횡단중,신호위반,건조,맑음,단일로 - 횡단보도상,화물,남,26세,상해없음,보행자,남,42세,중상
2012081100100317,2012년 8월 11일 15시,토요일,부산광역시 사하구 하단동,경상사고,0,0,4,0,차대차 - 추돌 - 주정차중,안전운전불이행,건조,맑음,단일로 - 횡단보도부근,승용,남,44세,상해없음,승합,남,46세,경상
2012081100100318,2012년 8월 11일 15시,토요일,부산광역시 사상구 엄궁동,중상사고,0,1,0,0,차대차 - 측면직각충돌,안전거리미확보,건조,맑음,교차로 - 교차로부근,이륜,남,32세,중상,승용,남,51세,상해없음
2012081100100371,2012년 8월 11일 17시,토요일,부산광역시 북구 화명동,경상사고,0,0,1,0,차대차 - 측면직각충돌,안전운전불이행,건조,맑음,기타 - 기타,기타불명,기타불명,기타불명,기타불명,이륜,남,54세,경상
2012081100100372,2012년 8월 11일 17시,토요일,부산광역시 동래구 온천동,경상사고,0,0,1,0,차대차 - 측면직각충돌,안전운전불이행,건조,맑음,교차로 - 교차로안,승용,남,45세,상해없음,화물,남,30세,상해없음
2012081100100373,2012년 8월 11일 17시,토요일,부산광역시 수영구 망미동,경상사고,0,0,1,0,차대차 - 측면직각충돌,신호위반,건조,맑음,교차로 - 교차로안,승용,남,48세,상해없음,이륜,남,45세,경상
2012081100100402,2012년 8월 11일 18시,토요일,부산광역시 연제구 연산동,경상사고,0,0,2,0,차대차 - 추돌 - 진행중,안전운전불이행,건조,맑음,기타 - 기타,화물,남,58세,상해없음,자전거,남,14세,경상
2012081100100425,2012년 8월 11일 19시,토요일,부산광역시 금정구 구서동,중상사고,0,1,0,0,차대사람 - 횡단중,보행자보호의무위반,건조,맑음,단일로 - 횡단보도상,승용,여,44세,상해없음,보행자,여,18세,중상
2012081100100455,2012년 8월 11일 20시,토요일,부산광역시 수영구 광안동,중상사고,0,1,0,0,차대차 - 추돌 - 주정차중,기타,기타,기타,단일로 - 기타,승용,남,59세,상해없음,원동기,남,27세,중상
2012081100100482,2012년 8월 11일 21시,토요일,부산광역시 동구 초량동,경상사고,0,0,1,0,차대차 - 추돌 - 주정차중,안전거리미확보,건조,맑음,단일로 - 기타,승용,남,45세,상해없음,승용,여,38세,경상
2012081100100483,2012년 8월 11일 21시,토요일,부산광역시 사상구 덕포동,중상사고,0,1,0,0,차대사람 - 기타,안전운전불이행,건조,맑음,단일로 - 기타,승용,남,53세,상해없음,보행자,여,28세,중상
2012081100100511,2012년 8월 11일 22시,토요일,부산광역시 사하구 장림동,경상사고,0,0,1,0,차대차 - 측면직각충돌,안전운전불이행,건조,맑음,교차로 - 교차로안,원동기,남,17세,상해없음,승용,남,32세,상해없음
2012081100100512,2012년 8월 11일 22시,토요일,부산광역시 사하구 괴정동,경상사고,0,0,1,0,차대사람 - 기타,안전운전불이행,건조,맑음,단일로 - 기타,자전거,남,18세,상해없음,보행자,여,67세,경상
2012081100100538,2012년 8월 11일 23시,토요일,부산광역시 동래구 온천동,경상사고,0,0,1,0,차대사람 - 횡단중,안전운전불이행,건조,맑음,단일로 - 기타,승용,남,50세,기타불명,보행자,남,38세,경상
2012081100100539,2012년 8월 11일 23시,토요일,부산광역시 부산진구 양정동,중상사고,0,1,1,0,차대차 - 추돌 - 주정차중,안전운전불이행,건조,맑음,교차로 - 교차로부근,승용,여,32세,상해없음,승용,여,33세,중상
2012081200100005,2012년 8월 12일 00시,일요일,부산광역시 북구 덕천동,중상사고,0,1,2,0,차대차 - 측면직각충돌,안전운전불이행,건조,맑음,단일로 - 기타,이륜,남,17세,상해없음,승용,남,18세,상해없음
2012081200100006,2012년 8월 12일 00시,일요일,부산광역시 해운대구 반여동,경상사고,0,0,1,0,차대차 - 측면직각충돌,교차로운행방법위반,건조,맑음,교차로 - 교차로안,승용,남,53세,상해없음,자전거,남,31세,경상
2012081200100007,2012년 8월 12일 00시,일요일,부산광역시 금정구 금사동,중상사고,0,2,1,0,차량단독 - 공작물충돌,안전운전불이행,건조,맑음,단일로 - 기타,승용,남,18세,중상,,,,
2012081200100032,2012년 8월 12일 01시,일요일,부산광역시 해운대구 우동,경상사고,0,0,2,0,차대차 - 추돌 - 진행중,안전거리미확보,건조,흐림,단일로 - 기타,승용,여,36세,상해없음,승용,남,33세,경상
2012081200100049,2012년 8월 12일 02시,일요일,부산광역시 남구 대연동,부상신고사고,0,0,0,1,차대차 - 측면직각충돌,직진우회전진행방해,건조,맑음,교차로 - 교차로안,승용,남,25세,상해없음,승용,남,43세,부상신고
2012081200100060,2012년 8월 12일 03시,일요일,부산광역시 동래구 온천동,중상사고,0,1,0,0,차대사람 - 길가장자리구역통행중,안전운전불이행,건조,맑음,단일로 - 기타,승용,기타불명,기타불명,기타불명,보행자,남,51세,중상
2012081200100069,2012년 8월 12일 04시,일요일,부산광역시 사하구 하단동,경상사고,0,0,1,0,차대차 - 기타,안전운전불이행,건조,맑음,교차로 - 교차로부근,승용,남,19세,상해없음,승용,남,56세,경상
2012081200100087,2012년 8월 12일 05시,일요일,부산광역시 사상구 주례동,중상사고,0,1,0,0,차대차 - 측면직각충돌,차로위반,건조,맑음,단일로 - 기타,이륜,기타불명,기타불명,기타불명,이륜,남,36세,중상
2012081200100102,2012년 8월 12일 06시,일요일,부산광역시 남구 대연동,경상사고,0,0,1,0,차대차 - 기타,안전거리미확보,건조,맑음,교차로 - 교차로안,승용,남,25세,상해없음,승용,남,46세,경상
2012081200100103,2012년 8월 12일 06시,일요일,부산광역시 사하구 하단동,경상사고,0,0,1,0,차대사람 - 길가장자리구역통행중,안전운전불이행,건조,맑음,단일로 - 기타,승합,남,52세,상해없음,보행자,남,27세,경상
2012081200100129,2012년 8월 12일 08시,일요일,부산광역시 서구 서대신동1가,부상신고사고,0,0,0,1,차대사람 - 기타,안전운전불이행,건조,맑음,기타 - 기타,승용,남,44세,상해없음,보행자,여,22세,부상신고
2012081200100148,2012년 8월 12일 09시,일요일,부산광역시 사하구 감천동,중상사고,0,1,1,0,차대차 - 측면직각충돌,안전운전불이행,건조,맑음,교차로 - 교차로부근,승용,남,50세,상해없음,승용,남,53세,경상
2012081200100149,2012년 8월 12일 09시,일요일,부산광역시 수영구 수영동,경상사고,0,0,1,0,차대사람 - 보도통행중,신호위반,건조,맑음,단일로 - 횡단보도상,승용,남,32세,상해없음,보행자,여,29세,경상
2012081200100150,2012년 8월 12일 09시,일요일,부산광역시 기장군 정관면,중상사고,0,1,0,0,차대사람 - 기타,안전운전불이행,건조,맑음,단일로 - 기타,승합,남,56세,상해없음,보행자,여,69세,중상
2012081200100160,2012년 8월 12일 10시,일요일,부산광역시 북구 덕천동,경상사고,0,0,1,0,차대차 - 측면직각충돌,안전운전불이행,건조,맑음,단일로 - 기타,승용,남,62세,상해없음,승용,남,48세,경상
2012081200100161,2012년 8월 12일 10시,일요일,부산광역시 기장군 기장읍,경상사고,0,0,4,0,차대차 - 추돌 - 주정차중,안전운전불이행,건조,맑음,교차로 - 교차로부근,승용,남,53세,상해없음,승용,여,34세,경상
2012081200100196,2012년 8월 12일 12시,일요일,부산광역시 서구 토성동3가,경상사고,0,0,1,0,차대차 - 추돌 - 주정차중,안전거리미확보,건조,맑음,단일로 - 기타,승용,남,54세,상해없음,원동기,남,24세,경상
2012081200100207,2012년 8월 12일 13시,일요일,부산광역시 해운대구 반송동,경상사고,0,0,1,0,차대차 - 기타,안전운전불이행,건조,맑음,교차로 - 교차로안,승용,남,68세,상해없음,승합,남,53세,상해없음
2012081200100208,2012년 8월 12일 13시,일요일,부산광역시 기장군 일광면,중상사고,0,2,2,0,차대차 - 측면직각충돌,신호위반,습기,비,교차로 - 교차로안,승용,남,46세,상해없음,승용,여,38세,중상
2012081200100242,2012년 8월 12일 14시,일요일,부산광역시 해운대구 반여동,경상사고,0,0,1,0,차대사람 - 기타,안전운전불이행,습기,비,단일로 - 횡단보도부근,승용,남,29세,상해없음,보행자,여,14세,경상
2012081200100243,2012년 8월 12일 14시,일요일,부산광역시 금정구 회동동,경상사고,0,0,5,0,차대차 - 추돌 - 진행중,안전운전불이행,습기,비,단일로 - 기타,승합,남,48세,상해없음,승용,남,32세,경상
2012081200100328,2012년 8월 12일 17시,일요일,부산광역시 사상구 모라동,부상신고사고,0,0,0,1,차량단독 - 전도전복,안전운전불이행,건조,맑음,단일로 - 기타,이륜,남,60세,부상신고,,,,
2012081200100364,2012년 8월 12일 18시,일요일,부산광역시 중구 중앙동2가,중상사고,0,1,0,0,차대사람 - 길가장자리구역통행중,안전운전불이행,건조,맑음,단일로 - 기타,승용,남,53세,상해없음,보행자,남,49세,중상
2012081200100365,2012년 8월 12일 18시,일요일,부산광역시 사하구 괴정동,중상사고,0,1,0,0,차대사람 - 기타,안전운전불이행,건조,맑음,교차로 - 교차로부근,승용,여,32세,상해없음,보행자,남,12세,중상
2012081200100423,2012년 8월 12일 20시,일요일,부산광역시 서구 암남동,경상사고,0,0,1,0,차대사람 - 차도통행중,안전운전불이행,습기,비,교차로 - 교차로안,승용,남,58세,상해없음,보행자,남,20세,경상
2012081200100424,2012년 8월 12일 20시,일요일,부산광역시 연제구 연산동,경상사고,0,0,5,0,차대차 - 측면직각충돌,신호위반,건조,맑음,교차로 - 교차로안,승합,남,41세,상해없음,승용,남,30세,경상
2012081200100459,2012년 8월 12일 21시,일요일,부산광역시 부산진구 부암동,중상사고,0,1,0,0,차대사람 - 기타,보행자보호의무위반,건조,맑음,단일로 - 횡단보도상,승용,남,27세,상해없음,보행자,남,75세,중상
2012081200100490,2012년 8월 12일 22시,일요일,부산광역시 기장군 장안읍,경상사고,0,0,4,0,차대차 - 추돌 - 주정차중,안전거리미확보,건조,맑음,단일로 - 기타,승용,여,19세,상해없음,승용,남,62세,경상
2012081200100517,2012년 8월 12일 23시,일요일,부산광역시 영도구 대교동1가,사망사고,1,0,0,0,차대차 - 기타,중앙선침범,건조,맑음,단일로 - 기타,자전거,남,18세,사망,승용,여,37세,상해없음
2012081200100518,2012년 8월 12일 23시,일요일,부산광역시 해운대구 반송동,경상사고,0,0,2,0,차대차 - 측면직각충돌,신호위반,건조,맑음,단일로 - 기타,승합,남,39세,상해없음,승용,남,65세,경상
2012081300100046,2012년 8월 13일 04시,월요일,부산광역시 해운대구 우동,경상사고,0,0,1,0,차대차 - 추돌 - 진행중,안전운전불이행,건조,맑음,단일로 - 기타,승용,남,19세,상해없음,승용,남,35세,경상
2012081300100059,2012년 8월 13일 06시,월요일,부산광역시 금정구 회동동,중상사고,0,1,0,0,차대차 - 측면직각충돌,안전운전불이행,습기,비,단일로 - 기타,화물,남,51세,상해없음,승용,남,30세,중상
2012081300100096,2012년 8월 13일 08시,월요일,부산광역시 부산진구 부전동,중상사고,0,1,0,0,차대사람 - 기타,안전운전불이행,건조,맑음,단일로 - 기타,화물,남,43세,상해없음,보행자,남,46세,중상
2012081300100097,2012년 8월 13일 08시,월요일,부산광역시 사하구 괴정동,경상사고,0,0,1,0,차대사람 - 기타,안전운전불이행,건조,맑음,단일로 - 기타,승용,남,60세,상해없음,보행자,여,18세,경상
2012081300100098,2012년 8월 13일 08시,월요일,부산광역시 연제구 연산동,중상사고,0,1,4,0,차대차 - 측면직각충돌,중앙선침범,건조,맑음,교차로 - 교차로부근,승용,남,59세,상해없음,화물,남,50세,상해없음
2012081300100124,2012년 8월 13일 09시,월요일,부산광역시 연제구 연산동,경상사고,0,0,1,0,차대차 - 기타,안전거리미확보,건조,맑음,단일로 - 횡단보도부근,승용,남,44세,상해없음,승용,남,72세,상해없음
2012081300100152,2012년 8월 13일 10시,월요일,부산광역시 수영구 망미동,경상사고,0,0,1,0,차대차 - 추돌 - 주정차중,안전거리미확보,습기,비,교차로 - 교차로부근,승용,남,65세,상해없음,승용,남,43세,경상
2012081300100153,2012년 8월 13일 10시,월요일,부산광역시 연제구 연산동,경상사고,0,0,1,0,차대차 - 추돌 - 주정차중,안전거리미확보,건조,맑음,단일로 - 기타,승용,남,39세,상해없음,화물,남,52세,경상
2012081300100182,2012년 8월 13일 11시,월요일,부산광역시 동래구 명륜동,경상사고,0,0,2,0,차대차 - 추돌 - 진행중,안전거리미확보,건조,맑음,단일로 - 기타,승용,남,26세,기타불명,승용,남,63세,경상
2012081300100211,2012년 8월 13일 12시,월요일,부산광역시 해운대구 재송동,경상사고,0,0,1,0,차대차 - 측면직각충돌,안전운전불이행,건조,맑음,단일로 - 기타,승용,남,42세,상해없음,화물,남,52세,경상
2012081300100212,2012년 8월 13일 12시,월요일,부산광역시 부산진구 부전동,경상사고,0,0,1,0,차대차 - 측면직각충돌,신호위반,건조,맑음,교차로 - 교차로안,승용,남,23세,상해없음,승용,여,46세,경상
2012081300100213,2012년 8월 13일 12시,월요일,부산광역시 금정구 구서동,경상사고,0,0,1,0,차대차 - 측면직각충돌,안전운전불이행,건조,흐림,교차로 - 교차로안,승용,여,51세,상해없음,화물,남,49세,경상
2012081300100249,2012년 8월 13일 13시,월요일,부산광역시 부산진구 당감동,경상사고,0,0,1,0,차대사람 - 횡단중,신호위반,습기,비,단일로 - 횡단보도상,승용,남,58세,상해없음,보행자,여,49세,경상
2012081300100276,2012년 8월 13일 14시,월요일,부산광역시 연제구 연산동,경상사고,0,0,2,0,차대차 - 측면직각충돌,안전운전불이행,습기,비,교차로 - 교차로안,승용,여,36세,상해없음,승용,남,60세,경상
2012081300100277,2012년 8월 13일 14시,월요일,부산광역시 사상구 삼락동,경상사고,0,0,1,1,차대차 - 추돌 - 진행중,안전거리미확보,습기,흐림,교차로 - 교차로부근,화물,남,70세,상해없음,승합,남,53세,부상신고
2012081300100316,2012년 8월 13일 15시,월요일,부산광역시 북구 덕천동,경상사고,0,0,1,0,차대차 - 측면직각충돌,안전운전불이행,건조,맑음,교차로 - 교차로부근,승용,남,26세,상해없음,자전거,남,78세,경상
2012081300100355,2012년 8월 13일 16시,월요일,부산광역시 남구 대연동,중상사고,0,1,0,0,차대차 - 측면직각충돌,안전운전불이행,건조,흐림,교차로 - 교차로안,화물,남,40세,상해없음,이륜,남,25세,중상
2012081300100392,2012년 8월 13일 17시,월요일,부산광역시 동래구 온천동,경상사고,0,0,1,0,차대사람 - 기타,안전운전불이행,건조,맑음,단일로 - 기타,건설기계,남,56세,상해없음,보행자,여,77세,경상
2012081300100393,2012년 8월 13일 17시,월요일,부산광역시 사상구 주례동,경상사고,0,0,1,0,차대차 - 기타,안전운전불이행,건조,맑음,교차로 - 교차로안,화물,남,57세,상해없음,이륜,남,35세,경상
2012081300100417,2012년 8월 13일 18시,월요일,부산광역시 동구 초량동,경상사고,0,0,1,0,차대사람 - 기타,안전운전불이행,건조,맑음,단일로 - 기타,승용,남,53세,상해없음,보행자,남,28세,경상
2012081300100418,2012년 8월 13일 18시,월요일,부산광역시 해운대구 우동,중상사고,0,1,0,0,차대차 - 측면직각충돌,신호위반,건조,맑음,교차로 - 교차로안,승용,남,41세,상해없음,승용,여,31세,중상
2012081300100419,2012년 8월 13일 18시,월요일,부산광역시 해운대구 반여동,중상사고,0,1,0,0,차대사람 - 차도통행중,안전운전불이행,건조,맑음,단일로 - 기타,화물,남,54세,상해없음,보행자,여,62세,중상
2012081300100465,2012년 8월 13일 19시,월요일,부산광역시 부산진구 당감동,중상사고,0,1,0,0,차대차 - 기타,신호위반,건조,맑음,교차로 - 교차로안,이륜,남,49세,중상,승용,남,63세,상해없음
2012081300100466,2012년 8월 13일 19시,월요일,부산광역시 부산진구 개금동,경상사고,0,0,1,0,차대차 - 기타,안전거리미확보,건조,맑음,단일로 - 기타,승용,여,47세,상해없음,이륜,남,30세,경상
2012081300100467,2012년 8월 13일 19시,월요일,부산광역시 강서구 대저1동,중상사고,0,2,0,0,차대차 - 기타,안전거리미확보,건조,맑음,단일로 - 기타,승용,기타불명,기타불명,기타불명,승용,남,36세,상해없음
2012081300100506,2012년 8월 13일 20시,월요일,부산광역시 중구 부평동2가,경상사고,0,0,1,0,차대사람 - 길가장자리구역통행중,중앙선침범,건조,맑음,단일로 - 기타,승용,남,55세,상해없음,보행자,남,56세,경상
2012081300100507,2012년 8월 13일 20시,월요일,부산광역시 부산진구 가야동,중상사고,0,1,0,0,차대사람 - 길가장자리구역통행중,안전운전불이행,습기,비,단일로 - 기타,승합,남,42세,상해없음,보행자,여,50세,중상
2012081300100508,2012년 8월 13일 20시,월요일,부산광역시 강서구 대저1동,중상사고,0,1,0,0,차대차 - 기타,안전운전불이행,건조,맑음,단일로 - 기타,승용,여,44세,상해없음,승합,남,63세,중상
2012081300100543,2012년 8월 13일 21시,월요일,부산광역시 해운대구 석대동,사망사고,1,0,0,0,차대사람 - 횡단중,과속,건조,흐림,단일로 - 기타,승용,남,47세,상해없음,보행자,여,75세,사망
2012081300100544,2012년 8월 13일 21시,월요일,부산광역시 부산진구 양정동,경상사고,0,0,1,0,차대차 - 측면직각충돌,신호위반,건조,맑음,교차로 - 교차로안,승용,남,29세,상해없음,원동기,남,27세,경상
2012081300100572,2012년 8월 13일 22시,월요일,부산광역시 사하구 괴정동,중상사고,0,1,0,0,차대차 - 측면직각충돌,교차로운행방법위반,건조,맑음,교차로 - 교차로안,승용,여,46세,상해없음,이륜,남,23세,중상
2012081300100573,2012년 8월 13일 22시,월요일,부산광역시 연제구 연산동,경상사고,0,0,2,0,차대차 - 측면직각충돌,안전운전불이행,건조,맑음,단일로 - 기타,승용,여,42세,기타불명,승용,남,26세,경상
2012081300100574,2012년 8월 13일 22시,월요일,부산광역시 기장군 철마면,경상사고,0,0,1,0,차대차 - 측면직각충돌,안전거리미확보,건조,기타,단일로 - 터널,승용,남,35세,상해없음,승용,남,32세,경상
2012081300100599,2012년 8월 13일 23시,월요일,부산광역시 강서구 대저1동,경상사고,0,0,1,0,차대차 - 추돌 - 주정차중,안전운전불이행,건조,맑음,교차로 - 교차로부근,승용,남,48세,상해없음,승용,남,43세,경상
2012081400100006,2012년 8월 14일 00시,화요일,부산광역시 사하구 하단동,경상사고,0,0,1,0,차대차 - 측면직각충돌,안전운전불이행,건조,맑음,단일로 - 기타,승용,남,25세,상해없음,승용,남,46세,경상
2012081400100021,2012년 8월 14일 01시,화요일,부산광역시 동래구 온천동,경상사고,0,0,2,0,차대차 - 측면직각충돌,신호위반,건조,맑음,교차로 - 교차로안,승용,남,53세,상해없음,승용,남,34세,경상
2012081400100039,2012년 8월 14일 02시,화요일,부산광역시 해운대구 우동,중상사고,0,2,0,0,차대사람 - 기타,안전운전불이행,건조,맑음,교차로 - 교차로안,승용,남,34세,상해없음,보행자,여,39세,중상
2012081400100069,2012년 8월 14일 05시,화요일,부산광역시 동래구 사직동,중상사고,0,1,0,0,차대사람 - 차도통행중,안전운전불이행,습기,맑음,단일로 - 횡단보도부근,승용,남,55세,상해없음,보행자,여,78세,중상
2012081400100070,2012년 8월 14일 05시,화요일,부산광역시 해운대구 재송동,중상사고,0,1,0,0,차대사람 - 기타,안전운전불이행,건조,맑음,단일로 - 기타,승용,남,16세,상해없음,보행자,여,16세,중상
2012081400100071,2012년 8월 14일 05시,화요일,부산광역시 부산진구 부전동,중상사고,0,1,1,0,차대차 - 기타,안전거리미확보,건조,맑음,단일로 - 기타,승합,남,32세,상해없음,승용,남,47세,중상
2012081400100100,2012년 8월 14일 07시,화요일,부산광역시 북구 덕천동,경상사고,0,0,1,0,차량단독 - 기타,기타,건조,맑음,단일로 - 기타,승용,남,65세,상해없음,,,,
2012081400100101,2012년 8월 14일 07시,화요일,부산광역시 영도구 남항동1가,경상사고,0,0,2,0,차대차 - 추돌 - 주정차중,안전운전불이행,건조,맑음,단일로 - 교량,승합,남,23세,상해없음,승용,남,26세,경상
2012081400100102,2012년 8월 14일 07시,화요일,부산광역시 사하구 신평동,경상사고,0,0,1,0,차대차 - 측면직각충돌,안전운전불이행,건조,맑음,교차로 - 교차로부근,승용,남,35세,상해없음,화물,남,56세,상해없음
2012081400100122,2012년 8월 14일 08시,화요일,부산광역시 사상구 괘법동,경상사고,0,0,1,0,차대차 - 추돌 - 진행중,안전거리미확보,건조,맑음,교차로 - 교차로안,화물,남,60세,상해없음,승용,여,38세,경상
2012081400100143,2012년 8월 14일 09시,화요일,부산광역시 동구 초량동,중상사고,0,1,0,0,차대사람 - 기타,보행자보호의무위반,건조,맑음,단일로 - 횡단보도상,승용,남,57세,상해없음,보행자,남,64세,중상
2012081400100190,2012년 8월 14일 11시,화요일,부산광역시 해운대구 반여동,경상사고,0,0,1,0,차대차 - 측면직각충돌,안전거리미확보,건조,맑음,단일로 - 기타,승합,남,51세,상해없음,이륜,남,21세,경상
2012081400100191,2012년 8월 14일 11시,화요일,부산광역시 해운대구 우동,경상사고,0,0,1,1,차대차 - 측면직각충돌,안전운전불이행,건조,맑음,단일로 - 기타,이륜,남,29세,부상신고,승용,여,30세,상해없음
2012081400100192,2012년 8월 14일 11시,화요일,부산광역시 해운대구 중동,중상사고,0,1,0,0,차대차 - 추돌 - 주정차중,안전거리미확보,건조,맑음,단일로 - 기타,승용,여,26세,기타불명,승용,남,30세,중상
2012081400100193,2012년 8월 14일 11시,화요일,부산광역시 연제구 연산동,중상사고,0,1,0,0,차대차 - 측면직각충돌,차로위반,건조,맑음,단일로 - 기타,승용,남,28세,상해없음,승용,남,68세,중상
2012081400100223,2012년 8월 14일 12시,화요일,부산광역시 사상구 주례동,경상사고,0,0,1,0,차대차 - 측면직각충돌,신호위반,건조,맑음,교차로 - 교차로안,승용,여,50세,상해없음,이륜,남,23세,경상
2012081400100224,2012년 8월 14일 12시,화요일,부산광역시 기장군 정관면,경상사고,0,0,4,0,차대차 - 측면직각충돌,교차로운행방법위반,건조,맑음,교차로 - 교차로안,승용,여,36세,상해없음,승용,남,45세,경상