사고번호,사고일시,요일,시군구,사고내용,사망자수,중상자수,경상자수,부상신고자수,사고유형,법규위반,노면상태,기상상태,도로형태,가해운전자 차종,가해운전자 성별,가해운전자 연령,가해운전자 상해정도,피해운전자 차종,피해운전자 성별,피해운전자 연령,피해운전자 상해정도
2012081400100257,2012년 8월 14일 13시,화요일,부산광역시 중구 남포동3가,경상사고,0,0,1,0,차대차 - 기타,기타,건조,맑음,단일로 - 기타,승용,남,56세,상해없음,이륜,남,21세,경상
2012081400100284,2012년 8월 14일 14시,화요일,부산광역시 수영구 광안동,중상사고,0,1,0,0,차대차 - 기타,안전운전불이행,습기,비,단일로 - 기타,승용,여,49세,상해없음,원동기,남,60세,중상
2012081400100285,2012년 8월 14일 14시,화요일,부산광역시 해운대구 중동,경상사고,0,0,1,0,차대차 - 추돌 - 진행중,안전운전불이행,건조,맑음,미분류 - 미분류,승용,여,22세,상해없음,승용,남,41세,상해없음
2012081400100311,2012년 8월 14일 15시,화요일,부산광역시 동래구 안락동,중상사고,0,1,0,0,차대사람 - 차도통행중,안전운전불이행,건조,맑음,단일로 - 기타,화물,남,55세,상해없음,보행자,여,71세,중상
2012081400100312,2012년 8월 14일 15시,화요일,부산광역시 금정구 구서동,경상사고,0,0,1,0,차대차 - 측면직각충돌,교차로운행방법위반,건조,맑음,교차로 - 교차로안,화물,남,48세,상해없음,승용,여,31세,경상
2012081400100344,2012년 8월 14일 16시,화요일,부산광역시 해운대구 우동,경상사고,0,0,1,0,차량단독 - 기타,안전운전불이행,건조,맑음,교차로 - 교차로안,승합,여,35세,상해없음,,,,
2012081400100345,2012년 8월 14일 16시,화요일,부산광역시 강서구 송정동,중상사고,0,1,1,1,차대차 - 측면직각충돌,신호위반,건조,흐림,교차로 - 교차로안,승용,남,62세,상해없음,승용,남,40세,중상
2012081400100346,2012년 8월 14일 16시,화요일,부산광역시 기장군 일광면,경상사고,0,0,1,0,차대사람 - 횡단중,보행자보호의무위반,건조,맑음,교차로 - 교차로부근,승용,남,65세,상해없음,보행자,남,72세,경상
2012081400100376,2012년 8월 14일 17시,화요일,부산광역시 사하구 괴정동,경상사고,0,0,2,0,차대차 - 기타,안전운전불이행,건조,맑음,단일로 - 기타,승용,남,40세,상해없음,승용,남,65세,경상
2012081400100415,2012년 8월 14일 18시,화요일,부산광역시 부산진구 부전동,경상사고,0,0,2,0,차대차 - 기타,안전운전불이행,기타,맑음,단일로 - 기타,승용,남,31세,상해없음,승용,남,30세,경상
2012081400100416,2012년 8월 14일 18시,화요일,부산광역시 부산진구 범천동,경상사고,0,0,1,0,차대차 - 기타,중앙선침범,습기,흐림,단일로 - 기타,승용,남,25세,상해없음,승용,남,19세,경상
2012081400100417,2012년 8월 14일 18시,화요일,부산광역시 연제구 거제동,중상사고,0,1,0,0,차대사람 - 횡단중,보행자보호의무위반,건조,맑음,단일로 - 횡단보도상,승용,남,25세,상해없음,보행자,여,69세,중상
2012081400100418,2012년 8월 14일 18시,화요일,부산광역시 기장군 기장읍,경상사고,0,0,1,0,차대차 - 추돌 - 주정차중,안전운전불이행,습기,비,교차로 - 교차로부근,화물,남,33세,상해없음,승용,남,51세,상해없음
2012081400100455,2012년 8월 14일 19시,화요일,부산광역시 해운대구 우동,중상사고,0,1,0,0,차대차 - 추돌 - 진행중,안전운전불이행,건조,맑음,단일로 - 기타,승합,남,54세,상해없음,승용,남,54세,중상
2012081400100493,2012년 8월 14일 20시,화요일,부산광역시 북구 덕천동,중상사고,0,1,0,0,차대사람 - 횡단중,안전운전불이행,습기,비,단일로 - 기타,승합,남,50세,상해없음,보행자,남,35세,중상
2012081400100494,2012년 8월 14일 20시,화요일,부산광역시 북구 덕천동,경상사고,0,0,1,0,차대차 - 추돌 - 진행중,안전운전불이행,습기,비,단일로 - 기타,승용,남,44세,상해없음,승용,남,32세,경상
2012081400100495,2012년 8월 14일 20시,화요일,부산광역시 부산진구 부전동,경상사고,0,0,1,0,차대사람 - 기타,안전운전불이행,습기,비,단일로 - 기타,승용,여,35세,상해없음,보행자,남,44세,경상
2012081400100496,2012년 8월 14일 20시,화요일,부산광역시 연제구 연산동,경상사고,0,0,1,0,차대차 - 측면직각충돌,안전운전불이행,습기,비,단일로 - 기타,승용,여,58세,상해없음,자전거,남,23세,경상
2012081400100497,2012년 8월 14일 20시,화요일,부산광역시 강서구 명지동,중상사고,0,1,0,0,차대차 - 추돌 - 진행중,안전거리미확보,습기,비,교차로 - 교차로부근,승용,남,54세,상해없음,승용,남,31세,중상
2012081400100543,2012년 8월 14일 21시,화요일,부산광역시 동래구 낙민동,경상사고,0,0,2,1,차대차 - 추돌 - 진행중,안전운전불이행,습기,비,단일로 - 기타,화물,남,33세,상해없음,화물,남,56세,경상
2012081400100544,2012년 8월 14일 21시,화요일,부산광역시 부산진구 부전동,경상사고,0,0,1,0,차량단독 - 기타,기타,습기,흐림,단일로 - 기타,승합,남,45세,상해없음,,,,
2012081400100545,2012년 8월 14일 21시,화요일,부산광역시 금정구 남산동,경상사고,0,0,2,0,차대차 - 추돌 - 주정차중,안전운전불이행,습기,흐림,단일로 - 기타,승용,남,49세,기타불명,승용,남,36세,경상
2012081400100597,2012년 8월 14일 22시,화요일,부산광역시 부산진구 부전동,경상사고,0,0,1,0,차대차 - 기타,신호위반,기타,맑음,단일로 - 기타,원동기,남,27세,상해없음,화물,남,23세,상해없음
2012081400100598,2012년 8월 14일 22시,화요일,부산광역시 부산진구 전포동,중상사고,0,2,0,0,차대차 - 기타,안전운전불이행,습기,흐림,단일로 - 기타,화물,남,40세,상해없음,승용,남,57세,중상
2012081400100599,2012년 8월 14일 22시,화요일,부산광역시 수영구 망미동,경상사고,0,0,1,0,차대사람 - 길가장자리구역통행중,안전운전불이행,건조,맑음,교차로 - 교차로부근,승용,남,58세,상해없음,보행자,여,20세,경상
2012081400100638,2012년 8월 14일 23시,화요일,부산광역시 사하구 하단동,경상사고,0,0,2,0,차대차 - 기타,안전운전불이행,건조,맑음,단일로 - 기타,승합,남,49세,상해없음,승용,남,29세,경상
2012081500100014,2012년 8월 15일 00시,수요일,부산광역시 부산진구 부전동,중상사고,0,1,0,0,차대사람 - 횡단중,안전운전불이행,습기,흐림,단일로 - 기타,승용,남,52세,상해없음,보행자,여,20세,중상
2012081500100015,2012년 8월 15일 00시,수요일,부산광역시 강서구 명지동,중상사고,0,1,1,0,차대차 - 추돌 - 진행중,안전운전불이행,습기,비,단일로 - 기타,승용,남,58세,상해없음,승용,남,48세,경상
2012081500100016,2012년 8월 15일 00시,수요일,부산광역시 강서구 송정동,중상사고,0,1,0,0,차대차 - 기타,신호위반,습기,비,교차로 - 교차로안,원동기,남,35세,중상,승용,남,23세,상해없음
2012081500100017,2012년 8월 15일 00시,수요일,부산광역시 사상구 학장동,중상사고,0,3,1,1,차대차 - 측면직각충돌,신호위반,습기,비,교차로 - 교차로안,승합,남,48세,상해없음,승용,남,42세,부상신고
2012081500100059,2012년 8월 15일 01시,수요일,부산광역시 동구 초량동,중상사고,0,1,0,0,차대차 - 추돌 - 진행중,안전거리미확보,건조,맑음,교차로 - 교차로부근,승용,남,27세,상해없음,승용,남,32세,중상
2012081500100060,2012년 8월 15일 01시,수요일,부산광역시 해운대구 우동,경상사고,0,0,1,0,차대차 - 측면직각충돌,안전운전불이행,습기,비,단일로 - 기타,승용,여,50세,상해없음,원동기,남,55세,경상
2012081500100097,2012년 8월 15일 02시,수요일,부산광역시 부산진구 양정동,경상사고,0,0,1,0,차대사람 - 횡단중,안전운전불이행,습기,비,단일로 - 기타,승용,남,54세,상해없음,보행자,남,22세,경상
2012081500100098,2012년 8월 15일 02시,수요일,부산광역시 연제구 연산동,경상사고,0,0,1,0,차대사람 - 길가장자리구역통행중,안전운전불이행,건조,맑음,단일로 - 기타,승용,여,44세,상해없음,보행자,남,20세,경상
2012081500100099,2012년 8월 15일 02시,수요일,부산광역시 사상구 삼락동,경상사고,0,0,1,0,차대차 - 추돌 - 진행중,안전운전불이행,습기,흐림,단일로 - 기타,승용,남,25세,상해없음,승용,여,40세,경상
2012081500100134,2012년 8월 15일 03시,수요일,부산광역시 동구 초량동,경상사고,0,0,1,0,차대차 - 추돌 - 진행중,안전거리미확보,건조,맑음,단일로 - 기타,승용,남,64세,상해없음,승용,남,54세,경상
2012081500100135,2012년 8월 15일 03시,수요일,부산광역시 동구 범일동,경상사고,0,0,2,0,차대차 - 추돌 - 주정차중,안전운전불이행,습기,흐림,교차로 - 교차로부근,승용,남,48세,상해없음,승용,남,52세,경상
2012081500100136,2012년 8월 15일 03시,수요일,부산광역시 남구 용호동,경상사고,0,0,1,0,차대차 - 추돌 - 진행중,교차로운행방법위반,습기,비,교차로 - 교차로안,승용,남,57세,상해없음,이륜,남,36세,경상
2012081500100137,2012년 8월 15일 03시,수요일,부산광역시 동래구 안락동,경상사고,0,0,1,0,차대차 - 측면직각충돌,신호위반,습기,비,교차로 - 교차로안,승용,남,66세,상해없음,승용,남,37세,경상
2012081500100138,2012년 8월 15일 03시,수요일,부산광역시 부산진구 부전동,중상사고,0,1,0,0,차대사람 - 횡단중,안전운전불이행,습기,흐림,단일로 - 기타,승용,남,65세,상해없음,보행자,여,27세,중상
2012081500100139,2012년 8월 15일 03시,수요일,부산광역시 부산진구 부암동,중상사고,0,2,0,0,차대차 - 측면직각충돌,신호위반,건조,흐림,교차로 - 교차로안,승용,남,56세,상해없음,승용,남,57세,중상
2012081500100167,2012년 8월 15일 04시,수요일,부산광역시 해운대구 반송동,경상사고,0,0,1,0,차대차 - 추돌 - 진행중,안전거리미확보,습기,비,단일로 - 기타,승용,여,44세,상해없음,승용,남,64세,경상
2012081500100206,2012년 8월 15일 06시,수요일,부산광역시 수영구 망미동,경상사고,0,0,1,0,차대차 - 정면충돌,중앙선침범,습기,비,단일로 - 기타,승용,남,25세,기타불명,승용,남,46세,경상
2012081500100220,2012년 8월 15일 07시,수요일,부산광역시 기장군 기장읍,중상사고,0,1,0,0,차대차 - 추돌 - 주정차중,안전운전불이행,습기,비,단일로 - 기타,화물,남,24세,상해없음,원동기,남,59세,중상
2012081500100270,2012년 8월 15일 10시,수요일,부산광역시 사하구 하단동,경상사고,0,0,3,1,차대차 - 측면직각충돌,교차로운행방법위반,건조,맑음,교차로 - 교차로부근,승용,남,56세,상해없음,승용,남,64세,부상신고
2012081500100287,2012년 8월 15일 11시,수요일,부산광역시 북구 화명동,중상사고,0,1,0,0,차대사람 - 보도통행중,기타,건조,흐림,단일로 - 기타,화물,여,40세,상해없음,보행자,여,24세,중상
2012081500100303,2012년 8월 15일 12시,수요일,부산광역시 동구 수정동,경상사고,0,0,1,0,차대사람 - 횡단중,안전운전불이행,건조,맑음,교차로 - 교차로부근,승용,남,73세,상해없음,보행자,여,18세,경상
2012081500100322,2012년 8월 15일 13시,수요일,부산광역시 해운대구 재송동,중상사고,0,2,2,0,차대차 - 추돌 - 주정차중,안전운전불이행,습기,흐림,교차로 - 교차로부근,승용,남,24세,상해없음,승용,남,37세,경상
2012081500100344,2012년 8월 15일 14시,수요일,부산광역시 사하구 괴정동,경상사고,0,0,1,0,차대사람 - 횡단중,신호위반,건조,맑음,교차로 - 교차로부근,승용,남,61세,상해없음,보행자,남,13세,경상
2012081500100359,2012년 8월 15일 15시,수요일,부산광역시 중구 중앙동2가,경상사고,0,0,1,0,차대차 - 측면직각충돌,교차로운행방법위반,건조,맑음,교차로 - 교차로안,승용,남,31세,상해없음,승용,여,35세,경상
2012081500100360,2012년 8월 15일 15시,수요일,부산광역시 동래구 온천동,사망사고,1,0,0,0,차대사람 - 횡단중,안전운전불이행,건조,맑음,단일로 - 기타,승용,여,23세,상해없음,보행자,여,86세,사망
2012081500100361,2012년 8월 15일 15시,수요일,부산광역시 기장군 정관면,중상사고,0,1,0,0,차대차 - 추돌 - 주정차중,안전운전불이행,습기,흐림,교차로 - 교차로부근,승용,남,41세,상해없음,승용,여,50세,중상
2012081500100418,2012년 8월 15일 18시,수요일,부산광역시 중구 보수동1가,경상사고,0,0,1,0,차대차 - 기타,안전운전불이행,건조,맑음,단일로 - 기타,승용,남,27세,상해없음,이륜,남,57세,경상
2012081500100438,2012년 8월 15일 19시,수요일,부산광역시 중구 보수동1가,중상사고,0,1,0,0,차대사람 - 차도통행중,안전운전불이행,건조,맑음,단일로 - 기타,승용,남,60세,상해없음,보행자,여,46세,중상
2012081500100440,2012년 8월 15일 19시,수요일,부산광역시 사하구 괴정동,경상사고,0,0,1,0,차대사람 - 기타,안전운전불이행,건조,맑음,단일로 - 기타,승용,기타불명,기타불명,기타불명,보행자,여,25세,경상
2012081500100481,2012년 8월 15일 20시,수요일,부산광역시 수영구 민락동,경상사고,0,0,1,0,차대차 - 추돌 - 진행중,기타,건조,흐림,단일로 - 횡단보도부근,승용,남,53세,상해없음,승용,남,54세,경상
2012081500100482,2012년 8월 15일 20시,수요일,부산광역시 수영구 민락동,경상사고,0,0,3,0,차대차 - 측면직각충돌,교차로운행방법위반,건조,맑음,교차로 - 교차로안,승용,남,68세,상해없음,승용,남,35세,경상
2012081500100483,2012년 8월 15일 20시,수요일,부산광역시 동래구 명장동,부상신고사고,0,0,0,1,차량단독 - 전도전복,안전운전불이행,습기,흐림,단일로 - 기타,이륜,남,22세,부상신고,,,,
2012081500100484,2012년 8월 15일 20시,수요일,부산광역시 부산진구 부전동,중상사고,0,1,0,0,차대차 - 측면직각충돌,차로위반,건조,맑음,단일로 - 기타,승용,남,32세,상해없음,이륜,남,22세,중상
2012081500100485,2012년 8월 15일 20시,수요일,부산광역시 사하구 괴정동,중상사고,0,2,1,0,차대차 - 추돌 - 진행중,안전거리미확보,습기,비,단일로 - 기타,승용,남,31세,상해없음,승용,남,26세,중상
2012081500100528,2012년 8월 15일 21시,수요일,부산광역시 중구 대청동1가,경상사고,0,0,1,0,차대차 - 추돌 - 진행중,교차로운행방법위반,건조,맑음,교차로 - 교차로안,화물,남,54세,상해없음,이륜,남,17세,경상
2012081500100529,2012년 8월 15일 21시,수요일,부산광역시 남구 용호동,중상사고,0,1,1,0,차대차 - 추돌 - 진행중,안전거리미확보,건조,맑음,교차로 - 교차로부근,승용,남,61세,상해없음,승용,남,35세,경상
2012081500100530,2012년 8월 15일 21시,수요일,부산광역시 해운대구 우동,경상사고,0,0,2,0,차대사람 - 기타,보행자보호의무위반,건조,맑음,교차로 - 교차로안,승용,남,37세,상해없음,보행자,남,18세,상해없음
2012081500100571,2012년 8월 15일 22시,수요일,부산광역시 부산진구 양정동,경상사고,0,0,1,0,차대차 - 측면직각충돌,차로위반,건조,맑음,단일로 - 기타,승용,남,36세,상해없음,이륜,남,17세,경상
2012081500100572,2012년 8월 15일 22시,수요일,부산광역시 기장군 정관면,중상사고,0,3,0,0,차대사람 - 기타,안전운전불이행,습기,비,단일로 - 기타,승용,남,50세,중상,보행자,남,30세,중상
2012081500100595,2012년 8월 15일 23시,수요일,부산광역시 연제구 거제동,중상사고,0,2,0,0,차대사람 - 길가장자리구역통행중,중앙선침범,건조,맑음,단일로 - 기타,승용,남,52세,상해없음,보행자,남,22세,중상
2012081600100005,2012년 8월 16일 00시,목요일,부산광역시 해운대구 석대동,중상사고,0,1,0,0,차대차 - 추돌 - 주정차중,안전운전불이행,습기,비,단일로 - 기타,승용,남,62세,상해없음,이륜,남,29세,중상
2012081600100006,2012년 8월 16일 00시,목요일,부산광역시 금정구 부곡동,경상사고,0,0,2,0,차대차 - 측면직각충돌,안전운전불이행,건조,맑음,교차로 - 교차로안,승용,남,60세,상해없음,승용,남,44세,경상
2012081600100007,2012년 8월 16일 00시,목요일,부산광역시 연제구 연산동,중상사고,0,1,0,0,차대차 - 기타,안전거리미확보,습기,비,단일로 - 기타,승용,남,63세,상해없음,원동기,남,24세,중상
2012081600100020,2012년 8월 16일 01시,목요일,부산광역시 서구 서대신동1가,경상사고,0,0,1,0,차량단독 - 기타,안전운전불이행,습기,비,단일로 - 터널,승용,남,55세,상해없음,,,,
2012081600100032,2012년 8월 16일 02시,목요일,부산광역시 영도구 동삼동,중상사고,0,1,0,0,차대차 - 추돌 - 진행중,중앙선침범,습기,비,기타 - 기타,승용,남,24세,상해없음,승용,남,26세,중상
2012081600100033,2012년 8월 16일 02시,목요일,부산광역시 해운대구 중동,경상사고,0,0,1,0,차대차 - 추돌 - 주정차중,안전운전불이행,습기,비,단일로 - 기타,승용,남,27세,상해없음,승용,남,67세,경상
2012081600100034,2012년 8월 16일 02시,목요일,부산광역시 금정구 노포동,중상사고,0,1,0,0,차대차 - 추돌 - 주정차중,안전운전불이행,건조,맑음,단일로 - 기타,승용,남,39세,상해없음,승용,남,29세,중상
2012081600100035,2012년 8월 16일 02시,목요일,부산광역시 사하구 하단동,경상사고,0,0,2,0,차대차 - 측면직각충돌,안전거리미확보,건조,맑음,단일로 - 기타,승용,남,45세,상해없음,승용,여,55세,경상
2012081600100060,2012년 8월 16일 05시,목요일,부산광역시 남구 문현동,경상사고,0,0,2,0,차대차 - 추돌 - 주정차중,안전운전불이행,습기,흐림,단일로 - 기타,승용,남,46세,상해없음,승합,여,46세,경상
2012081600100067,2012년 8월 16일 06시,목요일,부산광역시 수영구 망미동,부상신고사고,0,0,0,1,차대사람 - 기타,안전운전불이행,건조,맑음,단일로 - 기타,기타불명,기타불명,기타불명,기타불명,보행자,남,50세,부상신고
2012081600100087,2012년 8월 16일 07시,목요일,부산광역시 동래구 수안동,중상사고,0,1,0,0,차대사람 - 차도통행중,안전운전불이행,건조,맑음,단일로 - 기타,승용,남,70세,상해없음,보행자,남,44세,중상
2012081600100136,2012년 8월 16일 09시,목요일,부산광역시 강서구 대저1동,중상사고,0,1,0,0,차대차 - 기타,신호위반,건조,맑음,교차로 - 교차로안,승합,남,20세,상해없음,승용,남,30세,중상
2012081600100192,2012년 8월 16일 11시,목요일,부산광역시 수영구 남천동,중상사고,0,1,0,0,차대사람 - 기타,보행자보호의무위반,건조,맑음,단일로 - 기타,승용,남,57세,상해없음,보행자,남,15세,중상
2012081600100193,2012년 8월 16일 11시,목요일,부산광역시 북구 화명동,중상사고,0,2,0,0,차대차 - 측면직각충돌,안전운전불이행,건조,맑음,단일로 - 기타,승용,여,55세,상해없음,승용,여,42세,중상
2012081600100298,2012년 8월 16일 15시,목요일,부산광역시 남구 대연동,경상사고,0,0,1,0,차대차 - 측면직각충돌,안전운전불이행,건조,맑음,교차로 - 교차로안,승합,남,62세,상해없음,자전거,남,24세,경상
2012081600100337,2012년 8월 16일 16시,목요일,부산광역시 수영구 남천동,경상사고,0,0,1,0,차대차 - 기타,교차로운행방법위반,건조,맑음,교차로 - 교차로안,화물,남,46세,상해없음,승용,남,58세,경상
2012081600100338,2012년 8월 16일 16시,목요일,부산광역시 수영구 광안동,경상사고,0,0,1,0,차대차 - 측면직각충돌,안전운전불이행,건조,맑음,단일로 - 터널,승용,남,47세,상해없음,승용,남,27세,경상
2012081600100339,2012년 8월 16일 16시,목요일,부산광역시 북구 덕천동,중상사고,0,1,0,0,차대사람 - 기타,기타,건조,맑음,단일로 - 기타,승합,남,52세,상해없음,보행자,여,53세,중상
2012081600100340,2012년 8월 16일 16시,목요일,부산광역시 영도구 영선동1가,중상사고,0,1,0,0,차대사람 - 횡단중,보행자보호의무위반,건조,맑음,교차로 - 교차로부근,승용,남,53세,상해없음,보행자,여,46세,중상
2012081600100341,2012년 8월 16일 16시,목요일,부산광역시 해운대구 반여동,중상사고,0,1,0,0,차대사람 - 길가장자리구역통행중,안전운전불이행,건조,맑음,교차로 - 교차로부근,승용,여,51세,상해없음,보행자,여,41세,중상
2012081600100399,2012년 8월 16일 18시,목요일,부산광역시 사하구 다대동,중상사고,0,1,0,0,차대차 - 기타,교차로운행방법위반,건조,맑음,단일로 - 기타,화물,남,48세,기타불명,승용,남,26세,중상
2012081600100400,2012년 8월 16일 18시,목요일,부산광역시 사상구 주례동,중상사고,0,1,1,0,차대차 - 측면직각충돌,안전거리미확보,건조,맑음,교차로 - 교차로부근,승합,여,58세,상해없음,승용,여,43세,중상
2012081600100401,2012년 8월 16일 18시,목요일,부산광역시 기장군 장안읍,경상사고,0,0,1,0,차대차 - 측면직각충돌,직진우회전진행방해,건조,맑음,교차로 - 교차로안,승용,남,37세,상해없음,승용,여,52세,경상
2012081600100439,2012년 8월 16일 19시,목요일,부산광역시 해운대구 반여동,중상사고,0,1,0,0,차대사람 - 차도통행중,안전운전불이행,건조,맑음,단일로 - 기타,승용,여,39세,상해없음,보행자,남,57세,중상
2012081600100440,2012년 8월 16일 19시,목요일,부산광역시 연제구 연산동,중상사고,0,2,0,0,차대차 - 측면직각충돌,신호위반,건조,맑음,교차로 - 교차로안,승용,남,26세,상해없음,이륜,남,36세,중상
2012081600100474,2012년 8월 16일 20시,목요일,부산광역시 남구 우암동,중상사고,0,1,0,0,차대차 - 측면직각충돌,교차로운행방법위반,건조,맑음,교차로 - 교차로안,특수,남,64세,상해없음,승용,남,27세,중상
2012081600100475,2012년 8월 16일 20시,목요일,부산광역시 연제구 연산동,경상사고,0,0,1,0,차대사람 - 길가장자리구역통행중,안전운전불이행,건조,맑음,단일로 - 기타,승용,여,35세,상해없음,보행자,남,60세,경상
2012081600100508,2012년 8월 16일 21시,목요일,부산광역시 부산진구 부암동,경상사고,0,0,1,0,차대사람 - 횡단중,신호위반,건조,맑음,단일로 - 횡단보도상,승용,여,28세,상해없음,보행자,남,53세,경상
2012081600100532,2012년 8월 16일 22시,목요일,부산광역시 남구 대연동,중상사고,0,1,0,0,차대사람 - 횡단중,안전운전불이행,건조,맑음,단일로 - 기타,승용,남,70세,상해없음,보행자,남,60세,중상
2012081600100533,2012년 8월 16일 22시,목요일,부산광역시 부산진구 부전동,경상사고,0,0,1,0,차대사람 - 기타,안전운전불이행,건조,흐림,단일로 - 기타,승용,남,30세,상해없음,보행자,남,39세,경상
2012081600100534,2012년 8월 16일 22시,목요일,부산광역시 사하구 다대동,중상사고,0,1,0,0,차대사람 - 기타,안전운전불이행,건조,맑음,단일로 - 기타,승용,남,56세,상해없음,보행자,남,46세,중상
2012081600100565,2012년 8월 16일 23시,목요일,부산광역시 남구 우암동,경상사고,0,0,2,0,차대차 - 추돌 - 주정차중,안전운전불이행,습기,흐림,단일로 - 기타,승용,남,36세,상해없음,승용,남,51세,경상
2012081600100566,2012년 8월 16일 23시,목요일,부산광역시 동래구 온천동,중상사고,0,1,0,0,차대사람 - 횡단중,안전운전불이행,습기,비,단일로 - 기타,승용,여,30세,상해없음,보행자,남,69세,중상
2012081600100567,2012년 8월 16일 23시,목요일,부산광역시 동래구 안락동,중상사고,0,1,0,0,차대사람 - 횡단중,안전운전불이행,습기,흐림,교차로 - 교차로안,승합,여,49세,상해없음,보행자,여,58세,중상
2012081600100568,2012년 8월 16일 23시,목요일,부산광역시 해운대구 석대동,중상사고,0,1,2,0,차대차 - 추돌 - 주정차중,안전거리미확보,습기,비,단일로 - 기타,화물,남,56세,상해없음,승용,남,58세,중상
2012081600100569,2012년 8월 16일 23시,목요일,부산광역시 금정구 구서동,경상사고,0,0,1,0,차대사람 - 차도통행중,안전운전불이행,건조,맑음,단일로 - 기타,승합,남,46세,상해없음,보행자,여,61세,경상
2012081600100570,2012년 8월 16일 23시,목요일,부산광역시 사하구 다대동,경상사고,0,0,3,0,차대차 - 기타,신호위반,건조,맑음,교차로 - 교차로안,승용,남,44세,상해없음,승용,남,33세,경상
2012081700100007,2012년 8월 17일 00시,금요일,부산광역시 중구 중앙동2가,경상사고,0,0,2,1,차대차 - 측면직각충돌,중앙선침범,건조,맑음,단일로 - 기타,승용,남,66세,상해없음,승용,남,56세,경상
2012081700100021,2012년 8월 17일 01시,금요일,부산광역시 서구 부민동1가,경상사고,0,0,1,0,차대사람 - 기타,안전운전불이행,건조,맑음,교차로 - 교차로안,승용,남,42세,상해없음,보행자,여,42세,경상
2012081700100022,2012년 8월 17일 01시,금요일,부산광역시 수영구 민락동,경상사고,0,0,1,0,차대차 - 측면직각충돌,안전운전불이행,건조,맑음,교차로 - 교차로안,승용,남,49세,기타불명,승용,남,54세,경상
2012081700100023,2012년 8월 17일 01시,금요일,부산광역시 부산진구 부전동,경상사고,0,0,1,0,차대사람 - 길가장자리구역통행중,안전운전불이행,건조,맑음,단일로 - 기타,원동기,남,17세,상해없음,보행자,남,35세,경상
2012081700100051,2012년 8월 17일 04시,금요일,부산광역시 북구 구포동,경상사고,0,0,1,0,차대차 - 측면직각충돌,신호위반,건조,맑음,교차로 - 교차로안,승용,남,19세,상해없음,승용,남,47세,경상
2012081700100052,2012년 8월 17일 04시,금요일,부산광역시 연제구 연산동,경상사고,0,0,2,0,차대차 - 추돌 - 주정차중,안전운전불이행,건조,맑음,단일로 - 기타,승합,남,54세,상해없음,승용,남,44세,경상
2012081700100075,2012년 8월 17일 06시,금요일,부산광역시 강서구 대저1동,경상사고,0,0,1,0,차대차 - 정면충돌,안전운전불이행,건조,맑음,단일로 - 기타,승용,남,62세,기타불명,화물,남,43세,경상
2012081700100086,2012년 8월 17일 07시,금요일,부산광역시 해운대구 우동,경상사고,0,0,1,0,차대차 - 측면직각충돌,신호위반,건조,기타,교차로 - 교차로안,화물,남,39세,상해없음,승용,여,48세,경상
2012081700100107,2012년 8월 17일 08시,금요일,부산광역시 남구 문현동,중상사고,0,1,1,0,차대차 - 기타,신호위반,건조,맑음,단일로 - 기타,승용,여,49세,상해없음,승용,남,53세,중상
2012081700100108,2012년 8월 17일 08시,금요일,부산광역시 북구 화명동,중상사고,0,1,0,0,차대차 - 정면충돌,중앙선침범,건조,맑음,단일로 - 기타,승용,남,27세,상해없음,승용,여,36세,중상
2012081700100128,2012년 8월 17일 09시,금요일,부산광역시 영도구 동삼동,중상사고,0,1,0,0,차대사람 - 보도통행중,안전운전불이행,건조,맑음,교차로 - 교차로부근,승합,남,36세,상해없음,보행자,여,76세,중상
2012081700100154,2012년 8월 17일 10시,금요일,부산광역시 남구 문현동,중상사고,0,1,0,0,차대차 - 측면직각충돌,신호위반,건조,맑음,교차로 - 교차로안,승용,남,32세,상해없음,승용,남,69세,중상
2012081700100155,2012년 8월 17일 10시,금요일,부산광역시 연제구 거제동,경상사고,0,0,3,0,차대차 - 추돌 - 진행중,안전거리미확보,건조,맑음,단일로 - 기타,화물,여,47세,상해없음,화물,여,45세,경상
2012081700100172,2012년 8월 17일 11시,금요일,부산광역시 사상구 삼락동,중상사고,0,1,1,1,차대차 - 추돌 - 진행중,안전거리미확보,건조,맑음,단일로 - 기타,화물,남,49세,상해없음,화물,남,19세,경상
2012081700100207,2012년 8월 17일 12시,금요일,부산광역시 남구 대연동,경상사고,0,0,1,0,차대차 - 측면직각충돌,불법유턴,건조,맑음,단일로 - 기타,승용,남,41세,상해없음,승용,남,42세,경상
2012081700100208,2012년 8월 17일 12시,금요일,부산광역시 북구 화명동,경상사고,0,0,1,0,차대사람 - 횡단중,안전운전불이행,건조,맑음,단일로 - 기타,승용,남,34세,상해없음,보행자,여,8세,경상
2012081700100209,2012년 8월 17일 12시,금요일,부산광역시 사하구 괴정동,경상사고,0,0,1,0,차대사람 - 길가장자리구역통행중,안전운전불이행,건조,맑음,단일로 - 기타,승용,기타불명,기타불명,기타불명,보행자,여,55세,경상
2012081700100232,2012년 8월 17일 13시,금요일,부산광역시 해운대구 반송동,경상사고,0,0,2,0,차대차 - 기타,신호위반,건조,맑음,교차로 - 교차로안,이륜,남,16세,상해없음,승용,남,50세,경상
2012081700100256,2012년 8월 17일 14시,금요일,부산광역시 금정구 서동,경상사고,0,0,1,0,차대차 - 측면직각충돌,직진우회전진행방해,건조,맑음,교차로 - 교차로안,승용,남,30세,상해없음,승용,여,38세,경상