사고번호,사고일시,요일,시군구,사고내용,사망자수,중상자수,경상자수,부상신고자수,사고유형,법규위반,노면상태,기상상태,도로형태,가해운전자 차종,가해운전자 성별,가해운전자 연령,가해운전자 상해정도,피해운전자 차종,피해운전자 성별,피해운전자 연령,피해운전자 상해정도
2012081700100257,2012년 8월 17일 14시,금요일,부산광역시 사상구 덕포동,경상사고,0,0,2,0,차대차 - 기타,교차로운행방법위반,건조,맑음,교차로 - 교차로부근,화물,남,62세,상해없음,승용,여,51세,경상
2012081700100283,2012년 8월 17일 15시,금요일,부산광역시 해운대구 석대동,경상사고,0,0,1,0,차대차 - 추돌 - 진행중,안전운전불이행,건조,맑음,단일로 - 기타,승합,남,35세,상해없음,화물,남,57세,경상
2012081700100317,2012년 8월 17일 16시,금요일,부산광역시 중구 영주동,경상사고,0,0,1,0,차대차 - 추돌 - 진행중,안전거리미확보,건조,맑음,단일로 - 기타,화물,남,38세,상해없음,승용,여,48세,경상
2012081700100318,2012년 8월 17일 16시,금요일,부산광역시 북구 구포동,경상사고,0,0,2,0,차대차 - 추돌 - 진행중,안전거리미확보,건조,맑음,단일로 - 기타,승용,남,62세,상해없음,승합,남,37세,경상
2012081700100319,2012년 8월 17일 16시,금요일,부산광역시 금정구 장전동,중상사고,0,1,0,0,차대차 - 측면직각충돌,안전운전불이행,건조,맑음,교차로 - 교차로부근,원동기,남,31세,중상,승용,여,32세,상해없음
2012081700100356,2012년 8월 17일 17시,금요일,부산광역시 북구 덕천동,중상사고,0,1,0,0,차대사람 - 보도통행중,신호위반,건조,맑음,교차로 - 교차로부근,승용,남,31세,상해없음,보행자,여,50세,중상
2012081700100357,2012년 8월 17일 17시,금요일,부산광역시 금정구 남산동,중상사고,0,1,0,0,차대사람 - 기타,중앙선침범,건조,맑음,기타 - 기타,승합,남,42세,상해없음,보행자,여,59세,중상
2012081700100358,2012년 8월 17일 17시,금요일,부산광역시 강서구 송정동,경상사고,0,0,1,0,차대차 - 추돌 - 주정차중,안전운전불이행,건조,맑음,교차로 - 교차로부근,승용,남,63세,상해없음,승용,남,30세,경상
2012081700100359,2012년 8월 17일 17시,금요일,부산광역시 기장군 정관면,경상사고,0,0,1,0,차대차 - 측면직각충돌,안전운전불이행,건조,맑음,교차로 - 교차로안,이륜,남,53세,경상,승용,남,68세,상해없음
2012081700100394,2012년 8월 17일 18시,금요일,부산광역시 부산진구 당감동,중상사고,0,1,0,0,차대차 - 기타,기타,건조,맑음,단일로 - 기타,승합,남,55세,상해없음,이륜,남,52세,상해없음
2012081700100435,2012년 8월 17일 19시,금요일,부산광역시 동래구 안락동,경상사고,0,0,1,0,차대차 - 측면직각충돌,교차로운행방법위반,건조,맑음,교차로 - 교차로안,승용,남,56세,상해없음,승용,남,56세,상해없음
2012081700100436,2012년 8월 17일 19시,금요일,부산광역시 부산진구 부암동,중상사고,0,1,1,0,차대차 - 기타,신호위반,건조,맑음,교차로 - 교차로안,승용,여,53세,중상,승용,남,61세,경상
2012081700100472,2012년 8월 17일 20시,금요일,부산광역시 동래구 안락동,중상사고,0,1,0,0,차대사람 - 차도통행중,안전운전불이행,건조,맑음,교차로 - 교차로안,승용,남,60세,상해없음,보행자,여,65세,중상
2012081700100473,2012년 8월 17일 20시,금요일,부산광역시 해운대구 우동,중상사고,0,1,0,0,차대사람 - 횡단중,안전운전불이행,건조,흐림,단일로 - 기타,승용,남,22세,상해없음,보행자,남,76세,중상
2012081700100474,2012년 8월 17일 20시,금요일,부산광역시 해운대구 우동,경상사고,0,0,2,0,차대차 - 측면직각충돌,안전운전불이행,건조,맑음,단일로 - 기타,승용,남,66세,상해없음,승용,남,25세,경상
2012081700100512,2012년 8월 17일 21시,금요일,부산광역시 북구 덕천동,경상사고,0,0,1,0,차대차 - 추돌 - 진행중,안전거리미확보,건조,맑음,단일로 - 기타,승용,여,30세,상해없음,승용,남,55세,상해없음
2012081700100599,2012년 8월 17일 23시,금요일,부산광역시 중구 부평동1가,경상사고,0,0,1,0,차대사람 - 횡단중,신호위반,건조,맑음,단일로 - 기타,승용,남,65세,상해없음,보행자,여,19세,경상
2012081700100600,2012년 8월 17일 23시,금요일,부산광역시 동래구 명장동,경상사고,0,0,1,0,차대사람 - 횡단중,보행자보호의무위반,건조,맑음,단일로 - 횡단보도상,이륜,남,28세,상해없음,보행자,남,29세,경상
2012081700100601,2012년 8월 17일 23시,금요일,부산광역시 해운대구 재송동,중상사고,0,3,0,0,차대차 - 측면직각충돌,신호위반,건조,맑음,교차로 - 교차로안,이륜,남,20세,중상,승용,남,33세,상해없음
2012081700100602,2012년 8월 17일 23시,금요일,부산광역시 사하구 괴정동,경상사고,0,0,1,0,차대차 - 측면직각충돌,중앙선침범,습기,흐림,단일로 - 기타,승용,남,50세,상해없음,이륜,남,18세,경상
2012081700100603,2012년 8월 17일 23시,금요일,부산광역시 사하구 신평동,중상사고,0,1,1,0,차대차 - 측면직각충돌,신호위반,습기,비,교차로 - 교차로안,승용,남,27세,상해없음,승용,남,53세,경상
2012081700100604,2012년 8월 17일 23시,금요일,부산광역시 사하구 하단동,경상사고,0,0,2,0,차대차 - 기타,교차로운행방법위반,건조,맑음,교차로 - 교차로부근,승용,남,66세,상해없음,승용,남,38세,경상
2012081800100029,2012년 8월 18일 01시,토요일,부산광역시 금정구 노포동,중상사고,0,3,0,0,차대차 - 추돌 - 진행중,안전운전불이행,건조,맑음,단일로 - 기타,승용,남,19세,상해없음,승용,남,25세,중상
2012081800100056,2012년 8월 18일 02시,토요일,부산광역시 북구 금곡동,중상사고,0,1,0,0,차대차 - 측면직각충돌,신호위반,건조,맑음,교차로 - 교차로안,승용,남,63세,상해없음,이륜,남,65세,중상
2012081800100057,2012년 8월 18일 02시,토요일,부산광역시 부산진구 연지동,경상사고,0,0,1,0,차대차 - 기타,안전운전불이행,건조,맑음,단일로 - 기타,승용,남,29세,상해없음,승용,남,42세,경상
2012081800100077,2012년 8월 18일 03시,토요일,부산광역시 영도구 영선동1가,경상사고,0,0,1,0,차대차 - 추돌 - 주정차중,안전운전불이행,건조,맑음,단일로 - 기타,승용,남,57세,상해없음,승합,남,34세,기타불명
2012081800100078,2012년 8월 18일 03시,토요일,부산광역시 해운대구 중동,경상사고,0,0,1,0,차대차 - 측면직각충돌,중앙선침범,건조,흐림,단일로 - 기타,승용,남,27세,상해없음,승용,남,48세,경상
2012081800100094,2012년 8월 18일 04시,토요일,부산광역시 해운대구 좌동,경상사고,0,0,4,0,차대차 - 추돌 - 진행중,안전운전불이행,건조,흐림,단일로 - 기타,승용,남,47세,상해없음,승용,남,18세,경상
2012081800100095,2012년 8월 18일 04시,토요일,부산광역시 해운대구 우동,경상사고,0,0,1,0,차대차 - 추돌 - 진행중,안전운전불이행,건조,흐림,단일로 - 기타,승용,남,27세,상해없음,승용,남,48세,경상
2012081800100096,2012년 8월 18일 04시,토요일,부산광역시 금정구 장전동,경상사고,0,0,1,0,차대차 - 정면충돌,중앙선침범,건조,맑음,단일로 - 기타,승용,남,18세,상해없음,승용,남,56세,경상
2012081800100145,2012년 8월 18일 08시,토요일,부산광역시 금정구 남산동,부상신고사고,0,0,0,1,차대차 - 기타,안전운전불이행,건조,맑음,단일로 - 기타,이륜,남,62세,부상신고,승용,남,71세,상해없음
2012081800100171,2012년 8월 18일 09시,토요일,부산광역시 남구 대연동,경상사고,0,0,1,0,차대차 - 측면직각충돌,안전거리미확보,건조,맑음,단일로 - 교량,승용,남,55세,상해없음,승용,남,27세,경상
2012081800100209,2012년 8월 18일 11시,토요일,부산광역시 해운대구 우동,경상사고,0,0,1,0,차대차 - 측면직각충돌,안전운전불이행,건조,맑음,기타 - 기타,승용,여,49세,상해없음,승용,남,54세,상해없음
2012081800100210,2012년 8월 18일 11시,토요일,부산광역시 해운대구 중동,경상사고,0,0,1,0,차대차 - 측면직각충돌,안전운전불이행,건조,맑음,단일로 - 기타,화물,남,51세,상해없음,승용,여,45세,상해없음
2012081800100211,2012년 8월 18일 11시,토요일,부산광역시 해운대구 좌동,경상사고,0,0,1,0,차대차 - 추돌 - 주정차중,안전운전불이행,건조,맑음,단일로 - 기타,승용,남,46세,상해없음,승용,남,41세,경상
2012081800100237,2012년 8월 18일 12시,토요일,부산광역시 동구 범일동,경상사고,0,0,1,0,차대차 - 기타,교차로운행방법위반,건조,맑음,교차로 - 교차로안,승용,남,34세,상해없음,이륜,남,32세,경상
2012081800100238,2012년 8월 18일 12시,토요일,부산광역시 해운대구 좌동,경상사고,0,0,1,0,차대차 - 측면직각충돌,안전거리미확보,건조,맑음,단일로 - 기타,이륜,남,19세,상해없음,승용,남,28세,상해없음
2012081800100239,2012년 8월 18일 12시,토요일,부산광역시 기장군 기장읍,중상사고,0,1,5,4,차대차 - 기타,직진우회전진행방해,건조,맑음,교차로 - 교차로안,승용,남,47세,경상,승용,여,28세,중상
2012081800100269,2012년 8월 18일 13시,토요일,부산광역시 북구 덕천동,경상사고,0,0,2,0,차대차 - 측면직각충돌,안전운전불이행,건조,맑음,교차로 - 교차로부근,승합,남,48세,상해없음,승용,남,27세,경상
2012081800100270,2012년 8월 18일 13시,토요일,부산광역시 연제구 연산동,중상사고,0,1,3,0,차대차 - 측면직각충돌,신호위반,건조,맑음,교차로 - 교차로안,승합,남,35세,상해없음,승용,남,63세,중상
2012081800100301,2012년 8월 18일 14시,토요일,부산광역시 동래구 온천동,경상사고,0,0,1,0,차대차 - 측면직각충돌,교차로운행방법위반,건조,맑음,교차로 - 교차로안,이륜,남,72세,상해없음,이륜,남,20세,상해없음
2012081800100302,2012년 8월 18일 14시,토요일,부산광역시 강서구 송정동,부상신고사고,0,0,0,1,차대차 - 측면직각충돌,교차로운행방법위반,건조,맑음,교차로 - 교차로안,승용,남,51세,상해없음,화물,남,41세,상해없음
2012081800100333,2012년 8월 18일 15시,토요일,부산광역시 해운대구 우동,중상사고,0,2,0,0,차대차 - 측면직각충돌,안전거리미확보,건조,맑음,단일로 - 기타,승용,여,59세,상해없음,승용,남,49세,중상
2012081800100334,2012년 8월 18일 15시,토요일,부산광역시 사하구 당리동,경상사고,0,0,2,0,차대차 - 측면직각충돌,교차로운행방법위반,건조,맑음,교차로 - 교차로안,승용,남,59세,상해없음,승용,남,61세,경상
2012081800100335,2012년 8월 18일 15시,토요일,부산광역시 기장군 기장읍,경상사고,0,0,2,0,차대차 - 추돌 - 주정차중,안전거리미확보,건조,맑음,단일로 - 기타,승용,남,54세,상해없음,승용,남,45세,경상
2012081800100369,2012년 8월 18일 16시,토요일,부산광역시 서구 암남동,경상사고,0,0,3,1,차대차 - 추돌 - 주정차중,안전운전불이행,건조,맑음,단일로 - 기타,승용,남,55세,상해없음,승용,남,64세,상해없음
2012081800100370,2012년 8월 18일 16시,토요일,부산광역시 영도구 영선동1가,경상사고,0,0,1,0,차대사람 - 기타,안전운전불이행,건조,맑음,기타 - 기타,승용,남,30세,상해없음,보행자,남,15세,경상
2012081800100371,2012년 8월 18일 16시,토요일,부산광역시 해운대구 좌동,중상사고,0,1,0,0,차대사람 - 횡단중,보행자보호의무위반,건조,맑음,단일로 - 횡단보도상,승용,여,55세,상해없음,보행자,여,24세,중상
2012081800100372,2012년 8월 18일 16시,토요일,부산광역시 금정구 구서동,중상사고,0,1,1,0,차대차 - 측면직각충돌,교차로운행방법위반,건조,맑음,교차로 - 교차로안,이륜,남,20세,경상,이륜,여,44세,중상
2012081800100400,2012년 8월 18일 17시,토요일,부산광역시 남구 감만동,경상사고,0,0,1,0,차대차 - 측면직각충돌,신호위반,건조,맑음,교차로 - 교차로안,이륜,남,50세,상해없음,승용,남,34세,경상
2012081800100401,2012년 8월 18일 17시,토요일,부산광역시 해운대구 우동,경상사고,0,0,1,0,차대차 - 추돌 - 주정차중,안전운전불이행,건조,맑음,단일로 - 기타,승용,여,54세,상해없음,승용,남,41세,경상
2012081800100402,2012년 8월 18일 17시,토요일,부산광역시 해운대구 반여동,경상사고,0,0,3,0,차대차 - 기타,안전운전불이행,건조,맑음,교차로 - 교차로부근,승용,여,43세,상해없음,승용,남,38세,경상
2012081800100431,2012년 8월 18일 18시,토요일,부산광역시 연제구 거제동,경상사고,0,0,1,0,차대사람 - 차도통행중,안전운전불이행,건조,맑음,단일로 - 기타,승용,남,40세,기타불명,보행자,남,47세,경상
2012081800100498,2012년 8월 18일 20시,토요일,부산광역시 해운대구 중동,경상사고,0,0,2,0,차대차 - 측면직각충돌,교차로운행방법위반,건조,맑음,교차로 - 교차로안,승용,남,30세,상해없음,승용,남,49세,상해없음
2012081800100528,2012년 8월 18일 21시,토요일,부산광역시 중구 보수동1가,경상사고,0,0,1,0,차대차 - 기타,차로위반,건조,맑음,교차로 - 교차로부근,승용,남,21세,상해없음,승용,남,32세,경상
2012081800100529,2012년 8월 18일 21시,토요일,부산광역시 동래구 온천동,중상사고,0,1,1,0,차대차 - 추돌 - 진행중,안전운전불이행,건조,맑음,단일로 - 터널,승용,남,27세,상해없음,승용,여,31세,경상
2012081800100530,2012년 8월 18일 21시,토요일,부산광역시 금정구 부곡동,중상사고,0,2,0,1,차대차 - 추돌 - 진행중,안전거리미확보,건조,맑음,단일로 - 기타,화물,남,53세,상해없음,승용,여,38세,중상
2012081800100531,2012년 8월 18일 21시,토요일,부산광역시 금정구 장전동,경상사고,0,0,1,0,차대차 - 추돌 - 진행중,교차로운행방법위반,건조,맑음,교차로 - 교차로안,이륜,남,42세,상해없음,이륜,남,17세,경상
2012081800100532,2012년 8월 18일 21시,토요일,부산광역시 사상구 엄궁동,경상사고,0,0,1,0,차대차 - 측면직각충돌,신호위반,건조,맑음,교차로 - 교차로안,승용,여,34세,상해없음,승용,남,38세,경상
2012081800100559,2012년 8월 18일 22시,토요일,부산광역시 부산진구 개금동,경상사고,0,0,1,0,차대차 - 기타,안전운전불이행,건조,맑음,교차로 - 교차로부근,승용,남,53세,기타불명,승합,여,55세,경상
2012081800100560,2012년 8월 18일 22시,토요일,부산광역시 연제구 연산동,경상사고,0,0,1,0,차대차 - 측면직각충돌,안전거리미확보,습기,흐림,단일로 - 기타,이륜,남,17세,기타불명,이륜,남,17세,경상
2012081800100587,2012년 8월 18일 23시,토요일,부산광역시 동래구 명륜동,중상사고,0,1,0,0,차대차 - 추돌 - 진행중,안전운전불이행,건조,맑음,교차로 - 교차로부근,특수,남,50세,상해없음,승용,남,63세,중상
2012081900100006,2012년 8월 19일 00시,일요일,부산광역시 해운대구 반여동,경상사고,0,0,2,0,차대차 - 측면직각충돌,교차로운행방법위반,건조,흐림,교차로 - 교차로안,승용,남,55세,상해없음,승용,남,62세,경상
2012081900100007,2012년 8월 19일 00시,일요일,부산광역시 사상구 덕포동,중상사고,0,2,0,0,차대차 - 측면직각충돌,안전운전불이행,건조,맑음,단일로 - 기타,승용,남,29세,상해없음,원동기,남,17세,중상
2012081900100025,2012년 8월 19일 01시,일요일,부산광역시 연제구 연산동,경상사고,0,0,1,0,차대사람 - 횡단중,안전운전불이행,건조,맑음,단일로 - 기타,승용,남,53세,상해없음,보행자,남,41세,경상
2012081900100041,2012년 8월 19일 02시,일요일,부산광역시 서구 암남동,경상사고,0,0,1,0,차대차 - 측면직각충돌,안전운전불이행,건조,맑음,교차로 - 교차로안,승용,여,38세,상해없음,원동기,남,34세,경상
2012081900100042,2012년 8월 19일 02시,일요일,부산광역시 동래구 명륜동,경상사고,0,0,1,0,차대사람 - 횡단중,안전운전불이행,건조,맑음,교차로 - 교차로안,승용,기타불명,기타불명,기타불명,보행자,남,26세,경상
2012081900100056,2012년 8월 19일 03시,일요일,부산광역시 동래구 안락동,경상사고,0,0,1,0,차대차 - 측면직각충돌,안전운전불이행,건조,맑음,교차로 - 교차로부근,승용,남,27세,상해없음,승용,남,56세,경상
2012081900100068,2012년 8월 19일 04시,일요일,부산광역시 남구 문현동,경상사고,0,0,1,0,차대차 - 추돌 - 주정차중,안전운전불이행,건조,맑음,단일로 - 기타,승용,남,54세,상해없음,승용,남,41세,경상
2012081900100069,2012년 8월 19일 04시,일요일,부산광역시 사하구 하단동,중상사고,0,2,0,0,차대차 - 기타,교차로운행방법위반,건조,맑음,교차로 - 교차로안,승용,남,48세,상해없음,승용,남,46세,상해없음
2012081900100083,2012년 8월 19일 05시,일요일,부산광역시 동구 좌천동,경상사고,0,0,1,0,차대차 - 기타,안전거리미확보,건조,맑음,미분류 - 미분류,승용,남,27세,상해없음,승용,남,29세,경상
2012081900100084,2012년 8월 19일 05시,일요일,부산광역시 해운대구 중동,중상사고,0,2,0,0,차량단독 - 공작물충돌,안전운전불이행,건조,맑음,단일로 - 기타,승용,남,19세,중상,,,,
2012081900100100,2012년 8월 19일 06시,일요일,부산광역시 연제구 거제동,중상사고,0,1,1,0,차대차 - 추돌 - 주정차중,안전운전불이행,건조,맑음,교차로 - 교차로부근,승용,남,22세,상해없음,승용,남,55세,경상
2012081900100101,2012년 8월 19일 06시,일요일,부산광역시 강서구 대저1동,경상사고,0,0,1,0,차대차 - 측면직각충돌,안전운전불이행,건조,맑음,단일로 - 기타,승합,남,48세,상해없음,승용,여,53세,경상
2012081900100122,2012년 8월 19일 08시,일요일,부산광역시 동래구 명륜동,중상사고,0,1,0,0,차대사람 - 횡단중,안전운전불이행,건조,맑음,단일로 - 횡단보도부근,승용,남,25세,기타불명,보행자,남,18세,중상
2012081900100123,2012년 8월 19일 08시,일요일,부산광역시 해운대구 우동,경상사고,0,0,1,0,차대차 - 추돌 - 주정차중,안전운전불이행,건조,맑음,교차로 - 교차로부근,승용,남,55세,상해없음,승용,남,35세,경상
2012081900100124,2012년 8월 19일 08시,일요일,부산광역시 기장군 정관면,부상신고사고,0,0,0,1,차대차 - 측면직각충돌,안전거리미확보,건조,맑음,단일로 - 기타,건설기계,남,56세,상해없음,승용,여,47세,부상신고
2012081900100135,2012년 8월 19일 09시,일요일,부산광역시 수영구 남천동,중상사고,0,1,0,0,차량단독 - 공작물충돌,안전운전불이행,건조,맑음,단일로 - 기타,승용,남,72세,중상,,,,
2012081900100151,2012년 8월 19일 10시,일요일,부산광역시 부산진구 개금동,중상사고,0,2,2,0,차대차 - 추돌 - 주정차중,안전거리미확보,건조,맑음,교차로 - 교차로부근,승용,남,38세,상해없음,승용,남,42세,중상
2012081900100165,2012년 8월 19일 11시,일요일,부산광역시 부산진구 부전동,중상사고,0,1,0,0,차대차 - 측면직각충돌,중앙선침범,건조,맑음,단일로 - 기타,승용,남,53세,상해없음,이륜,남,34세,중상
2012081900100181,2012년 8월 19일 12시,일요일,부산광역시 금정구 금사동,부상신고사고,0,0,0,1,차대차 - 추돌 - 주정차중,안전운전불이행,건조,맑음,교차로 - 교차로부근,승용,여,55세,상해없음,승용,남,41세,부상신고
2012081900100182,2012년 8월 19일 12시,일요일,부산광역시 사하구 장림동,경상사고,0,0,1,0,차대사람 - 기타,안전운전불이행,건조,맑음,교차로 - 교차로부근,승용,남,31세,상해없음,보행자,여,61세,경상
2012081900100200,2012년 8월 19일 13시,일요일,부산광역시 동래구 수안동,경상사고,0,0,1,0,차량단독 - 기타,기타,건조,맑음,단일로 - 기타,승합,남,58세,상해없음,,,,
2012081900100222,2012년 8월 19일 14시,일요일,부산광역시 연제구 연산동,경상사고,0,0,1,0,차대차 - 측면직각충돌,안전운전불이행,건조,맑음,교차로 - 교차로안,이륜,남,40세,상해없음,자전거,남,79세,경상
2012081900100282,2012년 8월 19일 16시,일요일,부산광역시 수영구 망미동,중상사고,0,1,0,0,차대차 - 측면직각충돌,안전운전불이행,건조,맑음,교차로 - 교차로부근,승용,남,20세,상해없음,이륜,남,42세,중상
2012081900100308,2012년 8월 19일 17시,일요일,부산광역시 해운대구 우동,중상사고,0,1,1,0,차량단독 - 기타,안전운전불이행,건조,맑음,단일로 - 기타,승합,남,52세,상해없음,,,,
2012081900100309,2012년 8월 19일 17시,일요일,부산광역시 해운대구 송정동,중상사고,0,1,0,0,차대차 - 측면직각충돌,교차로운행방법위반,건조,맑음,교차로 - 교차로안,화물,남,63세,상해없음,농기계,남,77세,중상
2012081900100310,2012년 8월 19일 17시,일요일,부산광역시 강서구 명지동,중상사고,0,1,0,0,차대차 - 추돌 - 주정차중,안전운전불이행,건조,맑음,교차로 - 교차로부근,화물,남,63세,상해없음,승용,남,59세,중상
2012081900100311,2012년 8월 19일 17시,일요일,부산광역시 기장군 철마면,중상사고,0,1,0,0,차대차 - 기타,안전운전불이행,건조,맑음,단일로 - 기타,이륜,남,50세,중상,화물,남,42세,상해없음
2012081900100323,2012년 8월 19일 18시,일요일,부산광역시 사상구 주례동,경상사고,0,0,1,0,차대사람 - 기타,안전운전불이행,건조,맑음,단일로 - 기타,승용,여,36세,상해없음,보행자,남,15세,경상
2012081900100354,2012년 8월 19일 19시,일요일,부산광역시 남구 대연동,경상사고,0,0,1,0,차대사람 - 차도통행중,안전운전불이행,건조,맑음,교차로 - 교차로부근,승용,남,27세,상해없음,보행자,남,24세,경상
2012081900100355,2012년 8월 19일 19시,일요일,부산광역시 사하구 장림동,중상사고,0,1,0,0,차대사람 - 기타,보행자보호의무위반,건조,맑음,교차로 - 교차로부근,이륜,남,58세,상해없음,보행자,여,41세,중상
2012081900100383,2012년 8월 19일 20시,일요일,부산광역시 연제구 연산동,부상신고사고,0,0,0,1,차대사람 - 기타,안전운전불이행,건조,맑음,단일로 - 기타,승용,남,64세,상해없음,보행자,남,44세,부상신고
2012081900100415,2012년 8월 19일 21시,일요일,부산광역시 연제구 거제동,중상사고,0,1,0,0,차대사람 - 기타,안전운전불이행,건조,맑음,단일로 - 횡단보도부근,승용,남,61세,상해없음,보행자,남,16세,중상
2012081900100442,2012년 8월 19일 22시,일요일,부산광역시 금정구 부곡동,부상신고사고,0,0,0,1,차대차 - 기타,기타,건조,맑음,단일로 - 기타,승용,남,58세,부상신고,승용,남,42세,상해없음
2012081900100461,2012년 8월 19일 23시,일요일,부산광역시 해운대구 우동,중상사고,0,1,0,0,차대차 - 측면직각충돌,신호위반,건조,맑음,교차로 - 교차로안,승용,남,58세,상해없음,이륜,남,34세,중상
2012082000100061,2012년 8월 20일 05시,월요일,부산광역시 남구 대연동,사망사고,1,0,0,0,차대사람 - 기타,안전운전불이행,건조,맑음,단일로 - 기타,승용,남,39세,상해없음,보행자,여,74세,사망
2012082000100062,2012년 8월 20일 05시,월요일,부산광역시 남구 문현동,중상사고,0,1,0,0,차대사람 - 차도통행중,안전운전불이행,건조,맑음,단일로 - 기타,승합,남,55세,상해없음,보행자,남,77세,중상
2012082000100072,2012년 8월 20일 06시,월요일,부산광역시 강서구 송정동,경상사고,0,0,1,0,차대차 - 측면직각충돌,신호위반,건조,맑음,교차로 - 교차로안,승용,남,44세,상해없음,승용,남,54세,경상
2012082000100096,2012년 8월 20일 07시,월요일,부산광역시 동래구 명장동,중상사고,0,1,0,0,차대사람 - 횡단중,안전운전불이행,건조,맑음,단일로 - 기타,승용,남,57세,상해없음,보행자,여,50세,중상
2012082000100097,2012년 8월 20일 07시,월요일,부산광역시 해운대구 재송동,중상사고,0,1,0,0,차대차 - 기타,안전운전불이행,습기,비,교차로 - 교차로부근,건설기계,남,48세,상해없음,자전거,여,67세,중상
2012082000100098,2012년 8월 20일 07시,월요일,부산광역시 해운대구 우동,부상신고사고,0,0,0,1,차대차 - 기타,신호위반,건조,맑음,교차로 - 교차로안,승용,남,33세,상해없음,승용,여,47세,부상신고
2012082000100099,2012년 8월 20일 07시,월요일,부산광역시 사하구 구평동,경상사고,0,0,1,0,차대사람 - 기타,신호위반,습기,비,단일로 - 기타,승용,기타불명,기타불명,기타불명,보행자,남,17세,경상
2012082000100124,2012년 8월 20일 08시,월요일,부산광역시 동래구 명장동,중상사고,0,1,1,0,차대차 - 추돌 - 진행중,안전거리미확보,건조,맑음,단일로 - 기타,승용,남,68세,상해없음,승용,남,33세,경상
2012082000100125,2012년 8월 20일 08시,월요일,부산광역시 동래구 명륜동,경상사고,0,0,1,0,차대차 - 측면직각충돌,안전운전불이행,습기,비,교차로 - 교차로안,승용,남,56세,상해없음,승용,여,52세,경상
2012082000100126,2012년 8월 20일 08시,월요일,부산광역시 해운대구 반송동,경상사고,0,0,1,0,차대차 - 측면직각충돌,직진우회전진행방해,습기,비,교차로 - 교차로안,승용,남,55세,상해없음,승용,여,44세,경상
2012082000100127,2012년 8월 20일 08시,월요일,부산광역시 사상구 주례동,경상사고,0,0,1,0,차대차 - 추돌 - 주정차중,안전거리미확보,건조,맑음,단일로 - 기타,화물,남,28세,상해없음,화물,남,43세,경상
2012082000100160,2012년 8월 20일 09시,월요일,부산광역시 사상구 엄궁동,경상사고,0,0,1,0,차대차 - 측면직각충돌,차로위반,건조,맑음,단일로 - 기타,화물,남,63세,상해없음,이륜,남,31세,경상
2012082000100161,2012년 8월 20일 09시,월요일,부산광역시 사상구 주례동,경상사고,0,0,1,0,차대차 - 측면직각충돌,안전거리미확보,건조,맑음,단일로 - 기타,화물,남,48세,상해없음,승용,남,29세,경상
2012082000100187,2012년 8월 20일 10시,월요일,부산광역시 연제구 연산동,경상사고,0,0,1,0,차대사람 - 보도통행중,보행자보호의무위반,건조,맑음,단일로 - 횡단보도상,승용,남,43세,상해없음,보행자,남,68세,경상
2012082000100201,2012년 8월 20일 11시,월요일,부산광역시 강서구 녹산동,경상사고,0,0,1,0,차대차 - 기타,신호위반,건조,맑음,단일로 - 횡단보도상,화물,남,57세,상해없음,원동기,남,68세,경상
2012082000100259,2012년 8월 20일 13시,월요일,부산광역시 중구 남포동3가,중상사고,0,1,0,0,차대사람 - 횡단중,안전운전불이행,건조,맑음,단일로 - 기타,화물,남,34세,상해없음,보행자,남,64세,중상
2012082000100260,2012년 8월 20일 13시,월요일,부산광역시 동구 초량동,경상사고,0,0,3,0,차대차 - 기타,안전운전불이행,건조,맑음,단일로 - 기타,승용,여,36세,상해없음,승용,남,34세,경상
2012082000100261,2012년 8월 20일 13시,월요일,부산광역시 북구 덕천동,부상신고사고,0,0,0,1,차대차 - 측면직각충돌,신호위반,건조,맑음,교차로 - 교차로안,승용,남,48세,상해없음,이륜,남,19세,부상신고
2012082000100263,2012년 8월 20일 13시,월요일,부산광역시 기장군 철마면,경상사고,0,0,2,0,차대차 - 측면직각충돌,중앙선침범,건조,맑음,단일로 - 기타,승용,남,45세,상해없음,승용,남,37세,경상
2012082000100281,2012년 8월 20일 14시,월요일,부산광역시 북구 금곡동,경상사고,0,0,1,0,차대차 - 측면직각충돌,교차로운행방법위반,건조,맑음,교차로 - 교차로안,승합,여,59세,상해없음,승합,남,57세,상해없음
2012082000100282,2012년 8월 20일 14시,월요일,부산광역시 영도구 영선동1가,중상사고,0,1,0,0,차대사람 - 횡단중,보행자보호의무위반,건조,맑음,기타 - 기타,이륜,남,31세,상해없음,보행자,남,8세,중상
2012082000100283,2012년 8월 20일 14시,월요일,부산광역시 부산진구 전포동,경상사고,0,0,3,0,차대차 - 기타,안전거리미확보,건조,맑음,미분류 - 미분류,화물,여,56세,상해없음,승용,남,51세,경상
2012082000100284,2012년 8월 20일 14시,월요일,부산광역시 금정구 두구동,중상사고,0,1,0,0,차대차 - 측면직각충돌,안전운전불이행,건조,맑음,단일로 - 기타,자전거,여,58세,중상,원동기,남,57세,상해없음
2012082000100348,2012년 8월 20일 16시,월요일,부산광역시 서구 부민동1가,중상사고,0,1,0,0,차대차 - 측면직각충돌,안전운전불이행,건조,맑음,단일로 - 기타,승합,남,49세,상해없음,승용,여,56세,중상
2012082000100349,2012년 8월 20일 16시,월요일,부산광역시 동래구 명장동,경상사고,0,0,2,0,차대차 - 추돌 - 주정차중,안전거리미확보,건조,맑음,단일로 - 기타,화물,남,46세,상해없음,승용,여,39세,경상
2012082000100350,2012년 8월 20일 16시,월요일,부산광역시 영도구 남항동1가,경상사고,0,0,1,0,차대차 - 기타,안전운전불이행,건조,맑음,단일로 - 기타,승용,남,57세,상해없음,이륜,여,43세,경상