사고번호,사고일시,요일,시군구,사고내용,사망자수,중상자수,경상자수,부상신고자수,사고유형,법규위반,노면상태,기상상태,도로형태,가해운전자 차종,가해운전자 성별,가해운전자 연령,가해운전자 상해정도,피해운전자 차종,피해운전자 성별,피해운전자 연령,피해운전자 상해정도
2012082300100162,2012년 8월 23일 09시,목요일,부산광역시 연제구 연산동,경상사고,0,0,1,0,차대사람 - 차도통행중,안전운전불이행,습기,비,단일로 - 기타,승용,남,49세,상해없음,보행자,여,52세,경상
2012082300100184,2012년 8월 23일 10시,목요일,부산광역시 해운대구 우동,경상사고,0,0,1,0,차대차 - 추돌 - 진행중,안전운전불이행,습기,비,단일로 - 기타,승용,남,35세,상해없음,승용,남,40세,경상
2012082300100204,2012년 8월 23일 11시,목요일,부산광역시 동래구 수안동,경상사고,0,0,2,0,차대차 - 측면직각충돌,교차로운행방법위반,습기,비,교차로 - 교차로안,승용,남,56세,상해없음,승용,여,58세,경상
2012082300100205,2012년 8월 23일 11시,목요일,부산광역시 금정구 장전동,중상사고,0,2,0,1,차대차 - 정면충돌,중앙선침범,습기,비,단일로 - 기타,승용,남,72세,부상신고,승용,여,59세,중상
2012082300100206,2012년 8월 23일 11시,목요일,부산광역시 수영구 망미동,중상사고,0,1,0,0,차량단독 - 기타,안전운전불이행,건조,기타,단일로 - 기타,승합,남,54세,상해없음,,,,
2012082300100207,2012년 8월 23일 11시,목요일,부산광역시 강서구 송정동,경상사고,0,0,1,0,차대차 - 측면직각충돌,교차로운행방법위반,습기,비,교차로 - 교차로안,화물,남,30세,상해없음,승용,남,43세,경상
2012082300100233,2012년 8월 23일 12시,목요일,부산광역시 수영구 광안동,경상사고,0,0,3,0,차대차 - 추돌 - 진행중,안전거리미확보,습기,비,단일로 - 기타,승용,여,47세,상해없음,승용,남,51세,경상
2012082300100234,2012년 8월 23일 12시,목요일,부산광역시 사하구 구평동,경상사고,0,0,1,0,차대차 - 정면충돌,신호위반,습기,비,교차로 - 교차로안,화물,남,38세,상해없음,화물,남,50세,경상
2012082300100285,2012년 8월 23일 14시,목요일,부산광역시 영도구 청학동,경상사고,0,0,1,0,차대차 - 측면직각충돌,교차로운행방법위반,습기,비,교차로 - 교차로부근,승용,여,57세,상해없음,화물,남,46세,경상
2012082300100343,2012년 8월 23일 16시,목요일,부산광역시 기장군 기장읍,경상사고,0,0,1,0,차대차 - 측면직각충돌,신호위반,습기,비,교차로 - 교차로안,승용,여,42세,상해없음,승용,남,73세,경상
2012082300100344,2012년 8월 23일 16시,목요일,부산광역시 강서구 대저1동,경상사고,0,0,1,0,차대차 - 측면직각충돌,안전운전불이행,습기,비,단일로 - 교량,화물,남,58세,상해없음,승용,여,38세,경상
2012082300100368,2012년 8월 23일 17시,목요일,부산광역시 북구 덕천동,경상사고,0,0,1,0,차대차 - 추돌 - 주정차중,안전거리미확보,건조,맑음,교차로 - 교차로부근,승용,남,33세,상해없음,승용,여,35세,경상
2012082300100369,2012년 8월 23일 17시,목요일,부산광역시 해운대구 재송동,경상사고,0,0,2,0,차대사람 - 횡단중,보행자보호의무위반,습기,비,단일로 - 횡단보도상,화물,남,50세,상해없음,보행자,남,12세,경상
2012082300100370,2012년 8월 23일 17시,목요일,부산광역시 사하구 하단동,경상사고,0,0,1,0,차대차 - 측면직각충돌,신호위반,습기,비,교차로 - 교차로안,승용,남,53세,상해없음,승용,남,37세,경상
2012082300100371,2012년 8월 23일 17시,목요일,부산광역시 사상구 감전동,경상사고,0,0,2,1,차대차 - 측면직각충돌,안전운전불이행,습기,비,단일로 - 기타,화물,남,41세,부상신고,승합,남,29세,경상
2012082300100408,2012년 8월 23일 18시,목요일,부산광역시 동구 초량동,경상사고,0,0,1,0,차대사람 - 횡단중,안전운전불이행,건조,맑음,단일로 - 횡단보도상,승용,남,64세,상해없음,보행자,여,26세,경상
2012082300100409,2012년 8월 23일 18시,목요일,부산광역시 동래구 사직동,경상사고,0,0,3,0,차대차 - 측면직각충돌,교차로운행방법위반,건조,맑음,교차로 - 교차로안,승용,여,42세,경상,승용,남,53세,경상
2012082300100435,2012년 8월 23일 19시,목요일,부산광역시 수영구 광안동,경상사고,0,0,1,0,차대차 - 기타,안전거리미확보,습기,비,단일로 - 기타,승용,남,51세,상해없음,이륜,남,18세,경상
2012082300100436,2012년 8월 23일 19시,목요일,부산광역시 사하구 신평동,경상사고,0,0,1,0,차대차 - 측면직각충돌,안전거리미확보,습기,비,단일로 - 기타,승용,여,42세,상해없음,승용,남,58세,경상
2012082300100437,2012년 8월 23일 19시,목요일,부산광역시 사하구 장림동,중상사고,0,1,0,0,차대사람 - 횡단중,신호위반,습기,비,교차로 - 교차로부근,승합,남,52세,상해없음,보행자,여,34세,중상
2012082300100476,2012년 8월 23일 20시,목요일,부산광역시 영도구 남항동3가,경상사고,0,0,1,0,차대차 - 기타,안전거리미확보,건조,맑음,단일로 - 기타,승용,남,22세,상해없음,승용,남,67세,경상
2012082300100477,2012년 8월 23일 20시,목요일,부산광역시 금정구 장전동,경상사고,0,0,1,0,차대차 - 추돌 - 주정차중,안전운전불이행,건조,맑음,단일로 - 기타,승용,남,28세,상해없음,승용,남,65세,경상
2012082300100511,2012년 8월 23일 21시,목요일,부산광역시 중구 영주동,중상사고,0,1,0,0,차대사람 - 기타,안전운전불이행,습기,비,단일로 - 기타,이륜,남,43세,상해없음,보행자,남,47세,중상
2012082300100512,2012년 8월 23일 21시,목요일,부산광역시 수영구 광안동,경상사고,0,0,1,0,차대차 - 추돌 - 진행중,안전운전불이행,습기,비,단일로 - 기타,승용,남,34세,상해없음,승용,남,22세,경상
2012082300100513,2012년 8월 23일 21시,목요일,부산광역시 동래구 명장동,경상사고,0,0,1,0,차대차 - 측면직각충돌,신호위반,습기,비,교차로 - 교차로안,승용,남,25세,상해없음,승용,남,63세,경상
2012082300100514,2012년 8월 23일 21시,목요일,부산광역시 해운대구 석대동,중상사고,0,1,0,0,차대사람 - 차도통행중,안전운전불이행,습기,비,단일로 - 기타,승용,남,30세,상해없음,보행자,남,44세,중상
2012082300100515,2012년 8월 23일 21시,목요일,부산광역시 부산진구 가야동,경상사고,0,0,1,0,차대차 - 기타,안전운전불이행,습기,비,교차로 - 교차로부근,승용,여,32세,상해없음,이륜,남,45세,경상
2012082300100516,2012년 8월 23일 21시,목요일,부산광역시 사하구 다대동,중상사고,0,1,0,0,차대사람 - 기타,안전운전불이행,습기,비,교차로 - 교차로안,승합,기타불명,기타불명,기타불명,보행자,여,50세,중상
2012082300100517,2012년 8월 23일 21시,목요일,부산광역시 강서구 신호동,경상사고,0,0,1,0,차대차 - 측면직각충돌,중앙선침범,습기,비,단일로 - 기타,승용,여,32세,상해없음,승용,여,49세,경상
2012082300100546,2012년 8월 23일 22시,목요일,부산광역시 남구 문현동,중상사고,0,1,0,0,차대사람 - 기타,안전운전불이행,습기,비,교차로 - 교차로부근,승합,남,70세,상해없음,보행자,여,55세,중상
2012082300100547,2012년 8월 23일 22시,목요일,부산광역시 영도구 청학동,경상사고,0,0,1,0,차대사람 - 길가장자리구역통행중,안전운전불이행,습기,비,단일로 - 기타,승용,남,35세,상해없음,보행자,남,57세,경상
2012082300100548,2012년 8월 23일 22시,목요일,부산광역시 해운대구 우동,중상사고,0,2,0,0,차대차 - 측면직각충돌,중앙선침범,건조,맑음,단일로 - 기타,승용,남,36세,기타불명,승용,남,28세,중상
2012082300100549,2012년 8월 23일 22시,목요일,부산광역시 해운대구 우동,중상사고,0,1,0,0,차대차 - 측면직각충돌,교차로운행방법위반,건조,맑음,교차로 - 교차로안,승용,남,36세,상해없음,승용,남,31세,중상
2012082300100550,2012년 8월 23일 22시,목요일,부산광역시 부산진구 양정동,경상사고,0,0,1,0,차대차 - 추돌 - 주정차중,안전운전불이행,습기,비,교차로 - 교차로부근,화물,남,44세,상해없음,승용,남,52세,경상
2012082300100593,2012년 8월 23일 23시,목요일,부산광역시 동래구 온천동,중상사고,0,1,0,0,차대차 - 측면직각충돌,신호위반,습기,비,교차로 - 교차로안,승용,여,51세,상해없음,이륜,남,55세,중상
2012082300100594,2012년 8월 23일 23시,목요일,부산광역시 사상구 삼락동,경상사고,0,0,1,0,차대차 - 측면직각충돌,안전운전불이행,습기,비,미분류 - 미분류,승용,남,56세,상해없음,승용,여,44세,경상
2012082300100595,2012년 8월 23일 23시,목요일,부산광역시 기장군 장안읍,중상사고,0,1,0,0,차대차 - 측면직각충돌,중앙선침범,건조,맑음,단일로 - 기타,승용,남,26세,상해없음,승용,남,27세,중상
2012082400100005,2012년 8월 24일 00시,금요일,부산광역시 부산진구 가야동,경상사고,0,0,2,0,차대차 - 추돌 - 주정차중,안전거리미확보,건조,맑음,단일로 - 기타,승용,남,53세,상해없음,승합,남,49세,경상
2012082400100006,2012년 8월 24일 00시,금요일,부산광역시 부산진구 범천동,경상사고,0,0,3,0,차대차 - 기타,신호위반,건조,맑음,교차로 - 교차로안,승용,남,42세,상해없음,승용,남,42세,경상
2012082400100028,2012년 8월 24일 01시,금요일,부산광역시 금정구 구서동,중상사고,0,2,0,0,차대차 - 측면직각충돌,교차로운행방법위반,습기,비,교차로 - 교차로부근,승용,남,42세,상해없음,승용,남,52세,중상
2012082400100074,2012년 8월 24일 03시,금요일,부산광역시 동래구 사직동,경상사고,0,0,1,0,차대사람 - 차도통행중,안전운전불이행,건조,맑음,교차로 - 교차로안,승용,남,45세,상해없음,보행자,남,26세,경상
2012082400100089,2012년 8월 24일 04시,금요일,부산광역시 부산진구 양정동,경상사고,0,0,2,0,차대차 - 추돌 - 주정차중,안전운전불이행,습기,비,교차로 - 교차로부근,화물,남,44세,상해없음,승용,남,26세,경상
2012082400100100,2012년 8월 24일 05시,금요일,부산광역시 사하구 감천동,경상사고,0,0,1,0,차대차 - 추돌 - 진행중,안전거리미확보,습기,비,교차로 - 교차로부근,승합,남,40세,상해없음,승용,남,49세,경상
2012082400100110,2012년 8월 24일 06시,금요일,부산광역시 사상구 삼락동,중상사고,0,1,0,0,차대사람 - 기타,안전운전불이행,습기,비,단일로 - 기타,승용,여,49세,상해없음,보행자,여,61세,중상
2012082400100152,2012년 8월 24일 08시,금요일,부산광역시 사하구 하단동,중상사고,0,1,1,0,차대차 - 측면직각충돌,신호위반,습기,비,교차로 - 교차로안,승용,남,46세,상해없음,승용,여,53세,중상
2012082400100153,2012년 8월 24일 08시,금요일,부산광역시 사상구 모라동,중상사고,0,1,0,0,차대사람 - 횡단중,안전운전불이행,습기,비,교차로 - 교차로부근,승용,여,48세,상해없음,보행자,여,45세,중상
2012082400100201,2012년 8월 24일 10시,금요일,부산광역시 사상구 괘법동,경상사고,0,0,1,0,차대차 - 측면직각충돌,안전운전불이행,습기,비,단일로 - 기타,화물,남,64세,상해없음,승용,여,44세,경상
2012082400100234,2012년 8월 24일 11시,금요일,부산광역시 부산진구 개금동,중상사고,0,1,0,0,차대사람 - 기타,안전운전불이행,기타,비,단일로 - 기타,승용,남,61세,상해없음,보행자,남,81세,중상
2012082400100264,2012년 8월 24일 12시,금요일,부산광역시 영도구 봉래동1가,경상사고,0,0,1,0,차대차 - 추돌 - 주정차중,안전운전불이행,건조,맑음,단일로 - 기타,승용,남,43세,상해없음,화물,남,57세,경상
2012082400100265,2012년 8월 24일 12시,금요일,부산광역시 사하구 괴정동,중상사고,0,1,0,0,차대사람 - 기타,보행자보호의무위반,습기,비,단일로 - 기타,승용,여,51세,상해없음,보행자,남,68세,중상
2012082400100284,2012년 8월 24일 13시,금요일,부산광역시 해운대구 반여동,경상사고,0,0,1,0,차대차 - 측면직각충돌,안전운전불이행,습기,비,교차로 - 교차로부근,승용,남,69세,상해없음,승용,남,55세,경상
2012082400100314,2012년 8월 24일 14시,금요일,부산광역시 수영구 광안동,중상사고,0,1,0,0,차량단독 - 기타,안전거리미확보,습기,비,단일로 - 기타,승합,남,56세,상해없음,,,,
2012082400100315,2012년 8월 24일 14시,금요일,부산광역시 금정구 서동,경상사고,0,0,1,0,차대차 - 측면직각충돌,신호위반,습기,비,교차로 - 교차로안,승용,남,32세,상해없음,승용,남,58세,경상
2012082400100368,2012년 8월 24일 16시,금요일,부산광역시 동래구 사직동,중상사고,0,1,0,0,차대차 - 정면충돌,안전운전불이행,습기,흐림,단일로 - 기타,원동기,남,25세,중상,승합,남,58세,상해없음
2012082400100369,2012년 8월 24일 16시,금요일,부산광역시 사상구 모라동,중상사고,0,1,0,0,차량단독 - 기타,안전운전불이행,건조,흐림,단일로 - 교량,승용,남,39세,중상,,,,
2012082400100410,2012년 8월 24일 17시,금요일,부산광역시 해운대구 우동,경상사고,0,0,1,0,차대차 - 추돌 - 진행중,안전운전불이행,건조,맑음,단일로 - 기타,승용,여,57세,상해없음,이륜,남,32세,경상
2012082400100445,2012년 8월 24일 18시,금요일,부산광역시 동래구 온천동,경상사고,0,0,1,0,차대사람 - 기타,안전운전불이행,습기,비,단일로 - 기타,원동기,남,18세,상해없음,보행자,남,22세,경상
2012082400100446,2012년 8월 24일 18시,금요일,부산광역시 동래구 안락동,중상사고,0,1,4,0,차대차 - 기타,안전거리미확보,습기,비,단일로 - 기타,승용,남,71세,상해없음,승합,남,36세,상해없음
2012082400100447,2012년 8월 24일 18시,금요일,부산광역시 동래구 칠산동,경상사고,0,0,1,0,차대차 - 추돌 - 주정차중,안전운전불이행,건조,맑음,단일로 - 기타,승합,남,51세,기타불명,승용,여,53세,경상
2012082400100448,2012년 8월 24일 18시,금요일,부산광역시 사상구 삼락동,중상사고,0,2,0,0,차대차 - 추돌 - 진행중,안전운전불이행,건조,맑음,단일로 - 기타,승용,남,26세,상해없음,승합,여,54세,중상
2012082400100489,2012년 8월 24일 19시,금요일,부산광역시 북구 구포동,부상신고사고,0,0,0,1,차대사람 - 횡단중,안전운전불이행,습기,비,단일로 - 기타,승용,여,20세,상해없음,보행자,남,51세,부상신고
2012082400100490,2012년 8월 24일 19시,금요일,부산광역시 해운대구 석대동,경상사고,0,0,1,0,차대사람 - 기타,안전운전불이행,건조,맑음,기타 - 기타,승용,남,46세,상해없음,보행자,남,19세,경상
2012082400100491,2012년 8월 24일 19시,금요일,부산광역시 사하구 신평동,사망사고,1,0,0,0,차대사람 - 기타,안전운전불이행,건조,맑음,교차로 - 교차로부근,승용,여,33세,상해없음,보행자,남,79세,사망
2012082400100492,2012년 8월 24일 19시,금요일,부산광역시 연제구 연산동,경상사고,0,0,1,0,차대사람 - 보도통행중,보행자보호의무위반,건조,흐림,단일로 - 기타,승용,남,51세,상해없음,보행자,남,28세,경상
2012082400100526,2012년 8월 24일 20시,금요일,부산광역시 중구 영주동,중상사고,0,2,0,0,차대차 - 정면충돌,중앙선침범,건조,맑음,단일로 - 기타,승용,남,61세,상해없음,승용,남,46세,중상
2012082400100577,2012년 8월 24일 21시,금요일,부산광역시 동래구 명륜동,중상사고,0,1,0,0,차대차 - 측면직각충돌,교차로운행방법위반,습기,흐림,교차로 - 교차로안,승용,남,64세,상해없음,원동기,남,55세,중상
2012082400100626,2012년 8월 24일 22시,금요일,부산광역시 수영구 광안동,중상사고,0,1,0,0,차대차 - 추돌 - 주정차중,안전운전불이행,건조,맑음,교차로 - 교차로부근,승용,남,43세,상해없음,원동기,남,21세,중상
2012082400100627,2012년 8월 24일 22시,금요일,부산광역시 북구 덕천동,중상사고,0,1,0,0,차대사람 - 차도통행중,안전운전불이행,습기,비,단일로 - 기타,승용,남,49세,상해없음,보행자,남,56세,중상
2012082400100628,2012년 8월 24일 22시,금요일,부산광역시 북구 구포동,중상사고,0,1,0,0,차대사람 - 횡단중,안전운전불이행,건조,맑음,기타 - 기타,기타불명,기타불명,기타불명,기타불명,보행자,남,68세,중상
2012082400100671,2012년 8월 24일 23시,금요일,부산광역시 동래구 사직동,중상사고,0,1,0,0,차대사람 - 기타,안전운전불이행,건조,맑음,교차로 - 교차로안,승용,남,57세,상해없음,보행자,여,64세,중상
2012082400100672,2012년 8월 24일 23시,금요일,부산광역시 동래구 명장동,경상사고,0,0,1,0,차대차 - 추돌 - 진행중,안전거리미확보,건조,맑음,단일로 - 기타,승용,남,36세,상해없음,승용,남,59세,경상
2012082400100673,2012년 8월 24일 23시,금요일,부산광역시 부산진구 양정동,중상사고,0,1,0,0,차대차 - 기타,중앙선침범,건조,맑음,단일로 - 기타,승용,남,32세,상해없음,승용,남,37세,중상
2012082400100674,2012년 8월 24일 23시,금요일,부산광역시 강서구 지사동,경상사고,0,0,1,0,차대차 - 측면직각충돌,안전운전불이행,습기,흐림,교차로 - 교차로부근,승용,여,47세,상해없음,승용,남,44세,경상
2012082500100006,2012년 8월 25일 00시,토요일,부산광역시 부산진구 부전동,경상사고,0,0,1,0,차대차 - 기타,신호위반,건조,맑음,교차로 - 교차로안,승용,남,51세,상해없음,승용,남,54세,경상
2012082500100043,2012년 8월 25일 01시,토요일,부산광역시 부산진구 전포동,경상사고,0,0,5,0,차대차 - 기타,신호위반,건조,맑음,교차로 - 교차로안,승용,여,29세,상해없음,승용,남,22세,경상
2012082500100109,2012년 8월 25일 03시,토요일,부산광역시 북구 금곡동,중상사고,0,1,0,0,차량단독 - 공작물충돌,안전운전불이행,습기,흐림,단일로 - 기타,승용,남,57세,중상,,,,
2012082500100110,2012년 8월 25일 03시,토요일,부산광역시 사상구 모라동,중상사고,0,1,0,0,차대차 - 추돌 - 진행중,교차로운행방법위반,건조,맑음,단일로 - 기타,이륜,남,15세,상해없음,승용,여,54세,중상
2012082500100139,2012년 8월 25일 04시,토요일,부산광역시 동구 범일동,중상사고,0,1,3,0,차대차 - 측면직각충돌,신호위반,건조,맑음,교차로 - 교차로안,승용,남,62세,상해없음,승용,남,58세,경상
2012082500100158,2012년 8월 25일 05시,토요일,부산광역시 부산진구 연지동,사망사고,1,0,0,0,차대사람 - 기타,안전운전불이행,건조,흐림,단일로 - 기타,승용,남,68세,상해없음,보행자,여,52세,사망
2012082500100168,2012년 8월 25일 06시,토요일,부산광역시 부산진구 부전동,중상사고,0,1,0,0,차대사람 - 기타,안전운전불이행,기타,맑음,교차로 - 교차로부근,승합,남,50세,상해없음,보행자,남,42세,중상
2012082500100169,2012년 8월 25일 06시,토요일,부산광역시 사하구 괴정동,중상사고,0,1,0,0,차대사람 - 횡단중,안전운전불이행,건조,맑음,단일로 - 횡단보도상,화물,남,53세,상해없음,보행자,남,27세,중상
2012082500100184,2012년 8월 25일 07시,토요일,부산광역시 동래구 온천동,경상사고,0,0,1,0,차대차 - 추돌 - 진행중,교차로운행방법위반,건조,맑음,교차로 - 교차로안,승용,남,63세,상해없음,승합,남,34세,경상
2012082500100223,2012년 8월 25일 09시,토요일,부산광역시 사하구 신평동,경상사고,0,0,2,0,차대차 - 기타,안전운전불이행,건조,맑음,교차로 - 교차로부근,승합,남,54세,상해없음,승용,남,25세,경상
2012082500100224,2012년 8월 25일 09시,토요일,부산광역시 수영구 수영동,경상사고,0,0,1,0,차대차 - 측면직각충돌,안전운전불이행,건조,맑음,교차로 - 교차로부근,승용,남,55세,상해없음,승용,남,59세,경상
2012082500100247,2012년 8월 25일 10시,토요일,부산광역시 수영구 수영동,경상사고,0,0,2,1,차대차 - 측면직각충돌,차로위반,건조,맑음,단일로 - 기타,승용,남,45세,상해없음,승용,남,47세,경상
2012082500100267,2012년 8월 25일 11시,토요일,부산광역시 동래구 온천동,경상사고,0,0,1,0,차대사람 - 차도통행중,안전운전불이행,건조,맑음,단일로 - 기타,승용,남,18세,기타불명,보행자,남,17세,경상
2012082500100268,2012년 8월 25일 11시,토요일,부산광역시 사하구 감천동,경상사고,0,0,1,0,차대차 - 측면직각충돌,안전운전불이행,건조,맑음,단일로 - 기타,승용,남,65세,상해없음,승용,남,31세,경상
2012082500100302,2012년 8월 25일 12시,토요일,부산광역시 해운대구 우동,부상신고사고,0,0,0,3,차대차 - 추돌 - 진행중,안전운전불이행,건조,맑음,단일로 - 교량,승용,남,43세,상해없음,승용,남,37세,부상신고
2012082500100303,2012년 8월 25일 12시,토요일,부산광역시 사하구 하단동,경상사고,0,0,1,0,차대사람 - 기타,안전운전불이행,건조,맑음,교차로 - 교차로부근,승용,남,55세,상해없음,보행자,여,68세,경상
2012082500100304,2012년 8월 25일 12시,토요일,부산광역시 강서구 녹산동,중상사고,0,1,0,0,차대차 - 측면직각충돌,신호위반,건조,맑음,교차로 - 교차로안,승합,남,43세,상해없음,승용,남,28세,중상
2012082500100377,2012년 8월 25일 14시,토요일,부산광역시 수영구 광안동,중상사고,0,1,0,0,차대차 - 측면직각충돌,안전운전불이행,건조,맑음,단일로 - 기타,화물,남,38세,상해없음,이륜,남,49세,중상
2012082500100378,2012년 8월 25일 14시,토요일,부산광역시 해운대구 반송동,부상신고사고,0,0,0,1,차대차 - 기타,차로위반,건조,맑음,단일로 - 기타,승용,남,23세,상해없음,승용,여,48세,부상신고
2012082500100379,2012년 8월 25일 14시,토요일,부산광역시 금정구 서동,경상사고,0,0,1,0,차대사람 - 횡단중,보행자보호의무위반,건조,맑음,단일로 - 횡단보도상,승용,남,65세,상해없음,보행자,남,8세,경상
2012082500100380,2012년 8월 25일 14시,토요일,부산광역시 금정구 구서동,경상사고,0,0,1,0,차대차 - 기타,안전거리미확보,건조,맑음,단일로 - 기타,화물,남,35세,상해없음,승용,남,24세,경상
2012082500100381,2012년 8월 25일 14시,토요일,부산광역시 사하구 괴정동,경상사고,0,0,4,0,차대차 - 추돌 - 진행중,안전거리미확보,건조,맑음,단일로 - 기타,승합,남,54세,상해없음,승용,남,27세,경상
2012082500100411,2012년 8월 25일 15시,토요일,부산광역시 영도구 영선동1가,경상사고,0,0,1,0,차대차 - 추돌 - 진행중,안전운전불이행,건조,맑음,단일로 - 횡단보도상,건설기계,남,56세,상해없음,이륜,남,46세,경상
2012082500100412,2012년 8월 25일 15시,토요일,부산광역시 해운대구 우동,경상사고,0,0,2,0,차대차 - 추돌 - 진행중,안전거리미확보,건조,맑음,단일로 - 기타,승용,여,46세,상해없음,승용,남,36세,경상
2012082500100413,2012년 8월 25일 15시,토요일,부산광역시 해운대구 송정동,경상사고,0,0,1,0,차대차 - 기타,교차로운행방법위반,건조,맑음,교차로 - 교차로안,승용,여,30세,상해없음,승용,여,50세,경상
2012082500100414,2012년 8월 25일 15시,토요일,부산광역시 사상구 삼락동,부상신고사고,0,0,0,1,차대차 - 측면직각충돌,안전운전불이행,건조,맑음,단일로 - 기타,자전거,여,55세,부상신고,승용,남,53세,상해없음
2012082500100481,2012년 8월 25일 17시,토요일,부산광역시 북구 만덕동,경상사고,0,0,3,0,차대차 - 추돌 - 주정차중,안전운전불이행,건조,맑음,단일로 - 기타,승합,남,54세,상해없음,승용,남,60세,경상
2012082500100482,2012년 8월 25일 17시,토요일,부산광역시 부산진구 양정동,경상사고,0,0,1,0,차대사람 - 기타,안전운전불이행,건조,맑음,단일로 - 기타,승용,여,62세,상해없음,보행자,남,12세,경상
2012082500100483,2012년 8월 25일 17시,토요일,부산광역시 금정구 장전동,경상사고,0,0,1,0,차대사람 - 차도통행중,안전운전불이행,건조,맑음,단일로 - 기타,이륜,남,18세,상해없음,보행자,여,20세,경상
2012082500100517,2012년 8월 25일 18시,토요일,부산광역시 중구 중앙동4가,경상사고,0,0,2,0,차대차 - 추돌 - 주정차중,안전운전불이행,건조,맑음,단일로 - 기타,승용,남,37세,상해없음,승용,여,25세,경상
2012082500100518,2012년 8월 25일 18시,토요일,부산광역시 해운대구 우동,경상사고,0,0,3,0,차대차 - 측면직각충돌,교차로운행방법위반,건조,맑음,교차로 - 교차로안,승용,여,52세,상해없음,승용,남,44세,상해없음
2012082500100548,2012년 8월 25일 19시,토요일,부산광역시 동래구 온천동,사망사고,1,0,0,0,차대차 - 측면직각충돌,안전운전불이행,건조,맑음,단일로 - 기타,이륜,남,13세,상해없음,승용,남,29세,상해없음
2012082500100549,2012년 8월 25일 19시,토요일,부산광역시 동래구 명륜동,중상사고,0,1,0,0,차대사람 - 차도통행중,안전운전불이행,건조,맑음,단일로 - 기타,승용,남,31세,상해없음,보행자,남,46세,중상
2012082500100550,2012년 8월 25일 19시,토요일,부산광역시 해운대구 우동,경상사고,0,0,3,0,차대차 - 추돌 - 진행중,안전운전불이행,건조,맑음,단일로 - 교량,승용,남,24세,상해없음,승용,남,56세,경상
2012082500100581,2012년 8월 25일 20시,토요일,부산광역시 남구 대연동,중상사고,0,1,0,0,차대차 - 정면충돌,신호위반,건조,맑음,교차로 - 교차로안,이륜,남,27세,상해없음,이륜,여,58세,중상
2012082500100582,2012년 8월 25일 20시,토요일,부산광역시 동래구 사직동,경상사고,0,0,1,0,차대차 - 측면직각충돌,안전운전불이행,건조,맑음,교차로 - 교차로부근,승용,남,46세,상해없음,원동기,여,17세,경상
2012082500100583,2012년 8월 25일 20시,토요일,부산광역시 부산진구 전포동,중상사고,0,1,0,0,차대차 - 기타,신호위반,건조,맑음,교차로 - 교차로안,승용,남,39세,상해없음,이륜,남,26세,중상
2012082500100621,2012년 8월 25일 21시,토요일,부산광역시 사하구 신평동,경상사고,0,0,1,0,차대차 - 측면직각충돌,신호위반,건조,맑음,교차로 - 교차로안,승용,남,26세,상해없음,승용,남,47세,경상
2012082500100649,2012년 8월 25일 22시,토요일,부산광역시 사하구 다대동,경상사고,0,0,3,0,차대차 - 추돌 - 진행중,안전운전불이행,건조,맑음,단일로 - 기타,승용,남,28세,상해없음,승용,여,46세,경상
2012082500100677,2012년 8월 25일 23시,토요일,부산광역시 동구 좌천동,중상사고,0,1,0,0,차대차 - 기타,불법유턴,건조,맑음,단일로 - 기타,자전거,남,36세,상해없음,원동기,남,42세,중상
2012082500100678,2012년 8월 25일 23시,토요일,부산광역시 수영구 남천동,경상사고,0,0,1,0,차대차 - 측면직각충돌,안전거리미확보,건조,맑음,교차로 - 교차로부근,승용,여,48세,상해없음,이륜,남,23세,경상
2012082500100679,2012년 8월 25일 23시,토요일,부산광역시 동래구 사직동,경상사고,0,0,2,0,차대사람 - 차도통행중,안전운전불이행,건조,맑음,교차로 - 교차로안,승용,여,25세,상해없음,보행자,여,29세,경상
2012082600100005,2012년 8월 26일 00시,일요일,부산광역시 남구 대연동,경상사고,0,0,1,0,차대차 - 측면직각충돌,신호위반,건조,맑음,교차로 - 교차로안,승용,남,60세,상해없음,승용,남,58세,경상
2012082600100006,2012년 8월 26일 00시,일요일,부산광역시 금정구 남산동,부상신고사고,0,0,0,1,차대차 - 측면직각충돌,신호위반,건조,맑음,교차로 - 교차로안,원동기,남,16세,상해없음,승용,남,38세,상해없음
2012082600100007,2012년 8월 26일 00시,일요일,부산광역시 강서구 봉림동,경상사고,0,0,3,0,차대차 - 추돌 - 주정차중,안전운전불이행,건조,맑음,단일로 - 기타,화물,남,42세,상해없음,승용,남,53세,경상
2012082600100031,2012년 8월 26일 01시,일요일,부산광역시 남구 대연동,중상사고,0,2,1,0,차대차 - 추돌 - 진행중,안전운전불이행,건조,맑음,단일로 - 기타,화물,남,47세,상해없음,승용,남,59세,경상
2012082600100071,2012년 8월 26일 03시,일요일,부산광역시 동래구 명륜동,경상사고,0,0,2,0,차대차 - 측면직각충돌,신호위반,습기,흐림,교차로 - 교차로부근,승용,남,19세,상해없음,승용,남,56세,경상
2012082600100072,2012년 8월 26일 03시,일요일,부산광역시 기장군 기장읍,중상사고,0,1,0,0,차량단독 - 공작물충돌,안전운전불이행,건조,맑음,단일로 - 기타,원동기,남,23세,중상,,,,
2012082600100081,2012년 8월 26일 04시,일요일,부산광역시 서구 암남동,중상사고,0,1,0,0,차대차 - 기타,신호위반,건조,맑음,교차로 - 교차로안,원동기,남,19세,중상,승용,남,41세,상해없음