사고번호,사고일시,요일,시군구,사고내용,사망자수,중상자수,경상자수,부상신고자수,사고유형,법규위반,노면상태,기상상태,도로형태,가해운전자 차종,가해운전자 성별,가해운전자 연령,가해운전자 상해정도,피해운전자 차종,피해운전자 성별,피해운전자 연령,피해운전자 상해정도
2012091500100684,2012년 9월 15일 23시,토요일,부산광역시 북구 덕천동,경상사고,0,0,1,0,차대차 - 측면직각충돌,신호위반,습기,흐림,교차로 - 교차로안,승용,남,28세,상해없음,승용,남,37세,경상
2012091500100685,2012년 9월 15일 23시,토요일,부산광역시 부산진구 부전동,경상사고,0,0,1,0,차대사람 - 기타,안전거리미확보,습기,비,단일로 - 기타,화물,남,34세,상해없음,보행자,남,41세,경상
2012091500100686,2012년 9월 15일 23시,토요일,부산광역시 부산진구 개금동,중상사고,0,1,0,0,차대사람 - 차도통행중,안전운전불이행,건조,맑음,단일로 - 기타,승용,남,55세,상해없음,보행자,남,16세,중상
2012091500100687,2012년 9월 15일 23시,토요일,부산광역시 사상구 모라동,경상사고,0,0,2,0,차대차 - 추돌 - 주정차중,안전운전불이행,습기,비,단일로 - 기타,승합,남,45세,상해없음,승용,남,34세,경상
2012091600100005,2012년 9월 16일 00시,일요일,부산광역시 중구 남포동1가,부상신고사고,0,0,0,1,차대사람 - 차도통행중,안전운전불이행,습기,비,교차로 - 교차로부근,승용,남,54세,상해없음,보행자,남,63세,부상신고
2012091600100006,2012년 9월 16일 00시,일요일,부산광역시 동래구 온천동,중상사고,0,1,0,0,차대사람 - 횡단중,보행자보호의무위반,습기,비,단일로 - 횡단보도상,승용,남,65세,상해없음,보행자,남,53세,중상
2012091600100007,2012년 9월 16일 00시,일요일,부산광역시 해운대구 중동,경상사고,0,0,1,0,차대사람 - 횡단중,보행자보호의무위반,습기,비,단일로 - 횡단보도상,승용,남,34세,상해없음,보행자,남,19세,경상
2012091600100008,2012년 9월 16일 00시,일요일,부산광역시 부산진구 범천동,경상사고,0,0,1,0,차대차 - 추돌 - 진행중,안전거리미확보,습기,비,단일로 - 기타,승용,남,43세,상해없음,승용,남,58세,상해없음
2012091600100009,2012년 9월 16일 00시,일요일,부산광역시 금정구 구서동,중상사고,0,1,1,0,차대차 - 측면직각충돌,신호위반,습기,비,교차로 - 교차로안,승용,기타불명,기타불명,기타불명,승용,남,61세,경상
2012091600100010,2012년 9월 16일 00시,일요일,부산광역시 사상구 주례동,중상사고,0,2,0,0,차대차 - 측면직각충돌,안전거리미확보,습기,비,단일로 - 기타,승용,남,65세,상해없음,승용,남,53세,중상
2012091600100011,2012년 9월 16일 00시,일요일,부산광역시 기장군 기장읍,중상사고,0,1,1,0,차대차 - 측면직각충돌,신호위반,습기,맑음,교차로 - 교차로안,승용,여,20세,상해없음,승용,남,29세,중상
2012091600100030,2012년 9월 16일 01시,일요일,부산광역시 동구 초량동,경상사고,0,0,2,0,차대차 - 기타,안전운전불이행,습기,비,교차로 - 교차로부근,승용,남,38세,상해없음,승용,남,25세,경상
2012091600100051,2012년 9월 16일 02시,일요일,부산광역시 영도구 영선동1가,경상사고,0,0,1,0,차대차 - 추돌 - 주정차중,안전운전불이행,습기,비,기타 - 기타,승용,남,51세,상해없음,승용,남,57세,상해없음
2012091600100052,2012년 9월 16일 02시,일요일,부산광역시 사하구 하단동,경상사고,0,0,1,1,차대차 - 측면직각충돌,안전운전불이행,습기,비,단일로 - 기타,승용,여,43세,상해없음,승용,남,59세,상해없음
2012091600100067,2012년 9월 16일 03시,일요일,부산광역시 남구 대연동,부상신고사고,0,0,0,1,차대차 - 기타,안전운전불이행,습기,비,단일로 - 기타,승용,남,31세,상해없음,승용,남,30세,상해없음
2012091600100068,2012년 9월 16일 03시,일요일,부산광역시 영도구 영선동1가,경상사고,0,0,2,0,차대차 - 추돌 - 주정차중,안전운전불이행,습기,비,교차로 - 교차로부근,승용,남,40세,상해없음,승용,남,51세,경상
2012091600100069,2012년 9월 16일 03시,일요일,부산광역시 부산진구 가야동,중상사고,0,1,0,0,차대차 - 정면충돌,중앙선침범,습기,비,단일로 - 기타,승용,남,58세,상해없음,승용,남,37세,중상
2012091600100087,2012년 9월 16일 04시,일요일,부산광역시 동래구 수안동,중상사고,0,1,0,0,차대사람 - 차도통행중,신호위반,습기,비,교차로 - 교차로부근,승용,남,41세,상해없음,보행자,남,33세,중상
2012091600100088,2012년 9월 16일 04시,일요일,부산광역시 기장군 정관면,경상사고,0,0,3,0,차대차 - 측면직각충돌,신호위반,습기,비,교차로 - 교차로안,승용,남,51세,경상,승용,여,44세,경상
2012091600100108,2012년 9월 16일 05시,일요일,부산광역시 중구 부평동1가,중상사고,0,1,1,0,차대차 - 측면직각충돌,신호위반,습기,비,교차로 - 교차로안,승용,남,36세,상해없음,승용,남,41세,중상
2012091600100109,2012년 9월 16일 05시,일요일,부산광역시 동래구 안락동,경상사고,0,0,1,0,차대차 - 추돌 - 주정차중,안전운전불이행,습기,비,교차로 - 교차로부근,승용,남,29세,상해없음,승용,남,50세,경상
2012091600100135,2012년 9월 16일 07시,일요일,부산광역시 부산진구 양정동,중상사고,0,1,0,0,차대사람 - 길가장자리구역통행중,신호위반,습기,비,교차로 - 교차로부근,승용,남,46세,상해없음,보행자,남,32세,중상
2012091600100136,2012년 9월 16일 07시,일요일,부산광역시 사상구 감전동,중상사고,0,1,0,0,차대사람 - 기타,보행자보호의무위반,건조,맑음,단일로 - 기타,승용,남,33세,상해없음,보행자,남,56세,중상
2012091600100157,2012년 9월 16일 08시,일요일,부산광역시 동구 초량동,경상사고,0,0,1,0,차대차 - 기타,차로위반,습기,비,교차로 - 교차로부근,승용,남,47세,상해없음,승용,남,42세,경상
2012091600100176,2012년 9월 16일 09시,일요일,부산광역시 수영구 남천동,중상사고,0,1,0,0,차대차 - 추돌 - 주정차중,안전거리미확보,습기,비,교차로 - 교차로부근,승용,여,55세,상해없음,승용,남,59세,중상
2012091600100177,2012년 9월 16일 09시,일요일,부산광역시 부산진구 전포동,경상사고,0,0,1,0,차대차 - 추돌 - 진행중,안전거리미확보,습기,비,단일로 - 기타,승용,남,52세,상해없음,승용,남,32세,상해없음
2012091600100211,2012년 9월 16일 11시,일요일,부산광역시 해운대구 우동,경상사고,0,0,3,0,차대차 - 추돌 - 진행중,안전운전불이행,기타,기타,교차로 - 교차로부근,승용,남,57세,상해없음,승용,여,28세,경상
2012091600100212,2012년 9월 16일 11시,일요일,부산광역시 강서구 송정동,중상사고,0,1,0,0,차대차 - 측면직각충돌,신호위반,습기,비,교차로 - 교차로안,화물,남,24세,상해없음,승용,남,51세,중상
2012091600100240,2012년 9월 16일 12시,일요일,부산광역시 남구 대연동,중상사고,0,1,1,0,차대차 - 측면직각충돌,안전운전불이행,습기,비,교차로 - 교차로안,승용,남,60세,상해없음,승용,남,52세,중상
2012091600100241,2012년 9월 16일 12시,일요일,부산광역시 해운대구 반여동,중상사고,0,1,2,0,차대차 - 추돌 - 주정차중,안전거리미확보,습기,비,교차로 - 교차로부근,승용,남,21세,상해없음,승용,남,52세,상해없음
2012091600100242,2012년 9월 16일 12시,일요일,부산광역시 강서구 신호동,경상사고,0,0,5,0,차대차 - 측면직각충돌,교차로운행방법위반,습기,비,교차로 - 교차로안,승용,남,48세,상해없음,승용,남,43세,경상
2012091600100243,2012년 9월 16일 12시,일요일,부산광역시 사상구 모라동,경상사고,0,0,2,1,차대차 - 추돌 - 진행중,안전운전불이행,습기,비,미분류 - 미분류,승용,남,28세,상해없음,승용,남,48세,상해없음
2012091600100268,2012년 9월 16일 13시,일요일,부산광역시 부산진구 양정동,중상사고,0,1,0,0,차대사람 - 횡단중,안전운전불이행,습기,비,단일로 - 기타,승용,남,55세,상해없음,보행자,남,40세,중상
2012091600100269,2012년 9월 16일 13시,일요일,부산광역시 사상구 주례동,경상사고,0,0,2,0,차대차 - 측면직각충돌,안전운전불이행,습기,비,단일로 - 기타,화물,남,53세,기타불명,승용,남,28세,경상
2012091600100297,2012년 9월 16일 14시,일요일,부산광역시 부산진구 전포동,경상사고,0,0,1,0,차대차 - 측면직각충돌,안전거리미확보,습기,비,단일로 - 기타,승합,남,43세,상해없음,승용,남,58세,경상
2012091600100299,2012년 9월 16일 14시,일요일,부산광역시 강서구 범방동,중상사고,0,1,1,1,차대차 - 정면충돌,신호위반,습기,비,교차로 - 교차로안,승용,남,53세,상해없음,승용,남,34세,중상
2012091600100332,2012년 9월 16일 15시,일요일,부산광역시 동래구 안락동,경상사고,0,0,1,0,차대차 - 측면직각충돌,신호위반,습기,비,교차로 - 교차로안,승용,남,26세,상해없음,승용,남,52세,경상
2012091600100333,2012년 9월 16일 15시,일요일,부산광역시 사하구 신평동,중상사고,0,1,0,0,차대차 - 측면직각충돌,중앙선침범,습기,비,교차로 - 교차로부근,승용,남,35세,상해없음,이륜,남,30세,중상
2012091600100366,2012년 9월 16일 16시,일요일,부산광역시 해운대구 우동,중상사고,0,1,0,0,차대사람 - 횡단중,보행자보호의무위반,습기,비,단일로 - 횡단보도상,승용,남,28세,상해없음,보행자,여,46세,중상
2012091600100422,2012년 9월 16일 18시,일요일,부산광역시 동래구 사직동,부상신고사고,0,0,0,1,차대차 - 측면직각충돌,교차로운행방법위반,습기,비,교차로 - 교차로안,이륜,남,48세,부상신고,승용,남,34세,상해없음
2012091600100423,2012년 9월 16일 18시,일요일,부산광역시 사상구 학장동,경상사고,0,0,2,0,차대차 - 측면직각충돌,안전운전불이행,습기,비,단일로 - 기타,승용,남,37세,기타불명,승용,남,54세,경상
2012091600100424,2012년 9월 16일 18시,일요일,부산광역시 기장군 기장읍,중상사고,0,1,0,0,차대사람 - 기타,안전운전불이행,습기,비,단일로 - 기타,승합,남,72세,상해없음,보행자,남,51세,중상
2012091600100458,2012년 9월 16일 19시,일요일,부산광역시 중구 남포동2가,경상사고,0,0,1,1,차대차 - 측면직각충돌,안전거리미확보,습기,비,단일로 - 기타,승용,여,46세,상해없음,승용,남,49세,경상
2012091600100459,2012년 9월 16일 19시,일요일,부산광역시 중구 영주동,중상사고,0,1,0,0,차대차 - 추돌 - 진행중,안전거리미확보,습기,비,단일로 - 기타,승용,남,57세,상해없음,승용,미분류,기타불명,기타불명
2012091600100460,2012년 9월 16일 19시,일요일,부산광역시 수영구 민락동,중상사고,0,1,0,0,차대사람 - 횡단중,안전운전불이행,습기,비,단일로 - 기타,승용,남,62세,상해없음,보행자,여,79세,중상
2012091600100461,2012년 9월 16일 19시,일요일,부산광역시 사하구 장림동,경상사고,0,0,3,0,차대차 - 측면직각충돌,신호위반,습기,비,교차로 - 교차로부근,승용,남,52세,경상,승용,남,57세,경상
2012091600100462,2012년 9월 16일 19시,일요일,부산광역시 수영구 망미동,경상사고,0,0,2,0,차대차 - 기타,안전거리미확보,건조,맑음,교차로 - 교차로부근,승용,남,50세,상해없음,승용,남,22세,경상
2012091600100463,2012년 9월 16일 19시,일요일,부산광역시 사상구 감전동,중상사고,0,2,0,1,차대차 - 정면충돌,중앙선침범,습기,비,단일로 - 기타,승용,남,55세,부상신고,승용,남,45세,중상
2012091600100464,2012년 9월 16일 19시,일요일,부산광역시 사상구 모라동,경상사고,0,0,1,0,차대차 - 측면직각충돌,안전거리미확보,습기,비,단일로 - 기타,승용,남,53세,상해없음,승용,남,55세,경상
2012091600100509,2012년 9월 16일 20시,일요일,부산광역시 북구 화명동,경상사고,0,0,1,0,차대차 - 측면직각충돌,신호위반,습기,비,교차로 - 교차로안,승용,남,48세,상해없음,승용,남,39세,경상
2012091600100510,2012년 9월 16일 20시,일요일,부산광역시 부산진구 부암동,경상사고,0,0,1,0,차대차 - 기타,신호위반,습기,비,교차로 - 교차로안,이륜,남,19세,상해없음,이륜,남,18세,경상
2012091600100602,2012년 9월 16일 22시,일요일,부산광역시 수영구 광안동,중상사고,0,1,0,0,차대차 - 측면직각충돌,신호위반,습기,비,교차로 - 교차로안,승용,남,41세,상해없음,승용,남,54세,중상
2012091600100603,2012년 9월 16일 22시,일요일,부산광역시 기장군 기장읍,부상신고사고,0,0,0,1,차량단독 - 공작물충돌,안전운전불이행,습기,비,단일로 - 기타,승용,남,41세,부상신고,,,,
2012091700100006,2012년 9월 17일 00시,월요일,부산광역시 동래구 명륜동,경상사고,0,0,5,0,차대차 - 추돌 - 진행중,안전거리미확보,습기,비,단일로 - 기타,승용,남,34세,상해없음,승용,여,44세,경상
2012091700100007,2012년 9월 17일 00시,월요일,부산광역시 부산진구 당감동,중상사고,0,1,0,0,차대사람 - 기타,안전운전불이행,기타,맑음,단일로 - 기타,승용,남,63세,상해없음,보행자,남,26세,중상
2012091700100008,2012년 9월 17일 00시,월요일,부산광역시 사하구 하단동,경상사고,0,0,2,0,차대차 - 측면직각충돌,중앙선침범,건조,맑음,단일로 - 기타,승용,남,22세,상해없음,승용,남,64세,경상
2012091700100009,2012년 9월 17일 00시,월요일,부산광역시 사상구 괘법동,중상사고,0,1,0,0,차대사람 - 횡단중,안전운전불이행,습기,비,단일로 - 기타,승용,남,54세,상해없음,보행자,남,53세,중상
2012091700100026,2012년 9월 17일 01시,월요일,부산광역시 남구 용호동,경상사고,0,0,1,0,차대사람 - 길가장자리구역통행중,안전운전불이행,습기,비,교차로 - 교차로안,승용,남,54세,기타불명,보행자,남,62세,경상
2012091700100039,2012년 9월 17일 02시,월요일,부산광역시 동래구 온천동,중상사고,0,1,1,0,차대차 - 측면직각충돌,안전운전불이행,습기,비,교차로 - 교차로안,승용,남,49세,상해없음,승용,남,47세,경상
2012091700100059,2012년 9월 17일 03시,월요일,부산광역시 해운대구 우동,경상사고,0,0,1,0,차대차 - 측면직각충돌,안전운전불이행,습기,비,교차로 - 교차로안,기타불명,기타불명,기타불명,기타불명,승용,남,58세,경상
2012091700100070,2012년 9월 17일 04시,월요일,부산광역시 수영구 민락동,경상사고,0,0,2,0,차대차 - 측면직각충돌,신호위반,습기,비,교차로 - 교차로안,승용,남,44세,상해없음,승용,남,66세,경상
2012091700100093,2012년 9월 17일 06시,월요일,부산광역시 해운대구 반여동,경상사고,0,0,1,0,차대차 - 추돌 - 진행중,안전운전불이행,습기,비,단일로 - 기타,화물,남,54세,상해없음,승용,남,41세,경상
2012091700100107,2012년 9월 17일 07시,월요일,부산광역시 금정구 구서동,경상사고,0,0,1,0,차대차 - 측면직각충돌,안전운전불이행,습기,비,교차로 - 교차로안,승용,남,53세,상해없음,승용,남,50세,경상
2012091700100125,2012년 9월 17일 08시,월요일,부산광역시 중구 영주동,중상사고,0,2,0,0,차대차 - 추돌 - 진행중,안전거리미확보,습기,비,단일로 - 기타,승용,여,26세,상해없음,승용,여,55세,중상
2012091700100126,2012년 9월 17일 08시,월요일,부산광역시 수영구 민락동,경상사고,0,0,1,0,차대차 - 측면직각충돌,중앙선침범,건조,맑음,단일로 - 기타,승용,남,65세,상해없음,승용,남,29세,경상
2012091700100127,2012년 9월 17일 08시,월요일,부산광역시 북구 구포동,중상사고,0,1,0,0,차대사람 - 기타,안전운전불이행,습기,비,단일로 - 기타,화물,남,40세,상해없음,보행자,여,49세,중상
2012091700100128,2012년 9월 17일 08시,월요일,부산광역시 해운대구 반여동,중상사고,0,1,0,0,차대차 - 추돌 - 진행중,안전운전불이행,습기,비,단일로 - 횡단보도부근,승합,남,29세,상해없음,승용,남,52세,중상
2012091700100129,2012년 9월 17일 08시,월요일,부산광역시 해운대구 반송동,중상사고,0,1,0,0,차대사람 - 기타,안전운전불이행,습기,비,단일로 - 기타,특수,남,33세,상해없음,보행자,여,58세,중상
2012091700100157,2012년 9월 17일 09시,월요일,부산광역시 북구 덕천동,중상사고,0,1,0,0,차대사람 - 횡단중,안전운전불이행,습기,비,단일로 - 횡단보도상,승용,남,34세,상해없음,보행자,여,60세,중상
2012091700100180,2012년 9월 17일 10시,월요일,부산광역시 수영구 남천동,중상사고,0,1,0,0,차대사람 - 횡단중,안전운전불이행,습기,비,단일로 - 기타,승용,여,44세,상해없음,보행자,남,38세,중상
2012091700100181,2012년 9월 17일 10시,월요일,부산광역시 부산진구 양정동,경상사고,0,0,1,0,차대차 - 기타,교차로운행방법위반,습기,비,교차로 - 교차로안,승용,남,47세,상해없음,승용,남,58세,경상
2012091700100182,2012년 9월 17일 10시,월요일,부산광역시 금정구 노포동,경상사고,0,0,1,0,차대차 - 추돌 - 주정차중,안전운전불이행,습기,비,기타 - 기타,화물,기타불명,기타불명,기타불명,승용,남,25세,경상
2012091700100183,2012년 9월 17일 10시,월요일,부산광역시 사하구 하단동,경상사고,0,0,2,0,차대차 - 추돌 - 진행중,안전운전불이행,습기,비,단일로 - 기타,승용,남,23세,상해없음,승용,남,46세,경상
2012091700100201,2012년 9월 17일 11시,월요일,부산광역시 동구 범일동,경상사고,0,0,2,0,차대차 - 추돌 - 진행중,안전거리미확보,습기,비,교차로 - 교차로부근,승합,남,31세,상해없음,승용,여,49세,경상
2012091700100202,2012년 9월 17일 11시,월요일,부산광역시 부산진구 가야동,경상사고,0,0,1,0,차대차 - 기타,안전거리미확보,기타,비,단일로 - 기타,승용,남,22세,기타불명,승용,여,31세,경상
2012091700100243,2012년 9월 17일 13시,월요일,부산광역시 동구 범일동,중상사고,0,1,0,0,차대차 - 기타,안전거리미확보,건조,맑음,단일로 - 기타,화물,남,56세,상해없음,승용,남,38세,중상
2012091700100294,2012년 9월 17일 15시,월요일,부산광역시 부산진구 양정동,경상사고,0,0,1,0,차대사람 - 기타,안전운전불이행,습기,흐림,단일로 - 기타,승용,남,33세,상해없음,보행자,남,14세,경상
2012091700100328,2012년 9월 17일 16시,월요일,부산광역시 서구 동대신동2가,중상사고,0,1,0,0,차대차 - 기타,안전운전불이행,건조,맑음,단일로 - 기타,승용,남,54세,상해없음,승용,여,64세,중상
2012091700100329,2012년 9월 17일 16시,월요일,부산광역시 강서구 대저1동,경상사고,0,0,1,0,차대차 - 추돌 - 진행중,안전운전불이행,습기,흐림,단일로 - 기타,승용,남,28세,상해없음,승용,남,61세,경상
2012091700100361,2012년 9월 17일 17시,월요일,부산광역시 동구 초량동,중상사고,0,1,0,0,차대차 - 측면직각충돌,교차로운행방법위반,건조,맑음,교차로 - 교차로안,승용,남,64세,상해없음,이륜,남,25세,중상
2012091700100362,2012년 9월 17일 17시,월요일,부산광역시 수영구 망미동,중상사고,0,1,0,0,차대사람 - 차도통행중,안전운전불이행,건조,맑음,단일로 - 기타,화물,남,23세,상해없음,보행자,여,63세,중상
2012091700100387,2012년 9월 17일 18시,월요일,부산광역시 부산진구 부전동,경상사고,0,0,1,0,차대차 - 기타,안전운전불이행,건조,맑음,단일로 - 기타,이륜,기타불명,기타불명,기타불명,승용,남,51세,상해없음
2012091700100424,2012년 9월 17일 19시,월요일,부산광역시 북구 화명동,중상사고,0,1,0,0,차대차 - 추돌 - 진행중,차로위반,건조,맑음,단일로 - 기타,승용,여,49세,상해없음,원동기,남,17세,중상
2012091700100425,2012년 9월 17일 19시,월요일,부산광역시 북구 화명동,중상사고,0,1,0,0,차대사람 - 기타,안전운전불이행,건조,맑음,단일로 - 기타,자전거,남,14세,상해없음,보행자,여,45세,중상
2012091700100426,2012년 9월 17일 19시,월요일,부산광역시 영도구 동삼동,중상사고,0,1,0,0,차대사람 - 차도통행중,안전운전불이행,건조,흐림,교차로 - 교차로안,승용,남,50세,상해없음,보행자,남,54세,중상
2012091700100427,2012년 9월 17일 19시,월요일,부산광역시 금정구 구서동,경상사고,0,0,2,1,차대차 - 측면직각충돌,교차로운행방법위반,건조,맑음,교차로 - 교차로안,화물,여,55세,상해없음,승용,여,51세,경상
2012091700100508,2012년 9월 17일 21시,월요일,부산광역시 남구 용호동,경상사고,0,0,1,0,차대차 - 추돌 - 진행중,차로위반,건조,흐림,교차로 - 교차로안,승용,남,56세,상해없음,원동기,남,22세,경상
2012091700100509,2012년 9월 17일 21시,월요일,부산광역시 해운대구 반여동,경상사고,0,0,1,0,차대사람 - 횡단중,안전운전불이행,건조,맑음,단일로 - 기타,원동기,남,15세,상해없음,보행자,남,60세,경상
2012091700100510,2012년 9월 17일 21시,월요일,부산광역시 사하구 하단동,경상사고,0,0,1,0,차대차 - 기타,신호위반,건조,맑음,교차로 - 교차로안,승용,남,49세,상해없음,승용,남,23세,경상
2012091700100581,2012년 9월 17일 23시,월요일,부산광역시 사하구 하단동,중상사고,0,1,2,0,차대차 - 추돌 - 진행중,안전운전불이행,건조,맑음,교차로 - 교차로부근,승용,남,28세,상해없음,승용,남,39세,중상
2012091800100003,2012년 9월 18일 00시,화요일,부산광역시 남구 대연동,중상사고,0,1,1,0,차대차 - 기타,신호위반,건조,맑음,교차로 - 교차로안,승용,여,25세,상해없음,화물,여,51세,중상
2012091800100023,2012년 9월 18일 01시,화요일,부산광역시 사상구 덕포동,중상사고,0,1,1,0,차대차 - 정면충돌,중앙선침범,건조,맑음,단일로 - 기타,승용,남,18세,경상,승용,남,26세,중상
2012091800100038,2012년 9월 18일 02시,화요일,부산광역시 수영구 남천동,경상사고,0,0,1,0,차대차 - 추돌 - 주정차중,안전거리미확보,건조,맑음,단일로 - 기타,승용,남,53세,상해없음,승용,여,43세,경상
2012091800100050,2012년 9월 18일 03시,화요일,부산광역시 해운대구 좌동,경상사고,0,0,1,0,차대차 - 추돌 - 주정차중,안전운전불이행,건조,맑음,교차로 - 교차로부근,승합,남,38세,상해없음,승용,남,30세,경상
2012091800100051,2012년 9월 18일 03시,화요일,부산광역시 해운대구 우동,경상사고,0,0,1,0,차대차 - 기타,중앙선침범,건조,맑음,단일로 - 기타,원동기,기타불명,기타불명,기타불명,승용,남,54세,경상
2012091800100067,2012년 9월 18일 05시,화요일,부산광역시 부산진구 부암동,중상사고,0,1,0,0,차대차 - 기타,안전거리미확보,건조,흐림,단일로 - 기타,승용,여,41세,상해없음,자전거,남,48세,중상
2012091800100068,2012년 9월 18일 05시,화요일,부산광역시 금정구 부곡동,중상사고,0,3,0,0,차량단독 - 공작물충돌,안전운전불이행,건조,맑음,단일로 - 기타,승용,남,60세,중상,,,,
2012091800100098,2012년 9월 18일 07시,화요일,부산광역시 동래구 안락동,중상사고,0,1,0,0,차대차 - 정면충돌,신호위반,건조,맑음,교차로 - 교차로안,원동기,남,22세,상해없음,승용,남,50세,상해없음
2012091800100100,2012년 9월 18일 07시,화요일,부산광역시 부산진구 부전동,중상사고,0,1,0,0,차대차 - 측면직각충돌,안전운전불이행,건조,맑음,단일로 - 기타,승용,남,29세,상해없음,승용,남,47세,중상
2012091800100101,2012년 9월 18일 07시,화요일,부산광역시 강서구 대저1동,경상사고,0,0,1,0,차대차 - 측면직각충돌,교차로운행방법위반,건조,맑음,교차로 - 교차로안,승용,남,59세,상해없음,승용,여,35세,경상
2012091800100102,2012년 9월 18일 07시,화요일,부산광역시 기장군 기장읍,경상사고,0,0,1,0,차대사람 - 길가장자리구역통행중,안전운전불이행,건조,맑음,단일로 - 기타,승합,남,50세,상해없음,보행자,남,12세,경상
2012091800100130,2012년 9월 18일 08시,화요일,부산광역시 금정구 부곡동,중상사고,0,1,0,0,차대사람 - 횡단중,안전운전불이행,건조,맑음,단일로 - 기타,승용,여,50세,상해없음,보행자,남,17세,중상
2012091800100131,2012년 9월 18일 08시,화요일,부산광역시 강서구 송정동,중상사고,0,1,0,0,차대차 - 측면직각충돌,중앙선침범,건조,맑음,기타 - 기타,승합,남,31세,상해없음,원동기,남,62세,중상
2012091800100157,2012년 9월 18일 09시,화요일,부산광역시 해운대구 좌동,경상사고,0,0,2,0,차대차 - 측면직각충돌,신호위반,건조,맑음,교차로 - 교차로안,승합,남,59세,상해없음,승용,남,38세,경상
2012091800100158,2012년 9월 18일 09시,화요일,부산광역시 사상구 주례동,경상사고,0,0,1,0,차대사람 - 기타,안전운전불이행,건조,맑음,교차로 - 교차로부근,승용,남,59세,상해없음,보행자,여,21세,경상
2012091800100275,2012년 9월 18일 13시,화요일,부산광역시 사하구 하단동,경상사고,0,0,4,0,차대차 - 기타,신호위반,건조,맑음,교차로 - 교차로안,승용,여,53세,상해없음,승용,남,37세,경상
2012091800100305,2012년 9월 18일 14시,화요일,부산광역시 수영구 민락동,경상사고,0,0,1,0,차대차 - 기타,안전운전불이행,건조,맑음,단일로 - 기타,건설기계,남,51세,상해없음,자전거,남,67세,경상
2012091800100306,2012년 9월 18일 14시,화요일,부산광역시 남구 대연동,중상사고,0,1,0,0,차대사람 - 횡단중,보행자보호의무위반,건조,맑음,단일로 - 횡단보도상,승용,여,46세,상해없음,보행자,여,43세,중상
2012091800100342,2012년 9월 18일 15시,화요일,부산광역시 남구 용호동,경상사고,0,0,1,0,차대사람 - 길가장자리구역통행중,안전운전불이행,건조,맑음,단일로 - 기타,승용,남,25세,상해없음,보행자,남,48세,경상
2012091800100386,2012년 9월 18일 16시,화요일,부산광역시 강서구 녹산동,중상사고,0,1,0,0,차대차 - 기타,안전운전불이행,건조,맑음,교차로 - 교차로부근,화물,여,42세,기타불명,자전거,남,76세,중상
2012091800100421,2012년 9월 18일 17시,화요일,부산광역시 남구 대연동,경상사고,0,0,1,0,차대차 - 측면직각충돌,안전거리미확보,건조,맑음,단일로 - 기타,승용,남,55세,상해없음,승용,여,49세,경상
2012091800100422,2012년 9월 18일 17시,화요일,부산광역시 남구 용호동,경상사고,0,0,1,0,차대사람 - 기타,안전운전불이행,건조,맑음,단일로 - 기타,화물,남,39세,상해없음,보행자,남,23세,경상
2012091800100423,2012년 9월 18일 17시,화요일,부산광역시 남구 대연동,경상사고,0,0,1,0,차대차 - 기타,기타,건조,맑음,단일로 - 기타,승용,여,43세,상해없음,자전거,남,62세,경상
2012091800100424,2012년 9월 18일 17시,화요일,부산광역시 부산진구 전포동,경상사고,0,0,1,0,차대차 - 추돌 - 진행중,안전거리미확보,건조,맑음,교차로 - 교차로부근,승용,남,40세,상해없음,승용,여,38세,경상
2012091800100425,2012년 9월 18일 17시,화요일,부산광역시 금정구 부곡동,경상사고,0,0,1,0,차대사람 - 차도통행중,안전운전불이행,건조,맑음,단일로 - 기타,승용,남,48세,상해없음,보행자,여,10세,경상
2012091800100459,2012년 9월 18일 18시,화요일,부산광역시 수영구 광안동,경상사고,0,0,3,0,차대차 - 측면직각충돌,안전운전불이행,건조,맑음,단일로 - 기타,승용,기타불명,기타불명,기타불명,승합,남,64세,상해없음
2012091800100460,2012년 9월 18일 18시,화요일,부산광역시 남구 대연동,중상사고,0,1,1,0,차대차 - 측면직각충돌,안전운전불이행,건조,맑음,교차로 - 교차로안,승용,남,64세,경상,승용,여,32세,중상
2012091800100461,2012년 9월 18일 18시,화요일,부산광역시 남구 문현동,부상신고사고,0,0,0,1,차대차 - 추돌 - 진행중,안전운전불이행,건조,맑음,단일로 - 기타,승용,남,39세,상해없음,화물,남,56세,부상신고
2012091800100462,2012년 9월 18일 18시,화요일,부산광역시 사하구 다대동,부상신고사고,0,0,0,1,차대사람 - 길가장자리구역통행중,안전운전불이행,건조,맑음,단일로 - 기타,이륜,남,67세,상해없음,보행자,남,42세,부상신고
2012091800100463,2012년 9월 18일 18시,화요일,부산광역시 기장군 기장읍,경상사고,0,0,1,0,차대차 - 측면직각충돌,직진우회전진행방해,건조,맑음,교차로 - 교차로안,승용,여,46세,상해없음,이륜,남,16세,경상
2012091800100495,2012년 9월 18일 19시,화요일,부산광역시 중구 중앙동4가,경상사고,0,0,1,0,차대차 - 측면직각충돌,안전운전불이행,건조,맑음,단일로 - 기타,특수,남,41세,상해없음,승용,남,29세,경상
2012091800100496,2012년 9월 18일 19시,화요일,부산광역시 부산진구 부전동,경상사고,0,0,3,0,차대차 - 측면직각충돌,중앙선침범,건조,맑음,단일로 - 기타,이륜,남,26세,상해없음,승합,남,54세,상해없음