사고번호,사고일시,요일,시군구,사고내용,사망자수,중상자수,경상자수,부상신고자수,사고유형,법규위반,노면상태,기상상태,도로형태,가해운전자 차종,가해운전자 성별,가해운전자 연령,가해운전자 상해정도,피해운전자 차종,피해운전자 성별,피해운전자 연령,피해운전자 상해정도
2012092700100669,2012년 9월 27일 23시,목요일,부산광역시 기장군 기장읍,경상사고,0,0,1,0,차대사람 - 차도통행중,안전운전불이행,건조,맑음,교차로 - 교차로안,승용,남,26세,상해없음,보행자,여,55세,경상
2012092800100008,2012년 9월 28일 00시,금요일,부산광역시 동구 범일동,중상사고,0,2,1,0,차대차 - 기타,신호위반,건조,맑음,교차로 - 교차로안,화물,남,31세,상해없음,승용,남,50세,중상
2012092800100031,2012년 9월 28일 01시,금요일,부산광역시 해운대구 재송동,사망사고,1,0,0,0,차대사람 - 기타,안전운전불이행,건조,맑음,단일로 - 기타,기타불명,기타불명,기타불명,기타불명,보행자,여,19세,사망
2012092800100032,2012년 9월 28일 01시,금요일,부산광역시 연제구 연산동,경상사고,0,0,1,0,차대사람 - 횡단중,안전운전불이행,건조,맑음,단일로 - 기타,승용,남,76세,상해없음,보행자,남,53세,경상
2012092800100052,2012년 9월 28일 02시,금요일,부산광역시 해운대구 반송동,중상사고,0,1,0,0,차대차 - 측면직각충돌,안전운전불이행,건조,맑음,단일로 - 기타,승용,남,62세,상해없음,화물,남,47세,상해없음
2012092800100053,2012년 9월 28일 02시,금요일,부산광역시 금정구 구서동,중상사고,0,2,2,0,차대차 - 추돌 - 주정차중,안전운전불이행,건조,맑음,단일로 - 기타,승용,여,52세,상해없음,승용,남,48세,중상
2012092800100064,2012년 9월 28일 03시,금요일,부산광역시 해운대구 반여동,경상사고,0,0,1,0,차대차 - 정면충돌,신호위반,건조,맑음,교차로 - 교차로안,승용,남,27세,상해없음,승용,남,58세,경상
2012092800100074,2012년 9월 28일 04시,금요일,부산광역시 사상구 괘법동,중상사고,0,1,0,0,차대사람 - 횡단중,신호위반,건조,맑음,단일로 - 횡단보도상,승용,남,57세,상해없음,보행자,남,50세,중상
2012092800100075,2012년 9월 28일 04시,금요일,부산광역시 사상구 엄궁동,경상사고,0,0,1,0,차대차 - 추돌 - 주정차중,안전운전불이행,건조,맑음,교차로 - 교차로부근,승용,여,25세,상해없음,화물,여,52세,경상
2012092800100083,2012년 9월 28일 05시,금요일,부산광역시 사상구 엄궁동,경상사고,0,0,1,1,차대차 - 측면직각충돌,신호위반,건조,맑음,교차로 - 교차로안,화물,남,63세,부상신고,화물,여,61세,경상
2012092800100100,2012년 9월 28일 06시,금요일,부산광역시 남구 문현동,경상사고,0,0,1,0,차대차 - 측면직각충돌,신호위반,건조,맑음,교차로 - 교차로안,승합,남,72세,상해없음,승용,남,50세,경상
2012092800100114,2012년 9월 28일 07시,금요일,부산광역시 서구 충무동1가,중상사고,0,1,0,0,차대차 - 기타,안전운전불이행,건조,맑음,단일로 - 기타,승용,남,69세,상해없음,원동기,남,63세,중상
2012092800100115,2012년 9월 28일 07시,금요일,부산광역시 부산진구 부전동,경상사고,0,0,1,0,차대차 - 측면직각충돌,안전운전불이행,건조,맑음,단일로 - 기타,승용,기타불명,기타불명,기타불명,승합,남,37세,경상
2012092800100143,2012년 9월 28일 08시,금요일,부산광역시 북구 덕천동,경상사고,0,0,1,0,차대차 - 추돌 - 진행중,안전운전불이행,건조,맑음,단일로 - 기타,승용,남,51세,상해없음,승용,여,43세,경상
2012092800100144,2012년 9월 28일 08시,금요일,부산광역시 해운대구 반송동,경상사고,0,0,1,0,차대사람 - 횡단중,보행자보호의무위반,건조,맑음,단일로 - 기타,승용,남,47세,상해없음,보행자,남,7세,경상
2012092800100145,2012년 9월 28일 08시,금요일,부산광역시 강서구 대저1동,중상사고,0,1,0,0,차대사람 - 횡단중,안전운전불이행,건조,맑음,단일로 - 기타,승용,남,57세,상해없음,보행자,남,12세,중상
2012092800100190,2012년 9월 28일 09시,금요일,부산광역시 중구 동광동4가,중상사고,0,1,0,0,차대사람 - 차도통행중,안전운전불이행,건조,맑음,단일로 - 기타,승용,남,50세,상해없음,보행자,여,61세,중상
2012092800100191,2012년 9월 28일 09시,금요일,부산광역시 중구 남포동2가,중상사고,0,1,0,0,차대차 - 측면직각충돌,직진우회전진행방해,건조,맑음,교차로 - 교차로안,승용,여,57세,상해없음,승용,여,29세,중상
2012092800100226,2012년 9월 28일 10시,금요일,부산광역시 서구 암남동,중상사고,0,1,0,0,차대차 - 측면직각충돌,차로위반,기타,맑음,단일로 - 기타,승용,남,53세,상해없음,이륜,남,33세,중상
2012092800100227,2012년 9월 28일 10시,금요일,부산광역시 남구 용당동,중상사고,0,1,0,0,차대사람 - 기타,안전운전불이행,건조,맑음,단일로 - 기타,화물,남,36세,상해없음,보행자,여,61세,중상
2012092800100228,2012년 9월 28일 10시,금요일,부산광역시 사상구 덕포동,경상사고,0,0,1,0,차대차 - 측면직각충돌,신호위반,건조,맑음,교차로 - 교차로안,승합,남,53세,상해없음,화물,남,51세,경상
2012092800100262,2012년 9월 28일 11시,금요일,부산광역시 수영구 민락동,중상사고,0,1,0,0,차대차 - 측면직각충돌,안전운전불이행,건조,맑음,교차로 - 교차로부근,승용,여,32세,상해없음,자전거,여,58세,중상
2012092800100263,2012년 9월 28일 11시,금요일,부산광역시 영도구 청학동,사망사고,1,0,0,0,차대차 - 추돌 - 진행중,안전거리미확보,건조,맑음,단일로 - 기타,자전거,남,47세,사망,승용,남,58세,상해없음
2012092800100264,2012년 9월 28일 11시,금요일,부산광역시 해운대구 반여동,경상사고,0,0,1,0,차대차 - 측면직각충돌,안전운전불이행,건조,기타,교차로 - 교차로부근,승용,남,67세,상해없음,승용,남,61세,경상
2012092800100265,2012년 9월 28일 11시,금요일,부산광역시 금정구 부곡동,경상사고,0,0,1,0,차대사람 - 기타,안전운전불이행,건조,맑음,단일로 - 기타,승용,남,44세,상해없음,보행자,남,33세,경상
2012092800100290,2012년 9월 28일 12시,금요일,부산광역시 서구 충무동1가,중상사고,0,1,0,0,차대사람 - 횡단중,신호위반,기타,맑음,단일로 - 횡단보도상,승용,남,42세,상해없음,보행자,여,57세,중상
2012092800100291,2012년 9월 28일 12시,금요일,부산광역시 사하구 신평동,중상사고,0,2,1,0,차대차 - 추돌 - 진행중,안전운전불이행,건조,맑음,단일로 - 기타,승용,남,56세,상해없음,승용,남,35세,경상
2012092800100292,2012년 9월 28일 12시,금요일,부산광역시 사상구 덕포동,중상사고,0,1,0,0,차대차 - 측면직각충돌,안전거리미확보,건조,맑음,단일로 - 기타,화물,남,55세,상해없음,이륜,남,48세,중상
2012092800100330,2012년 9월 28일 13시,금요일,부산광역시 서구 암남동,중상사고,0,1,0,0,차대사람 - 보도통행중,기타,건조,맑음,단일로 - 횡단보도부근,화물,남,30세,상해없음,보행자,남,51세,중상
2012092800100331,2012년 9월 28일 13시,금요일,부산광역시 사상구 모라동,부상신고사고,0,0,0,1,차대차 - 추돌 - 진행중,안전거리미확보,건조,맑음,단일로 - 기타,화물,남,54세,상해없음,이륜,남,59세,부상신고
2012092800100371,2012년 9월 28일 14시,금요일,부산광역시 북구 금곡동,경상사고,0,0,1,0,차대사람 - 기타,안전운전불이행,건조,맑음,단일로 - 기타,화물,남,62세,상해없음,보행자,남,54세,경상
2012092800100372,2012년 9월 28일 14시,금요일,부산광역시 해운대구 우동,경상사고,0,0,2,0,차대차 - 측면직각충돌,교차로운행방법위반,건조,맑음,교차로 - 교차로안,승용,남,47세,상해없음,승용,여,50세,경상
2012092800100373,2012년 9월 28일 14시,금요일,부산광역시 사하구 하단동,경상사고,0,0,2,0,차대차 - 추돌 - 주정차중,안전운전불이행,건조,맑음,단일로 - 기타,승용,여,57세,상해없음,승용,남,32세,경상
2012092800100374,2012년 9월 28일 14시,금요일,부산광역시 연제구 연산동,경상사고,0,0,1,0,차대사람 - 횡단중,안전운전불이행,건조,맑음,교차로 - 교차로안,승용,여,33세,상해없음,보행자,여,75세,경상
2012092800100404,2012년 9월 28일 15시,금요일,부산광역시 북구 화명동,경상사고,0,0,1,0,차대차 - 측면직각충돌,안전운전불이행,건조,맑음,교차로 - 교차로안,승용,여,28세,상해없음,승용,남,45세,경상
2012092800100405,2012년 9월 28일 15시,금요일,부산광역시 동래구 안락동,경상사고,0,0,1,0,차대차 - 측면직각충돌,교차로운행방법위반,건조,맑음,교차로 - 교차로안,승용,남,66세,상해없음,자전거,남,55세,경상
2012092800100407,2012년 9월 28일 15시,금요일,부산광역시 강서구 녹산동,중상사고,0,1,0,0,차대사람 - 횡단중,신호위반,건조,맑음,단일로 - 횡단보도상,승용,여,25세,상해없음,보행자,여,77세,중상
2012092800100459,2012년 9월 28일 16시,금요일,부산광역시 북구 만덕동,경상사고,0,0,1,0,차대차 - 추돌 - 진행중,안전운전불이행,건조,맑음,기타 - 기타,승용,남,27세,상해없음,승용,남,46세,경상
2012092800100460,2012년 9월 28일 16시,금요일,부산광역시 동래구 온천동,중상사고,0,1,0,0,차대사람 - 길가장자리구역통행중,안전운전불이행,건조,맑음,교차로 - 교차로부근,승용,여,34세,상해없음,보행자,남,56세,중상
2012092800100461,2012년 9월 28일 16시,금요일,부산광역시 사하구 괴정동,경상사고,0,0,1,0,차대사람 - 기타,안전운전불이행,건조,맑음,교차로 - 교차로부근,승용,기타불명,기타불명,기타불명,보행자,남,75세,경상
2012092800100462,2012년 9월 28일 16시,금요일,부산광역시 사상구 학장동,경상사고,0,0,2,0,차대차 - 측면직각충돌,안전운전불이행,건조,맑음,단일로 - 기타,승용,남,52세,상해없음,화물,남,32세,경상
2012092800100463,2012년 9월 28일 16시,금요일,부산광역시 사상구 학장동,경상사고,0,0,1,0,차대차 - 측면직각충돌,신호위반,건조,맑음,교차로 - 교차로부근,원동기,남,50세,기타불명,승용,여,51세,경상
2012092800100507,2012년 9월 28일 17시,금요일,부산광역시 수영구 남천동,중상사고,0,2,0,0,차대차 - 측면직각충돌,신호위반,건조,맑음,교차로 - 교차로안,승용,남,55세,상해없음,승용,여,39세,중상
2012092800100508,2012년 9월 28일 17시,금요일,부산광역시 해운대구 재송동,중상사고,0,1,0,0,차대사람 - 기타,안전운전불이행,건조,맑음,단일로 - 기타,이륜,남,46세,상해없음,보행자,여,47세,중상
2012092800100509,2012년 9월 28일 17시,금요일,부산광역시 사하구 하단동,부상신고사고,0,0,0,1,차대사람 - 길가장자리구역통행중,안전운전불이행,건조,맑음,단일로 - 기타,승용,남,36세,상해없음,보행자,남,21세,부상신고
2012092800100565,2012년 9월 28일 18시,금요일,부산광역시 북구 구포동,경상사고,0,0,1,0,차대차 - 추돌 - 진행중,안전거리미확보,건조,맑음,단일로 - 기타,승합,남,57세,상해없음,승용,남,46세,경상
2012092800100624,2012년 9월 28일 19시,금요일,부산광역시 수영구 남천동,경상사고,0,0,1,0,차대차 - 추돌 - 진행중,안전거리미확보,건조,맑음,단일로 - 기타,승용,남,32세,상해없음,승용,남,58세,경상
2012092800100625,2012년 9월 28일 19시,금요일,부산광역시 해운대구 우동,중상사고,0,1,0,0,차대차 - 측면직각충돌,신호위반,건조,맑음,교차로 - 교차로안,승용,남,61세,상해없음,승용,여,56세,중상
2012092800100626,2012년 9월 28일 19시,금요일,부산광역시 해운대구 반송동,경상사고,0,0,2,0,차대차 - 기타,기타,건조,맑음,단일로 - 기타,승합,남,50세,상해없음,이륜,남,18세,경상
2012092800100627,2012년 9월 28일 19시,금요일,부산광역시 사하구 괴정동,경상사고,0,0,1,0,차대사람 - 차도통행중,안전운전불이행,건조,맑음,단일로 - 기타,승용,여,42세,상해없음,보행자,여,63세,경상
2012092800100628,2012년 9월 28일 19시,금요일,부산광역시 강서구 송정동,중상사고,0,1,1,0,차대차 - 측면직각충돌,신호위반,건조,맑음,교차로 - 교차로안,화물,남,64세,상해없음,승용,남,49세,중상
2012092800100687,2012년 9월 28일 20시,금요일,부산광역시 동래구 온천동,경상사고,0,0,1,0,차대차 - 추돌 - 주정차중,안전운전불이행,건조,맑음,단일로 - 기타,승용,남,58세,상해없음,승용,여,40세,경상
2012092800100725,2012년 9월 28일 21시,금요일,부산광역시 부산진구 부전동,경상사고,0,0,1,0,차대사람 - 횡단중,안전운전불이행,건조,맑음,교차로 - 교차로안,승용,남,28세,상해없음,보행자,여,21세,경상
2012092800100726,2012년 9월 28일 21시,금요일,부산광역시 사상구 괘법동,경상사고,0,0,1,0,차대사람 - 길가장자리구역통행중,안전운전불이행,건조,맑음,단일로 - 기타,승용,남,24세,상해없음,보행자,남,46세,경상
2012092800100762,2012년 9월 28일 22시,금요일,부산광역시 사상구 덕포동,경상사고,0,0,1,0,차대차 - 추돌 - 진행중,차로위반,건조,맑음,단일로 - 기타,승용,남,37세,상해없음,원동기,남,19세,경상
2012092800100801,2012년 9월 28일 23시,금요일,부산광역시 동래구 온천동,부상신고사고,0,0,0,1,차대차 - 측면직각충돌,교차로운행방법위반,건조,맑음,교차로 - 교차로안,승용,남,44세,상해없음,이륜,남,22세,부상신고
2012092900100006,2012년 9월 29일 00시,토요일,부산광역시 동래구 온천동,부상신고사고,0,0,0,1,차대사람 - 횡단중,안전운전불이행,건조,맑음,단일로 - 기타,승용,남,43세,상해없음,보행자,남,54세,부상신고
2012092900100007,2012년 9월 29일 00시,토요일,부산광역시 영도구 청학동,경상사고,0,0,3,0,차대차 - 추돌 - 주정차중,안전거리미확보,건조,맑음,단일로 - 횡단보도상,승용,남,49세,기타불명,승용,남,39세,경상
2012092900100008,2012년 9월 29일 00시,토요일,부산광역시 사상구 모라동,중상사고,0,1,0,0,차대사람 - 보도통행중,안전운전불이행,건조,맑음,교차로 - 교차로부근,승용,남,47세,상해없음,보행자,남,78세,중상
2012092900100009,2012년 9월 29일 00시,토요일,부산광역시 사상구 괘법동,경상사고,0,0,2,0,차량단독 - 공작물충돌,안전운전불이행,건조,맑음,교차로 - 교차로안,승용,남,55세,경상,,,,
2012092900100031,2012년 9월 29일 01시,토요일,부산광역시 수영구 남천동,중상사고,0,4,0,1,차대차 - 추돌 - 주정차중,안전운전불이행,건조,맑음,단일로 - 기타,승용,남,58세,부상신고,화물,남,41세,중상
2012092900100045,2012년 9월 29일 02시,토요일,부산광역시 동래구 명륜동,경상사고,0,0,1,0,차대사람 - 길가장자리구역통행중,안전운전불이행,건조,맑음,단일로 - 기타,승용,남,53세,상해없음,보행자,남,36세,경상
2012092900100046,2012년 9월 29일 02시,토요일,부산광역시 연제구 거제동,경상사고,0,0,2,0,차대차 - 기타,안전운전불이행,건조,맑음,교차로 - 교차로부근,승용,남,29세,상해없음,승용,남,44세,경상
2012092900100076,2012년 9월 29일 04시,토요일,부산광역시 남구 대연동,경상사고,0,0,1,1,차대차 - 기타,신호위반,건조,맑음,교차로 - 교차로안,이륜,남,14세,부상신고,승용,남,56세,상해없음
2012092900100077,2012년 9월 29일 04시,토요일,부산광역시 해운대구 중동,중상사고,0,2,0,0,차대차 - 측면직각충돌,신호위반,건조,맑음,교차로 - 교차로안,승용,남,18세,상해없음,승용,남,44세,중상
2012092900100092,2012년 9월 29일 05시,토요일,부산광역시 중구 중앙동4가,부상신고사고,0,0,0,1,차량단독 - 기타,기타,건조,맑음,단일로 - 기타,승합,남,54세,상해없음,,,,
2012092900100114,2012년 9월 29일 06시,토요일,부산광역시 해운대구 우동,중상사고,0,2,0,0,차대차 - 측면직각충돌,신호위반,건조,맑음,교차로 - 교차로안,승용,남,30세,상해없음,승용,남,56세,중상
2012092900100156,2012년 9월 29일 08시,토요일,부산광역시 남구 용당동,경상사고,0,0,1,0,차대사람 - 횡단중,보행자보호의무위반,건조,맑음,교차로 - 교차로부근,승용,여,41세,상해없음,보행자,남,33세,경상
2012092900100157,2012년 9월 29일 08시,토요일,부산광역시 부산진구 부전동,경상사고,0,0,1,0,차대차 - 측면직각충돌,안전운전불이행,건조,맑음,교차로 - 교차로안,승용,여,51세,상해없음,승용,여,54세,경상
2012092900100158,2012년 9월 29일 08시,토요일,부산광역시 사하구 당리동,경상사고,0,0,1,0,차대사람 - 횡단중,보행자보호의무위반,건조,맑음,단일로 - 횡단보도상,승용,남,34세,상해없음,보행자,여,68세,경상
2012092900100176,2012년 9월 29일 09시,토요일,부산광역시 사하구 하단동,경상사고,0,0,1,0,차대사람 - 횡단중,안전운전불이행,건조,맑음,단일로 - 기타,승용,남,34세,상해없음,보행자,남,59세,경상
2012092900100205,2012년 9월 29일 10시,토요일,부산광역시 남구 대연동,경상사고,0,0,1,0,차대사람 - 횡단중,신호위반,건조,맑음,교차로 - 교차로부근,승용,남,27세,상해없음,보행자,여,77세,경상
2012092900100206,2012년 9월 29일 10시,토요일,부산광역시 강서구 대저2동,중상사고,0,1,1,0,차대차 - 추돌 - 진행중,안전거리미확보,건조,맑음,단일로 - 기타,화물,남,31세,상해없음,승용,남,34세,중상
2012092900100232,2012년 9월 29일 11시,토요일,부산광역시 서구 동대신동1가,경상사고,0,0,2,0,차대차 - 측면직각충돌,신호위반,건조,맑음,교차로 - 교차로안,화물,남,54세,상해없음,승용,남,57세,경상
2012092900100262,2012년 9월 29일 12시,토요일,부산광역시 해운대구 우동,경상사고,0,0,1,0,차대차 - 측면직각충돌,안전운전불이행,건조,맑음,단일로 - 기타,승용,남,49세,기타불명,승용,남,40세,경상
2012092900100263,2012년 9월 29일 12시,토요일,부산광역시 부산진구 전포동,중상사고,0,1,0,0,차대사람 - 횡단중,안전운전불이행,건조,맑음,단일로 - 기타,승용,남,55세,상해없음,보행자,남,62세,중상
2012092900100311,2012년 9월 29일 14시,토요일,부산광역시 부산진구 가야동,부상신고사고,0,0,0,1,차대차 - 기타,안전운전불이행,건조,맑음,단일로 - 기타,승용,남,40세,상해없음,화물,남,35세,부상신고
2012092900100333,2012년 9월 29일 15시,토요일,부산광역시 북구 덕천동,경상사고,0,0,1,0,차대차 - 추돌 - 진행중,안전운전불이행,건조,맑음,단일로 - 기타,승용,남,36세,상해없음,승용,남,45세,경상
2012092900100334,2012년 9월 29일 15시,토요일,부산광역시 해운대구 반여동,경상사고,0,0,2,0,차대차 - 측면직각충돌,안전거리미확보,건조,맑음,단일로 - 기타,승용,남,58세,상해없음,승용,남,30세,경상
2012092900100335,2012년 9월 29일 15시,토요일,부산광역시 금정구 남산동,중상사고,0,1,1,0,차대차 - 추돌 - 진행중,안전운전불이행,건조,맑음,단일로 - 횡단보도부근,승용,남,48세,상해없음,승용,남,34세,경상
2012092900100336,2012년 9월 29일 15시,토요일,부산광역시 연제구 거제동,중상사고,0,2,0,0,차대차 - 정면충돌,중앙선침범,건조,맑음,단일로 - 기타,승용,남,33세,상해없음,화물,남,28세,중상
2012092900100415,2012년 9월 29일 18시,토요일,부산광역시 동구 초량동,중상사고,0,1,1,0,차대차 - 측면직각충돌,신호위반,건조,맑음,교차로 - 교차로안,승용,여,49세,상해없음,승용,여,31세,중상
2012092900100416,2012년 9월 29일 18시,토요일,부산광역시 해운대구 좌동,경상사고,0,0,1,0,차대차 - 측면직각충돌,안전운전불이행,건조,맑음,교차로 - 교차로안,승용,남,40세,상해없음,승용,남,55세,경상
2012092900100417,2012년 9월 29일 18시,토요일,부산광역시 강서구 명지동,경상사고,0,0,2,0,차대차 - 기타,안전운전불이행,건조,맑음,교차로 - 교차로부근,승용,남,32세,상해없음,화물,남,58세,경상
2012092900100445,2012년 9월 29일 19시,토요일,부산광역시 수영구 남천동,중상사고,0,1,0,0,차대차 - 추돌 - 진행중,안전거리미확보,건조,맑음,교차로 - 교차로부근,자전거,남,22세,중상,승용,남,62세,상해없음
2012092900100473,2012년 9월 29일 20시,토요일,부산광역시 연제구 연산동,경상사고,0,0,1,0,차대사람 - 횡단중,안전운전불이행,건조,맑음,단일로 - 기타,승용,남,41세,상해없음,보행자,남,51세,경상
2012092900100474,2012년 9월 29일 20시,토요일,부산광역시 강서구 녹산동,사망사고,1,0,0,0,차대차 - 기타,신호위반,건조,맑음,단일로 - 기타,이륜,남,51세,사망,승용,남,52세,상해없음
2012092900100517,2012년 9월 29일 22시,토요일,부산광역시 수영구 광안동,중상사고,0,1,2,0,차대차 - 추돌 - 진행중,교차로운행방법위반,건조,맑음,교차로 - 교차로안,승용,남,51세,상해없음,승용,남,49세,중상
2012092900100518,2012년 9월 29일 22시,토요일,부산광역시 해운대구 우동,경상사고,0,0,4,0,차대차 - 측면직각충돌,신호위반,건조,맑음,교차로 - 교차로부근,승용,여,25세,상해없음,승용,여,24세,경상
2012092900100539,2012년 9월 29일 23시,토요일,부산광역시 사하구 하단동,경상사고,0,0,1,0,차대차 - 기타,안전운전불이행,건조,맑음,단일로 - 기타,승용,남,29세,상해없음,승용,남,27세,경상
2012093000100053,2012년 9월 30일 04시,일요일,부산광역시 북구 화명동,중상사고,0,1,0,0,차대차 - 측면직각충돌,신호위반,건조,맑음,교차로 - 교차로안,승용,남,41세,상해없음,승용,남,24세,중상
2012093000100056,2012년 9월 30일 05시,일요일,부산광역시 사상구 감전동,중상사고,0,1,0,0,차량단독 - 공작물충돌,안전운전불이행,건조,맑음,교차로 - 교차로부근,승용,남,35세,중상,,,,
2012093000100082,2012년 9월 30일 08시,일요일,부산광역시 연제구 연산동,중상사고,0,1,0,0,차대차 - 측면직각충돌,신호위반,건조,맑음,교차로 - 교차로안,원동기,남,16세,상해없음,승용,남,58세,상해없음
2012093000100083,2012년 9월 30일 08시,일요일,부산광역시 기장군 기장읍,경상사고,0,0,6,0,차대차 - 측면직각충돌,교차로운행방법위반,건조,맑음,교차로 - 교차로안,승용,남,61세,경상,승용,남,49세,경상
2012093000100108,2012년 9월 30일 10시,일요일,부산광역시 해운대구 좌동,중상사고,0,2,0,0,차대차 - 측면직각충돌,안전거리미확보,건조,맑음,단일로 - 기타,화물,여,54세,상해없음,승용,여,33세,중상
2012093000100109,2012년 9월 30일 10시,일요일,부산광역시 금정구 금사동,경상사고,0,0,3,0,차대차 - 측면직각충돌,신호위반,건조,맑음,교차로 - 교차로안,승용,여,28세,상해없음,승용,남,36세,경상
2012093000100110,2012년 9월 30일 10시,일요일,부산광역시 사하구 하단동,중상사고,0,2,1,0,차대차 - 기타,신호위반,건조,맑음,교차로 - 교차로안,승용,남,60세,상해없음,승용,남,32세,중상
2012093000100159,2012년 9월 30일 12시,일요일,부산광역시 서구 동대신동1가,경상사고,0,0,2,0,차대차 - 추돌 - 진행중,기타,건조,맑음,단일로 - 기타,승용,남,43세,상해없음,승용,남,52세,경상
2012093000100160,2012년 9월 30일 12시,일요일,부산광역시 수영구 민락동,중상사고,0,1,0,0,차대차 - 추돌 - 진행중,안전거리미확보,건조,맑음,교차로 - 교차로안,승용,남,39세,상해없음,이륜,남,22세,중상
2012093000100161,2012년 9월 30일 12시,일요일,부산광역시 사하구 다대동,경상사고,0,0,2,0,차대차 - 추돌 - 주정차중,안전운전불이행,건조,맑음,단일로 - 기타,승용,남,38세,상해없음,승용,남,59세,경상
2012093000100218,2012년 9월 30일 14시,일요일,부산광역시 영도구 대교동1가,경상사고,0,0,1,0,차대차 - 기타,안전거리미확보,건조,맑음,단일로 - 기타,승용,남,69세,기타불명,승용,남,31세,상해없음
2012093000100219,2012년 9월 30일 14시,일요일,부산광역시 금정구 남산동,중상사고,0,1,4,0,차대차 - 추돌 - 진행중,안전운전불이행,건조,맑음,단일로 - 기타,승용,여,30세,상해없음,승용,남,62세,경상
2012093000100220,2012년 9월 30일 14시,일요일,부산광역시 사상구 학장동,중상사고,0,4,5,0,차대차 - 측면직각충돌,직진우회전진행방해,건조,맑음,교차로 - 교차로안,승용,남,50세,중상,승용,남,49세,경상
2012093000100244,2012년 9월 30일 15시,일요일,부산광역시 남구 대연동,경상사고,0,0,1,0,차대차 - 추돌 - 주정차중,안전거리미확보,건조,맑음,단일로 - 기타,승용,남,51세,상해없음,승용,남,27세,상해없음
2012093000100245,2012년 9월 30일 15시,일요일,부산광역시 금정구 장전동,중상사고,0,5,0,0,차대차 - 추돌 - 진행중,안전거리미확보,건조,맑음,단일로 - 기타,승용,여,40세,상해없음,승용,남,56세,중상
2012093000100272,2012년 9월 30일 16시,일요일,부산광역시 영도구 청학동,중상사고,0,1,1,0,차대차 - 측면직각충돌,안전거리미확보,건조,맑음,교차로 - 교차로부근,승용,남,40세,상해없음,승용,남,36세,경상
2012093000100273,2012년 9월 30일 16시,일요일,부산광역시 사하구 당리동,경상사고,0,0,3,0,차대차 - 측면직각충돌,차로위반,건조,맑음,단일로 - 기타,승용,남,47세,상해없음,승용,남,29세,경상
2012093000100297,2012년 9월 30일 17시,일요일,부산광역시 금정구 부곡동,부상신고사고,0,0,0,2,차대차 - 추돌 - 진행중,차로위반,건조,맑음,교차로 - 교차로안,승용,여,50세,상해없음,승용,남,39세,부상신고
2012093000100327,2012년 9월 30일 18시,일요일,부산광역시 부산진구 당감동,중상사고,0,1,1,0,차대차 - 기타,신호위반,건조,맑음,교차로 - 교차로안,승용,남,40세,상해없음,승용,남,50세,중상
2012093000100353,2012년 9월 30일 19시,일요일,부산광역시 기장군 기장읍,부상신고사고,0,0,0,1,차대사람 - 길가장자리구역통행중,교차로운행방법위반,건조,맑음,교차로 - 교차로안,승합,남,54세,상해없음,보행자,남,32세,부상신고
2012093000100379,2012년 9월 30일 20시,일요일,부산광역시 남구 대연동,중상사고,0,1,0,0,차대사람 - 기타,보행자보호의무위반,건조,맑음,단일로 - 횡단보도상,승용,남,31세,상해없음,보행자,여,24세,중상
2012093000100380,2012년 9월 30일 20시,일요일,부산광역시 북구 구포동,경상사고,0,0,1,0,차대차 - 추돌 - 진행중,안전운전불이행,건조,맑음,단일로 - 기타,승용,남,39세,상해없음,승용,남,34세,상해없음
2012093000100381,2012년 9월 30일 20시,일요일,부산광역시 부산진구 부전동,중상사고,0,1,0,0,차대차 - 기타,중앙선침범,건조,맑음,교차로 - 교차로부근,승용,남,62세,상해없음,승용,남,57세,중상
2012093000100402,2012년 9월 30일 21시,일요일,부산광역시 부산진구 당감동,중상사고,0,1,0,0,차대사람 - 횡단중,신호위반,건조,맑음,단일로 - 기타,승용,남,52세,상해없음,보행자,여,64세,중상
2012093000100403,2012년 9월 30일 21시,일요일,부산광역시 사상구 엄궁동,중상사고,0,1,0,0,차량단독 - 기타,기타,건조,맑음,단일로 - 기타,승합,남,48세,상해없음,,,,
2012093000100440,2012년 9월 30일 23시,일요일,부산광역시 해운대구 반여동,부상신고사고,0,0,0,1,차대사람 - 횡단중,보행자보호의무위반,건조,맑음,교차로 - 교차로안,승용,남,56세,상해없음,보행자,남,37세,부상신고
2012100100100021,2012년 10월 1일 01시,월요일,부산광역시 동구 초량동,중상사고,0,1,0,0,차대차 - 추돌 - 진행중,안전거리미확보,건조,맑음,단일로 - 기타,화물,남,26세,상해없음,승용,여,36세,중상
2012100100100022,2012년 10월 1일 01시,월요일,부산광역시 동구 수정동,경상사고,0,0,1,0,차대사람 - 기타,안전운전불이행,건조,맑음,단일로 - 기타,승용,남,63세,상해없음,보행자,남,27세,경상
2012100100100023,2012년 10월 1일 01시,월요일,부산광역시 남구 용호동,경상사고,0,0,2,0,차대차 - 추돌 - 주정차중,안전운전불이행,건조,맑음,교차로 - 교차로부근,승합,남,40세,상해없음,승용,남,50세,경상
2012100100100062,2012년 10월 1일 05시,월요일,부산광역시 연제구 거제동,중상사고,0,1,0,0,차대차 - 측면직각충돌,중앙선침범,건조,흐림,교차로 - 교차로부근,승용,남,17세,상해없음,승용,남,63세,중상
2012100100100068,2012년 10월 1일 06시,월요일,부산광역시 남구 대연동,중상사고,0,1,2,0,차대차 - 추돌 - 진행중,안전운전불이행,건조,맑음,단일로 - 기타,승용,남,25세,상해없음,승합,남,61세,경상