사고번호,사고일시,요일,시군구,사고내용,사망자수,중상자수,경상자수,부상신고자수,사고유형,법규위반,노면상태,기상상태,도로형태,가해운전자 차종,가해운전자 성별,가해운전자 연령,가해운전자 상해정도,피해운전자 차종,피해운전자 성별,피해운전자 연령,피해운전자 상해정도
2012100100100092,2012년 10월 1일 09시,월요일,부산광역시 영도구 영선동1가,중상사고,0,3,0,0,차대차 - 기타,기타,건조,맑음,교차로 - 교차로안,승용,남,23세,상해없음,승용,여,27세,중상
2012100100100115,2012년 10월 1일 10시,월요일,부산광역시 해운대구 반여동,중상사고,0,1,0,0,차대사람 - 차도통행중,안전운전불이행,건조,맑음,단일로 - 기타,승용,남,41세,상해없음,보행자,여,67세,중상
2012100100100170,2012년 10월 1일 13시,월요일,부산광역시 해운대구 중동,중상사고,0,1,0,0,차대차 - 측면직각충돌,안전운전불이행,건조,기타,단일로 - 기타,승용,남,60세,상해없음,자전거,남,55세,중상
2012100100100213,2012년 10월 1일 15시,월요일,부산광역시 부산진구 부암동,경상사고,0,0,5,0,차대차 - 추돌 - 진행중,안전운전불이행,건조,맑음,미분류 - 미분류,승용,남,34세,상해없음,승용,남,58세,경상
2012100100100214,2012년 10월 1일 15시,월요일,부산광역시 기장군 기장읍,경상사고,0,0,2,0,차대차 - 측면직각충돌,안전운전불이행,건조,맑음,교차로 - 교차로안,승용,남,55세,상해없음,승용,남,56세,경상
2012100100100243,2012년 10월 1일 16시,월요일,부산광역시 수영구 민락동,부상신고사고,0,0,0,2,차대차 - 추돌 - 진행중,교차로운행방법위반,건조,맑음,교차로 - 교차로부근,이륜,남,57세,상해없음,승용,남,34세,부상신고
2012100100100244,2012년 10월 1일 16시,월요일,부산광역시 해운대구 반송동,경상사고,0,0,4,0,차대차 - 추돌 - 주정차중,안전운전불이행,건조,맑음,단일로 - 기타,승용,남,61세,상해없음,승용,남,35세,경상
2012100100100327,2012년 10월 1일 19시,월요일,부산광역시 부산진구 부전동,중상사고,0,1,1,0,차대차 - 추돌 - 진행중,안전운전불이행,건조,맑음,교차로 - 교차로부근,승합,기타불명,기타불명,기타불명,승용,여,30세,중상
2012100100100386,2012년 10월 1일 21시,월요일,부산광역시 수영구 민락동,경상사고,0,0,1,0,차대차 - 기타,안전운전불이행,건조,맑음,단일로 - 기타,이륜,기타불명,기타불명,기타불명,승용,남,59세,경상
2012100100100387,2012년 10월 1일 21시,월요일,부산광역시 동래구 온천동,중상사고,0,1,0,0,차대사람 - 횡단중,안전운전불이행,건조,맑음,교차로 - 교차로안,승용,여,26세,상해없음,보행자,남,72세,중상
2012100100100388,2012년 10월 1일 21시,월요일,부산광역시 부산진구 가야동,중상사고,0,1,2,0,차대차 - 기타,안전운전불이행,건조,맑음,단일로 - 기타,화물,남,73세,상해없음,승용,남,31세,기타불명
2012100100100419,2012년 10월 1일 22시,월요일,부산광역시 해운대구 송정동,경상사고,0,0,2,0,차대차 - 추돌 - 주정차중,안전운전불이행,건조,맑음,교차로 - 교차로부근,승용,남,34세,상해없음,화물,남,52세,경상
2012100100100436,2012년 10월 1일 23시,월요일,부산광역시 사하구 괴정동,중상사고,0,1,2,0,차대차 - 기타,안전운전불이행,건조,맑음,단일로 - 기타,승합,남,40세,상해없음,승용,남,52세,중상
2012100100100437,2012년 10월 1일 23시,월요일,부산광역시 강서구 명지동,중상사고,0,2,1,0,차대차 - 측면직각충돌,신호위반,건조,맑음,교차로 - 교차로안,승용,남,56세,상해없음,승용,남,55세,중상
2012100200100006,2012년 10월 2일 00시,화요일,부산광역시 기장군 기장읍,경상사고,0,0,2,0,차대차 - 측면직각충돌,안전운전불이행,건조,맑음,단일로 - 기타,승용,남,65세,상해없음,승용,남,49세,기타불명
2012100200100031,2012년 10월 2일 02시,화요일,부산광역시 서구 서대신동2가,중상사고,0,1,0,1,차대차 - 측면직각충돌,직진우회전진행방해,건조,맑음,교차로 - 교차로안,승합,남,31세,기타불명,이륜,남,33세,중상
2012100200100049,2012년 10월 2일 03시,화요일,부산광역시 중구 남포동2가,중상사고,0,1,0,0,차대사람 - 기타,안전운전불이행,건조,맑음,교차로 - 교차로부근,화물,남,52세,상해없음,보행자,남,23세,중상
2012100200100050,2012년 10월 2일 03시,화요일,부산광역시 북구 구포동,중상사고,0,2,2,0,차량단독 - 공작물충돌,안전운전불이행,건조,맑음,단일로 - 기타,승용,남,18세,상해없음,,,,
2012100200100051,2012년 10월 2일 03시,화요일,부산광역시 동래구 안락동,중상사고,0,1,0,0,차대차 - 추돌 - 진행중,안전거리미확보,건조,맑음,단일로 - 기타,승용,남,45세,상해없음,승용,남,41세,중상
2012100200100088,2012년 10월 2일 07시,화요일,부산광역시 동구 범일동,경상사고,0,0,1,0,차대사람 - 보도통행중,기타,건조,맑음,단일로 - 기타,승합,남,45세,상해없음,보행자,남,32세,경상
2012100200100089,2012년 10월 2일 07시,화요일,부산광역시 동래구 온천동,중상사고,0,1,0,0,차대차 - 추돌 - 진행중,교차로운행방법위반,건조,맑음,교차로 - 교차로안,화물,기타불명,기타불명,기타불명,승용,여,39세,중상
2012100200100090,2012년 10월 2일 07시,화요일,부산광역시 부산진구 당감동,경상사고,0,0,1,1,차대차 - 기타,신호위반,건조,맑음,교차로 - 교차로안,이륜,남,15세,경상,승합,남,69세,상해없음
2012100200100107,2012년 10월 2일 08시,화요일,부산광역시 연제구 연산동,경상사고,0,0,1,0,차대차 - 측면직각충돌,안전운전불이행,건조,맑음,단일로 - 기타,화물,기타불명,기타불명,기타불명,자전거,남,54세,경상
2012100200100128,2012년 10월 2일 09시,화요일,부산광역시 해운대구 재송동,중상사고,0,1,0,0,차대사람 - 기타,안전운전불이행,건조,맑음,기타 - 기타,승용,남,28세,상해없음,보행자,여,69세,중상
2012100200100129,2012년 10월 2일 09시,화요일,부산광역시 연제구 연산동,중상사고,0,1,0,0,차대차 - 추돌 - 진행중,안전운전불이행,건조,맑음,교차로 - 교차로부근,승용,남,36세,상해없음,자전거,남,69세,중상
2012100200100130,2012년 10월 2일 09시,화요일,부산광역시 금정구 두구동,중상사고,0,2,0,0,차대차 - 추돌 - 진행중,안전운전불이행,건조,맑음,단일로 - 기타,승용,남,25세,상해없음,화물,남,54세,중상
2012100200100152,2012년 10월 2일 10시,화요일,부산광역시 사상구 모라동,중상사고,0,1,0,0,차대사람 - 횡단중,안전운전불이행,건조,맑음,단일로 - 횡단보도부근,승합,남,50세,상해없음,보행자,여,60세,중상
2012100200100188,2012년 10월 2일 11시,화요일,부산광역시 동래구 사직동,중상사고,0,1,0,0,차대사람 - 횡단중,보행자보호의무위반,건조,맑음,교차로 - 교차로부근,승용,남,49세,상해없음,보행자,여,15세,중상
2012100200100189,2012년 10월 2일 11시,화요일,부산광역시 영도구 대교동1가,경상사고,0,0,1,0,차대사람 - 횡단중,안전운전불이행,건조,맑음,단일로 - 기타,승용,남,38세,상해없음,보행자,여,83세,경상
2012100200100190,2012년 10월 2일 11시,화요일,부산광역시 부산진구 범천동,경상사고,0,0,1,0,차대차 - 측면직각충돌,교차로운행방법위반,건조,맑음,교차로 - 교차로안,화물,남,39세,상해없음,승용,남,56세,경상
2012100200100191,2012년 10월 2일 11시,화요일,부산광역시 강서구 죽동동,중상사고,0,3,2,0,차대차 - 추돌 - 주정차중,안전운전불이행,건조,맑음,단일로 - 기타,승용,여,35세,상해없음,승용,남,46세,경상
2012100200100192,2012년 10월 2일 11시,화요일,부산광역시 기장군 기장읍,중상사고,0,1,0,0,차대사람 - 기타,안전운전불이행,건조,맑음,단일로 - 기타,승용,남,52세,상해없음,보행자,여,65세,중상
2012100200100220,2012년 10월 2일 12시,화요일,부산광역시 동래구 온천동,경상사고,0,0,2,0,차대차 - 측면직각충돌,안전운전불이행,건조,맑음,교차로 - 교차로안,승용,여,48세,상해없음,승용,남,42세,경상
2012100200100221,2012년 10월 2일 12시,화요일,부산광역시 사상구 괘법동,중상사고,0,3,0,0,차대차 - 측면직각충돌,교차로운행방법위반,건조,맑음,교차로 - 교차로안,승용,남,62세,상해없음,승용,남,35세,중상
2012100200100241,2012년 10월 2일 13시,화요일,부산광역시 서구 서대신동1가,중상사고,0,1,1,0,차대차 - 추돌 - 주정차중,안전운전불이행,건조,맑음,단일로 - 기타,승용,남,40세,상해없음,화물,남,49세,경상
2012100200100269,2012년 10월 2일 14시,화요일,부산광역시 남구 대연동,중상사고,0,1,1,1,차대차 - 추돌 - 진행중,안전운전불이행,건조,맑음,단일로 - 기타,이륜,남,20세,부상신고,승용,남,37세,중상
2012100200100270,2012년 10월 2일 14시,화요일,부산광역시 북구 덕천동,경상사고,0,0,1,0,차대사람 - 횡단중,안전운전불이행,건조,맑음,단일로 - 기타,승용,남,75세,상해없음,보행자,남,15세,경상
2012100200100271,2012년 10월 2일 14시,화요일,부산광역시 사상구 괘법동,중상사고,0,1,0,0,차대차 - 기타,안전운전불이행,건조,맑음,교차로 - 교차로안,화물,남,52세,상해없음,자전거,남,64세,중상
2012100200100303,2012년 10월 2일 15시,화요일,부산광역시 남구 문현동,사망사고,1,0,0,0,차대사람 - 기타,안전운전불이행,건조,맑음,단일로 - 기타,승용,남,42세,상해없음,보행자,여,72세,사망
2012100200100379,2012년 10월 2일 17시,화요일,부산광역시 서구 부용동1가,경상사고,0,0,2,0,차대차 - 측면직각충돌,교차로운행방법위반,기타,맑음,교차로 - 교차로안,승용,남,56세,상해없음,승용,여,29세,경상
2012100200100380,2012년 10월 2일 17시,화요일,부산광역시 수영구 광안동,중상사고,0,1,0,0,차대차 - 측면직각충돌,교차로운행방법위반,건조,맑음,교차로 - 교차로안,화물,남,38세,상해없음,자전거,여,55세,중상
2012100200100381,2012년 10월 2일 17시,화요일,부산광역시 해운대구 좌동,경상사고,0,0,4,0,차대차 - 추돌 - 진행중,안전거리미확보,건조,맑음,단일로 - 기타,화물,남,60세,상해없음,승용,남,50세,경상
2012100200100418,2012년 10월 2일 18시,화요일,부산광역시 부산진구 양정동,경상사고,0,0,1,0,차대차 - 측면직각충돌,안전거리미확보,건조,맑음,단일로 - 기타,승용,남,64세,상해없음,승용,여,31세,경상
2012100200100419,2012년 10월 2일 18시,화요일,부산광역시 금정구 장전동,중상사고,0,2,0,0,차대차 - 기타,안전거리미확보,건조,맑음,단일로 - 기타,승용,여,46세,상해없음,화물,남,29세,중상
2012100200100420,2012년 10월 2일 18시,화요일,부산광역시 사상구 모라동,경상사고,0,0,3,0,차대차 - 추돌 - 주정차중,안전운전불이행,건조,맑음,단일로 - 기타,화물,남,33세,상해없음,승용,남,29세,경상
2012100200100421,2012년 10월 2일 18시,화요일,부산광역시 기장군 기장읍,경상사고,0,0,1,0,차대차 - 추돌 - 주정차중,안전운전불이행,건조,맑음,단일로 - 기타,화물,남,40세,기타불명,승용,여,31세,경상
2012100200100473,2012년 10월 2일 19시,화요일,부산광역시 동래구 명장동,경상사고,0,0,1,0,차대사람 - 횡단중,안전운전불이행,건조,맑음,단일로 - 기타,이륜,남,31세,상해없음,보행자,남,69세,경상
2012100200100474,2012년 10월 2일 19시,화요일,부산광역시 영도구 대교동2가,경상사고,0,0,1,0,차대사람 - 길가장자리구역통행중,안전운전불이행,건조,흐림,단일로 - 기타,승합,남,63세,상해없음,보행자,남,47세,경상
2012100200100475,2012년 10월 2일 19시,화요일,부산광역시 부산진구 가야동,중상사고,0,1,1,0,차대차 - 추돌 - 주정차중,안전운전불이행,건조,맑음,단일로 - 기타,승용,여,52세,상해없음,원동기,여,53세,경상
2012100200100476,2012년 10월 2일 19시,화요일,부산광역시 사하구 당리동,경상사고,0,0,1,0,차대차 - 측면직각충돌,교차로운행방법위반,건조,맑음,교차로 - 교차로안,승용,남,30세,상해없음,이륜,남,51세,경상
2012100200100508,2012년 10월 2일 20시,화요일,부산광역시 금정구 장전동,중상사고,0,2,3,0,차대차 - 측면직각충돌,직진우회전진행방해,건조,맑음,교차로 - 교차로안,승용,남,27세,상해없음,승용,남,34세,중상
2012100200100509,2012년 10월 2일 20시,화요일,부산광역시 연제구 연산동,중상사고,0,1,0,0,차대사람 - 기타,안전운전불이행,건조,맑음,교차로 - 교차로부근,승용,남,61세,상해없음,보행자,남,33세,중상
2012100200100568,2012년 10월 2일 22시,화요일,부산광역시 중구 남포동1가,중상사고,0,2,0,0,차대차 - 측면직각충돌,신호위반,건조,맑음,교차로 - 교차로안,승용,남,22세,상해없음,승용,남,22세,중상
2012100200100569,2012년 10월 2일 22시,화요일,부산광역시 수영구 광안동,부상신고사고,0,0,0,1,차대차 - 기타,안전운전불이행,건조,맑음,교차로 - 교차로부근,승용,기타불명,기타불명,기타불명,승합,남,40세,상해없음
2012100200100570,2012년 10월 2일 22시,화요일,부산광역시 부산진구 개금동,중상사고,0,1,0,0,차대사람 - 기타,안전운전불이행,건조,맑음,교차로 - 교차로안,승용,남,30세,상해없음,보행자,남,20세,중상
2012100200100571,2012년 10월 2일 22시,화요일,부산광역시 강서구 명지동,경상사고,0,0,1,0,차량단독 - 전도전복,중앙선침범,건조,맑음,단일로 - 교량,승용,남,48세,경상,,,,
2012100200100572,2012년 10월 2일 22시,화요일,부산광역시 사상구 모라동,경상사고,0,0,1,0,차대사람 - 보도통행중,기타,건조,맑음,단일로 - 기타,원동기,기타불명,기타불명,기타불명,보행자,남,28세,경상
2012100200100573,2012년 10월 2일 22시,화요일,부산광역시 기장군 기장읍,경상사고,0,0,1,0,차대차 - 추돌 - 진행중,교차로운행방법위반,건조,맑음,교차로 - 교차로안,승용,남,41세,상해없음,자전거,남,24세,경상
2012100200100605,2012년 10월 2일 23시,화요일,부산광역시 서구 남부민동,중상사고,0,1,1,0,차대차 - 정면충돌,중앙선침범,건조,맑음,단일로 - 기타,승용,남,18세,상해없음,이륜,남,54세,중상
2012100200100606,2012년 10월 2일 23시,화요일,부산광역시 남구 문현동,경상사고,0,0,1,0,차대차 - 추돌 - 진행중,안전거리미확보,건조,맑음,교차로 - 교차로안,승용,남,29세,상해없음,승용,남,61세,경상
2012100200100607,2012년 10월 2일 23시,화요일,부산광역시 해운대구 재송동,경상사고,0,0,2,0,차대차 - 측면직각충돌,중앙선침범,건조,맑음,단일로 - 기타,승용,남,37세,상해없음,승합,남,34세,경상
2012100300100002,2012년 10월 3일 00시,수요일,부산광역시 중구 부평동4가,경상사고,0,0,2,0,차대차 - 측면직각충돌,안전운전불이행,건조,맑음,교차로 - 교차로부근,승용,남,52세,상해없음,승용,남,52세,경상
2012100300100003,2012년 10월 3일 00시,수요일,부산광역시 동구 초량동,경상사고,0,0,1,0,차대사람 - 기타,안전운전불이행,건조,맑음,단일로 - 기타,승용,남,47세,상해없음,보행자,남,50세,경상
2012100300100004,2012년 10월 3일 00시,수요일,부산광역시 부산진구 전포동,중상사고,0,4,0,0,차대차 - 추돌 - 주정차중,안전운전불이행,건조,맑음,교차로 - 교차로부근,승용,남,24세,상해없음,승용,여,22세,중상
2012100300100023,2012년 10월 3일 01시,수요일,부산광역시 부산진구 부전동,경상사고,0,0,1,0,차대차 - 추돌 - 주정차중,안전운전불이행,건조,맑음,단일로 - 기타,승용,남,43세,상해없음,승용,남,53세,경상
2012100300100024,2012년 10월 3일 01시,수요일,부산광역시 부산진구 부전동,중상사고,0,3,0,0,차대차 - 기타,신호위반,건조,맑음,교차로 - 교차로안,승용,남,50세,상해없음,승용,여,40세,중상
2012100300100025,2012년 10월 3일 01시,수요일,부산광역시 사상구 감전동,중상사고,0,1,0,0,차대사람 - 횡단중,안전운전불이행,건조,맑음,단일로 - 기타,승용,남,58세,상해없음,보행자,여,18세,중상
2012100300100035,2012년 10월 3일 02시,수요일,부산광역시 연제구 거제동,경상사고,0,0,1,0,차대차 - 측면직각충돌,안전운전불이행,건조,맑음,단일로 - 기타,승용,남,62세,상해없음,자전거,남,45세,경상
2012100300100049,2012년 10월 3일 03시,수요일,부산광역시 동래구 온천동,경상사고,0,0,1,0,차대차 - 기타,교차로운행방법위반,건조,맑음,교차로 - 교차로안,승용,남,60세,상해없음,승용,남,52세,경상
2012100300100050,2012년 10월 3일 03시,수요일,부산광역시 부산진구 전포동,중상사고,0,1,1,0,차대차 - 기타,신호위반,건조,맑음,교차로 - 교차로안,승용,남,19세,상해없음,승용,남,54세,중상
2012100300100064,2012년 10월 3일 04시,수요일,부산광역시 수영구 민락동,경상사고,0,0,4,0,차대차 - 측면직각충돌,신호위반,건조,맑음,단일로 - 기타,승용,여,26세,상해없음,승용,남,37세,경상
2012100300100065,2012년 10월 3일 04시,수요일,부산광역시 부산진구 부전동,경상사고,0,0,1,0,차대사람 - 기타,안전운전불이행,건조,맑음,교차로 - 교차로안,승용,남,26세,상해없음,보행자,남,33세,경상
2012100300100095,2012년 10월 3일 07시,수요일,부산광역시 부산진구 가야동,중상사고,0,1,0,0,차대차 - 측면직각충돌,안전운전불이행,건조,맑음,단일로 - 기타,승용,남,61세,상해없음,승용,남,44세,상해없음
2012100300100096,2012년 10월 3일 07시,수요일,부산광역시 기장군 일광면,중상사고,0,1,0,0,차대차 - 측면직각충돌,안전운전불이행,건조,맑음,단일로 - 기타,승용,남,43세,상해없음,화물,남,34세,중상
2012100300100110,2012년 10월 3일 08시,수요일,부산광역시 중구 영주동,중상사고,0,1,1,0,차대차 - 기타,안전운전불이행,건조,맑음,단일로 - 기타,승용,남,25세,중상,승용,여,47세,경상
2012100300100111,2012년 10월 3일 08시,수요일,부산광역시 연제구 연산동,부상신고사고,0,0,0,1,차대사람 - 기타,안전운전불이행,건조,맑음,단일로 - 횡단보도상,승합,남,58세,상해없음,보행자,여,79세,부상신고
2012100300100125,2012년 10월 3일 09시,수요일,부산광역시 동래구 낙민동,중상사고,0,1,0,0,차대사람 - 차도통행중,안전운전불이행,건조,맑음,단일로 - 횡단보도부근,승용,남,32세,상해없음,보행자,남,17세,중상
2012100300100143,2012년 10월 3일 10시,수요일,부산광역시 금정구 회동동,사망사고,1,0,0,0,차량단독 - 공작물충돌,안전운전불이행,건조,맑음,단일로 - 기타,승용,여,41세,사망,,,,
2012100300100144,2012년 10월 3일 10시,수요일,부산광역시 연제구 연산동,경상사고,0,0,1,0,차대차 - 추돌 - 진행중,안전운전불이행,건조,맑음,단일로 - 기타,승용,남,72세,상해없음,자전거,남,69세,경상
2012100300100190,2012년 10월 3일 12시,수요일,부산광역시 동구 초량동,중상사고,0,2,3,0,차대차 - 측면직각충돌,직진우회전진행방해,건조,맑음,교차로 - 교차로안,승용,남,41세,상해없음,승용,남,65세,중상
2012100300100223,2012년 10월 3일 13시,수요일,부산광역시 영도구 청학동,중상사고,0,1,0,0,차대차 - 기타,안전운전불이행,건조,맑음,기타 - 기타,승합,남,56세,상해없음,자전거,남,81세,중상
2012100300100224,2012년 10월 3일 13시,수요일,부산광역시 강서구 강동동,경상사고,0,0,1,0,차대차 - 기타,안전운전불이행,건조,맑음,단일로 - 기타,승용,기타불명,기타불명,기타불명,자전거,여,49세,경상
2012100300100250,2012년 10월 3일 14시,수요일,부산광역시 부산진구 부전동,경상사고,0,0,1,0,차대차 - 기타,신호위반,기타,맑음,교차로 - 교차로안,승용,여,36세,상해없음,이륜,남,37세,경상
2012100300100251,2012년 10월 3일 14시,수요일,부산광역시 금정구 부곡동,중상사고,0,1,0,0,차대사람 - 차도통행중,안전운전불이행,건조,맑음,단일로 - 기타,승용,남,25세,상해없음,보행자,여,61세,중상
2012100300100252,2012년 10월 3일 14시,수요일,부산광역시 금정구 장전동,경상사고,0,0,1,0,차대사람 - 기타,안전운전불이행,건조,맑음,단일로 - 기타,승용,남,65세,상해없음,보행자,여,16세,경상
2012100300100284,2012년 10월 3일 15시,수요일,부산광역시 수영구 광안동,경상사고,0,0,1,0,차대차 - 추돌 - 주정차중,안전거리미확보,건조,맑음,단일로 - 횡단보도상,원동기,남,24세,경상,승용,남,70세,상해없음
2012100300100285,2012년 10월 3일 15시,수요일,부산광역시 남구 대연동,경상사고,0,0,1,0,차대차 - 측면직각충돌,신호위반,건조,맑음,교차로 - 교차로안,승용,남,63세,상해없음,자전거,남,23세,경상
2012100300100286,2012년 10월 3일 15시,수요일,부산광역시 북구 구포동,중상사고,0,1,0,0,차대사람 - 차도통행중,안전운전불이행,건조,맑음,단일로 - 기타,승용,남,55세,상해없음,보행자,남,34세,중상
2012100300100287,2012년 10월 3일 15시,수요일,부산광역시 수영구 망미동,중상사고,0,1,0,0,차대사람 - 기타,안전운전불이행,건조,맑음,단일로 - 기타,화물,남,45세,상해없음,보행자,여,68세,중상
2012100300100288,2012년 10월 3일 15시,수요일,부산광역시 강서구 송정동,경상사고,0,0,1,0,차대사람 - 기타,안전운전불이행,건조,맑음,기타 - 기타,화물,남,45세,상해없음,보행자,남,56세,경상
2012100300100354,2012년 10월 3일 17시,수요일,부산광역시 서구 암남동,중상사고,0,2,1,0,차대차 - 기타,직진우회전진행방해,건조,맑음,단일로 - 기타,승용,여,20세,상해없음,승용,여,46세,경상
2012100300100355,2012년 10월 3일 17시,수요일,부산광역시 동래구 명륜동,중상사고,0,1,0,0,차대사람 - 기타,기타,건조,맑음,단일로 - 횡단보도부근,승합,남,49세,상해없음,보행자,여,52세,중상
2012100300100356,2012년 10월 3일 17시,수요일,부산광역시 사하구 신평동,경상사고,0,0,1,0,차대차 - 측면직각충돌,안전거리미확보,건조,맑음,단일로 - 기타,승용,여,57세,상해없음,승용,남,51세,경상
2012100300100357,2012년 10월 3일 17시,수요일,부산광역시 강서구 송정동,경상사고,0,0,1,0,차대차 - 기타,신호위반,건조,맑음,교차로 - 교차로안,승용,남,18세,상해없음,승용,여,36세,경상
2012100300100383,2012년 10월 3일 18시,수요일,부산광역시 부산진구 전포동,경상사고,0,0,1,0,차대차 - 측면직각충돌,교차로운행방법위반,건조,맑음,교차로 - 교차로안,승용,여,53세,상해없음,원동기,남,17세,경상
2012100300100384,2012년 10월 3일 18시,수요일,부산광역시 기장군 장안읍,경상사고,0,0,2,0,차대차 - 측면직각충돌,안전운전불이행,건조,맑음,단일로 - 기타,승용,남,43세,상해없음,승용,남,30세,경상
2012100300100385,2012년 10월 3일 18시,수요일,부산광역시 기장군 기장읍,경상사고,0,0,1,0,차대차 - 측면직각충돌,교차로운행방법위반,건조,맑음,교차로 - 교차로안,승용,남,35세,상해없음,승용,남,51세,경상
2012100300100422,2012년 10월 3일 19시,수요일,부산광역시 남구 대연동,경상사고,0,0,1,0,차대차 - 기타,차로위반,건조,맑음,교차로 - 교차로부근,승용,기타불명,기타불명,기타불명,승합,남,51세,상해없음
2012100300100447,2012년 10월 3일 20시,수요일,부산광역시 해운대구 반여동,중상사고,0,1,0,0,차대차 - 측면직각충돌,안전거리미확보,건조,맑음,단일로 - 기타,승용,여,46세,상해없음,원동기,남,39세,중상
2012100300100503,2012년 10월 3일 22시,수요일,부산광역시 부산진구 부암동,중상사고,0,1,1,0,차대차 - 측면직각충돌,안전운전불이행,건조,맑음,교차로 - 교차로부근,승용,남,62세,상해없음,승용,남,53세,중상
2012100400100004,2012년 10월 4일 00시,목요일,부산광역시 동구 초량동,중상사고,0,1,0,0,차대사람 - 기타,신호위반,건조,맑음,기타 - 기타,승용,남,19세,기타불명,보행자,남,22세,중상
2012100400100005,2012년 10월 4일 00시,목요일,부산광역시 북구 화명동,중상사고,0,2,0,0,차대차 - 추돌 - 진행중,안전거리미확보,건조,맑음,교차로 - 교차로부근,이륜,남,31세,중상,이륜,남,22세,중상
2012100400100037,2012년 10월 4일 04시,목요일,부산광역시 남구 대연동,중상사고,0,2,0,0,차량단독 - 기타,안전운전불이행,건조,맑음,단일로 - 기타,원동기,남,19세,중상,,,,
2012100400100096,2012년 10월 4일 08시,목요일,부산광역시 남구 문현동,중상사고,0,1,0,0,차대사람 - 기타,안전운전불이행,건조,맑음,교차로 - 교차로부근,승용,남,43세,상해없음,보행자,남,55세,중상
2012100400100097,2012년 10월 4일 08시,목요일,부산광역시 사하구 신평동,중상사고,0,1,4,3,차대차 - 기타,교차로운행방법위반,건조,맑음,교차로 - 교차로안,승용,여,40세,상해없음,승합,남,46세,상해없음
2012100400100098,2012년 10월 4일 08시,목요일,부산광역시 강서구 강동동,부상신고사고,0,0,0,1,차대차 - 기타,중앙선침범,건조,맑음,기타 - 기타,이륜,남,63세,부상신고,건설기계,남,40세,상해없음
2012100400100131,2012년 10월 4일 09시,목요일,부산광역시 중구 중앙동1가,경상사고,0,0,1,0,차대사람 - 기타,안전운전불이행,건조,맑음,단일로 - 횡단보도상,승용,여,42세,상해없음,보행자,여,35세,경상
2012100400100156,2012년 10월 4일 10시,목요일,부산광역시 북구 구포동,중상사고,0,1,0,0,차량단독 - 기타,기타,건조,맑음,단일로 - 횡단보도부근,승합,남,52세,상해없음,,,,
2012100400100157,2012년 10월 4일 10시,목요일,부산광역시 영도구 청학동,경상사고,0,0,1,0,차대사람 - 기타,안전운전불이행,건조,맑음,단일로 - 기타,승용,남,45세,상해없음,보행자,여,64세,경상
2012100400100158,2012년 10월 4일 10시,목요일,부산광역시 연제구 거제동,중상사고,0,1,0,0,차대사람 - 횡단중,안전운전불이행,건조,맑음,단일로 - 기타,화물,남,52세,상해없음,보행자,여,68세,중상
2012100400100159,2012년 10월 4일 10시,목요일,부산광역시 기장군 기장읍,중상사고,0,1,0,0,차대차 - 측면직각충돌,안전거리미확보,건조,맑음,교차로 - 교차로부근,화물,남,50세,상해없음,화물,남,26세,중상
2012100400100186,2012년 10월 4일 11시,목요일,부산광역시 북구 덕천동,중상사고,0,1,0,0,차량단독 - 기타,안전운전불이행,건조,맑음,단일로 - 기타,승합,남,38세,상해없음,,,,
2012100400100210,2012년 10월 4일 12시,목요일,부산광역시 동구 초량동,경상사고,0,0,1,0,차대사람 - 횡단중,보행자보호의무위반,건조,맑음,단일로 - 기타,승용,남,48세,상해없음,보행자,남,28세,경상
2012100400100211,2012년 10월 4일 12시,목요일,부산광역시 영도구 신선동3가,경상사고,0,0,1,0,차대사람 - 횡단중,안전운전불이행,건조,맑음,단일로 - 기타,승용,여,42세,상해없음,보행자,남,80세,경상
2012100400100255,2012년 10월 4일 14시,목요일,부산광역시 동구 초량동,경상사고,0,0,1,0,차대사람 - 기타,안전운전불이행,건조,맑음,단일로 - 기타,승용,남,48세,상해없음,보행자,남,34세,경상
2012100400100256,2012년 10월 4일 14시,목요일,부산광역시 서구 남부민동,중상사고,0,1,0,0,차대사람 - 횡단중,안전운전불이행,건조,맑음,단일로 - 횡단보도부근,승용,여,34세,상해없음,보행자,여,65세,중상
2012100400100257,2012년 10월 4일 14시,목요일,부산광역시 사하구 구평동,경상사고,0,0,1,0,차대차 - 기타,안전운전불이행,건조,맑음,교차로 - 교차로안,승용,남,36세,상해없음,이륜,여,56세,경상
2012100400100258,2012년 10월 4일 14시,목요일,부산광역시 사하구 다대동,경상사고,0,0,1,0,차대사람 - 횡단중,신호위반,건조,맑음,단일로 - 횡단보도상,승용,기타불명,기타불명,기타불명,보행자,남,12세,경상
2012100400100289,2012년 10월 4일 15시,목요일,부산광역시 해운대구 재송동,사망사고,1,0,0,0,차대사람 - 기타,안전운전불이행,건조,맑음,교차로 - 교차로부근,화물,남,41세,상해없음,보행자,남,55세,사망
2012100400100290,2012년 10월 4일 15시,목요일,부산광역시 사상구 주례동,중상사고,0,1,0,0,차대차 - 기타,교차로운행방법위반,건조,맑음,교차로 - 교차로부근,승용,여,29세,상해없음,이륜,남,69세,중상
2012100400100330,2012년 10월 4일 16시,목요일,부산광역시 강서구 명지동,중상사고,0,1,0,0,차대차 - 추돌 - 진행중,안전운전불이행,건조,맑음,단일로 - 기타,화물,남,49세,상해없음,화물,남,41세,상해없음
2012100400100357,2012년 10월 4일 17시,목요일,부산광역시 수영구 남천동,부상신고사고,0,0,0,1,차대사람 - 기타,안전운전불이행,건조,맑음,단일로 - 기타,승용,여,41세,상해없음,보행자,여,12세,부상신고