사고번호,사고일시,요일,시군구,사고내용,사망자수,중상자수,경상자수,부상신고자수,사고유형,법규위반,노면상태,기상상태,도로형태,가해운전자 차종,가해운전자 성별,가해운전자 연령,가해운전자 상해정도,피해운전자 차종,피해운전자 성별,피해운전자 연령,피해운전자 상해정도
2012100400100358,2012년 10월 4일 17시,목요일,부산광역시 사하구 구평동,경상사고,0,0,1,0,차대차 - 추돌 - 진행중,안전거리미확보,건조,맑음,단일로 - 기타,화물,남,35세,상해없음,승합,남,48세,상해없음
2012100400100359,2012년 10월 4일 17시,목요일,부산광역시 사상구 감전동,중상사고,0,1,0,0,차대사람 - 기타,안전운전불이행,건조,맑음,단일로 - 기타,화물,여,54세,상해없음,보행자,여,56세,중상
2012100400100392,2012년 10월 4일 18시,목요일,부산광역시 동래구 명장동,중상사고,0,1,0,0,차대사람 - 차도통행중,안전운전불이행,건조,맑음,단일로 - 기타,화물,남,38세,상해없음,보행자,남,61세,중상
2012100400100393,2012년 10월 4일 18시,목요일,부산광역시 부산진구 가야동,중상사고,0,1,0,0,차대차 - 측면직각충돌,신호위반,건조,맑음,교차로 - 교차로부근,승합,남,30세,상해없음,원동기,남,22세,중상
2012100400100394,2012년 10월 4일 18시,목요일,부산광역시 사하구 하단동,경상사고,0,0,1,0,차대사람 - 기타,안전운전불이행,건조,맑음,단일로 - 횡단보도상,승용,남,60세,상해없음,보행자,남,64세,경상
2012100400100395,2012년 10월 4일 18시,목요일,부산광역시 사상구 괘법동,경상사고,0,0,1,0,차대차 - 기타,신호위반,건조,맑음,단일로 - 기타,승용,여,38세,상해없음,화물,남,50세,경상
2012100400100396,2012년 10월 4일 18시,목요일,부산광역시 기장군 기장읍,경상사고,0,0,1,0,차대차 - 측면직각충돌,안전거리미확보,건조,맑음,단일로 - 기타,승용,남,57세,상해없음,원동기,남,42세,경상
2012100400100397,2012년 10월 4일 18시,목요일,부산광역시 기장군 기장읍,중상사고,0,2,5,0,차대차 - 추돌 - 주정차중,안전거리미확보,건조,맑음,단일로 - 기타,승용,여,33세,상해없음,승용,남,55세,중상
2012100400100448,2012년 10월 4일 19시,목요일,부산광역시 강서구 명지동,경상사고,0,0,2,0,차대차 - 측면직각충돌,안전거리미확보,건조,맑음,단일로 - 기타,화물,남,54세,상해없음,화물,남,52세,경상
2012100400100491,2012년 10월 4일 20시,목요일,부산광역시 해운대구 우동,중상사고,0,1,0,0,차대사람 - 횡단중,보행자보호의무위반,건조,맑음,단일로 - 횡단보도상,승용,남,62세,상해없음,보행자,남,17세,중상
2012100400100492,2012년 10월 4일 20시,목요일,부산광역시 사하구 감천동,경상사고,0,0,1,0,차대차 - 측면직각충돌,안전운전불이행,건조,맑음,교차로 - 교차로안,승용,남,43세,상해없음,이륜,남,17세,경상
2012100400100493,2012년 10월 4일 20시,목요일,부산광역시 강서구 대저2동,중상사고,0,1,1,0,차대차 - 추돌 - 진행중,안전운전불이행,건조,맑음,단일로 - 기타,승용,남,57세,상해없음,화물,남,52세,경상
2012100400100541,2012년 10월 4일 22시,목요일,부산광역시 해운대구 좌동,중상사고,0,1,0,0,차대차 - 측면직각충돌,안전운전불이행,건조,맑음,교차로 - 교차로안,승합,남,53세,상해없음,이륜,남,57세,중상
2012100400100542,2012년 10월 4일 22시,목요일,부산광역시 사하구 괴정동,부상신고사고,0,0,0,1,차대사람 - 기타,안전운전불이행,건조,맑음,교차로 - 교차로부근,승용,남,41세,상해없음,보행자,남,57세,부상신고
2012100400100543,2012년 10월 4일 22시,목요일,부산광역시 연제구 연산동,경상사고,0,0,1,0,차대사람 - 보도통행중,안전운전불이행,건조,흐림,단일로 - 기타,승용,남,51세,상해없음,보행자,남,46세,경상
2012100400100544,2012년 10월 4일 22시,목요일,부산광역시 사상구 학장동,중상사고,0,1,6,0,차대차 - 기타,안전운전불이행,건조,맑음,교차로 - 교차로안,화물,남,51세,상해없음,승합,남,48세,중상
2012100400100564,2012년 10월 4일 23시,목요일,부산광역시 부산진구 초읍동,중상사고,0,1,0,0,차대사람 - 기타,안전운전불이행,건조,맑음,교차로 - 교차로부근,승용,남,59세,상해없음,보행자,여,52세,중상
2012100500100017,2012년 10월 5일 01시,금요일,부산광역시 부산진구 당감동,사망사고,1,0,0,0,차대사람 - 기타,과속,기타,맑음,미분류 - 미분류,화물,남,59세,상해없음,보행자,남,53세,사망
2012100500100018,2012년 10월 5일 01시,금요일,부산광역시 부산진구 개금동,중상사고,0,1,3,0,차대사람 - 기타,안전운전불이행,기타,맑음,단일로 - 기타,승용,남,62세,상해없음,보행자,남,33세,중상
2012100500100049,2012년 10월 5일 04시,금요일,부산광역시 동래구 명륜동,경상사고,0,0,1,0,차대차 - 기타,안전운전불이행,건조,맑음,교차로 - 교차로부근,승용,남,40세,상해없음,승용,남,41세,경상
2012100500100056,2012년 10월 5일 05시,금요일,부산광역시 금정구 서동,경상사고,0,0,1,0,차대사람 - 횡단중,안전운전불이행,건조,맑음,교차로 - 교차로안,승용,남,63세,상해없음,보행자,여,40세,경상
2012100500100057,2012년 10월 5일 05시,금요일,부산광역시 사상구 모라동,사망사고,1,0,0,0,차대사람 - 횡단중,안전운전불이행,건조,맑음,단일로 - 횡단보도상,승합,남,54세,상해없음,보행자,여,71세,사망
2012100500100101,2012년 10월 5일 08시,금요일,부산광역시 동래구 명륜동,경상사고,0,0,1,0,차대차 - 측면직각충돌,직진우회전진행방해,건조,맑음,교차로 - 교차로안,승용,남,61세,상해없음,승용,여,38세,경상
2012100500100219,2012년 10월 5일 12시,금요일,부산광역시 해운대구 반여동,경상사고,0,0,1,0,차대차 - 측면직각충돌,안전운전불이행,건조,기타,교차로 - 교차로안,승용,남,57세,상해없음,승합,남,41세,경상
2012100500100220,2012년 10월 5일 12시,금요일,부산광역시 기장군 장안읍,경상사고,0,0,2,0,차대차 - 추돌 - 진행중,안전운전불이행,건조,맑음,단일로 - 기타,승용,남,27세,상해없음,화물,남,62세,경상
2012100500100242,2012년 10월 5일 13시,금요일,부산광역시 남구 용호동,경상사고,0,0,3,0,차대차 - 추돌 - 진행중,안전운전불이행,건조,맑음,단일로 - 기타,승용,남,57세,상해없음,승용,여,35세,경상
2012100500100289,2012년 10월 5일 15시,금요일,부산광역시 해운대구 우동,경상사고,0,0,2,0,차대차 - 측면직각충돌,교차로운행방법위반,건조,맑음,교차로 - 교차로안,승합,남,67세,상해없음,승용,여,57세,경상
2012100500100290,2012년 10월 5일 15시,금요일,부산광역시 부산진구 양정동,경상사고,0,0,1,0,차대사람 - 기타,기타,건조,맑음,기타 - 기타,승용,여,45세,상해없음,보행자,여,61세,경상
2012100500100291,2012년 10월 5일 15시,금요일,부산광역시 부산진구 범천동,중상사고,0,1,0,0,차대사람 - 기타,보행자보호의무위반,건조,맑음,단일로 - 기타,화물,남,70세,상해없음,보행자,남,7세,중상
2012100500100292,2012년 10월 5일 15시,금요일,부산광역시 사상구 괘법동,경상사고,0,0,3,0,차대차 - 추돌 - 진행중,안전운전불이행,건조,맑음,단일로 - 기타,승용,남,26세,상해없음,화물,남,50세,경상
2012100500100315,2012년 10월 5일 16시,금요일,부산광역시 사상구 모라동,부상신고사고,0,0,0,1,차대차 - 측면직각충돌,교차로운행방법위반,건조,맑음,교차로 - 교차로부근,자전거,남,14세,부상신고,승용,여,39세,상해없음
2012100500100316,2012년 10월 5일 16시,금요일,부산광역시 사상구 괘법동,중상사고,0,1,0,0,차대사람 - 횡단중,안전운전불이행,습기,흐림,단일로 - 기타,승용,남,50세,상해없음,보행자,여,52세,중상
2012100500100386,2012년 10월 5일 18시,금요일,부산광역시 남구 대연동,부상신고사고,0,0,0,1,차대차 - 기타,안전운전불이행,건조,맑음,미분류 - 미분류,이륜,남,41세,부상신고,승용,남,56세,상해없음
2012100500100387,2012년 10월 5일 18시,금요일,부산광역시 영도구 동삼동,경상사고,0,0,1,0,차대사람 - 횡단중,안전운전불이행,건조,맑음,단일로 - 기타,승용,남,55세,상해없음,보행자,남,53세,경상
2012100500100388,2012년 10월 5일 18시,금요일,부산광역시 부산진구 연지동,경상사고,0,0,1,0,차대차 - 기타,중앙선침범,건조,맑음,교차로 - 교차로부근,승용,여,56세,상해없음,이륜,남,17세,경상
2012100500100429,2012년 10월 5일 19시,금요일,부산광역시 중구 영주동,중상사고,0,1,0,0,차대사람 - 기타,중앙선침범,건조,맑음,단일로 - 기타,승용,남,31세,상해없음,보행자,여,43세,중상
2012100500100430,2012년 10월 5일 19시,금요일,부산광역시 동구 초량동,경상사고,0,0,2,0,차대차 - 추돌 - 진행중,안전거리미확보,건조,맑음,단일로 - 기타,승용,남,64세,상해없음,승용,남,67세,경상
2012100500100431,2012년 10월 5일 19시,금요일,부산광역시 남구 대연동,중상사고,0,1,0,0,차대차 - 기타,안전운전불이행,건조,맑음,교차로 - 교차로안,승용,남,42세,상해없음,이륜,남,47세,중상
2012100500100432,2012년 10월 5일 19시,금요일,부산광역시 연제구 연산동,중상사고,0,1,0,0,차대차 - 측면직각충돌,교차로운행방법위반,건조,맑음,교차로 - 교차로안,승용,남,42세,상해없음,이륜,남,21세,중상
2012100500100464,2012년 10월 5일 20시,금요일,부산광역시 서구 동대신동1가,경상사고,0,0,1,0,차대차 - 추돌 - 진행중,안전운전불이행,건조,맑음,교차로 - 교차로부근,승용,남,48세,상해없음,승용,남,46세,경상
2012100500100465,2012년 10월 5일 20시,금요일,부산광역시 동래구 수안동,부상신고사고,0,0,0,1,차대차 - 기타,신호위반,건조,맑음,교차로 - 교차로안,원동기,남,38세,상해없음,자전거,남,12세,부상신고
2012100500100466,2012년 10월 5일 20시,금요일,부산광역시 사상구 주례동,사망사고,1,0,0,0,차대사람 - 기타,안전운전불이행,건조,맑음,단일로 - 기타,승용,남,44세,기타불명,보행자,남,53세,사망
2012100500100467,2012년 10월 5일 20시,금요일,부산광역시 사상구 엄궁동,경상사고,0,0,1,0,차대차 - 측면직각충돌,안전운전불이행,건조,맑음,단일로 - 기타,승합,여,54세,상해없음,승용,남,55세,경상
2012100500100503,2012년 10월 5일 21시,금요일,부산광역시 동래구 온천동,중상사고,0,1,0,0,차대사람 - 횡단중,안전운전불이행,건조,맑음,단일로 - 기타,승용,남,49세,상해없음,보행자,남,18세,중상
2012100500100504,2012년 10월 5일 21시,금요일,부산광역시 사하구 하단동,경상사고,0,0,1,0,차대사람 - 기타,불법유턴,건조,맑음,단일로 - 기타,승용,남,34세,상해없음,보행자,남,38세,경상
2012100500100505,2012년 10월 5일 21시,금요일,부산광역시 사하구 괴정동,중상사고,0,1,0,0,차대사람 - 횡단중,안전운전불이행,건조,맑음,단일로 - 기타,이륜,남,18세,상해없음,보행자,여,61세,중상
2012100500100539,2012년 10월 5일 22시,금요일,부산광역시 사하구 괴정동,경상사고,0,0,1,0,차대차 - 측면직각충돌,안전거리미확보,건조,맑음,단일로 - 기타,승용,남,58세,상해없음,이륜,남,25세,경상
2012100500100540,2012년 10월 5일 22시,금요일,부산광역시 연제구 연산동,경상사고,0,0,1,0,차대사람 - 길가장자리구역통행중,안전운전불이행,건조,맑음,단일로 - 기타,승용,남,33세,상해없음,보행자,남,36세,경상
2012100500100569,2012년 10월 5일 23시,금요일,부산광역시 영도구 청학동,중상사고,0,2,0,0,차대차 - 측면직각충돌,안전운전불이행,건조,맑음,교차로 - 교차로안,화물,남,47세,상해없음,승용,남,50세,중상
2012100500100570,2012년 10월 5일 23시,금요일,부산광역시 해운대구 반여동,경상사고,0,0,1,0,차대차 - 측면직각충돌,안전운전불이행,건조,맑음,단일로 - 기타,승용,남,49세,상해없음,승용,남,59세,경상
2012100500100571,2012년 10월 5일 23시,금요일,부산광역시 사하구 감천동,경상사고,0,0,3,0,차대차 - 추돌 - 주정차중,안전운전불이행,건조,맑음,교차로 - 교차로부근,승용,남,35세,상해없음,승용,남,20세,경상
2012100600100035,2012년 10월 6일 01시,토요일,부산광역시 사하구 다대동,경상사고,0,0,2,0,차대차 - 기타,신호위반,건조,맑음,교차로 - 교차로안,승용,여,42세,상해없음,화물,남,44세,경상
2012100600100060,2012년 10월 6일 03시,토요일,부산광역시 사하구 하단동,사망사고,1,0,0,0,차대차 - 기타,안전거리미확보,건조,맑음,교차로 - 교차로부근,승용,남,68세,상해없음,이륜,남,31세,사망
2012100600100084,2012년 10월 6일 05시,토요일,부산광역시 남구 대연동,경상사고,0,0,1,0,차대사람 - 기타,교차로운행방법위반,건조,맑음,교차로 - 교차로안,승용,남,21세,상해없음,보행자,남,25세,경상
2012100600100085,2012년 10월 6일 05시,토요일,부산광역시 사하구 괴정동,부상신고사고,0,0,0,1,차대사람 - 기타,안전운전불이행,건조,맑음,교차로 - 교차로안,승용,남,57세,상해없음,보행자,남,18세,부상신고
2012100600100117,2012년 10월 6일 07시,토요일,부산광역시 부산진구 부암동,중상사고,0,1,0,0,차대차 - 측면직각충돌,안전운전불이행,건조,맑음,단일로 - 기타,승용,기타불명,기타불명,기타불명,원동기,남,73세,중상
2012100600100118,2012년 10월 6일 07시,토요일,부산광역시 강서구 신호동,중상사고,0,1,0,0,차대차 - 기타,안전운전불이행,건조,맑음,기타 - 기타,승합,남,35세,상해없음,자전거,남,16세,중상
2012100600100136,2012년 10월 6일 08시,토요일,부산광역시 사하구 당리동,경상사고,0,0,1,0,차대차 - 측면직각충돌,교차로운행방법위반,건조,맑음,교차로 - 교차로안,승용,남,44세,상해없음,승용,여,30세,경상
2012100600100180,2012년 10월 6일 10시,토요일,부산광역시 금정구 부곡동,경상사고,0,0,1,0,차대차 - 추돌 - 진행중,안전운전불이행,건조,맑음,단일로 - 기타,승용,남,70세,상해없음,승용,남,63세,경상
2012100600100230,2012년 10월 6일 12시,토요일,부산광역시 부산진구 부전동,경상사고,0,0,1,0,차대차 - 측면직각충돌,안전거리미확보,건조,맑음,단일로 - 기타,승용,남,31세,상해없음,승용,남,30세,경상
2012100600100256,2012년 10월 6일 13시,토요일,부산광역시 남구 대연동,중상사고,0,1,0,0,차대사람 - 길가장자리구역통행중,안전운전불이행,건조,맑음,단일로 - 기타,승용,여,56세,상해없음,보행자,남,24세,중상
2012100600100257,2012년 10월 6일 13시,토요일,부산광역시 북구 덕천동,경상사고,0,0,1,0,차대사람 - 길가장자리구역통행중,안전운전불이행,건조,맑음,단일로 - 기타,승용,여,45세,상해없음,보행자,남,35세,경상
2012100600100258,2012년 10월 6일 13시,토요일,부산광역시 사하구 신평동,중상사고,0,1,0,0,차대사람 - 횡단중,안전운전불이행,건조,맑음,교차로 - 교차로안,승용,남,69세,상해없음,보행자,남,68세,중상
2012100600100295,2012년 10월 6일 14시,토요일,부산광역시 부산진구 당감동,경상사고,0,0,1,0,차대차 - 기타,안전운전불이행,건조,맑음,단일로 - 기타,승용,여,59세,상해없음,승용,남,27세,경상
2012100600100321,2012년 10월 6일 15시,토요일,부산광역시 서구 아미동2가,중상사고,0,1,0,0,차대사람 - 기타,안전운전불이행,기타,맑음,단일로 - 기타,승용,여,37세,상해없음,보행자,여,83세,중상
2012100600100322,2012년 10월 6일 15시,토요일,부산광역시 북구 화명동,중상사고,0,1,0,0,차대사람 - 횡단중,신호위반,건조,맑음,단일로 - 기타,승용,여,47세,상해없음,보행자,여,57세,중상
2012100600100382,2012년 10월 6일 17시,토요일,부산광역시 기장군 정관면,경상사고,0,0,1,0,차대차 - 측면직각충돌,안전운전불이행,건조,맑음,교차로 - 교차로안,승용,남,58세,상해없음,원동기,남,37세,경상
2012100600100416,2012년 10월 6일 18시,토요일,부산광역시 동구 초량동,중상사고,0,1,0,0,차대차 - 기타,신호위반,습기,흐림,교차로 - 교차로부근,승용,기타불명,기타불명,기타불명,원동기,남,51세,중상
2012100600100417,2012년 10월 6일 18시,토요일,부산광역시 부산진구 전포동,경상사고,0,0,1,0,차대차 - 기타,교차로운행방법위반,건조,맑음,교차로 - 교차로안,화물,남,44세,상해없음,승용,남,48세,경상
2012100600100418,2012년 10월 6일 18시,토요일,부산광역시 사하구 다대동,경상사고,0,0,1,0,차대차 - 기타,안전운전불이행,습기,비,교차로 - 교차로부근,승용,기타불명,기타불명,기타불명,승용,여,31세,경상
2012100600100419,2012년 10월 6일 18시,토요일,부산광역시 강서구 대저2동,경상사고,0,0,1,0,차대차 - 추돌 - 주정차중,안전거리미확보,습기,비,단일로 - 기타,화물,남,49세,상해없음,승용,남,41세,상해없음
2012100600100472,2012년 10월 6일 19시,토요일,부산광역시 영도구 동삼동,경상사고,0,0,1,0,차대차 - 기타,기타,건조,맑음,교차로 - 교차로안,승용,남,52세,상해없음,승용,남,64세,상해없음
2012100600100473,2012년 10월 6일 19시,토요일,부산광역시 연제구 거제동,중상사고,0,1,0,0,차대차 - 측면직각충돌,신호위반,건조,맑음,교차로 - 교차로안,이륜,남,56세,상해없음,이륜,남,53세,중상
2012100600100503,2012년 10월 6일 20시,토요일,부산광역시 영도구 동삼동,경상사고,0,0,1,0,차대사람 - 횡단중,안전운전불이행,건조,맑음,단일로 - 기타,이륜,기타불명,기타불명,기타불명,보행자,여,53세,경상
2012100600100540,2012년 10월 6일 21시,토요일,부산광역시 금정구 구서동,중상사고,0,1,0,0,차대사람 - 길가장자리구역통행중,안전운전불이행,건조,맑음,단일로 - 기타,승용,남,51세,상해없음,보행자,남,38세,중상
2012100600100541,2012년 10월 6일 21시,토요일,부산광역시 사상구 모라동,경상사고,0,0,3,0,차대차 - 기타,안전거리미확보,건조,맑음,단일로 - 기타,승용,남,28세,경상,승용,남,60세,상해없음
2012100600100576,2012년 10월 6일 22시,토요일,부산광역시 동구 초량동,경상사고,0,0,1,0,차대차 - 기타,안전거리미확보,건조,맑음,교차로 - 교차로부근,승용,여,46세,상해없음,승용,남,33세,경상
2012100600100577,2012년 10월 6일 22시,토요일,부산광역시 금정구 구서동,중상사고,0,1,0,0,차대차 - 추돌 - 주정차중,안전운전불이행,건조,맑음,교차로 - 교차로부근,승용,남,52세,상해없음,승용,남,39세,중상
2012100600100603,2012년 10월 6일 23시,토요일,부산광역시 수영구 광안동,경상사고,0,0,1,0,차대사람 - 기타,안전운전불이행,건조,맑음,교차로 - 교차로부근,승용,남,44세,상해없음,보행자,여,58세,경상
2012100600100604,2012년 10월 6일 23시,토요일,부산광역시 해운대구 우동,경상사고,0,0,4,0,차대차 - 추돌 - 주정차중,안전운전불이행,건조,맑음,교차로 - 교차로부근,승용,남,48세,상해없음,승용,남,63세,경상
2012100700100006,2012년 10월 7일 00시,일요일,부산광역시 서구 서대신동1가,중상사고,0,1,0,0,차대차 - 기타,안전운전불이행,건조,맑음,단일로 - 기타,승용,남,28세,상해없음,승용,남,44세,중상
2012100700100007,2012년 10월 7일 00시,일요일,부산광역시 남구 문현동,중상사고,0,1,0,0,차대사람 - 기타,안전운전불이행,건조,맑음,단일로 - 기타,승용,남,32세,상해없음,보행자,남,63세,중상
2012100700100023,2012년 10월 7일 01시,일요일,부산광역시 동구 초량동,부상신고사고,0,0,0,1,차대차 - 추돌 - 진행중,신호위반,건조,맑음,단일로 - 기타,원동기,남,26세,부상신고,승용,여,41세,상해없음
2012100700100024,2012년 10월 7일 01시,일요일,부산광역시 부산진구 초읍동,경상사고,0,0,1,0,차대차 - 기타,안전운전불이행,기타,맑음,단일로 - 기타,승용,남,65세,상해없음,승용,남,54세,경상
2012100700100035,2012년 10월 7일 02시,일요일,부산광역시 북구 덕천동,경상사고,0,0,2,0,차대차 - 측면직각충돌,안전운전불이행,건조,맑음,단일로 - 기타,승용,남,18세,상해없음,승용,남,50세,경상
2012100700100043,2012년 10월 7일 03시,일요일,부산광역시 해운대구 우동,중상사고,0,2,0,0,차대차 - 기타,안전거리미확보,건조,맑음,단일로 - 기타,승용,남,21세,상해없음,원동기,남,16세,중상
2012100700100044,2012년 10월 7일 03시,일요일,부산광역시 연제구 연산동,중상사고,0,2,0,0,차대차 - 기타,신호위반,건조,맑음,교차로 - 교차로안,승용,남,57세,상해없음,원동기,남,17세,중상
2012100700100052,2012년 10월 7일 04시,일요일,부산광역시 중구 부평동1가,중상사고,0,1,0,0,차대사람 - 기타,중앙선침범,건조,맑음,단일로 - 기타,승용,남,27세,상해없음,보행자,여,63세,중상
2012100700100053,2012년 10월 7일 04시,일요일,부산광역시 금정구 남산동,부상신고사고,0,0,0,1,차대사람 - 횡단중,안전운전불이행,건조,맑음,단일로 - 기타,승용,남,57세,상해없음,보행자,여,20세,부상신고
2012100700100080,2012년 10월 7일 06시,일요일,부산광역시 동구 범일동,중상사고,0,1,0,0,차대차 - 추돌 - 진행중,중앙선침범,건조,맑음,단일로 - 기타,승용,남,65세,상해없음,원동기,남,24세,중상
2012100700100092,2012년 10월 7일 07시,일요일,부산광역시 강서구 송정동,경상사고,0,0,1,0,차대차 - 기타,신호위반,건조,맑음,교차로 - 교차로안,승용,남,52세,상해없음,승용,남,36세,경상
2012100700100102,2012년 10월 7일 08시,일요일,부산광역시 수영구 수영동,경상사고,0,0,1,0,차대차 - 측면직각충돌,안전거리미확보,건조,맑음,교차로 - 교차로부근,승용,남,35세,상해없음,승용,남,46세,경상
2012100700100113,2012년 10월 7일 09시,일요일,부산광역시 연제구 연산동,경상사고,0,0,1,0,차대차 - 측면직각충돌,안전운전불이행,건조,맑음,단일로 - 기타,승합,남,55세,상해없음,이륜,남,30세,경상
2012100700100129,2012년 10월 7일 10시,일요일,부산광역시 동래구 사직동,경상사고,0,0,1,0,차대차 - 기타,안전운전불이행,건조,맑음,단일로 - 기타,승용,남,28세,상해없음,승용,남,56세,상해없음
2012100700100188,2012년 10월 7일 13시,일요일,부산광역시 수영구 광안동,경상사고,0,0,1,0,차대차 - 기타,안전거리미확보,기타,기타,단일로 - 기타,승용,남,64세,기타불명,승용,남,48세,경상
2012100700100189,2012년 10월 7일 13시,일요일,부산광역시 금정구 남산동,경상사고,0,0,2,0,차대차 - 추돌 - 주정차중,안전거리미확보,건조,맑음,단일로 - 기타,승용,남,54세,상해없음,승용,여,32세,경상
2012100700100190,2012년 10월 7일 13시,일요일,부산광역시 사상구 모라동,중상사고,0,1,0,0,차대사람 - 횡단중,안전운전불이행,건조,맑음,교차로 - 교차로부근,이륜,남,36세,상해없음,보행자,여,71세,중상
2012100700100212,2012년 10월 7일 14시,일요일,부산광역시 사상구 주례동,경상사고,0,0,3,0,차대차 - 측면직각충돌,차로위반,건조,맑음,교차로 - 교차로부근,승용,남,61세,경상,승용,여,29세,경상
2012100700100236,2012년 10월 7일 15시,일요일,부산광역시 남구 대연동,경상사고,0,0,1,0,차대차 - 측면직각충돌,차로위반,건조,맑음,단일로 - 기타,승용,남,46세,상해없음,이륜,여,43세,경상
2012100700100237,2012년 10월 7일 15시,일요일,부산광역시 해운대구 반여동,경상사고,0,0,1,0,차대사람 - 기타,안전운전불이행,건조,맑음,단일로 - 기타,화물,남,49세,상해없음,보행자,여,57세,경상
2012100700100238,2012년 10월 7일 15시,일요일,부산광역시 금정구 두구동,부상신고사고,0,0,0,1,차대사람 - 기타,안전운전불이행,건조,맑음,단일로 - 기타,승용,기타불명,기타불명,기타불명,보행자,남,48세,부상신고
2012100700100270,2012년 10월 7일 16시,일요일,부산광역시 해운대구 우동,중상사고,0,2,3,2,차대차 - 추돌 - 진행중,안전거리미확보,건조,맑음,단일로 - 교량,승용,여,27세,중상,승용,남,27세,부상신고
2012100700100271,2012년 10월 7일 16시,일요일,부산광역시 사하구 괴정동,중상사고,0,3,0,0,차대차 - 측면직각충돌,직진우회전진행방해,건조,맑음,교차로 - 교차로안,승용,남,43세,상해없음,승용,남,36세,중상
2012100700100305,2012년 10월 7일 17시,일요일,부산광역시 서구 동대신동1가,경상사고,0,0,3,1,차대차 - 측면직각충돌,교차로운행방법위반,건조,맑음,교차로 - 교차로안,승용,여,44세,부상신고,승용,남,57세,경상
2012100700100306,2012년 10월 7일 17시,일요일,부산광역시 금정구 구서동,경상사고,0,0,1,0,차대차 - 추돌 - 진행중,안전운전불이행,건조,맑음,단일로 - 기타,승용,남,40세,상해없음,원동기,남,60세,경상
2012100700100374,2012년 10월 7일 19시,일요일,부산광역시 해운대구 좌동,경상사고,0,0,2,0,차대차 - 추돌 - 진행중,안전운전불이행,건조,맑음,단일로 - 기타,승용,남,71세,상해없음,승용,여,21세,경상
2012100700100432,2012년 10월 7일 21시,일요일,부산광역시 동래구 명장동,부상신고사고,0,0,0,1,차대사람 - 기타,안전운전불이행,건조,맑음,단일로 - 기타,원동기,남,20세,상해없음,보행자,여,47세,부상신고
2012100700100433,2012년 10월 7일 21시,일요일,부산광역시 영도구 신선동2가,중상사고,0,1,0,0,차대사람 - 기타,보행자보호의무위반,건조,맑음,교차로 - 교차로부근,승용,남,38세,상해없음,보행자,남,56세,중상
2012100700100450,2012년 10월 7일 22시,일요일,부산광역시 동구 초량동,경상사고,0,0,1,0,차대사람 - 기타,안전운전불이행,건조,맑음,단일로 - 기타,승합,남,61세,상해없음,보행자,여,44세,경상
2012100700100451,2012년 10월 7일 22시,일요일,부산광역시 남구 용호동,경상사고,0,0,1,0,차대사람 - 횡단중,안전운전불이행,건조,맑음,교차로 - 교차로안,승용,남,49세,상해없음,보행자,여,3세,경상
2012100700100452,2012년 10월 7일 22시,일요일,부산광역시 부산진구 부암동,경상사고,0,0,2,0,차대차 - 기타,신호위반,건조,맑음,교차로 - 교차로안,승용,남,36세,상해없음,승용,남,57세,경상
2012100700100453,2012년 10월 7일 22시,일요일,부산광역시 금정구 청룡동,부상신고사고,0,0,0,1,차대차 - 기타,안전운전불이행,건조,맑음,단일로 - 기타,이륜,남,22세,부상신고,승용,남,53세,상해없음
2012100700100454,2012년 10월 7일 22시,일요일,부산광역시 금정구 장전동,중상사고,0,1,0,0,차대사람 - 기타,안전운전불이행,건조,맑음,단일로 - 기타,화물,남,51세,상해없음,보행자,여,69세,중상
2012100700100455,2012년 10월 7일 22시,일요일,부산광역시 기장군 기장읍,경상사고,0,0,4,0,차대차 - 측면직각충돌,직진우회전진행방해,건조,맑음,교차로 - 교차로안,승용,여,35세,상해없음,승용,남,49세,경상
2012100700100483,2012년 10월 7일 23시,일요일,부산광역시 부산진구 당감동,경상사고,0,0,1,0,차대사람 - 기타,안전운전불이행,건조,맑음,단일로 - 기타,승용,남,45세,상해없음,보행자,남,51세,경상
2012100700100484,2012년 10월 7일 23시,일요일,부산광역시 사하구 다대동,중상사고,0,1,0,0,차대차 - 측면직각충돌,안전운전불이행,건조,맑음,단일로 - 기타,승용,여,51세,상해없음,승용,여,49세,중상
2012100800100027,2012년 10월 8일 02시,월요일,부산광역시 연제구 거제동,경상사고,0,0,2,1,차대차 - 측면직각충돌,신호위반,건조,맑음,교차로 - 교차로안,승용,남,54세,상해없음,승용,남,59세,경상
2012100800100051,2012년 10월 8일 04시,월요일,부산광역시 남구 문현동,중상사고,0,1,0,0,차대사람 - 차도통행중,중앙선침범,건조,맑음,단일로 - 기타,자전거,남,25세,상해없음,보행자,여,78세,중상
2012100800100085,2012년 10월 8일 07시,월요일,부산광역시 사하구 다대동,경상사고,0,0,1,0,차대사람 - 기타,기타,건조,맑음,단일로 - 기타,승용,남,62세,상해없음,보행자,남,54세,경상
2012100800100112,2012년 10월 8일 08시,월요일,부산광역시 연제구 거제동,경상사고,0,0,2,0,차대차 - 측면직각충돌,안전거리미확보,건조,맑음,단일로 - 기타,건설기계,남,54세,상해없음,승용,여,52세,경상
2012100800100153,2012년 10월 8일 09시,월요일,부산광역시 해운대구 중동,중상사고,0,1,0,0,차대차 - 측면직각충돌,신호위반,건조,맑음,교차로 - 교차로안,승용,남,62세,상해없음,원동기,남,41세,중상
2012100800100154,2012년 10월 8일 09시,월요일,부산광역시 금정구 서동,중상사고,0,1,0,0,차대사람 - 기타,안전운전불이행,건조,흐림,교차로 - 교차로안,승용,여,41세,상해없음,보행자,남,35세,중상