사고번호,사고일시,요일,시군구,사고내용,사망자수,중상자수,경상자수,부상신고자수,사고유형,법규위반,노면상태,기상상태,도로형태,가해운전자 차종,가해운전자 성별,가해운전자 연령,가해운전자 상해정도,피해운전자 차종,피해운전자 성별,피해운전자 연령,피해운전자 상해정도
2012100800100155,2012년 10월 8일 09시,월요일,부산광역시 사상구 모라동,경상사고,0,0,1,0,차대차 - 측면직각충돌,안전운전불이행,건조,맑음,교차로 - 교차로부근,화물,남,27세,상해없음,원동기,남,62세,경상
2012100800100184,2012년 10월 8일 10시,월요일,부산광역시 동구 범일동,경상사고,0,0,1,0,차량단독 - 기타,안전운전불이행,건조,맑음,단일로 - 기타,승합,남,55세,상해없음,,,,
2012100800100204,2012년 10월 8일 11시,월요일,부산광역시 사상구 주례동,경상사고,0,0,1,0,차대사람 - 횡단중,안전운전불이행,건조,맑음,단일로 - 기타,승용,남,65세,상해없음,보행자,여,55세,경상
2012100800100234,2012년 10월 8일 12시,월요일,부산광역시 사상구 괘법동,경상사고,0,0,1,0,차대차 - 측면직각충돌,안전운전불이행,건조,맑음,교차로 - 교차로안,화물,기타불명,기타불명,기타불명,자전거,여,44세,경상
2012100800100299,2012년 10월 8일 14시,월요일,부산광역시 북구 구포동,경상사고,0,0,1,0,차대차 - 측면직각충돌,안전운전불이행,건조,맑음,단일로 - 기타,승용,여,51세,상해없음,승용,남,50세,상해없음
2012100800100300,2012년 10월 8일 14시,월요일,부산광역시 해운대구 재송동,중상사고,0,1,0,0,차대사람 - 횡단중,기타,건조,맑음,단일로 - 기타,승합,남,57세,상해없음,보행자,남,9세,중상
2012100800100301,2012년 10월 8일 14시,월요일,부산광역시 사상구 모라동,중상사고,0,1,0,0,차대차 - 기타,기타,건조,맑음,단일로 - 기타,승용,남,27세,상해없음,이륜,여,55세,중상
2012100800100336,2012년 10월 8일 15시,월요일,부산광역시 남구 대연동,경상사고,0,0,1,0,차대차 - 추돌 - 진행중,교차로운행방법위반,습기,맑음,교차로 - 교차로안,승용,남,65세,상해없음,승용,남,45세,경상
2012100800100337,2012년 10월 8일 15시,월요일,부산광역시 북구 구포동,중상사고,0,1,0,0,차대사람 - 보도통행중,안전운전불이행,건조,맑음,단일로 - 기타,화물,여,46세,상해없음,보행자,남,70세,중상
2012100800100338,2012년 10월 8일 15시,월요일,부산광역시 사상구 학장동,경상사고,0,0,1,0,차대차 - 측면직각충돌,안전거리미확보,건조,맑음,단일로 - 기타,승용,남,65세,상해없음,이륜,남,31세,경상
2012100800100374,2012년 10월 8일 16시,월요일,부산광역시 사하구 하단동,경상사고,0,0,1,0,차대사람 - 횡단중,보행자보호의무위반,건조,맑음,단일로 - 기타,승용,남,47세,상해없음,보행자,남,8세,경상
2012100800100375,2012년 10월 8일 16시,월요일,부산광역시 사하구 다대동,경상사고,0,0,1,0,차대사람 - 차도통행중,안전운전불이행,건조,맑음,단일로 - 기타,승용,여,41세,상해없음,보행자,여,58세,경상
2012100800100376,2012년 10월 8일 16시,월요일,부산광역시 연제구 거제동,중상사고,0,1,0,0,차대사람 - 차도통행중,안전운전불이행,건조,맑음,단일로 - 기타,승용,여,38세,상해없음,보행자,남,12세,중상
2012100800100404,2012년 10월 8일 17시,월요일,부산광역시 동래구 사직동,경상사고,0,0,1,0,차대사람 - 차도통행중,안전운전불이행,건조,맑음,단일로 - 기타,승용,기타불명,기타불명,기타불명,보행자,여,22세,경상
2012100800100440,2012년 10월 8일 18시,월요일,부산광역시 남구 용당동,경상사고,0,0,1,0,차대차 - 추돌 - 진행중,차로위반,건조,맑음,교차로 - 교차로부근,특수,남,44세,상해없음,승용,남,34세,경상
2012100800100441,2012년 10월 8일 18시,월요일,부산광역시 북구 구포동,중상사고,0,1,0,0,차대차 - 측면직각충돌,신호위반,건조,맑음,교차로 - 교차로안,승용,여,37세,상해없음,원동기,남,69세,중상
2012100800100442,2012년 10월 8일 18시,월요일,부산광역시 해운대구 반송동,중상사고,0,1,0,0,차대차 - 측면직각충돌,차로위반,건조,맑음,단일로 - 기타,승용,남,46세,상해없음,원동기,남,47세,중상
2012100800100443,2012년 10월 8일 18시,월요일,부산광역시 해운대구 재송동,중상사고,0,1,0,0,차대차 - 기타,중앙선침범,건조,맑음,단일로 - 기타,승용,여,24세,상해없음,원동기,남,53세,중상
2012100800100444,2012년 10월 8일 18시,월요일,부산광역시 해운대구 반여동,부상신고사고,0,0,0,1,차대사람 - 횡단중,안전운전불이행,건조,맑음,교차로 - 교차로안,승용,여,36세,상해없음,보행자,남,18세,부상신고
2012100800100445,2012년 10월 8일 18시,월요일,부산광역시 부산진구 개금동,경상사고,0,0,1,0,차대사람 - 횡단중,안전운전불이행,건조,맑음,단일로 - 기타,승용,남,58세,상해없음,보행자,남,61세,경상
2012100800100446,2012년 10월 8일 18시,월요일,부산광역시 기장군 철마면,중상사고,0,2,1,0,차대차 - 추돌 - 주정차중,안전운전불이행,건조,맑음,교차로 - 교차로부근,화물,여,47세,상해없음,화물,남,36세,중상
2012100800100491,2012년 10월 8일 19시,월요일,부산광역시 강서구 송정동,중상사고,0,3,0,0,차대차 - 기타,신호위반,건조,맑음,교차로 - 교차로안,승용,남,49세,상해없음,승용,여,39세,중상
2012100800100530,2012년 10월 8일 20시,월요일,부산광역시 부산진구 가야동,경상사고,0,0,1,0,차대차 - 측면직각충돌,안전거리미확보,건조,맑음,단일로 - 기타,승용,남,49세,상해없음,승용,남,27세,경상
2012100800100531,2012년 10월 8일 20시,월요일,부산광역시 사상구 감전동,중상사고,0,1,0,0,차대차 - 기타,안전거리미확보,건조,맑음,단일로 - 기타,승용,남,28세,상해없음,승용,남,32세,중상
2012100800100590,2012년 10월 8일 22시,월요일,부산광역시 금정구 청룡동,중상사고,0,1,0,0,차대차 - 측면직각충돌,안전거리미확보,건조,맑음,단일로 - 기타,승용,남,31세,상해없음,이륜,남,31세,중상
2012100800100591,2012년 10월 8일 22시,월요일,부산광역시 강서구 지사동,경상사고,0,0,3,0,차대차 - 추돌 - 진행중,안전운전불이행,건조,맑음,기타 - 기타,승용,남,50세,상해없음,승용,남,49세,경상
2012100800100616,2012년 10월 8일 23시,월요일,부산광역시 사하구 신평동,경상사고,0,0,1,0,차대차 - 추돌 - 진행중,안전운전불이행,건조,맑음,단일로 - 횡단보도부근,승용,남,29세,상해없음,승합,남,68세,경상
2012100900100049,2012년 10월 9일 04시,화요일,부산광역시 사상구 감전동,중상사고,0,1,0,0,차대차 - 기타,교차로운행방법위반,건조,맑음,교차로 - 교차로안,승용,여,39세,상해없음,이륜,남,53세,중상
2012100900100055,2012년 10월 9일 05시,화요일,부산광역시 남구 대연동,중상사고,0,1,0,0,차대차 - 기타,신호위반,건조,맑음,교차로 - 교차로안,화물,남,34세,상해없음,자전거,남,66세,중상
2012100900100064,2012년 10월 9일 06시,화요일,부산광역시 남구 대연동,중상사고,0,1,2,1,차대차 - 추돌 - 진행중,안전거리미확보,건조,맑음,단일로 - 기타,승용,여,25세,부상신고,승합,남,51세,상해없음
2012100900100076,2012년 10월 9일 07시,화요일,부산광역시 동래구 사직동,중상사고,0,1,0,0,차대사람 - 횡단중,보행자보호의무위반,건조,맑음,단일로 - 횡단보도상,승용,남,50세,상해없음,보행자,여,67세,중상
2012100900100107,2012년 10월 9일 08시,화요일,부산광역시 동래구 안락동,경상사고,0,0,1,0,차대사람 - 차도통행중,안전운전불이행,건조,맑음,단일로 - 기타,승용,여,26세,기타불명,보행자,여,19세,경상
2012100900100108,2012년 10월 9일 08시,화요일,부산광역시 사상구 학장동,경상사고,0,0,1,0,차대차 - 측면직각충돌,안전거리미확보,건조,맑음,단일로 - 기타,화물,남,57세,상해없음,승용,남,39세,경상
2012100900100155,2012년 10월 9일 09시,화요일,부산광역시 부산진구 개금동,경상사고,0,0,3,0,차대차 - 정면충돌,불법유턴,건조,맑음,단일로 - 기타,화물,남,45세,상해없음,승용,여,37세,경상
2012100900100156,2012년 10월 9일 09시,화요일,부산광역시 사상구 삼락동,경상사고,0,0,1,0,차대차 - 측면직각충돌,교차로운행방법위반,건조,맑음,교차로 - 교차로안,승용,남,52세,상해없음,승용,여,29세,경상
2012100900100157,2012년 10월 9일 09시,화요일,부산광역시 기장군 기장읍,경상사고,0,0,1,0,차대차 - 측면직각충돌,교차로운행방법위반,건조,맑음,교차로 - 교차로안,화물,남,52세,상해없음,승용,남,47세,경상
2012100900100229,2012년 10월 9일 12시,화요일,부산광역시 부산진구 가야동,중상사고,0,1,0,0,차대사람 - 기타,안전운전불이행,건조,맑음,교차로 - 교차로안,승합,남,47세,상해없음,보행자,남,22세,중상
2012100900100230,2012년 10월 9일 12시,화요일,부산광역시 금정구 부곡동,경상사고,0,0,2,0,차대차 - 기타,안전운전불이행,건조,맑음,교차로 - 교차로안,승용,남,56세,경상,승용,여,50세,경상
2012100900100283,2012년 10월 9일 14시,화요일,부산광역시 북구 구포동,경상사고,0,0,1,0,차대차 - 측면직각충돌,교차로운행방법위반,건조,맑음,교차로 - 교차로안,승용,남,36세,상해없음,원동기,남,55세,경상
2012100900100318,2012년 10월 9일 15시,화요일,부산광역시 북구 덕천동,중상사고,0,1,0,0,차대사람 - 기타,안전운전불이행,건조,맑음,단일로 - 기타,화물,남,58세,상해없음,보행자,여,77세,중상
2012100900100343,2012년 10월 9일 16시,화요일,부산광역시 남구 용호동,중상사고,0,1,0,0,차대사람 - 기타,안전운전불이행,건조,맑음,단일로 - 기타,승용,여,52세,상해없음,보행자,남,6세,중상
2012100900100380,2012년 10월 9일 17시,화요일,부산광역시 수영구 남천동,중상사고,0,1,3,0,차대차 - 측면직각충돌,신호위반,건조,맑음,교차로 - 교차로안,승합,남,25세,상해없음,승용,남,38세,경상
2012100900100381,2012년 10월 9일 17시,화요일,부산광역시 영도구 봉래동4가,중상사고,0,1,0,0,차대사람 - 횡단중,안전운전불이행,건조,맑음,단일로 - 기타,이륜,남,18세,상해없음,보행자,여,10세,중상
2012100900100382,2012년 10월 9일 17시,화요일,부산광역시 금정구 장전동,부상신고사고,0,0,0,4,차대차 - 추돌 - 진행중,안전거리미확보,건조,맑음,단일로 - 기타,승용,여,38세,상해없음,승용,남,45세,부상신고
2012100900100383,2012년 10월 9일 17시,화요일,부산광역시 사하구 괴정동,경상사고,0,0,2,0,차대차 - 측면직각충돌,신호위반,건조,맑음,교차로 - 교차로안,승용,여,40세,상해없음,승용,남,24세,경상
2012100900100418,2012년 10월 9일 18시,화요일,부산광역시 금정구 금사동,경상사고,0,0,1,0,차대사람 - 횡단중,안전운전불이행,건조,맑음,교차로 - 교차로안,승합,남,51세,상해없음,보행자,남,61세,경상
2012100900100419,2012년 10월 9일 18시,화요일,부산광역시 강서구 송정동,중상사고,0,1,1,0,차대차 - 추돌 - 주정차중,안전운전불이행,건조,맑음,교차로 - 교차로부근,승용,여,40세,상해없음,승용,남,43세,상해없음
2012100900100470,2012년 10월 9일 19시,화요일,부산광역시 수영구 민락동,경상사고,0,0,1,0,차대차 - 기타,안전운전불이행,건조,맑음,단일로 - 기타,승용,남,52세,상해없음,이륜,남,59세,경상
2012100900100551,2012년 10월 9일 21시,화요일,부산광역시 영도구 영선동4가,중상사고,0,1,0,0,차대차 - 추돌 - 진행중,중앙선침범,건조,맑음,단일로 - 기타,승용,남,46세,상해없음,이륜,남,53세,상해없음
2012100900100552,2012년 10월 9일 21시,화요일,부산광역시 기장군 기장읍,경상사고,0,0,1,0,차대차 - 정면충돌,중앙선침범,건조,맑음,단일로 - 기타,승용,남,26세,상해없음,승합,남,46세,경상
2012100900100589,2012년 10월 9일 22시,화요일,부산광역시 서구 부용동2가,중상사고,0,1,0,0,차대차 - 기타,안전운전불이행,건조,맑음,단일로 - 기타,승용,남,50세,기타불명,이륜,남,30세,중상
2012100900100590,2012년 10월 9일 22시,화요일,부산광역시 부산진구 부전동,사망사고,1,0,0,0,차대사람 - 횡단중,안전운전불이행,건조,맑음,단일로 - 기타,승용,남,41세,상해없음,보행자,남,53세,사망
2012100900100614,2012년 10월 9일 23시,화요일,부산광역시 남구 우암동,부상신고사고,0,0,0,1,차대차 - 기타,중앙선침범,건조,맑음,단일로 - 기타,승용,기타불명,기타불명,기타불명,승용,여,51세,부상신고
2012101000100006,2012년 10월 10일 00시,수요일,부산광역시 수영구 망미동,경상사고,0,0,1,0,차대차 - 추돌 - 진행중,교차로운행방법위반,건조,맑음,교차로 - 교차로안,승용,남,30세,상해없음,승합,남,53세,경상
2012101000100022,2012년 10월 10일 01시,수요일,부산광역시 부산진구 부암동,중상사고,0,2,3,0,차대차 - 기타,신호위반,건조,맑음,교차로 - 교차로안,승용,남,53세,상해없음,승용,남,54세,경상
2012101000100032,2012년 10월 10일 02시,수요일,부산광역시 부산진구 부전동,중상사고,0,1,1,0,차대차 - 기타,안전운전불이행,기타,맑음,단일로 - 기타,승용,남,26세,상해없음,승용,여,39세,중상
2012101000100033,2012년 10월 10일 02시,수요일,부산광역시 강서구 성북동,중상사고,0,1,0,0,차대차 - 측면직각충돌,신호위반,건조,맑음,교차로 - 교차로안,화물,남,39세,상해없음,승용,남,32세,중상
2012101000100049,2012년 10월 10일 04시,수요일,부산광역시 동래구 명륜동,중상사고,0,1,0,0,차대차 - 측면직각충돌,신호위반,건조,맑음,교차로 - 교차로안,승용,여,23세,상해없음,승용,남,65세,중상
2012101000100057,2012년 10월 10일 05시,수요일,부산광역시 기장군 일광면,중상사고,0,1,0,0,차대차 - 측면직각충돌,안전거리미확보,건조,맑음,단일로 - 기타,승용,여,59세,상해없음,승용,여,30세,중상
2012101000100115,2012년 10월 10일 08시,수요일,부산광역시 동래구 수안동,중상사고,0,1,0,0,차대사람 - 길가장자리구역통행중,안전운전불이행,건조,맑음,단일로 - 기타,승용,남,23세,상해없음,보행자,남,21세,중상
2012101000100116,2012년 10월 10일 08시,수요일,부산광역시 동래구 온천동,경상사고,0,0,1,1,차량단독 - 기타,안전운전불이행,건조,맑음,단일로 - 기타,승용,여,34세,부상신고,,,,
2012101000100117,2012년 10월 10일 08시,수요일,부산광역시 금정구 부곡동,경상사고,0,0,1,0,차대사람 - 기타,안전운전불이행,건조,맑음,단일로 - 기타,자전거,남,18세,상해없음,보행자,여,66세,경상
2012101000100118,2012년 10월 10일 08시,수요일,부산광역시 사상구 엄궁동,중상사고,0,1,0,0,차대사람 - 길가장자리구역통행중,안전운전불이행,건조,맑음,단일로 - 기타,원동기,남,23세,상해없음,보행자,여,41세,중상
2012101000100119,2012년 10월 10일 08시,수요일,부산광역시 사상구 감전동,경상사고,0,0,1,0,차량단독 - 기타,안전운전불이행,건조,맑음,단일로 - 기타,승합,남,46세,기타불명,,,,
2012101000100156,2012년 10월 10일 09시,수요일,부산광역시 서구 남부민동,경상사고,0,0,1,0,차대차 - 측면직각충돌,교차로운행방법위반,건조,맑음,교차로 - 교차로부근,화물,남,56세,상해없음,승용,남,32세,경상
2012101000100157,2012년 10월 10일 09시,수요일,부산광역시 남구 용호동,중상사고,0,1,1,0,차대차 - 측면직각충돌,신호위반,건조,맑음,교차로 - 교차로안,승용,남,29세,경상,원동기,남,55세,중상
2012101000100158,2012년 10월 10일 09시,수요일,부산광역시 해운대구 우동,경상사고,0,0,1,0,차대차 - 정면충돌,교차로운행방법위반,건조,맑음,교차로 - 교차로안,화물,남,35세,상해없음,이륜,남,48세,경상
2012101000100182,2012년 10월 10일 10시,수요일,부산광역시 사하구 괴정동,중상사고,0,1,2,0,차대차 - 측면직각충돌,직진우회전진행방해,건조,맑음,교차로 - 교차로안,승용,여,57세,상해없음,승합,남,36세,경상
2012101000100203,2012년 10월 10일 11시,수요일,부산광역시 서구 동대신동1가,중상사고,0,1,0,0,차대사람 - 기타,안전운전불이행,건조,맑음,교차로 - 교차로부근,승합,남,46세,상해없음,보행자,남,63세,중상
2012101000100204,2012년 10월 10일 11시,수요일,부산광역시 금정구 서동,중상사고,0,1,0,0,차대사람 - 횡단중,안전운전불이행,건조,맑음,단일로 - 횡단보도부근,승용,여,40세,상해없음,보행자,여,78세,중상
2012101000100205,2012년 10월 10일 11시,수요일,부산광역시 기장군 기장읍,경상사고,0,0,1,0,차대차 - 추돌 - 진행중,안전운전불이행,건조,맑음,기타 - 기타,특수,기타불명,기타불명,기타불명,승용,남,50세,경상
2012101000100223,2012년 10월 10일 12시,수요일,부산광역시 사상구 괘법동,중상사고,0,1,0,0,차대사람 - 횡단중,안전운전불이행,건조,맑음,단일로 - 횡단보도부근,화물,남,53세,상해없음,보행자,남,62세,중상
2012101000100252,2012년 10월 10일 13시,수요일,부산광역시 연제구 거제동,중상사고,0,1,0,0,차대사람 - 횡단중,안전운전불이행,건조,맑음,단일로 - 기타,승용,남,56세,상해없음,보행자,여,64세,중상
2012101000100280,2012년 10월 10일 14시,수요일,부산광역시 강서구 구랑동,중상사고,0,2,1,0,차대차 - 추돌 - 주정차중,안전운전불이행,건조,맑음,단일로 - 기타,승용,여,53세,상해없음,승용,남,66세,중상
2012101000100313,2012년 10월 10일 15시,수요일,부산광역시 영도구 청학동,중상사고,0,1,0,0,차대사람 - 횡단중,신호위반,건조,맑음,단일로 - 횡단보도상,승용,기타불명,기타불명,기타불명,보행자,여,11세,중상
2012101000100314,2012년 10월 10일 15시,수요일,부산광역시 사상구 엄궁동,경상사고,0,0,1,0,차대차 - 측면직각충돌,교차로운행방법위반,건조,맑음,교차로 - 교차로안,승용,남,30세,상해없음,승용,남,36세,경상
2012101000100350,2012년 10월 10일 16시,수요일,부산광역시 북구 화명동,경상사고,0,0,1,0,차대사람 - 횡단중,기타,건조,맑음,단일로 - 횡단보도상,승용,여,47세,상해없음,보행자,여,12세,경상
2012101000100351,2012년 10월 10일 16시,수요일,부산광역시 북구 구포동,경상사고,0,0,1,0,차대차 - 측면직각충돌,교차로운행방법위반,건조,맑음,교차로 - 교차로안,승합,남,24세,상해없음,승용,여,62세,경상
2012101000100383,2012년 10월 10일 17시,수요일,부산광역시 중구 중앙동1가,경상사고,0,0,1,0,차대차 - 기타,중앙선침범,건조,맑음,단일로 - 기타,승용,여,54세,상해없음,이륜,남,30세,경상
2012101000100384,2012년 10월 10일 17시,수요일,부산광역시 서구 부용동2가,중상사고,0,1,0,0,차대사람 - 기타,안전운전불이행,건조,맑음,교차로 - 교차로부근,승용,기타불명,기타불명,기타불명,보행자,여,64세,중상
2012101000100385,2012년 10월 10일 17시,수요일,부산광역시 서구 서대신동2가,경상사고,0,0,2,0,차대차 - 측면직각충돌,교차로운행방법위반,건조,맑음,교차로 - 교차로부근,화물,남,47세,상해없음,승용,여,31세,경상
2012101000100386,2012년 10월 10일 17시,수요일,부산광역시 남구 대연동,경상사고,0,0,1,0,차대차 - 추돌 - 주정차중,안전운전불이행,건조,맑음,교차로 - 교차로부근,승용,남,66세,상해없음,원동기,남,42세,경상
2012101000100387,2012년 10월 10일 17시,수요일,부산광역시 연제구 연산동,경상사고,0,0,1,0,차대차 - 측면직각충돌,안전거리미확보,건조,맑음,교차로 - 교차로부근,승용,남,57세,상해없음,이륜,남,40세,경상
2012101000100388,2012년 10월 10일 17시,수요일,부산광역시 강서구 송정동,중상사고,0,1,4,0,차대차 - 추돌 - 주정차중,안전운전불이행,건조,맑음,교차로 - 교차로부근,승용,여,22세,상해없음,승용,남,44세,경상
2012101000100427,2012년 10월 10일 18시,수요일,부산광역시 사상구 주례동,중상사고,0,1,2,0,차대차 - 추돌 - 진행중,안전거리미확보,건조,맑음,단일로 - 기타,승용,남,59세,상해없음,승합,남,31세,상해없음
2012101000100485,2012년 10월 10일 19시,수요일,부산광역시 사상구 엄궁동,경상사고,0,0,2,0,차대차 - 측면직각충돌,안전거리미확보,건조,맑음,단일로 - 기타,승용,남,60세,상해없음,승용,남,25세,경상
2012101000100519,2012년 10월 10일 20시,수요일,부산광역시 동구 초량동,중상사고,0,2,1,0,차대차 - 추돌 - 주정차중,안전거리미확보,건조,맑음,교차로 - 교차로부근,승용,남,53세,상해없음,승용,남,32세,경상
2012101000100520,2012년 10월 10일 20시,수요일,부산광역시 수영구 광안동,사망사고,1,0,0,0,차대사람 - 횡단중,보행자보호의무위반,건조,맑음,교차로 - 교차로부근,화물,남,41세,상해없음,보행자,남,76세,사망
2012101000100521,2012년 10월 10일 20시,수요일,부산광역시 해운대구 좌동,중상사고,0,1,0,0,차대사람 - 기타,안전운전불이행,건조,기타,기타 - 기타,승용,남,64세,상해없음,보행자,여,24세,중상
2012101000100522,2012년 10월 10일 20시,수요일,부산광역시 부산진구 범천동,중상사고,0,1,0,0,차대차 - 측면직각충돌,교차로운행방법위반,건조,맑음,교차로 - 교차로안,승용,남,49세,상해없음,원동기,남,66세,중상
2012101000100556,2012년 10월 10일 21시,수요일,부산광역시 서구 서대신동1가,경상사고,0,0,2,0,차대차 - 측면직각충돌,직진우회전진행방해,건조,맑음,교차로 - 교차로안,승용,남,26세,상해없음,이륜,남,57세,경상
2012101000100557,2012년 10월 10일 21시,수요일,부산광역시 금정구 청룡동,경상사고,0,0,2,0,차대차 - 측면직각충돌,안전거리미확보,건조,맑음,단일로 - 기타,승용,남,72세,상해없음,승용,남,55세,경상
2012101000100558,2012년 10월 10일 21시,수요일,부산광역시 사상구 괘법동,경상사고,0,0,1,0,차대차 - 측면직각충돌,중앙선침범,건조,맑음,단일로 - 기타,화물,남,40세,상해없음,승용,남,43세,경상
2012101000100592,2012년 10월 10일 22시,수요일,부산광역시 해운대구 반여동,중상사고,0,2,0,0,차대차 - 추돌 - 주정차중,안전운전불이행,건조,기타,교차로 - 교차로부근,승용,여,43세,상해없음,승용,남,34세,중상
2012101000100593,2012년 10월 10일 22시,수요일,부산광역시 부산진구 부암동,경상사고,0,0,1,0,차대차 - 기타,안전거리미확보,건조,맑음,단일로 - 기타,승용,여,55세,상해없음,원동기,남,25세,경상
2012101000100594,2012년 10월 10일 22시,수요일,부산광역시 금정구 서동,경상사고,0,0,1,0,차대차 - 측면직각충돌,교차로운행방법위반,건조,맑음,교차로 - 교차로부근,승용,남,62세,상해없음,승용,남,60세,경상
2012101000100595,2012년 10월 10일 22시,수요일,부산광역시 금정구 구서동,경상사고,0,0,2,0,차대차 - 측면직각충돌,안전운전불이행,건조,맑음,단일로 - 기타,승용,남,55세,상해없음,승용,남,54세,경상
2012101000100614,2012년 10월 10일 23시,수요일,부산광역시 북구 화명동,경상사고,0,0,1,0,차대차 - 정면충돌,안전운전불이행,건조,맑음,단일로 - 기타,승용,남,36세,상해없음,승용,남,32세,상해없음
2012101000100615,2012년 10월 10일 23시,수요일,부산광역시 북구 만덕동,중상사고,0,1,0,0,차대사람 - 횡단중,안전운전불이행,건조,맑음,단일로 - 횡단보도부근,승용,여,54세,상해없음,보행자,남,24세,중상
2012101000100617,2012년 10월 10일 23시,수요일,부산광역시 사상구 괘법동,경상사고,0,0,1,0,차대차 - 측면직각충돌,신호위반,건조,맑음,교차로 - 교차로안,승용,여,34세,상해없음,승용,여,50세,경상
2012101100100006,2012년 10월 11일 00시,목요일,부산광역시 사하구 감천동,중상사고,0,1,0,0,차대사람 - 기타,신호위반,건조,맑음,교차로 - 교차로안,승용,남,43세,상해없음,보행자,남,24세,중상
2012101100100007,2012년 10월 11일 00시,목요일,부산광역시 연제구 연산동,중상사고,0,1,0,0,차대사람 - 기타,보행자보호의무위반,건조,맑음,단일로 - 횡단보도상,승용,남,67세,상해없음,보행자,여,20세,중상
2012101100100035,2012년 10월 11일 01시,목요일,부산광역시 동구 범일동,중상사고,0,1,2,0,차대차 - 추돌 - 주정차중,안전운전불이행,건조,맑음,교차로 - 교차로부근,승용,남,31세,상해없음,승용,남,46세,경상
2012101100100036,2012년 10월 11일 01시,목요일,부산광역시 수영구 민락동,부상신고사고,0,0,0,1,차대차 - 추돌 - 진행중,안전운전불이행,건조,맑음,교차로 - 교차로부근,원동기,남,30세,부상신고,승용,남,48세,상해없음
2012101100100087,2012년 10월 11일 06시,목요일,부산광역시 동구 초량동,경상사고,0,0,1,1,차대차 - 정면충돌,안전운전불이행,건조,맑음,단일로 - 기타,승용,여,49세,부상신고,승용,남,48세,경상
2012101100100112,2012년 10월 11일 07시,목요일,부산광역시 사하구 하단동,경상사고,0,0,1,0,차대사람 - 횡단중,안전운전불이행,건조,맑음,단일로 - 기타,승용,여,34세,상해없음,보행자,여,14세,경상
2012101100100113,2012년 10월 11일 07시,목요일,부산광역시 사하구 괴정동,경상사고,0,0,2,1,차대차 - 추돌 - 진행중,안전거리미확보,건조,맑음,단일로 - 기타,승합,남,57세,경상,승용,남,55세,부상신고
2012101100100114,2012년 10월 11일 07시,목요일,부산광역시 강서구 대저2동,경상사고,0,0,1,0,차대차 - 기타,안전운전불이행,건조,맑음,단일로 - 기타,화물,남,41세,상해없음,승용,남,35세,경상
2012101100100149,2012년 10월 11일 08시,목요일,부산광역시 기장군 일광면,경상사고,0,0,2,0,차대차 - 추돌 - 진행중,안전운전불이행,건조,맑음,단일로 - 기타,화물,남,32세,상해없음,승용,여,27세,경상
2012101100100208,2012년 10월 11일 09시,목요일,부산광역시 동래구 안락동,중상사고,0,1,1,0,차대차 - 측면직각충돌,안전거리미확보,건조,맑음,교차로 - 교차로안,승합,남,60세,상해없음,승용,여,57세,경상
2012101100100209,2012년 10월 11일 09시,목요일,부산광역시 해운대구 반여동,중상사고,0,1,0,0,차대사람 - 기타,안전운전불이행,건조,맑음,교차로 - 교차로안,승용,여,29세,상해없음,보행자,여,56세,중상
2012101100100242,2012년 10월 11일 10시,목요일,부산광역시 해운대구 우동,경상사고,0,0,1,0,차대차 - 추돌 - 진행중,안전운전불이행,건조,맑음,단일로 - 기타,승용,남,58세,상해없음,승용,남,65세,상해없음
2012101100100243,2012년 10월 11일 10시,목요일,부산광역시 기장군 철마면,중상사고,0,1,0,0,차대차 - 측면직각충돌,신호위반,건조,맑음,교차로 - 교차로안,승용,여,60세,상해없음,승용,남,39세,중상
2012101100100271,2012년 10월 11일 11시,목요일,부산광역시 수영구 광안동,경상사고,0,0,1,0,차대차 - 기타,신호위반,건조,맑음,교차로 - 교차로부근,이륜,남,14세,경상,화물,남,44세,상해없음
2012101100100272,2012년 10월 11일 11시,목요일,부산광역시 부산진구 양정동,중상사고,0,1,0,0,차대차 - 기타,신호위반,건조,맑음,교차로 - 교차로안,승용,남,31세,상해없음,승용,여,44세,중상
2012101100100273,2012년 10월 11일 11시,목요일,부산광역시 금정구 장전동,부상신고사고,0,0,0,1,차대사람 - 보도통행중,보행자보호의무위반,건조,맑음,교차로 - 교차로안,승용,남,64세,상해없음,보행자,남,41세,부상신고
2012101100100301,2012년 10월 11일 12시,목요일,부산광역시 부산진구 부전동,경상사고,0,0,1,0,차대차 - 기타,안전거리미확보,건조,맑음,단일로 - 기타,승합,남,35세,상해없음,승용,남,58세,상해없음
2012101100100302,2012년 10월 11일 12시,목요일,부산광역시 연제구 거제동,중상사고,0,1,0,0,차대차 - 기타,중앙선침범,건조,맑음,단일로 - 횡단보도부근,이륜,남,44세,중상,화물,남,43세,상해없음
2012101100100303,2012년 10월 11일 12시,목요일,부산광역시 강서구 명지동,중상사고,0,1,0,0,차대사람 - 기타,안전운전불이행,건조,맑음,단일로 - 기타,화물,남,51세,상해없음,보행자,여,31세,중상
2012101100100304,2012년 10월 11일 12시,목요일,부산광역시 기장군 장안읍,경상사고,0,0,1,0,차대차 - 측면직각충돌,안전운전불이행,건조,맑음,단일로 - 기타,화물,남,46세,상해없음,승용,남,43세,경상
2012101100100331,2012년 10월 11일 13시,목요일,부산광역시 북구 화명동,경상사고,0,0,1,0,차대사람 - 기타,안전운전불이행,건조,맑음,단일로 - 기타,승용,여,38세,상해없음,보행자,여,62세,경상