사고번호,사고일시,요일,시군구,사고내용,사망자수,중상자수,경상자수,부상신고자수,사고유형,법규위반,노면상태,기상상태,도로형태,가해운전자 차종,가해운전자 성별,가해운전자 연령,가해운전자 상해정도,피해운전자 차종,피해운전자 성별,피해운전자 연령,피해운전자 상해정도
2012101100100359,2012년 10월 11일 14시,목요일,부산광역시 사상구 모라동,경상사고,0,0,1,0,차대사람 - 횡단중,안전운전불이행,건조,맑음,교차로 - 교차로부근,원동기,남,26세,상해없음,보행자,여,18세,경상
2012101100100360,2012년 10월 11일 14시,목요일,부산광역시 사상구 학장동,부상신고사고,0,0,0,2,차대차 - 추돌 - 주정차중,안전운전불이행,건조,맑음,교차로 - 교차로부근,화물,남,55세,상해없음,승용,남,49세,부상신고
2012101100100390,2012년 10월 11일 15시,목요일,부산광역시 부산진구 양정동,경상사고,0,0,1,0,차대차 - 추돌 - 진행중,안전운전불이행,건조,맑음,단일로 - 기타,원동기,남,28세,상해없음,원동기,남,51세,경상
2012101100100391,2012년 10월 11일 15시,목요일,부산광역시 금정구 서동,경상사고,0,0,1,0,차대사람 - 차도통행중,안전운전불이행,건조,맑음,교차로 - 교차로부근,승용,여,54세,상해없음,보행자,여,15세,경상
2012101100100432,2012년 10월 11일 16시,목요일,부산광역시 남구 대연동,중상사고,0,1,0,0,차대차 - 측면직각충돌,안전거리미확보,건조,맑음,단일로 - 기타,화물,남,54세,상해없음,승용,남,60세,중상
2012101100100433,2012년 10월 11일 16시,목요일,부산광역시 금정구 부곡동,중상사고,0,1,0,0,차대사람 - 길가장자리구역통행중,안전운전불이행,건조,맑음,단일로 - 기타,승합,여,49세,상해없음,보행자,여,63세,중상
2012101100100434,2012년 10월 11일 16시,목요일,부산광역시 사하구 하단동,경상사고,0,0,2,0,차대차 - 측면직각충돌,신호위반,건조,맑음,교차로 - 교차로안,승용,남,51세,상해없음,승용,남,60세,경상
2012101100100435,2012년 10월 11일 16시,목요일,부산광역시 사상구 엄궁동,경상사고,0,0,1,0,차대차 - 측면직각충돌,안전거리미확보,건조,맑음,단일로 - 기타,건설기계,남,38세,상해없음,승용,여,38세,경상
2012101100100436,2012년 10월 11일 16시,목요일,부산광역시 기장군 일광면,경상사고,0,0,4,0,차대차 - 기타,안전거리미확보,건조,맑음,단일로 - 기타,승용,여,57세,상해없음,승용,남,37세,경상
2012101100100473,2012년 10월 11일 17시,목요일,부산광역시 서구 부민동1가,경상사고,0,0,1,0,차대차 - 기타,교차로운행방법위반,건조,맑음,교차로 - 교차로안,화물,남,47세,상해없음,원동기,남,34세,경상
2012101100100474,2012년 10월 11일 17시,목요일,부산광역시 사하구 다대동,경상사고,0,0,1,0,차대사람 - 횡단중,보행자보호의무위반,건조,맑음,단일로 - 기타,승용,여,53세,상해없음,보행자,남,11세,경상
2012101100100475,2012년 10월 11일 17시,목요일,부산광역시 기장군 기장읍,경상사고,0,0,1,0,차대차 - 추돌 - 주정차중,안전운전불이행,건조,맑음,교차로 - 교차로부근,승용,남,31세,상해없음,승용,남,28세,경상
2012101100100532,2012년 10월 11일 18시,목요일,부산광역시 서구 동대신동1가,경상사고,0,0,2,0,차대차 - 기타,안전거리미확보,건조,맑음,단일로 - 기타,승용,남,57세,상해없음,승용,남,63세,경상
2012101100100587,2012년 10월 11일 19시,목요일,부산광역시 해운대구 중동,중상사고,0,1,0,1,차대차 - 측면직각충돌,교차로운행방법위반,건조,맑음,교차로 - 교차로안,승용,여,35세,상해없음,승용,남,42세,부상신고
2012101100100588,2012년 10월 11일 19시,목요일,부산광역시 부산진구 전포동,경상사고,0,0,2,0,차대차 - 기타,기타,건조,맑음,교차로 - 교차로부근,승합,남,62세,상해없음,이륜,남,30세,경상
2012101100100589,2012년 10월 11일 19시,목요일,부산광역시 사상구 주례동,중상사고,0,1,0,0,차대차 - 측면직각충돌,안전거리미확보,건조,맑음,단일로 - 기타,승용,남,44세,상해없음,이륜,남,69세,중상
2012101100100617,2012년 10월 11일 20시,목요일,부산광역시 중구 남포동1가,중상사고,0,1,0,0,차대사람 - 횡단중,안전운전불이행,건조,맑음,단일로 - 횡단보도상,화물,남,72세,상해없음,보행자,남,46세,중상
2012101100100618,2012년 10월 11일 20시,목요일,부산광역시 기장군 정관면,중상사고,0,2,2,0,차대차 - 추돌 - 진행중,안전운전불이행,건조,맑음,단일로 - 기타,화물,남,54세,상해없음,승용,여,41세,중상
2012101100100660,2012년 10월 11일 21시,목요일,부산광역시 동구 범일동,경상사고,0,0,1,0,차대차 - 기타,안전거리미확보,건조,맑음,교차로 - 교차로부근,화물,남,31세,상해없음,원동기,남,28세,경상
2012101100100661,2012년 10월 11일 21시,목요일,부산광역시 수영구 남천동,중상사고,0,1,0,0,차대사람 - 길가장자리구역통행중,안전운전불이행,건조,맑음,단일로 - 기타,승용,남,53세,상해없음,보행자,여,48세,중상
2012101100100662,2012년 10월 11일 21시,목요일,부산광역시 북구 구포동,중상사고,0,1,1,0,차대차 - 측면직각충돌,안전운전불이행,건조,맑음,교차로 - 교차로부근,화물,남,53세,상해없음,승용,남,59세,중상
2012101100100663,2012년 10월 11일 21시,목요일,부산광역시 부산진구 부전동,중상사고,0,1,0,0,차대사람 - 기타,안전운전불이행,건조,맑음,단일로 - 기타,승합,남,60세,상해없음,보행자,남,49세,중상
2012101100100664,2012년 10월 11일 21시,목요일,부산광역시 강서구 대저1동,경상사고,0,0,1,0,차대차 - 추돌 - 주정차중,안전운전불이행,건조,맑음,교차로 - 교차로부근,승용,남,33세,상해없음,승용,남,67세,경상
2012101100100690,2012년 10월 11일 22시,목요일,부산광역시 동구 좌천동,경상사고,0,0,1,0,차대차 - 기타,안전운전불이행,건조,맑음,단일로 - 기타,승합,남,49세,상해없음,자전거,남,35세,경상
2012101100100723,2012년 10월 11일 23시,목요일,부산광역시 동래구 온천동,경상사고,0,0,1,0,차대차 - 측면직각충돌,중앙선침범,건조,맑음,교차로 - 교차로부근,승용,남,29세,상해없음,승용,남,43세,경상
2012101100100724,2012년 10월 11일 23시,목요일,부산광역시 금정구 장전동,중상사고,0,1,0,0,차량단독 - 기타,안전운전불이행,건조,맑음,단일로 - 기타,승용,남,55세,상해없음,,,,
2012101100100725,2012년 10월 11일 23시,목요일,부산광역시 동래구 명륜동,중상사고,0,1,0,0,차대사람 - 횡단중,안전운전불이행,건조,맑음,교차로 - 교차로부근,승용,여,50세,상해없음,보행자,남,53세,중상
2012101200100008,2012년 10월 12일 00시,금요일,부산광역시 동래구 낙민동,중상사고,0,1,0,0,차대차 - 정면충돌,중앙선침범,건조,맑음,단일로 - 기타,승용,남,27세,상해없음,승용,남,30세,중상
2012101200100009,2012년 10월 12일 00시,금요일,부산광역시 부산진구 범천동,경상사고,0,0,1,0,차량단독 - 전도전복,안전운전불이행,건조,맑음,단일로 - 기타,승용,남,33세,경상,,,,
2012101200100053,2012년 10월 12일 04시,금요일,부산광역시 수영구 수영동,경상사고,0,0,1,0,차대차 - 측면직각충돌,안전거리미확보,건조,맑음,교차로 - 교차로안,승용,남,20세,상해없음,승용,남,57세,경상
2012101200100073,2012년 10월 12일 06시,금요일,부산광역시 금정구 노포동,중상사고,0,1,0,0,차대차 - 측면직각충돌,안전운전불이행,건조,맑음,단일로 - 기타,화물,남,67세,상해없음,승용,남,54세,중상
2012101200100074,2012년 10월 12일 06시,금요일,부산광역시 수영구 수영동,경상사고,0,0,1,0,차대차 - 추돌 - 주정차중,안전운전불이행,건조,맑음,단일로 - 기타,승용,남,34세,상해없음,승용,여,43세,경상
2012101200100075,2012년 10월 12일 06시,금요일,부산광역시 기장군 정관면,중상사고,0,2,15,0,차대차 - 추돌 - 주정차중,안전거리미확보,건조,맑음,단일로 - 터널,승용,남,41세,경상,승합,남,48세,상해없음
2012101200100092,2012년 10월 12일 07시,금요일,부산광역시 부산진구 가야동,중상사고,0,1,0,0,차대사람 - 기타,중앙선침범,건조,맑음,단일로 - 기타,승용,남,27세,상해없음,보행자,여,64세,중상
2012101200100125,2012년 10월 12일 08시,금요일,부산광역시 금정구 구서동,경상사고,0,0,1,0,차대차 - 추돌 - 주정차중,안전거리미확보,건조,맑음,단일로 - 기타,승용,남,68세,상해없음,승용,여,46세,경상
2012101200100126,2012년 10월 12일 08시,금요일,부산광역시 사상구 주례동,중상사고,0,1,0,0,차대사람 - 보도통행중,기타,건조,맑음,단일로 - 기타,화물,남,29세,상해없음,보행자,여,22세,중상
2012101200100127,2012년 10월 12일 08시,금요일,부산광역시 사상구 학장동,경상사고,0,0,1,0,차대차 - 추돌 - 진행중,안전운전불이행,건조,맑음,교차로 - 교차로안,화물,남,51세,상해없음,승용,여,47세,경상
2012101200100169,2012년 10월 12일 09시,금요일,부산광역시 금정구 부곡동,부상신고사고,0,0,0,1,차대차 - 측면직각충돌,직진우회전진행방해,건조,맑음,교차로 - 교차로안,승용,남,55세,상해없음,이륜,남,19세,부상신고
2012101200100170,2012년 10월 12일 09시,금요일,부산광역시 사하구 괴정동,중상사고,0,1,0,0,차대차 - 기타,신호위반,건조,맑음,교차로 - 교차로안,승용,여,28세,상해없음,이륜,남,62세,중상
2012101200100171,2012년 10월 12일 09시,금요일,부산광역시 기장군 기장읍,중상사고,0,1,0,0,차대차 - 측면직각충돌,교차로운행방법위반,건조,맑음,교차로 - 교차로안,승용,남,63세,상해없음,화물,남,51세,중상
2012101200100201,2012년 10월 12일 10시,금요일,부산광역시 남구 문현동,사망사고,1,0,0,0,차대사람 - 횡단중,안전운전불이행,건조,맑음,단일로 - 기타,승용,여,37세,상해없음,보행자,남,76세,사망
2012101200100202,2012년 10월 12일 10시,금요일,부산광역시 연제구 거제동,중상사고,0,1,0,0,차대차 - 측면직각충돌,불법유턴,건조,맑음,단일로 - 횡단보도부근,원동기,남,70세,중상,승용,남,42세,상해없음
2012101200100232,2012년 10월 12일 11시,금요일,부산광역시 해운대구 반여동,사망사고,1,5,7,0,차대차 - 기타,중앙선침범,건조,맑음,단일로 - 기타,화물,남,43세,사망,승합,남,58세,경상
2012101200100233,2012년 10월 12일 11시,금요일,부산광역시 부산진구 부암동,중상사고,0,1,0,0,차대사람 - 기타,안전운전불이행,건조,맑음,단일로 - 횡단보도부근,화물,남,36세,상해없음,보행자,남,55세,중상
2012101200100234,2012년 10월 12일 11시,금요일,부산광역시 부산진구 범천동,중상사고,0,1,0,0,차대사람 - 기타,안전운전불이행,기타,맑음,단일로 - 기타,승용,여,32세,상해없음,보행자,남,60세,중상
2012101200100235,2012년 10월 12일 11시,금요일,부산광역시 연제구 거제동,중상사고,0,1,0,0,차대차 - 측면직각충돌,신호위반,건조,맑음,단일로 - 횡단보도상,승용,여,26세,상해없음,원동기,남,58세,중상
2012101200100265,2012년 10월 12일 12시,금요일,부산광역시 수영구 망미동,경상사고,0,0,1,0,차대차 - 측면직각충돌,교차로운행방법위반,건조,맑음,교차로 - 교차로안,승용,남,73세,상해없음,자전거,남,72세,경상
2012101200100296,2012년 10월 12일 13시,금요일,부산광역시 부산진구 가야동,중상사고,0,1,1,0,차대차 - 추돌 - 주정차중,안전운전불이행,건조,맑음,단일로 - 기타,화물,남,43세,상해없음,승용,여,51세,중상
2012101200100334,2012년 10월 12일 14시,금요일,부산광역시 해운대구 반여동,경상사고,0,0,1,0,차대차 - 측면직각충돌,교차로운행방법위반,건조,맑음,교차로 - 교차로안,승용,남,32세,상해없음,이륜,남,24세,경상
2012101200100336,2012년 10월 12일 14시,금요일,부산광역시 사상구 학장동,경상사고,0,0,1,0,차대차 - 측면직각충돌,안전운전불이행,건조,맑음,교차로 - 교차로안,원동기,남,40세,경상,승용,남,43세,상해없음
2012101200100359,2012년 10월 12일 15시,금요일,부산광역시 연제구 연산동,경상사고,0,0,1,0,차대사람 - 횡단중,중앙선침범,건조,맑음,단일로 - 기타,승용,여,39세,상해없음,보행자,여,32세,경상
2012101200100360,2012년 10월 12일 15시,금요일,부산광역시 기장군 장안읍,부상신고사고,0,0,0,1,차대사람 - 길가장자리구역통행중,안전운전불이행,건조,맑음,단일로 - 기타,승용,여,50세,상해없음,보행자,여,57세,부상신고
2012101200100361,2012년 10월 12일 15시,금요일,부산광역시 기장군 정관면,경상사고,0,0,2,0,차대차 - 기타,기타,건조,맑음,단일로 - 기타,화물,남,39세,상해없음,승용,남,34세,경상
2012101200100405,2012년 10월 12일 16시,금요일,부산광역시 수영구 남천동,부상신고사고,0,0,0,1,차대차 - 추돌 - 주정차중,안전거리미확보,건조,맑음,교차로 - 교차로부근,승용,남,25세,상해없음,승용,남,41세,부상신고
2012101200100458,2012년 10월 12일 17시,금요일,부산광역시 북구 덕천동,중상사고,0,1,0,0,차대사람 - 횡단중,안전운전불이행,건조,맑음,단일로 - 횡단보도부근,승용,여,40세,상해없음,보행자,여,73세,중상
2012101200100459,2012년 10월 12일 17시,금요일,부산광역시 금정구 남산동,경상사고,0,0,1,0,차대차 - 기타,안전운전불이행,건조,맑음,단일로 - 기타,승합,남,54세,상해없음,자전거,남,15세,경상
2012101200100460,2012년 10월 12일 17시,금요일,부산광역시 사상구 감전동,경상사고,0,0,1,0,차대차 - 추돌 - 주정차중,안전운전불이행,건조,맑음,단일로 - 횡단보도부근,승용,남,38세,상해없음,승용,남,55세,경상
2012101200100504,2012년 10월 12일 18시,금요일,부산광역시 북구 구포동,경상사고,0,0,2,0,차대차 - 측면직각충돌,안전운전불이행,건조,맑음,교차로 - 교차로안,화물,남,62세,상해없음,원동기,남,17세,경상
2012101200100505,2012년 10월 12일 18시,금요일,부산광역시 해운대구 우동,중상사고,0,1,0,0,차대차 - 기타,기타,건조,맑음,단일로 - 기타,승용,남,42세,상해없음,자전거,여,49세,중상
2012101200100506,2012년 10월 12일 18시,금요일,부산광역시 해운대구 반여동,중상사고,0,1,0,0,차대차 - 측면직각충돌,신호위반,건조,맑음,교차로 - 교차로안,승용,남,62세,상해없음,승용,남,35세,중상
2012101200100507,2012년 10월 12일 18시,금요일,부산광역시 사상구 삼락동,경상사고,0,0,1,0,차대차 - 추돌 - 진행중,안전거리미확보,건조,맑음,단일로 - 기타,승합,남,52세,상해없음,원동기,남,59세,경상
2012101200100508,2012년 10월 12일 18시,금요일,부산광역시 사상구 감전동,중상사고,0,1,0,0,차대차 - 측면직각충돌,차로위반,건조,맑음,단일로 - 기타,승용,남,50세,상해없음,이륜,남,25세,중상
2012101200100575,2012년 10월 12일 19시,금요일,부산광역시 동구 초량동,경상사고,0,0,1,0,차대차 - 추돌 - 주정차중,안전운전불이행,건조,맑음,단일로 - 기타,승용,남,42세,기타불명,승용,남,48세,경상
2012101200100576,2012년 10월 12일 19시,금요일,부산광역시 부산진구 전포동,중상사고,0,1,0,0,차대사람 - 기타,중앙선침범,건조,맑음,단일로 - 기타,승용,남,49세,상해없음,보행자,남,50세,중상
2012101200100577,2012년 10월 12일 19시,금요일,부산광역시 수영구 망미동,중상사고,0,1,0,0,차대사람 - 횡단중,안전운전불이행,건조,맑음,단일로 - 기타,승용,남,54세,상해없음,보행자,여,74세,중상
2012101200100621,2012년 10월 12일 20시,금요일,부산광역시 해운대구 우동,경상사고,0,0,3,0,차대차 - 기타,중앙선침범,건조,맑음,단일로 - 기타,승용,남,42세,상해없음,승용,남,18세,경상
2012101200100622,2012년 10월 12일 20시,금요일,부산광역시 부산진구 부전동,중상사고,0,1,0,0,차대차 - 측면직각충돌,안전거리미확보,건조,맑음,단일로 - 기타,승용,여,25세,상해없음,이륜,남,42세,중상
2012101200100693,2012년 10월 12일 22시,금요일,부산광역시 서구 암남동,경상사고,0,0,1,0,차대차 - 기타,신호위반,건조,맑음,교차로 - 교차로안,승용,남,66세,상해없음,승용,남,58세,경상
2012101200100694,2012년 10월 12일 22시,금요일,부산광역시 사하구 신평동,부상신고사고,0,0,0,1,차대차 - 측면직각충돌,안전운전불이행,건조,맑음,단일로 - 기타,화물,남,23세,상해없음,승용,남,63세,부상신고
2012101200100695,2012년 10월 12일 22시,금요일,부산광역시 연제구 연산동,중상사고,0,1,1,0,차대차 - 측면직각충돌,신호위반,건조,맑음,교차로 - 교차로안,승용,남,48세,상해없음,승용,남,56세,경상
2012101200100727,2012년 10월 12일 23시,금요일,부산광역시 북구 구포동,중상사고,0,1,0,0,차대차 - 측면직각충돌,안전운전불이행,건조,맑음,단일로 - 기타,승용,남,62세,상해없음,원동기,남,25세,중상
2012101200100728,2012년 10월 12일 23시,금요일,부산광역시 해운대구 재송동,경상사고,0,0,2,0,차대차 - 추돌 - 진행중,안전운전불이행,건조,맑음,단일로 - 기타,승용,남,61세,상해없음,승용,여,37세,경상
2012101200100729,2012년 10월 12일 23시,금요일,부산광역시 사하구 당리동,중상사고,0,1,0,0,차대사람 - 보도통행중,기타,건조,맑음,교차로 - 교차로안,승용,남,28세,상해없음,보행자,여,53세,중상
2012101200100730,2012년 10월 12일 23시,금요일,부산광역시 사하구 하단동,경상사고,0,0,2,0,차대차 - 추돌 - 주정차중,안전거리미확보,건조,맑음,단일로 - 기타,이륜,남,17세,상해없음,승용,여,33세,경상
2012101200100731,2012년 10월 12일 23시,금요일,부산광역시 연제구 거제동,중상사고,0,2,3,0,차대차 - 추돌 - 주정차중,안전운전불이행,건조,맑음,단일로 - 기타,승용,남,36세,상해없음,승합,남,35세,경상
2012101200100732,2012년 10월 12일 23시,금요일,부산광역시 사상구 주례동,경상사고,0,0,1,0,차대차 - 측면직각충돌,차로위반,건조,맑음,단일로 - 기타,승용,남,30세,상해없음,이륜,남,18세,경상
2012101300100007,2012년 10월 13일 00시,토요일,부산광역시 동래구 사직동,중상사고,0,1,1,0,차대차 - 추돌 - 주정차중,신호위반,건조,맑음,교차로 - 교차로안,승용,남,75세,상해없음,승용,남,41세,경상
2012101300100008,2012년 10월 13일 00시,토요일,부산광역시 영도구 봉래동4가,중상사고,0,1,0,0,차대사람 - 기타,안전운전불이행,건조,맑음,단일로 - 기타,승용,남,58세,상해없음,보행자,남,26세,중상
2012101300100009,2012년 10월 13일 00시,토요일,부산광역시 연제구 연산동,중상사고,0,1,0,0,차대사람 - 횡단중,안전운전불이행,건조,흐림,단일로 - 기타,승용,남,55세,상해없음,보행자,남,21세,중상
2012101300100036,2012년 10월 13일 01시,토요일,부산광역시 중구 남포동2가,중상사고,0,1,0,0,차대사람 - 기타,안전운전불이행,건조,맑음,교차로 - 교차로부근,승용,남,51세,상해없음,보행자,남,41세,중상
2012101300100037,2012년 10월 13일 01시,토요일,부산광역시 북구 화명동,경상사고,0,0,1,0,차대사람 - 기타,안전운전불이행,건조,맑음,단일로 - 기타,승용,남,49세,상해없음,보행자,여,22세,경상
2012101300100038,2012년 10월 13일 01시,토요일,부산광역시 연제구 연산동,중상사고,0,1,1,0,차대차 - 추돌 - 진행중,안전운전불이행,건조,맑음,단일로 - 기타,승용,남,29세,상해없음,승용,남,49세,중상
2012101300100084,2012년 10월 13일 04시,토요일,부산광역시 해운대구 중동,경상사고,0,0,2,1,차대사람 - 기타,신호위반,건조,맑음,단일로 - 횡단보도상,승용,남,34세,상해없음,보행자,남,27세,경상
2012101300100097,2012년 10월 13일 05시,토요일,부산광역시 연제구 거제동,경상사고,0,0,1,0,차대차 - 추돌 - 진행중,신호위반,건조,흐림,교차로 - 교차로안,승용,남,69세,상해없음,승용,남,27세,경상
2012101300100114,2012년 10월 13일 06시,토요일,부산광역시 해운대구 반송동,중상사고,0,2,0,0,차대차 - 추돌 - 주정차중,안전운전불이행,건조,맑음,교차로 - 교차로부근,승용,남,22세,상해없음,승용,남,54세,중상
2012101300100115,2012년 10월 13일 06시,토요일,부산광역시 부산진구 범천동,중상사고,0,1,0,0,차대차 - 측면직각충돌,안전운전불이행,건조,맑음,단일로 - 기타,화물,남,38세,상해없음,원동기,여,24세,중상
2012101300100128,2012년 10월 13일 07시,토요일,부산광역시 해운대구 우동,경상사고,0,0,1,0,차대차 - 측면직각충돌,신호위반,건조,맑음,단일로 - 기타,승용,남,45세,상해없음,승용,여,28세,경상
2012101300100129,2012년 10월 13일 07시,토요일,부산광역시 부산진구 부전동,경상사고,0,0,1,0,차대사람 - 기타,안전운전불이행,건조,맑음,단일로 - 기타,승용,남,25세,상해없음,보행자,남,48세,경상
2012101300100139,2012년 10월 13일 08시,토요일,부산광역시 수영구 망미동,중상사고,0,1,2,0,차대차 - 측면직각충돌,신호위반,건조,맑음,교차로 - 교차로안,승용,남,38세,경상,승용,여,36세,중상
2012101300100162,2012년 10월 13일 09시,토요일,부산광역시 중구 남포동6가,부상신고사고,0,0,0,1,차대사람 - 차도통행중,안전운전불이행,건조,맑음,교차로 - 교차로부근,화물,남,46세,상해없음,보행자,여,60세,부상신고
2012101300100163,2012년 10월 13일 09시,토요일,부산광역시 수영구 남천동,경상사고,0,0,2,0,차대차 - 정면충돌,안전운전불이행,건조,맑음,교차로 - 교차로부근,승용,여,42세,상해없음,승용,남,80세,경상
2012101300100164,2012년 10월 13일 09시,토요일,부산광역시 부산진구 부전동,경상사고,0,0,1,0,차대차 - 추돌 - 주정차중,안전운전불이행,건조,맑음,단일로 - 기타,승용,여,19세,상해없음,승용,남,34세,경상
2012101300100242,2012년 10월 13일 12시,토요일,부산광역시 금정구 남산동,경상사고,0,0,1,0,차대차 - 측면직각충돌,중앙선침범,건조,맑음,단일로 - 기타,승용,여,23세,상해없음,승용,여,50세,경상
2012101300100381,2012년 10월 13일 16시,토요일,부산광역시 금정구 서동,중상사고,0,1,0,0,차대사람 - 횡단중,보행자보호의무위반,건조,맑음,교차로 - 교차로부근,승용,남,51세,상해없음,보행자,여,58세,중상
2012101300100382,2012년 10월 13일 16시,토요일,부산광역시 사하구 장림동,중상사고,0,1,0,0,차대사람 - 횡단중,신호위반,건조,맑음,단일로 - 횡단보도상,원동기,남,56세,상해없음,보행자,여,63세,중상
2012101300100408,2012년 10월 13일 17시,토요일,부산광역시 수영구 남천동,중상사고,0,1,0,0,차대차 - 기타,신호위반,건조,맑음,교차로 - 교차로안,승용,남,47세,상해없음,원동기,남,17세,중상
2012101300100409,2012년 10월 13일 17시,토요일,부산광역시 북구 구포동,경상사고,0,0,3,0,차대차 - 추돌 - 진행중,안전운전불이행,건조,맑음,기타 - 기타,화물,남,53세,상해없음,승용,여,28세,경상
2012101300100410,2012년 10월 13일 17시,토요일,부산광역시 금정구 금사동,경상사고,0,0,1,0,차대차 - 기타,안전운전불이행,건조,맑음,단일로 - 기타,화물,남,50세,상해없음,승합,남,52세,상해없음
2012101300100411,2012년 10월 13일 17시,토요일,부산광역시 사하구 하단동,중상사고,0,1,0,0,차대차 - 기타,안전운전불이행,건조,맑음,단일로 - 기타,승용,남,55세,상해없음,자전거,남,73세,중상
2012101300100452,2012년 10월 13일 18시,토요일,부산광역시 북구 화명동,경상사고,0,0,1,0,차대사람 - 횡단중,안전운전불이행,건조,맑음,단일로 - 기타,승용,남,54세,상해없음,보행자,여,56세,경상
2012101300100453,2012년 10월 13일 18시,토요일,부산광역시 동래구 온천동,경상사고,0,0,1,0,차대사람 - 횡단중,보행자보호의무위반,건조,맑음,교차로 - 교차로부근,승용,남,65세,상해없음,보행자,남,53세,경상
2012101300100454,2012년 10월 13일 18시,토요일,부산광역시 해운대구 우동,경상사고,0,0,4,0,차대차 - 추돌 - 주정차중,안전운전불이행,건조,맑음,미분류 - 미분류,승용,남,44세,상해없음,승용,남,42세,경상
2012101300100455,2012년 10월 13일 18시,토요일,부산광역시 부산진구 양정동,경상사고,0,0,2,0,차대차 - 기타,교차로운행방법위반,건조,맑음,교차로 - 교차로안,승합,여,44세,상해없음,승용,여,45세,경상
2012101300100456,2012년 10월 13일 18시,토요일,부산광역시 연제구 거제동,중상사고,0,1,0,0,차대사람 - 기타,안전운전불이행,건조,맑음,단일로 - 기타,승용,남,54세,상해없음,보행자,여,70세,중상
2012101300100517,2012년 10월 13일 19시,토요일,부산광역시 남구 우암동,중상사고,0,1,0,0,차대차 - 기타,안전운전불이행,건조,맑음,교차로 - 교차로부근,승용,남,26세,상해없음,원동기,남,29세,중상
2012101300100518,2012년 10월 13일 19시,토요일,부산광역시 남구 용호동,경상사고,0,0,4,0,차대차 - 기타,신호위반,건조,맑음,교차로 - 교차로부근,승용,여,45세,상해없음,승용,남,39세,경상
2012101300100570,2012년 10월 13일 20시,토요일,부산광역시 수영구 민락동,중상사고,0,1,0,0,차대사람 - 기타,안전운전불이행,건조,맑음,단일로 - 기타,승용,남,65세,상해없음,보행자,남,58세,중상
2012101300100571,2012년 10월 13일 20시,토요일,부산광역시 강서구 명지동,경상사고,0,0,2,0,차대차 - 측면직각충돌,안전운전불이행,건조,맑음,단일로 - 기타,승용,남,26세,상해없음,승용,여,32세,경상
2012101300100592,2012년 10월 13일 21시,토요일,부산광역시 수영구 광안동,중상사고,0,1,0,0,차대사람 - 기타,안전운전불이행,건조,맑음,교차로 - 교차로안,승용,남,45세,상해없음,보행자,남,28세,중상
2012101300100593,2012년 10월 13일 21시,토요일,부산광역시 기장군 기장읍,중상사고,0,2,2,0,차대차 - 측면직각충돌,안전거리미확보,건조,맑음,단일로 - 기타,승용,남,42세,상해없음,승용,남,30세,중상
2012101300100620,2012년 10월 13일 22시,토요일,부산광역시 중구 남포동4가,부상신고사고,0,0,0,1,차대사람 - 차도통행중,안전운전불이행,건조,맑음,단일로 - 기타,승용,남,73세,상해없음,보행자,남,50세,부상신고
2012101300100621,2012년 10월 13일 22시,토요일,부산광역시 기장군 일광면,경상사고,0,0,3,0,차대차 - 추돌 - 진행중,안전거리미확보,건조,맑음,단일로 - 기타,승용,남,27세,경상,승용,남,52세,경상
2012101300100650,2012년 10월 13일 23시,토요일,부산광역시 서구 동대신동3가,중상사고,0,1,0,0,차대사람 - 횡단중,보행자보호의무위반,건조,맑음,교차로 - 교차로부근,화물,남,46세,상해없음,보행자,남,80세,중상
2012101300100651,2012년 10월 13일 23시,토요일,부산광역시 금정구 구서동,경상사고,0,0,1,0,차대차 - 측면직각충돌,안전운전불이행,건조,맑음,단일로 - 기타,승용,남,48세,상해없음,원동기,남,63세,경상
2012101400100006,2012년 10월 14일 00시,일요일,부산광역시 남구 대연동,경상사고,0,0,1,0,차대사람 - 기타,안전운전불이행,건조,맑음,단일로 - 기타,승용,남,22세,기타불명,보행자,여,28세,경상
2012101400100007,2012년 10월 14일 00시,일요일,부산광역시 북구 덕천동,경상사고,0,0,1,0,차대차 - 측면직각충돌,안전운전불이행,건조,맑음,교차로 - 교차로안,승용,여,45세,상해없음,승용,남,31세,경상
2012101400100068,2012년 10월 14일 03시,일요일,부산광역시 중구 대청동4가,경상사고,0,0,1,0,차대사람 - 차도통행중,안전운전불이행,건조,맑음,교차로 - 교차로부근,승용,남,35세,상해없음,보행자,남,47세,경상
2012101400100069,2012년 10월 14일 03시,일요일,부산광역시 동래구 명륜동,경상사고,0,0,1,0,차대사람 - 기타,안전운전불이행,건조,맑음,단일로 - 기타,승용,남,29세,상해없음,보행자,여,61세,경상
2012101400100070,2012년 10월 14일 03시,일요일,부산광역시 기장군 기장읍,부상신고사고,0,0,0,1,차대차 - 측면직각충돌,교차로운행방법위반,건조,맑음,교차로 - 교차로안,승용,남,55세,상해없음,승용,여,46세,상해없음
2012101400100081,2012년 10월 14일 04시,일요일,부산광역시 동래구 안락동,중상사고,0,3,0,0,차대차 - 정면충돌,신호위반,건조,맑음,교차로 - 교차로안,화물,남,40세,중상,승용,남,60세,중상