사고번호,사고일시,요일,시군구,사고내용,사망자수,중상자수,경상자수,부상신고자수,사고유형,법규위반,노면상태,기상상태,도로형태,가해운전자 차종,가해운전자 성별,가해운전자 연령,가해운전자 상해정도,피해운전자 차종,피해운전자 성별,피해운전자 연령,피해운전자 상해정도
2012101400100105,2012년 10월 14일 06시,일요일,부산광역시 동래구 안락동,경상사고,0,0,1,0,차대차 - 추돌 - 진행중,신호위반,건조,맑음,교차로 - 교차로안,승용,남,27세,상해없음,이륜,남,46세,경상
2012101400100106,2012년 10월 14일 06시,일요일,부산광역시 수영구 수영동,중상사고,0,1,0,0,차대차 - 추돌 - 진행중,안전거리미확보,건조,맑음,단일로 - 기타,승용,남,49세,상해없음,이륜,남,22세,중상
2012101400100117,2012년 10월 14일 07시,일요일,부산광역시 북구 덕천동,중상사고,0,1,0,0,차대차 - 추돌 - 진행중,안전운전불이행,건조,맑음,단일로 - 기타,승용,남,57세,상해없음,승용,남,24세,중상
2012101400100118,2012년 10월 14일 07시,일요일,부산광역시 해운대구 좌동,사망사고,1,0,0,0,차대차 - 추돌 - 진행중,안전운전불이행,건조,맑음,단일로 - 터널,승용,남,25세,사망,건설기계,남,48세,상해없음
2012101400100131,2012년 10월 14일 08시,일요일,부산광역시 남구 용당동,경상사고,0,0,2,1,차대차 - 기타,신호위반,건조,맑음,교차로 - 교차로안,승용,남,40세,부상신고,승용,여,45세,경상
2012101400100146,2012년 10월 14일 09시,일요일,부산광역시 금정구 서동,경상사고,0,0,1,0,차대차 - 추돌 - 주정차중,안전운전불이행,건조,맑음,단일로 - 기타,승용,기타불명,기타불명,기타불명,승용,남,43세,상해없음
2012101400100162,2012년 10월 14일 10시,일요일,부산광역시 동구 범일동,중상사고,0,1,0,0,차대사람 - 기타,기타,건조,맑음,단일로 - 기타,승합,남,51세,기타불명,보행자,여,69세,중상
2012101400100163,2012년 10월 14일 10시,일요일,부산광역시 북구 구포동,경상사고,0,0,2,0,차대차 - 추돌 - 주정차중,안전운전불이행,건조,맑음,단일로 - 기타,승용,남,57세,상해없음,승용,남,42세,경상
2012101400100164,2012년 10월 14일 10시,일요일,부산광역시 금정구 부곡동,부상신고사고,0,0,0,1,차대차 - 측면직각충돌,안전운전불이행,건조,맑음,교차로 - 교차로부근,승용,남,35세,상해없음,자전거,남,70세,부상신고
2012101400100165,2012년 10월 14일 10시,일요일,부산광역시 사상구 감전동,부상신고사고,0,0,0,1,차대차 - 기타,교차로운행방법위반,건조,맑음,교차로 - 교차로안,승용,남,50세,상해없음,승용,남,63세,상해없음
2012101400100227,2012년 10월 14일 13시,일요일,부산광역시 금정구 부곡동,부상신고사고,0,0,0,1,차대차 - 측면직각충돌,안전운전불이행,건조,맑음,교차로 - 교차로부근,이륜,남,20세,부상신고,승용,여,47세,상해없음
2012101400100228,2012년 10월 14일 13시,일요일,부산광역시 금정구 금사동,중상사고,0,1,1,0,차대차 - 추돌 - 진행중,차로위반,건조,맑음,단일로 - 기타,승용,남,48세,중상,승용,남,28세,경상
2012101400100257,2012년 10월 14일 14시,일요일,부산광역시 사하구 당리동,중상사고,0,1,0,0,차대사람 - 기타,안전운전불이행,건조,맑음,단일로 - 기타,승용,남,31세,상해없음,보행자,여,76세,중상
2012101400100258,2012년 10월 14일 14시,일요일,부산광역시 사상구 삼락동,부상신고사고,0,0,0,1,차대차 - 기타,불법유턴,건조,맑음,단일로 - 기타,자전거,남,40세,부상신고,승용,남,43세,상해없음
2012101400100259,2012년 10월 14일 14시,일요일,부산광역시 기장군 기장읍,경상사고,0,0,1,0,차대차 - 측면직각충돌,교차로운행방법위반,건조,흐림,교차로 - 교차로안,원동기,남,46세,경상,승용,남,36세,상해없음
2012101400100291,2012년 10월 14일 15시,일요일,부산광역시 해운대구 우동,경상사고,0,0,1,0,차대차 - 측면직각충돌,안전거리미확보,건조,맑음,단일로 - 기타,승용,여,56세,상해없음,이륜,남,21세,경상
2012101400100292,2012년 10월 14일 15시,일요일,부산광역시 사상구 괘법동,경상사고,0,0,1,0,차대차 - 추돌 - 주정차중,안전운전불이행,건조,맑음,교차로 - 교차로부근,승용,남,60세,상해없음,승용,여,21세,상해없음
2012101400100354,2012년 10월 14일 17시,일요일,부산광역시 금정구 부곡동,중상사고,0,1,2,0,차대차 - 추돌 - 주정차중,안전운전불이행,건조,맑음,단일로 - 기타,승용,남,57세,상해없음,승용,남,52세,중상
2012101400100355,2012년 10월 14일 17시,일요일,부산광역시 연제구 연산동,경상사고,0,0,2,0,차대차 - 측면직각충돌,안전거리미확보,건조,맑음,단일로 - 기타,화물,남,55세,상해없음,승용,남,59세,경상
2012101400100386,2012년 10월 14일 18시,일요일,부산광역시 동구 좌천동,중상사고,0,1,0,0,차대차 - 기타,안전거리미확보,건조,맑음,단일로 - 기타,승용,여,52세,상해없음,승용,남,47세,중상
2012101400100387,2012년 10월 14일 18시,일요일,부산광역시 사상구 주례동,부상신고사고,0,0,0,1,차대차 - 기타,기타,건조,맑음,단일로 - 기타,화물,남,26세,부상신고,승용,여,35세,기타불명
2012101400100440,2012년 10월 14일 19시,일요일,부산광역시 금정구 금성동,경상사고,0,0,1,0,차대차 - 기타,안전운전불이행,건조,맑음,단일로 - 기타,승용,남,66세,상해없음,승용,여,49세,경상
2012101400100483,2012년 10월 14일 20시,일요일,부산광역시 수영구 광안동,중상사고,0,1,0,0,차대사람 - 차도통행중,안전운전불이행,건조,맑음,교차로 - 교차로안,승용,여,43세,상해없음,보행자,남,53세,중상
2012101400100484,2012년 10월 14일 20시,일요일,부산광역시 남구 대연동,경상사고,0,0,1,0,차대차 - 기타,안전운전불이행,건조,맑음,단일로 - 기타,자전거,여,20세,경상,승용,남,31세,상해없음
2012101400100485,2012년 10월 14일 20시,일요일,부산광역시 동래구 명장동,중상사고,0,1,0,0,차대사람 - 횡단중,안전운전불이행,건조,맑음,단일로 - 기타,이륜,남,17세,상해없음,보행자,여,65세,중상
2012101400100486,2012년 10월 14일 20시,일요일,부산광역시 해운대구 우동,경상사고,0,0,1,0,차대사람 - 기타,안전운전불이행,건조,맑음,단일로 - 기타,원동기,남,24세,상해없음,보행자,남,17세,경상
2012101400100487,2012년 10월 14일 20시,일요일,부산광역시 사하구 다대동,부상신고사고,0,0,0,1,차대사람 - 기타,안전운전불이행,건조,맑음,단일로 - 기타,승용,남,40세,상해없음,보행자,남,50세,부상신고
2012101400100488,2012년 10월 14일 20시,일요일,부산광역시 사상구 괘법동,경상사고,0,0,1,0,차대차 - 정면충돌,중앙선침범,건조,맑음,단일로 - 횡단보도부근,승용,남,62세,상해없음,원동기,남,24세,경상
2012101400100519,2012년 10월 14일 21시,일요일,부산광역시 사하구 신평동,중상사고,0,1,0,0,차대차 - 기타,안전운전불이행,건조,맑음,교차로 - 교차로안,승용,여,34세,상해없음,이륜,남,16세,중상
2012101400100550,2012년 10월 14일 22시,일요일,부산광역시 해운대구 반여동,부상신고사고,0,0,0,1,차대사람 - 기타,안전운전불이행,건조,맑음,단일로 - 기타,승용,남,30세,상해없음,보행자,남,45세,부상신고
2012101400100551,2012년 10월 14일 22시,일요일,부산광역시 사하구 신평동,중상사고,0,1,1,0,차대차 - 측면직각충돌,안전거리미확보,건조,맑음,교차로 - 교차로부근,승용,여,48세,상해없음,승용,남,60세,경상
2012101500100018,2012년 10월 15일 02시,월요일,부산광역시 남구 대연동,경상사고,0,0,1,0,차대차 - 기타,안전운전불이행,건조,맑음,단일로 - 기타,승용,남,52세,상해없음,승용,여,42세,상해없음
2012101500100038,2012년 10월 15일 04시,월요일,부산광역시 해운대구 중동,중상사고,0,2,2,1,차대사람 - 차도통행중,안전운전불이행,건조,맑음,단일로 - 기타,이륜,남,25세,부상신고,보행자,여,21세,중상
2012101500100044,2012년 10월 15일 05시,월요일,부산광역시 동구 좌천동,중상사고,0,1,0,0,차대사람 - 횡단중,안전운전불이행,건조,맑음,단일로 - 기타,승용,남,33세,상해없음,보행자,남,57세,중상
2012101500100061,2012년 10월 15일 06시,월요일,부산광역시 서구 동대신동3가,중상사고,0,1,0,1,차대차 - 기타,신호위반,건조,맑음,단일로 - 기타,승용,여,39세,부상신고,원동기,남,60세,중상
2012101500100062,2012년 10월 15일 06시,월요일,부산광역시 부산진구 초읍동,중상사고,0,1,0,0,차대차 - 기타,안전거리미확보,기타,맑음,단일로 - 기타,승용,여,62세,상해없음,이륜,남,55세,중상
2012101500100073,2012년 10월 15일 07시,월요일,부산광역시 남구 문현동,경상사고,0,0,1,0,차대차 - 추돌 - 진행중,차로위반,건조,맑음,단일로 - 기타,승용,남,70세,상해없음,승용,여,42세,경상
2012101500100107,2012년 10월 15일 08시,월요일,부산광역시 수영구 광안동,부상신고사고,0,0,0,1,차대사람 - 차도통행중,안전운전불이행,건조,맑음,교차로 - 교차로안,승합,남,55세,상해없음,보행자,남,33세,부상신고
2012101500100108,2012년 10월 15일 08시,월요일,부산광역시 동래구 온천동,경상사고,0,0,1,0,차대차 - 측면직각충돌,안전운전불이행,건조,맑음,단일로 - 기타,승용,남,61세,상해없음,승용,남,38세,경상
2012101500100157,2012년 10월 15일 09시,월요일,부산광역시 수영구 광안동,경상사고,0,0,1,0,차대차 - 추돌 - 진행중,안전거리미확보,건조,맑음,교차로 - 교차로부근,승용,여,54세,상해없음,승용,남,46세,경상
2012101500100158,2012년 10월 15일 09시,월요일,부산광역시 금정구 구서동,경상사고,0,0,2,0,차대차 - 측면직각충돌,안전운전불이행,건조,맑음,단일로 - 기타,특수,남,41세,상해없음,승용,여,64세,경상
2012101500100159,2012년 10월 15일 09시,월요일,부산광역시 사하구 신평동,경상사고,0,0,1,0,차대차 - 추돌 - 진행중,안전거리미확보,건조,맑음,단일로 - 기타,화물,남,44세,상해없음,승용,남,53세,경상
2012101500100192,2012년 10월 15일 10시,월요일,부산광역시 영도구 영선동1가,경상사고,0,0,1,0,차대사람 - 기타,안전운전불이행,건조,맑음,단일로 - 횡단보도부근,화물,남,55세,상해없음,보행자,여,53세,경상
2012101500100193,2012년 10월 15일 10시,월요일,부산광역시 수영구 망미동,중상사고,0,1,0,0,차대사람 - 보도통행중,중앙선침범,건조,맑음,단일로 - 기타,승용,남,60세,상해없음,보행자,여,49세,중상
2012101500100216,2012년 10월 15일 11시,월요일,부산광역시 동래구 안락동,중상사고,0,1,0,0,차대사람 - 기타,안전운전불이행,건조,맑음,단일로 - 기타,승용,여,47세,상해없음,보행자,여,52세,중상
2012101500100217,2012년 10월 15일 11시,월요일,부산광역시 강서구 봉림동,경상사고,0,0,1,0,차대차 - 추돌 - 진행중,안전거리미확보,건조,맑음,단일로 - 기타,승용,남,45세,상해없음,승용,남,34세,경상
2012101500100247,2012년 10월 15일 12시,월요일,부산광역시 사하구 하단동,경상사고,0,0,1,0,차대사람 - 기타,교차로운행방법위반,건조,맑음,교차로 - 교차로부근,화물,남,37세,상해없음,보행자,남,53세,경상
2012101500100275,2012년 10월 15일 13시,월요일,부산광역시 금정구 구서동,중상사고,0,1,0,0,차대차 - 측면직각충돌,중앙선침범,건조,맑음,단일로 - 기타,승용,여,52세,상해없음,승용,남,40세,중상
2012101500100276,2012년 10월 15일 13시,월요일,부산광역시 수영구 망미동,중상사고,0,1,0,0,차대차 - 기타,안전운전불이행,건조,맑음,단일로 - 기타,승용,남,31세,상해없음,이륜,남,29세,중상
2012101500100303,2012년 10월 15일 14시,월요일,부산광역시 사하구 감천동,부상신고사고,0,0,0,2,차대차 - 측면직각충돌,중앙선침범,건조,맑음,단일로 - 기타,승용,남,46세,상해없음,승용,남,29세,부상신고
2012101500100304,2012년 10월 15일 14시,월요일,부산광역시 사하구 괴정동,부상신고사고,0,0,0,1,차대사람 - 보도통행중,기타,건조,맑음,단일로 - 횡단보도상,이륜,남,55세,상해없음,보행자,남,34세,부상신고
2012101500100342,2012년 10월 15일 15시,월요일,부산광역시 금정구 부곡동,경상사고,0,0,2,0,차대차 - 추돌 - 진행중,차로위반,건조,맑음,단일로 - 기타,특수,남,31세,경상,승합,남,59세,경상
2012101500100343,2012년 10월 15일 15시,월요일,부산광역시 사하구 장림동,경상사고,0,0,2,0,차대차 - 기타,중앙선침범,건조,맑음,단일로 - 기타,승용,남,34세,상해없음,승합,남,24세,경상
2012101500100379,2012년 10월 15일 16시,월요일,부산광역시 남구 대연동,경상사고,0,0,1,0,차대차 - 기타,기타,건조,맑음,단일로 - 기타,승용,남,53세,상해없음,자전거,남,35세,경상
2012101500100380,2012년 10월 15일 16시,월요일,부산광역시 해운대구 중동,경상사고,0,0,1,0,차대차 - 기타,안전운전불이행,건조,맑음,단일로 - 기타,승용,남,40세,상해없음,원동기,남,24세,경상
2012101500100414,2012년 10월 15일 17시,월요일,부산광역시 동래구 명장동,경상사고,0,0,1,0,차대사람 - 횡단중,보행자보호의무위반,건조,맑음,교차로 - 교차로안,승용,남,39세,상해없음,보행자,여,8세,경상
2012101500100415,2012년 10월 15일 17시,월요일,부산광역시 해운대구 좌동,중상사고,0,1,0,0,차대사람 - 기타,안전운전불이행,건조,맑음,단일로 - 기타,화물,남,36세,상해없음,보행자,여,83세,중상
2012101500100416,2012년 10월 15일 17시,월요일,부산광역시 사하구 다대동,경상사고,0,0,1,0,차대차 - 측면직각충돌,안전운전불이행,건조,맑음,단일로 - 기타,승용,남,20세,상해없음,이륜,남,35세,경상
2012101500100457,2012년 10월 15일 18시,월요일,부산광역시 부산진구 범전동,경상사고,0,0,1,0,차대사람 - 기타,안전운전불이행,건조,맑음,단일로 - 횡단보도부근,화물,남,56세,상해없음,보행자,여,14세,경상
2012101500100513,2012년 10월 15일 19시,월요일,부산광역시 부산진구 양정동,경상사고,0,0,1,0,차대차 - 추돌 - 주정차중,안전운전불이행,건조,맑음,단일로 - 기타,승용,남,55세,상해없음,승용,남,45세,경상
2012101500100514,2012년 10월 15일 19시,월요일,부산광역시 금정구 장전동,부상신고사고,0,0,0,1,차대사람 - 차도통행중,안전운전불이행,건조,맑음,단일로 - 기타,화물,남,64세,상해없음,보행자,남,84세,부상신고
2012101500100583,2012년 10월 15일 21시,월요일,부산광역시 사하구 하단동,부상신고사고,0,0,0,1,차대차 - 기타,안전거리미확보,건조,맑음,단일로 - 기타,이륜,남,16세,상해없음,승용,남,60세,상해없음
2012101500100584,2012년 10월 15일 21시,월요일,부산광역시 연제구 연산동,경상사고,0,0,1,0,차량단독 - 전도전복,안전운전불이행,건조,맑음,교차로 - 교차로안,승용,남,52세,상해없음,,,,
2012101500100585,2012년 10월 15일 21시,월요일,부산광역시 강서구 녹산동,부상신고사고,0,0,0,1,차대차 - 측면직각충돌,신호위반,건조,맑음,교차로 - 교차로안,승용,여,47세,상해없음,승용,남,43세,부상신고
2012101500100637,2012년 10월 15일 23시,월요일,부산광역시 연제구 연산동,중상사고,0,1,0,0,차대차 - 측면직각충돌,안전운전불이행,건조,맑음,단일로 - 기타,원동기,남,57세,상해없음,원동기,남,19세,중상
2012101600100006,2012년 10월 16일 00시,화요일,부산광역시 부산진구 부전동,중상사고,0,1,0,0,차대사람 - 기타,안전운전불이행,건조,맑음,단일로 - 기타,화물,남,60세,상해없음,보행자,남,40세,중상
2012101600100007,2012년 10월 16일 00시,화요일,부산광역시 부산진구 개금동,중상사고,0,1,0,0,차대사람 - 기타,안전운전불이행,건조,맑음,기타 - 기타,승용,남,54세,상해없음,보행자,남,47세,중상
2012101600100027,2012년 10월 16일 01시,화요일,부산광역시 부산진구 부전동,경상사고,0,0,1,0,차대사람 - 길가장자리구역통행중,안전운전불이행,건조,맑음,단일로 - 기타,승용,남,62세,상해없음,보행자,남,51세,경상
2012101600100054,2012년 10월 16일 03시,화요일,부산광역시 부산진구 부전동,부상신고사고,0,0,0,1,차대사람 - 차도통행중,안전운전불이행,건조,맑음,단일로 - 기타,승합,남,20세,상해없음,보행자,남,30세,부상신고
2012101600100074,2012년 10월 16일 05시,화요일,부산광역시 동래구 안락동,중상사고,0,1,1,0,차대차 - 추돌 - 진행중,안전운전불이행,건조,맑음,교차로 - 교차로부근,승용,여,40세,상해없음,승용,남,69세,중상
2012101600100075,2012년 10월 16일 05시,화요일,부산광역시 사하구 하단동,중상사고,0,1,0,0,차대사람 - 횡단중,안전운전불이행,건조,맑음,교차로 - 교차로부근,승용,남,53세,상해없음,보행자,남,66세,중상
2012101600100085,2012년 10월 16일 06시,화요일,부산광역시 수영구 광안동,경상사고,0,0,1,0,차대사람 - 횡단중,신호위반,건조,맑음,교차로 - 교차로부근,승합,남,59세,상해없음,보행자,여,71세,경상
2012101600100086,2012년 10월 16일 06시,화요일,부산광역시 해운대구 우동,중상사고,0,1,6,0,차대차 - 정면충돌,교차로운행방법위반,건조,맑음,교차로 - 교차로안,승용,남,55세,상해없음,승용,남,43세,경상
2012101600100100,2012년 10월 16일 07시,화요일,부산광역시 동구 범일동,중상사고,0,1,0,0,차대차 - 기타,차로위반,건조,맑음,단일로 - 교량,승용,남,30세,상해없음,승용,남,59세,중상
2012101600100101,2012년 10월 16일 07시,화요일,부산광역시 남구 대연동,중상사고,0,1,0,0,차대사람 - 횡단중,안전운전불이행,건조,맑음,단일로 - 횡단보도상,화물,남,37세,상해없음,보행자,남,79세,중상
2012101600100102,2012년 10월 16일 07시,화요일,부산광역시 영도구 남항동3가,중상사고,0,1,0,0,차대사람 - 횡단중,보행자보호의무위반,건조,맑음,단일로 - 횡단보도상,승용,남,63세,상해없음,보행자,여,63세,중상
2012101600100103,2012년 10월 16일 07시,화요일,부산광역시 사하구 신평동,경상사고,0,0,4,0,차대차 - 추돌 - 진행중,안전거리미확보,건조,맑음,단일로 - 교량,승용,남,55세,상해없음,승용,여,26세,경상
2012101600100104,2012년 10월 16일 07시,화요일,부산광역시 기장군 장안읍,경상사고,0,0,3,0,차대차 - 추돌 - 진행중,안전거리미확보,건조,맑음,단일로 - 기타,승합,남,44세,상해없음,승용,남,34세,경상
2012101600100140,2012년 10월 16일 08시,화요일,부산광역시 부산진구 당감동,경상사고,0,0,1,0,차대차 - 추돌 - 진행중,안전운전불이행,건조,맑음,단일로 - 터널,승용,남,26세,상해없음,승용,여,34세,경상
2012101600100141,2012년 10월 16일 08시,화요일,부산광역시 금정구 금사동,경상사고,0,0,1,0,차대차 - 추돌 - 진행중,안전운전불이행,건조,맑음,단일로 - 기타,승용,남,31세,상해없음,승합,남,32세,경상
2012101600100142,2012년 10월 16일 08시,화요일,부산광역시 사상구 주례동,경상사고,0,0,1,2,차대차 - 측면직각충돌,교차로운행방법위반,건조,맑음,교차로 - 교차로안,승용,남,45세,부상신고,승용,남,38세,경상
2012101600100184,2012년 10월 16일 09시,화요일,부산광역시 영도구 동삼동,중상사고,0,1,0,0,차대사람 - 차도통행중,안전운전불이행,건조,맑음,단일로 - 횡단보도부근,화물,남,44세,상해없음,보행자,남,24세,중상
2012101600100217,2012년 10월 16일 10시,화요일,부산광역시 연제구 연산동,중상사고,0,1,0,0,차대사람 - 길가장자리구역통행중,안전운전불이행,건조,맑음,기타 - 기타,승용,여,53세,상해없음,보행자,남,29세,중상
2012101600100244,2012년 10월 16일 11시,화요일,부산광역시 사하구 하단동,중상사고,0,1,0,0,차대차 - 측면직각충돌,신호위반,건조,맑음,교차로 - 교차로안,특수,남,52세,상해없음,승용,남,34세,중상
2012101600100264,2012년 10월 16일 12시,화요일,부산광역시 강서구 대저1동,중상사고,0,1,0,0,차대차 - 기타,안전운전불이행,건조,맑음,기타 - 기타,건설기계,남,55세,상해없음,이륜,남,80세,중상
2012101600100295,2012년 10월 16일 13시,화요일,부산광역시 수영구 광안동,중상사고,0,2,1,0,차대차 - 추돌 - 진행중,안전운전불이행,건조,맑음,단일로 - 기타,승합,여,59세,상해없음,승용,여,52세,경상
2012101600100296,2012년 10월 16일 13시,화요일,부산광역시 해운대구 우동,중상사고,0,1,0,0,차대차 - 추돌 - 진행중,안전거리미확보,건조,맑음,단일로 - 기타,건설기계,남,56세,상해없음,승용,남,46세,중상
2012101600100297,2012년 10월 16일 13시,화요일,부산광역시 해운대구 우동,경상사고,0,0,1,0,차대차 - 기타,중앙선침범,건조,기타,단일로 - 기타,승용,여,61세,상해없음,승용,남,60세,상해없음
2012101600100325,2012년 10월 16일 14시,화요일,부산광역시 강서구 성북동,경상사고,0,0,1,0,차대차 - 측면직각충돌,신호위반,건조,맑음,교차로 - 교차로안,특수,남,61세,상해없음,특수,남,34세,경상
2012101600100360,2012년 10월 16일 15시,화요일,부산광역시 사상구 주례동,경상사고,0,0,1,0,차대차 - 측면직각충돌,안전운전불이행,건조,맑음,단일로 - 기타,화물,남,22세,상해없음,승용,남,39세,경상
2012101600100397,2012년 10월 16일 16시,화요일,부산광역시 수영구 광안동,경상사고,0,0,2,0,차대차 - 추돌 - 주정차중,안전운전불이행,건조,맑음,단일로 - 횡단보도상,승용,남,30세,상해없음,승용,여,55세,경상
2012101600100425,2012년 10월 16일 17시,화요일,부산광역시 중구 대청동1가,경상사고,0,0,1,0,차대사람 - 차도통행중,안전운전불이행,건조,맑음,교차로 - 교차로부근,승용,여,41세,상해없음,보행자,남,8세,경상
2012101600100468,2012년 10월 16일 18시,화요일,부산광역시 동래구 낙민동,중상사고,0,2,0,0,차대차 - 측면직각충돌,중앙선침범,건조,맑음,단일로 - 기타,승용,남,38세,상해없음,원동기,남,16세,중상
2012101600100469,2012년 10월 16일 18시,화요일,부산광역시 금정구 부곡동,경상사고,0,0,1,0,차대차 - 추돌 - 진행중,안전운전불이행,건조,맑음,단일로 - 기타,화물,남,51세,상해없음,화물,남,58세,경상
2012101600100470,2012년 10월 16일 18시,화요일,부산광역시 사상구 괘법동,경상사고,0,0,2,1,차대차 - 추돌 - 진행중,안전운전불이행,건조,맑음,교차로 - 교차로부근,승용,여,37세,경상,승용,남,31세,부상신고
2012101600100537,2012년 10월 16일 19시,화요일,부산광역시 해운대구 우동,중상사고,0,1,0,0,차대사람 - 기타,안전운전불이행,건조,맑음,단일로 - 기타,승합,기타불명,기타불명,기타불명,보행자,남,33세,중상
2012101600100538,2012년 10월 16일 19시,화요일,부산광역시 강서구 송정동,중상사고,0,2,0,0,차대차 - 기타,불법유턴,건조,맑음,단일로 - 기타,승용,남,48세,상해없음,승용,남,62세,중상
2012101600100572,2012년 10월 16일 20시,화요일,부산광역시 남구 대연동,중상사고,0,1,0,0,차대차 - 기타,신호위반,건조,맑음,교차로 - 교차로안,승용,여,44세,상해없음,이륜,남,54세,중상
2012101600100573,2012년 10월 16일 20시,화요일,부산광역시 동래구 온천동,중상사고,0,1,0,0,차량단독 - 기타,안전운전불이행,건조,맑음,교차로 - 교차로안,승합,남,50세,상해없음,,,,
2012101600100574,2012년 10월 16일 20시,화요일,부산광역시 해운대구 재송동,경상사고,0,0,2,0,차대차 - 추돌 - 주정차중,안전운전불이행,건조,맑음,단일로 - 기타,승용,남,70세,상해없음,승용,여,31세,경상
2012101600100575,2012년 10월 16일 20시,화요일,부산광역시 부산진구 당감동,경상사고,0,0,1,0,차대차 - 기타,중앙선침범,건조,맑음,단일로 - 기타,원동기,남,17세,기타불명,원동기,남,18세,경상
2012101600100576,2012년 10월 16일 20시,화요일,부산광역시 사하구 신평동,중상사고,0,1,0,0,차대차 - 추돌 - 진행중,안전거리미확보,건조,맑음,단일로 - 기타,건설기계,남,44세,상해없음,승합,남,50세,중상
2012101600100605,2012년 10월 16일 21시,화요일,부산광역시 사상구 감전동,사망사고,1,0,0,0,차대사람 - 기타,안전운전불이행,건조,맑음,단일로 - 기타,승합,남,70세,상해없음,보행자,남,49세,사망
2012101600100637,2012년 10월 16일 22시,화요일,부산광역시 해운대구 재송동,중상사고,0,1,0,0,차대사람 - 기타,안전운전불이행,건조,맑음,단일로 - 기타,승용,남,35세,상해없음,보행자,남,36세,중상
2012101600100638,2012년 10월 16일 22시,화요일,부산광역시 연제구 연산동,경상사고,0,0,1,0,차대차 - 추돌 - 진행중,교차로운행방법위반,건조,흐림,교차로 - 교차로안,승용,남,39세,상해없음,이륜,남,32세,경상
2012101600100661,2012년 10월 16일 23시,화요일,부산광역시 연제구 연산동,경상사고,0,0,3,0,차대차 - 기타,안전운전불이행,건조,맑음,단일로 - 기타,이륜,남,16세,상해없음,승용,남,20세,경상
2012101600100662,2012년 10월 16일 23시,화요일,부산광역시 사상구 삼락동,부상신고사고,0,0,0,1,차대차 - 기타,안전운전불이행,건조,맑음,단일로 - 기타,승용,기타불명,기타불명,기타불명,자전거,남,42세,부상신고
2012101700100025,2012년 10월 17일 01시,수요일,부산광역시 해운대구 반송동,중상사고,0,1,0,0,차대차 - 기타,중앙선침범,건조,맑음,교차로 - 교차로안,승용,남,59세,기타불명,원동기,남,34세,중상
2012101700100026,2012년 10월 17일 01시,수요일,부산광역시 해운대구 반여동,중상사고,0,2,3,0,차대차 - 측면직각충돌,안전운전불이행,건조,맑음,교차로 - 교차로안,승용,남,28세,상해없음,승합,남,40세,중상
2012101700100027,2012년 10월 17일 01시,수요일,부산광역시 금정구 남산동,중상사고,0,1,1,0,차대차 - 측면직각충돌,안전운전불이행,건조,맑음,단일로 - 기타,승용,남,18세,상해없음,승용,남,45세,경상
2012101700100039,2012년 10월 17일 02시,수요일,부산광역시 해운대구 우동,경상사고,0,0,1,1,차량단독 - 공작물충돌,안전운전불이행,건조,맑음,단일로 - 기타,승용,남,21세,부상신고,,,,
2012101700100050,2012년 10월 17일 03시,수요일,부산광역시 연제구 거제동,중상사고,0,1,0,0,차대차 - 측면직각충돌,신호위반,건조,맑음,단일로 - 기타,승용,남,31세,상해없음,자전거,남,26세,중상
2012101700100094,2012년 10월 17일 06시,수요일,부산광역시 사하구 당리동,경상사고,0,0,1,0,차대사람 - 차도통행중,안전운전불이행,건조,맑음,단일로 - 횡단보도부근,승용,남,42세,상해없음,보행자,남,40세,경상
2012101700100095,2012년 10월 17일 06시,수요일,부산광역시 강서구 송정동,중상사고,0,1,0,0,차대차 - 측면직각충돌,안전운전불이행,건조,맑음,교차로 - 교차로안,승용,기타불명,기타불명,기타불명,승합,남,36세,중상
2012101700100150,2012년 10월 17일 08시,수요일,부산광역시 수영구 망미동,중상사고,0,1,0,0,차대사람 - 횡단중,안전운전불이행,건조,맑음,교차로 - 교차로부근,승합,남,64세,상해없음,보행자,여,56세,중상
2012101700100201,2012년 10월 17일 09시,수요일,부산광역시 부산진구 부암동,중상사고,0,1,0,0,차대차 - 측면직각충돌,신호위반,건조,맑음,교차로 - 교차로안,승용,남,53세,상해없음,이륜,남,29세,중상
2012101700100202,2012년 10월 17일 09시,수요일,부산광역시 금정구 장전동,중상사고,0,1,0,0,차대사람 - 횡단중,보행자보호의무위반,건조,맑음,교차로 - 교차로부근,승용,남,40세,상해없음,보행자,여,82세,중상
2012101700100203,2012년 10월 17일 09시,수요일,부산광역시 기장군 장안읍,경상사고,0,0,1,0,차대차 - 측면직각충돌,안전거리미확보,건조,맑음,단일로 - 기타,승용,기타불명,기타불명,기타불명,승용,남,22세,경상
2012101700100305,2012년 10월 17일 13시,수요일,부산광역시 남구 문현동,경상사고,0,0,1,0,차대차 - 추돌 - 주정차중,안전거리미확보,건조,맑음,교차로 - 교차로부근,화물,남,61세,상해없음,이륜,남,74세,경상
2012101700100328,2012년 10월 17일 14시,수요일,부산광역시 중구 중앙동4가,중상사고,0,1,2,0,차대차 - 기타,차로위반,건조,맑음,단일로 - 기타,화물,남,25세,상해없음,승합,남,56세,상해없음
2012101700100329,2012년 10월 17일 14시,수요일,부산광역시 남구 감만동,중상사고,0,1,0,0,차대차 - 추돌 - 주정차중,안전운전불이행,건조,맑음,단일로 - 기타,이륜,남,20세,중상,승용,남,30세,기타불명