사고번호,사고일시,요일,시군구,사고내용,사망자수,중상자수,경상자수,부상신고자수,사고유형,법규위반,노면상태,기상상태,도로형태,가해운전자 차종,가해운전자 성별,가해운전자 연령,가해운전자 상해정도,피해운전자 차종,피해운전자 성별,피해운전자 연령,피해운전자 상해정도
2012102000100273,2012년 10월 20일 13시,토요일,부산광역시 남구 대연동,경상사고,0,0,1,0,차대사람 - 기타,안전운전불이행,건조,맑음,단일로 - 기타,승용,남,19세,기타불명,보행자,남,33세,경상
2012102000100274,2012년 10월 20일 13시,토요일,부산광역시 수영구 광안동,경상사고,0,0,1,0,차대차 - 측면직각충돌,안전운전불이행,건조,맑음,단일로 - 기타,승용,남,45세,상해없음,승용,남,58세,경상
2012102000100275,2012년 10월 20일 13시,토요일,부산광역시 부산진구 부암동,사망사고,1,0,0,0,차대사람 - 기타,안전운전불이행,건조,맑음,기타 - 기타,승합,남,56세,상해없음,보행자,여,81세,사망
2012102000100276,2012년 10월 20일 13시,토요일,부산광역시 부산진구 양정동,중상사고,0,1,0,0,차대차 - 기타,안전거리미확보,건조,맑음,단일로 - 기타,원동기,남,52세,상해없음,승용,남,52세,상해없음
2012102000100277,2012년 10월 20일 13시,토요일,부산광역시 사상구 괘법동,경상사고,0,0,1,0,차대사람 - 길가장자리구역통행중,안전운전불이행,건조,맑음,단일로 - 기타,화물,남,51세,상해없음,보행자,남,37세,경상
2012102000100278,2012년 10월 20일 13시,토요일,부산광역시 기장군 기장읍,경상사고,0,0,2,0,차대차 - 측면직각충돌,안전운전불이행,건조,맑음,단일로 - 기타,자전거,남,12세,경상,승용,여,34세,상해없음
2012102000100314,2012년 10월 20일 14시,토요일,부산광역시 영도구 대교동1가,중상사고,0,1,1,0,차대차 - 기타,안전운전불이행,건조,맑음,단일로 - 기타,승용,남,33세,경상,원동기,남,41세,중상
2012102000100315,2012년 10월 20일 14시,토요일,부산광역시 부산진구 범천동,중상사고,0,1,0,0,차대사람 - 횡단중,보행자보호의무위반,건조,맑음,단일로 - 기타,건설기계,남,58세,상해없음,보행자,남,24세,중상
2012102000100352,2012년 10월 20일 15시,토요일,부산광역시 수영구 광안동,부상신고사고,0,0,0,1,차대사람 - 기타,신호위반,건조,맑음,단일로 - 기타,승합,남,74세,상해없음,보행자,여,1세,부상신고
2012102000100353,2012년 10월 20일 15시,토요일,부산광역시 금정구 부곡동,경상사고,0,0,1,0,차대사람 - 기타,안전운전불이행,건조,맑음,단일로 - 기타,승용,남,38세,상해없음,보행자,여,71세,경상
2012102000100385,2012년 10월 20일 16시,토요일,부산광역시 동래구 온천동,중상사고,0,1,0,0,차대차 - 측면직각충돌,안전운전불이행,건조,맑음,교차로 - 교차로안,승용,남,43세,상해없음,자전거,남,47세,중상
2012102000100386,2012년 10월 20일 16시,토요일,부산광역시 금정구 서동,중상사고,0,1,0,0,차대차 - 추돌 - 진행중,신호위반,건조,맑음,단일로 - 기타,승용,남,58세,상해없음,이륜,남,40세,중상
2012102000100420,2012년 10월 20일 17시,토요일,부산광역시 남구 대연동,중상사고,0,1,0,0,차대차 - 추돌 - 주정차중,안전운전불이행,건조,맑음,교차로 - 교차로부근,승용,남,21세,상해없음,승용,남,52세,중상
2012102000100421,2012년 10월 20일 17시,토요일,부산광역시 북구 만덕동,부상신고사고,0,0,0,1,차량단독 - 공작물충돌,안전운전불이행,건조,맑음,교차로 - 교차로안,승용,여,55세,상해없음,,,,
2012102000100422,2012년 10월 20일 17시,토요일,부산광역시 해운대구 우동,경상사고,0,0,2,0,차대차 - 기타,안전운전불이행,건조,맑음,단일로 - 기타,승용,남,49세,상해없음,원동기,남,34세,경상
2012102000100423,2012년 10월 20일 17시,토요일,부산광역시 해운대구 우동,경상사고,0,0,1,0,차대차 - 측면직각충돌,안전운전불이행,건조,맑음,교차로 - 교차로안,승용,남,32세,상해없음,자전거,남,25세,경상
2012102000100424,2012년 10월 20일 17시,토요일,부산광역시 강서구 봉림동,중상사고,0,2,1,0,차대차 - 측면직각충돌,안전거리미확보,건조,맑음,단일로 - 기타,승용,남,57세,상해없음,화물,남,57세,경상
2012102000100425,2012년 10월 20일 17시,토요일,부산광역시 사상구 학장동,경상사고,0,0,1,0,차대차 - 측면직각충돌,안전거리미확보,건조,맑음,단일로 - 기타,자전거,남,15세,경상,승용,남,65세,상해없음
2012102000100456,2012년 10월 20일 18시,토요일,부산광역시 서구 서대신동3가,경상사고,0,0,2,0,차대차 - 기타,신호위반,건조,맑음,교차로 - 교차로안,승용,남,42세,상해없음,승용,남,61세,경상
2012102000100457,2012년 10월 20일 18시,토요일,부산광역시 해운대구 반여동,경상사고,0,0,1,0,차대차 - 추돌 - 주정차중,안전운전불이행,건조,맑음,단일로 - 기타,승용,남,33세,상해없음,승용,남,52세,상해없음
2012102000100458,2012년 10월 20일 18시,토요일,부산광역시 사상구 모라동,경상사고,0,0,7,0,차대차 - 추돌 - 주정차중,안전운전불이행,건조,맑음,단일로 - 기타,승용,남,26세,상해없음,승용,남,57세,경상
2012102000100549,2012년 10월 20일 20시,토요일,부산광역시 북구 화명동,경상사고,0,0,1,0,차대차 - 측면직각충돌,신호위반,건조,맑음,교차로 - 교차로부근,이륜,남,18세,상해없음,승용,남,63세,상해없음
2012102000100577,2012년 10월 20일 21시,토요일,부산광역시 부산진구 부암동,경상사고,0,0,1,0,차대차 - 추돌 - 진행중,안전거리미확보,건조,맑음,단일로 - 기타,승용,남,55세,상해없음,승용,남,51세,상해없음
2012102000100578,2012년 10월 20일 21시,토요일,부산광역시 연제구 연산동,경상사고,0,0,2,0,차대차 - 측면직각충돌,차로위반,건조,맑음,단일로 - 기타,승용,여,24세,상해없음,승용,여,56세,경상
2012102000100602,2012년 10월 20일 22시,토요일,부산광역시 해운대구 재송동,중상사고,0,1,0,0,차대사람 - 기타,안전운전불이행,건조,맑음,기타 - 기타,승용,남,51세,상해없음,보행자,여,42세,중상
2012102000100603,2012년 10월 20일 22시,토요일,부산광역시 연제구 연산동,중상사고,0,1,0,0,차대차 - 측면직각충돌,안전거리미확보,건조,맑음,단일로 - 기타,승용,남,46세,상해없음,이륜,남,23세,중상
2012102000100630,2012년 10월 20일 23시,토요일,부산광역시 기장군 기장읍,중상사고,0,1,0,0,차대사람 - 차도통행중,안전운전불이행,건조,맑음,단일로 - 기타,승용,남,54세,상해없음,보행자,남,60세,중상
2012102100100004,2012년 10월 21일 00시,일요일,부산광역시 북구 구포동,경상사고,0,0,1,0,차대차 - 추돌 - 주정차중,안전운전불이행,건조,맑음,단일로 - 기타,승용,남,68세,상해없음,승용,남,50세,상해없음
2012102100100005,2012년 10월 21일 00시,일요일,부산광역시 동래구 낙민동,경상사고,0,0,2,0,차대차 - 측면직각충돌,안전거리미확보,건조,맑음,단일로 - 기타,이륜,남,16세,상해없음,승용,남,58세,상해없음
2012102100100038,2012년 10월 21일 01시,일요일,부산광역시 해운대구 좌동,중상사고,0,1,0,0,차대차 - 추돌 - 주정차중,안전운전불이행,건조,맑음,교차로 - 교차로안,승용,남,27세,상해없음,승용,남,53세,중상
2012102100100054,2012년 10월 21일 02시,일요일,부산광역시 남구 대연동,중상사고,0,3,1,0,차량단독 - 공작물충돌,과속,건조,맑음,단일로 - 기타,승용,남,50세,상해없음,,,,
2012102100100076,2012년 10월 21일 03시,일요일,부산광역시 수영구 남천동,중상사고,0,1,1,0,차대차 - 기타,안전운전불이행,건조,맑음,단일로 - 기타,원동기,남,17세,기타불명,승용,남,59세,경상
2012102100100077,2012년 10월 21일 03시,일요일,부산광역시 사하구 장림동,경상사고,0,0,1,1,차대차 - 측면직각충돌,신호위반,건조,맑음,교차로 - 교차로안,승용,남,53세,상해없음,승용,남,35세,부상신고
2012102100100091,2012년 10월 21일 04시,일요일,부산광역시 동구 범일동,중상사고,0,1,0,0,차대사람 - 횡단중,안전운전불이행,건조,맑음,교차로 - 교차로부근,승용,남,63세,상해없음,보행자,여,54세,중상
2012102100100127,2012년 10월 21일 07시,일요일,부산광역시 동구 좌천동,중상사고,0,1,0,0,차대차 - 측면직각충돌,안전운전불이행,건조,맑음,단일로 - 기타,승용,남,24세,상해없음,승용,남,36세,중상
2012102100100139,2012년 10월 21일 08시,일요일,부산광역시 해운대구 송정동,경상사고,0,0,1,0,차대차 - 추돌 - 주정차중,안전운전불이행,건조,맑음,단일로 - 기타,건설기계,남,39세,상해없음,승용,남,33세,경상
2012102100100140,2012년 10월 21일 08시,일요일,부산광역시 사하구 하단동,중상사고,0,1,0,0,차대차 - 측면직각충돌,기타,건조,맑음,단일로 - 기타,승용,남,50세,상해없음,자전거,남,56세,중상
2012102100100149,2012년 10월 21일 09시,일요일,부산광역시 연제구 거제동,중상사고,0,1,0,0,차대사람 - 기타,보행자보호의무위반,건조,맑음,단일로 - 기타,승용,남,27세,상해없음,보행자,남,39세,중상
2012102100100162,2012년 10월 21일 10시,일요일,부산광역시 해운대구 재송동,부상신고사고,0,0,0,1,차대차 - 기타,안전운전불이행,건조,맑음,단일로 - 기타,승용,남,31세,부상신고,승용,여,50세,상해없음
2012102100100163,2012년 10월 21일 10시,일요일,부산광역시 부산진구 부전동,경상사고,0,0,1,0,차대차 - 기타,안전거리미확보,건조,맑음,교차로 - 교차로부근,승용,남,46세,상해없음,승용,남,42세,상해없음
2012102100100192,2012년 10월 21일 11시,일요일,부산광역시 남구 대연동,경상사고,0,0,2,0,차대차 - 추돌 - 진행중,안전거리미확보,건조,맑음,단일로 - 기타,승용,남,37세,상해없음,승합,남,35세,경상
2012102100100193,2012년 10월 21일 11시,일요일,부산광역시 사하구 하단동,경상사고,0,0,1,0,차대차 - 기타,안전운전불이행,건조,맑음,단일로 - 기타,승용,남,50세,상해없음,자전거,여,63세,경상
2012102100100211,2012년 10월 21일 12시,일요일,부산광역시 기장군 기장읍,경상사고,0,0,1,0,차대사람 - 기타,안전운전불이행,건조,맑음,단일로 - 기타,승용,남,65세,상해없음,보행자,남,2세,경상
2012102100100235,2012년 10월 21일 13시,일요일,부산광역시 수영구 남천동,중상사고,0,1,0,0,차대차 - 기타,신호위반,건조,맑음,교차로 - 교차로안,승용,남,59세,상해없음,원동기,남,65세,중상
2012102100100236,2012년 10월 21일 13시,일요일,부산광역시 부산진구 당감동,중상사고,0,1,0,0,차대사람 - 기타,안전운전불이행,건조,맑음,단일로 - 기타,화물,남,48세,상해없음,보행자,남,45세,중상
2012102100100250,2012년 10월 21일 14시,일요일,부산광역시 부산진구 당감동,경상사고,0,0,3,0,차대차 - 추돌 - 진행중,안전거리미확보,건조,맑음,단일로 - 터널,승용,남,27세,상해없음,승용,남,48세,경상
2012102100100278,2012년 10월 21일 15시,일요일,부산광역시 북구 덕천동,경상사고,0,0,1,0,차대사람 - 기타,신호위반,건조,맑음,단일로 - 기타,승용,남,44세,상해없음,보행자,남,53세,경상
2012102100100279,2012년 10월 21일 15시,일요일,부산광역시 사하구 신평동,경상사고,0,0,1,0,차대차 - 기타,안전운전불이행,건조,맑음,단일로 - 기타,승용,여,43세,상해없음,이륜,남,48세,기타불명
2012102100100280,2012년 10월 21일 15시,일요일,부산광역시 사상구 엄궁동,중상사고,0,1,0,2,차대차 - 측면직각충돌,신호위반,건조,맑음,교차로 - 교차로안,화물,남,53세,상해없음,승용,여,38세,중상
2012102100100281,2012년 10월 21일 15시,일요일,부산광역시 기장군 철마면,중상사고,0,1,1,0,차대차 - 측면직각충돌,안전거리미확보,건조,맑음,교차로 - 교차로안,승용,남,25세,상해없음,승용,남,38세,중상
2012102100100319,2012년 10월 21일 16시,일요일,부산광역시 남구 문현동,경상사고,0,0,1,0,차대차 - 기타,안전운전불이행,건조,맑음,단일로 - 기타,원동기,남,14세,경상,승용,남,33세,상해없음
2012102100100320,2012년 10월 21일 16시,일요일,부산광역시 동래구 온천동,부상신고사고,0,0,0,1,차대차 - 측면직각충돌,신호위반,건조,맑음,교차로 - 교차로안,승용,남,63세,상해없음,이륜,남,17세,부상신고
2012102100100321,2012년 10월 21일 16시,일요일,부산광역시 동래구 명륜동,경상사고,0,0,1,0,차대차 - 측면직각충돌,중앙선침범,건조,맑음,단일로 - 기타,승용,남,27세,상해없음,이륜,남,21세,경상
2012102100100322,2012년 10월 21일 16시,일요일,부산광역시 해운대구 반여동,경상사고,0,0,1,0,차대차 - 측면직각충돌,중앙선침범,건조,맑음,단일로 - 기타,승용,남,37세,상해없음,승합,남,37세,경상
2012102100100351,2012년 10월 21일 17시,일요일,부산광역시 남구 용호동,중상사고,0,1,0,0,차대사람 - 길가장자리구역통행중,안전운전불이행,건조,맑음,교차로 - 교차로안,승용,남,57세,상해없음,보행자,여,81세,중상
2012102100100387,2012년 10월 21일 18시,일요일,부산광역시 해운대구 송정동,경상사고,0,0,1,0,차대사람 - 기타,안전운전불이행,건조,맑음,단일로 - 기타,승용,남,51세,상해없음,보행자,남,3세,경상
2012102100100429,2012년 10월 21일 19시,일요일,부산광역시 동래구 수안동,중상사고,0,1,0,0,차대사람 - 횡단중,안전운전불이행,건조,맑음,단일로 - 횡단보도부근,이륜,남,27세,상해없음,보행자,남,62세,중상
2012102100100430,2012년 10월 21일 19시,일요일,부산광역시 사하구 하단동,경상사고,0,0,1,0,차대차 - 측면직각충돌,직진우회전진행방해,건조,맑음,교차로 - 교차로안,승용,남,27세,상해없음,승용,남,53세,경상
2012102100100464,2012년 10월 21일 20시,일요일,부산광역시 중구 영주동,중상사고,0,4,3,0,차대차 - 기타,신호위반,건조,맑음,교차로 - 교차로안,승용,남,62세,상해없음,승용,남,39세,중상
2012102100100465,2012년 10월 21일 20시,일요일,부산광역시 서구 남부민동,중상사고,0,1,0,0,차대사람 - 차도통행중,안전운전불이행,건조,맑음,단일로 - 횡단보도부근,승용,남,55세,상해없음,보행자,남,56세,중상
2012102100100493,2012년 10월 21일 21시,일요일,부산광역시 부산진구 부암동,경상사고,0,0,1,0,차대사람 - 기타,안전운전불이행,건조,맑음,단일로 - 기타,승용,여,40세,상해없음,보행자,남,50세,경상
2012102100100494,2012년 10월 21일 21시,일요일,부산광역시 사상구 학장동,중상사고,0,1,0,0,차대차 - 추돌 - 진행중,신호위반,건조,맑음,교차로 - 교차로부근,승용,남,39세,상해없음,이륜,남,17세,중상
2012102100100519,2012년 10월 21일 22시,일요일,부산광역시 수영구 광안동,중상사고,0,1,0,0,차대사람 - 보도통행중,기타,건조,맑음,단일로 - 기타,승용,남,20세,기타불명,보행자,여,55세,중상
2012102100100520,2012년 10월 21일 22시,일요일,부산광역시 부산진구 초읍동,중상사고,0,1,0,0,차대사람 - 기타,안전운전불이행,기타,맑음,단일로 - 기타,원동기,남,16세,상해없음,보행자,여,63세,중상
2012102100100521,2012년 10월 21일 22시,일요일,부산광역시 금정구 장전동,중상사고,0,1,0,0,차대차 - 정면충돌,직진우회전진행방해,건조,맑음,교차로 - 교차로안,승용,남,28세,상해없음,자전거,남,54세,중상
2012102100100522,2012년 10월 21일 22시,일요일,부산광역시 강서구 천성동,경상사고,0,0,2,0,차대차 - 추돌 - 진행중,안전운전불이행,건조,맑음,단일로 - 기타,승용,남,29세,상해없음,승용,남,34세,경상
2012102100100540,2012년 10월 21일 23시,일요일,부산광역시 수영구 광안동,사망사고,1,0,0,0,차대차 - 기타,안전운전불이행,건조,맑음,단일로 - 횡단보도상,화물,남,55세,상해없음,승용,여,37세,상해없음
2012102100100541,2012년 10월 21일 23시,일요일,부산광역시 해운대구 우동,중상사고,0,1,0,0,차대차 - 측면직각충돌,안전거리미확보,건조,맑음,단일로 - 기타,승용,남,28세,상해없음,승용,남,58세,상해없음
2012102200100003,2012년 10월 22일 00시,월요일,부산광역시 사상구 주례동,경상사고,0,0,2,0,차대차 - 정면충돌,안전운전불이행,건조,맑음,단일로 - 기타,승용,남,61세,상해없음,승용,남,60세,경상
2012102200100040,2012년 10월 22일 05시,월요일,부산광역시 동구 초량동,중상사고,0,2,0,0,차대차 - 기타,교차로운행방법위반,건조,맑음,교차로 - 교차로안,승용,여,18세,상해없음,승합,남,54세,중상
2012102200100041,2012년 10월 22일 05시,월요일,부산광역시 금정구 구서동,중상사고,0,2,0,0,차대차 - 측면직각충돌,교차로운행방법위반,건조,맑음,교차로 - 교차로안,이륜,남,16세,상해없음,화물,남,61세,상해없음
2012102200100066,2012년 10월 22일 06시,월요일,부산광역시 북구 화명동,중상사고,0,1,1,0,차대차 - 측면직각충돌,신호위반,건조,맑음,교차로 - 교차로안,승용,남,26세,상해없음,승용,남,61세,중상
2012102200100067,2012년 10월 22일 06시,월요일,부산광역시 강서구 대저1동,중상사고,0,1,0,1,차대차 - 측면직각충돌,신호위반,건조,맑음,교차로 - 교차로안,승용,남,49세,상해없음,승용,남,58세,중상
2012102200100068,2012년 10월 22일 06시,월요일,부산광역시 사상구 삼락동,경상사고,0,0,1,0,차대차 - 추돌 - 진행중,안전거리미확보,건조,맑음,단일로 - 기타,화물,남,46세,상해없음,승용,남,54세,경상
2012102200100091,2012년 10월 22일 07시,월요일,부산광역시 수영구 남천동,경상사고,0,0,1,0,차대차 - 기타,안전운전불이행,건조,맑음,교차로 - 교차로부근,승용,남,49세,상해없음,승용,남,34세,경상
2012102200100092,2012년 10월 22일 07시,월요일,부산광역시 해운대구 중동,경상사고,0,0,1,0,차대차 - 기타,교차로운행방법위반,건조,맑음,교차로 - 교차로안,승용,남,51세,상해없음,자전거,남,48세,경상
2012102200100093,2012년 10월 22일 07시,월요일,부산광역시 해운대구 반송동,경상사고,0,0,1,0,차대사람 - 기타,안전운전불이행,건조,맑음,단일로 - 횡단보도상,승용,남,66세,상해없음,보행자,남,23세,경상
2012102200100161,2012년 10월 22일 09시,월요일,부산광역시 남구 문현동,경상사고,0,0,1,0,차대사람 - 횡단중,신호위반,건조,맑음,단일로 - 횡단보도상,승용,여,49세,상해없음,보행자,여,26세,경상
2012102200100162,2012년 10월 22일 09시,월요일,부산광역시 동래구 안락동,중상사고,0,1,0,0,차대차 - 기타,교차로운행방법위반,건조,맑음,교차로 - 교차로안,승용,남,37세,상해없음,승용,여,30세,중상
2012102200100163,2012년 10월 22일 09시,월요일,부산광역시 사하구 구평동,경상사고,0,0,1,0,차대차 - 측면직각충돌,중앙선침범,건조,맑음,단일로 - 기타,승용,남,36세,상해없음,승용,남,64세,경상
2012102200100228,2012년 10월 22일 11시,월요일,부산광역시 해운대구 재송동,경상사고,0,0,2,0,차대차 - 추돌 - 진행중,안전거리미확보,습기,비,단일로 - 기타,승용,남,51세,상해없음,승용,남,57세,경상
2012102200100260,2012년 10월 22일 12시,월요일,부산광역시 남구 대연동,경상사고,0,0,2,0,차대차 - 추돌 - 주정차중,안전운전불이행,건조,맑음,단일로 - 터널,화물,남,35세,상해없음,승용,남,29세,경상
2012102200100291,2012년 10월 22일 13시,월요일,부산광역시 동구 수정동,중상사고,0,1,0,0,차대사람 - 기타,신호위반,건조,맑음,교차로 - 교차로부근,승합,남,46세,상해없음,보행자,여,60세,중상
2012102200100292,2012년 10월 22일 13시,월요일,부산광역시 해운대구 재송동,경상사고,0,0,1,0,차대차 - 기타,안전운전불이행,습기,비,단일로 - 기타,승용,남,34세,상해없음,이륜,남,21세,경상
2012102200100293,2012년 10월 22일 13시,월요일,부산광역시 강서구 송정동,중상사고,0,2,3,0,차대차 - 정면충돌,신호위반,습기,흐림,교차로 - 교차로안,승용,여,51세,상해없음,승용,남,45세,중상
2012102200100294,2012년 10월 22일 13시,월요일,부산광역시 강서구 대저2동,중상사고,0,1,0,0,차대차 - 측면직각충돌,안전거리미확보,습기,비,교차로 - 교차로안,화물,남,33세,상해없음,특수,남,51세,중상
2012102200100357,2012년 10월 22일 15시,월요일,부산광역시 동래구 온천동,중상사고,0,1,0,0,차대차 - 추돌 - 주정차중,안전운전불이행,건조,맑음,교차로 - 교차로부근,화물,남,42세,상해없음,화물,남,39세,중상
2012102200100358,2012년 10월 22일 15시,월요일,부산광역시 동래구 사직동,경상사고,0,0,1,0,차대차 - 측면직각충돌,안전운전불이행,습기,흐림,교차로 - 교차로안,승합,남,42세,상해없음,자전거,남,77세,경상
2012102200100359,2012년 10월 22일 15시,월요일,부산광역시 사하구 괴정동,중상사고,0,1,0,0,차대차 - 추돌 - 주정차중,기타,습기,비,단일로 - 기타,특수,남,55세,상해없음,승용,남,41세,기타불명
2012102200100397,2012년 10월 22일 16시,월요일,부산광역시 남구 용호동,중상사고,0,1,0,0,차대사람 - 횡단중,신호위반,습기,비,단일로 - 횡단보도상,이륜,남,21세,상해없음,보행자,여,58세,중상
2012102200100398,2012년 10월 22일 16시,월요일,부산광역시 해운대구 중동,경상사고,0,0,1,0,차대차 - 측면직각충돌,안전운전불이행,습기,비,단일로 - 기타,승용,남,49세,상해없음,승용,여,45세,상해없음
2012102200100399,2012년 10월 22일 16시,월요일,부산광역시 연제구 거제동,중상사고,0,2,0,0,차대차 - 추돌 - 진행중,안전운전불이행,습기,비,단일로 - 기타,화물,남,60세,중상,승용,남,58세,상해없음
2012102200100400,2012년 10월 22일 16시,월요일,부산광역시 강서구 강동동,경상사고,0,0,1,0,차대차 - 추돌 - 진행중,안전거리미확보,습기,비,교차로 - 교차로안,화물,남,60세,상해없음,승용,여,45세,경상
2012102200100442,2012년 10월 22일 17시,월요일,부산광역시 동구 수정동,경상사고,0,0,1,0,차대사람 - 기타,안전운전불이행,습기,비,단일로 - 기타,승용,남,55세,상해없음,보행자,여,57세,경상
2012102200100443,2012년 10월 22일 17시,월요일,부산광역시 사하구 괴정동,경상사고,0,0,1,0,차대차 - 측면직각충돌,안전운전불이행,습기,비,단일로 - 기타,승용,남,47세,상해없음,승용,남,28세,경상
2012102200100444,2012년 10월 22일 17시,월요일,부산광역시 연제구 연산동,중상사고,0,1,0,0,차대차 - 측면직각충돌,중앙선침범,건조,맑음,단일로 - 기타,승용,여,60세,상해없음,이륜,남,33세,중상
2012102200100445,2012년 10월 22일 17시,월요일,부산광역시 연제구 연산동,경상사고,0,0,1,0,차대차 - 기타,안전운전불이행,습기,비,단일로 - 기타,화물,남,48세,상해없음,승용,여,43세,경상
2012102200100489,2012년 10월 22일 18시,월요일,부산광역시 서구 동대신동1가,경상사고,0,0,1,0,차대차 - 추돌 - 주정차중,안전거리미확보,습기,비,단일로 - 기타,화물,남,27세,상해없음,승용,남,55세,경상
2012102200100490,2012년 10월 22일 18시,월요일,부산광역시 남구 우암동,중상사고,0,1,0,0,차대사람 - 기타,기타,건조,맑음,단일로 - 기타,승용,여,52세,상해없음,보행자,여,53세,중상
2012102200100491,2012년 10월 22일 18시,월요일,부산광역시 동래구 명륜동,중상사고,0,1,0,0,차대사람 - 보도통행중,신호위반,습기,비,단일로 - 기타,승용,여,70세,상해없음,보행자,여,52세,중상
2012102200100492,2012년 10월 22일 18시,월요일,부산광역시 해운대구 반여동,경상사고,0,0,1,0,차대차 - 측면직각충돌,교차로운행방법위반,습기,비,교차로 - 교차로안,승용,남,55세,상해없음,승용,남,66세,경상
2012102200100493,2012년 10월 22일 18시,월요일,부산광역시 해운대구 좌동,중상사고,0,1,0,0,차대사람 - 기타,안전운전불이행,습기,비,단일로 - 기타,화물,남,61세,상해없음,보행자,여,35세,중상
2012102200100494,2012년 10월 22일 18시,월요일,부산광역시 부산진구 부전동,경상사고,0,0,1,0,차대차 - 추돌 - 주정차중,안전운전불이행,건조,맑음,단일로 - 기타,화물,남,43세,상해없음,화물,남,62세,상해없음
2012102200100495,2012년 10월 22일 18시,월요일,부산광역시 금정구 장전동,부상신고사고,0,0,0,1,차대차 - 정면충돌,안전운전불이행,습기,비,단일로 - 기타,기타불명,남,67세,부상신고,승용,남,25세,상해없음
2012102200100496,2012년 10월 22일 18시,월요일,부산광역시 사하구 장림동,경상사고,0,0,1,0,차대사람 - 횡단중,보행자보호의무위반,습기,비,단일로 - 횡단보도상,승용,남,46세,상해없음,보행자,여,46세,경상
2012102200100497,2012년 10월 22일 18시,월요일,부산광역시 사하구 감천동,경상사고,0,0,1,0,차대차 - 측면직각충돌,안전거리미확보,습기,비,단일로 - 기타,특수,남,39세,상해없음,승용,남,28세,경상
2012102200100498,2012년 10월 22일 18시,월요일,부산광역시 연제구 연산동,경상사고,0,0,1,0,차대차 - 측면직각충돌,신호위반,습기,비,교차로 - 교차로안,승용,여,40세,상해없음,이륜,남,42세,경상
2012102200100499,2012년 10월 22일 18시,월요일,부산광역시 연제구 거제동,경상사고,0,0,2,0,차대차 - 측면직각충돌,안전운전불이행,건조,맑음,단일로 - 기타,건설기계,남,43세,상해없음,승용,남,28세,경상
2012102200100500,2012년 10월 22일 18시,월요일,부산광역시 사상구 학장동,경상사고,0,0,1,0,차대차 - 측면직각충돌,교차로운행방법위반,건조,맑음,교차로 - 교차로안,화물,남,38세,상해없음,승용,여,26세,경상
2012102200100501,2012년 10월 22일 18시,월요일,부산광역시 기장군 정관면,부상신고사고,0,0,0,1,차대차 - 추돌 - 주정차중,안전거리미확보,습기,비,단일로 - 기타,승용,남,37세,상해없음,승용,남,56세,상해없음
2012102200100571,2012년 10월 22일 19시,월요일,부산광역시 동구 수정동,중상사고,0,1,0,0,차대사람 - 기타,안전운전불이행,습기,비,단일로 - 기타,승용,기타불명,기타불명,기타불명,보행자,여,82세,중상
2012102200100572,2012년 10월 22일 19시,월요일,부산광역시 북구 화명동,중상사고,0,1,0,0,차대사람 - 횡단중,보행자보호의무위반,습기,비,단일로 - 횡단보도상,승용,남,37세,상해없음,보행자,여,47세,중상
2012102200100573,2012년 10월 22일 19시,월요일,부산광역시 동래구 온천동,경상사고,0,0,1,0,차대사람 - 횡단중,안전운전불이행,습기,비,단일로 - 기타,승용,여,40세,상해없음,보행자,여,64세,경상
2012102200100574,2012년 10월 22일 19시,월요일,부산광역시 해운대구 우동,중상사고,0,1,0,0,차대차 - 추돌 - 진행중,안전운전불이행,습기,비,단일로 - 교량,승용,남,37세,상해없음,승용,남,52세,중상
2012102200100575,2012년 10월 22일 19시,월요일,부산광역시 해운대구 반송동,경상사고,0,0,1,0,차대차 - 기타,안전운전불이행,습기,비,교차로 - 교차로안,승용,남,41세,기타불명,원동기,남,18세,경상
2012102200100576,2012년 10월 22일 19시,월요일,부산광역시 연제구 거제동,부상신고사고,0,0,0,1,차대사람 - 횡단중,안전운전불이행,습기,비,단일로 - 기타,승용,남,31세,상해없음,보행자,남,51세,부상신고
2012102200100577,2012년 10월 22일 19시,월요일,부산광역시 연제구 연산동,경상사고,0,0,1,0,차대사람 - 길가장자리구역통행중,안전운전불이행,습기,비,단일로 - 기타,승용,여,53세,상해없음,보행자,여,31세,경상
2012102200100578,2012년 10월 22일 19시,월요일,부산광역시 사상구 덕포동,부상신고사고,0,0,0,1,차대차 - 측면직각충돌,신호위반,습기,비,교차로 - 교차로안,원동기,남,57세,부상신고,승용,남,54세,상해없음
2012102200100579,2012년 10월 22일 19시,월요일,부산광역시 사상구 괘법동,경상사고,0,0,1,0,차대사람 - 횡단중,안전운전불이행,습기,비,단일로 - 기타,화물,남,53세,상해없음,보행자,남,49세,경상
2012102200100580,2012년 10월 22일 19시,월요일,부산광역시 사상구 덕포동,경상사고,0,0,1,0,차대차 - 정면충돌,중앙선침범,습기,비,교차로 - 교차로부근,승용,남,32세,상해없음,원동기,남,28세,경상
2012102200100581,2012년 10월 22일 19시,월요일,부산광역시 사상구 모라동,경상사고,0,0,1,0,차대차 - 측면직각충돌,중앙선침범,습기,비,단일로 - 기타,화물,남,53세,상해없음,승용,남,47세,경상