사고번호,사고일시,요일,시군구,사고내용,사망자수,중상자수,경상자수,부상신고자수,사고유형,법규위반,노면상태,기상상태,도로형태,가해운전자 차종,가해운전자 성별,가해운전자 연령,가해운전자 상해정도,피해운전자 차종,피해운전자 성별,피해운전자 연령,피해운전자 상해정도
2012102600100047,2012년 10월 26일 02시,금요일,부산광역시 사상구 학장동,중상사고,0,1,0,0,차대차 - 측면직각충돌,중앙선침범,건조,맑음,기타 - 기타,승용,남,23세,상해없음,화물,남,54세,중상
2012102600100061,2012년 10월 26일 03시,금요일,부산광역시 해운대구 우동,경상사고,0,0,2,0,차대차 - 측면직각충돌,신호위반,건조,맑음,교차로 - 교차로안,승용,남,29세,상해없음,승용,남,64세,경상
2012102600100062,2012년 10월 26일 03시,금요일,부산광역시 금정구 장전동,중상사고,0,1,0,0,차량단독 - 기타,안전운전불이행,건조,맑음,단일로 - 기타,승용,남,23세,상해없음,,,,
2012102600100073,2012년 10월 26일 04시,금요일,부산광역시 서구 암남동,중상사고,0,2,0,0,차대차 - 측면직각충돌,신호위반,건조,맑음,교차로 - 교차로안,승용,남,50세,상해없음,승용,여,27세,중상
2012102600100088,2012년 10월 26일 05시,금요일,부산광역시 동래구 수안동,경상사고,0,0,1,0,차대차 - 측면직각충돌,신호위반,건조,맑음,교차로 - 교차로안,승용,남,19세,상해없음,승용,남,38세,경상
2012102600100089,2012년 10월 26일 05시,금요일,부산광역시 사하구 괴정동,중상사고,0,1,0,0,차대차 - 측면직각충돌,중앙선침범,건조,맑음,단일로 - 횡단보도부근,화물,남,39세,상해없음,승용,남,34세,상해없음
2012102600100096,2012년 10월 26일 06시,금요일,부산광역시 연제구 연산동,중상사고,0,2,1,0,차대차 - 추돌 - 주정차중,안전운전불이행,건조,맑음,단일로 - 기타,승용,남,19세,상해없음,승용,남,63세,중상
2012102600100097,2012년 10월 26일 06시,금요일,부산광역시 기장군 철마면,중상사고,0,2,0,0,차대차 - 추돌 - 진행중,안전운전불이행,건조,맑음,단일로 - 기타,기타불명,기타불명,기타불명,기타불명,화물,남,76세,중상
2012102600100122,2012년 10월 26일 07시,금요일,부산광역시 해운대구 재송동,중상사고,0,3,1,0,차대차 - 추돌 - 주정차중,안전운전불이행,건조,맑음,교차로 - 교차로부근,화물,남,60세,상해없음,승합,남,40세,중상
2012102600100123,2012년 10월 26일 07시,금요일,부산광역시 해운대구 좌동,중상사고,0,1,0,0,차대사람 - 차도통행중,안전운전불이행,건조,맑음,단일로 - 기타,승용,여,39세,상해없음,보행자,여,16세,중상
2012102600100124,2012년 10월 26일 07시,금요일,부산광역시 사하구 신평동,경상사고,0,0,2,0,차대차 - 측면직각충돌,신호위반,건조,맑음,교차로 - 교차로부근,승용,남,30세,상해없음,승용,남,27세,경상
2012102600100159,2012년 10월 26일 08시,금요일,부산광역시 동래구 온천동,중상사고,0,1,0,0,차대사람 - 길가장자리구역통행중,안전운전불이행,건조,맑음,단일로 - 기타,승용,기타불명,기타불명,기타불명,보행자,남,10세,중상
2012102600100160,2012년 10월 26일 08시,금요일,부산광역시 강서구 대저1동,부상신고사고,0,0,0,1,차대사람 - 기타,안전운전불이행,건조,맑음,교차로 - 교차로안,승용,여,36세,상해없음,보행자,남,65세,부상신고
2012102600100205,2012년 10월 26일 09시,금요일,부산광역시 부산진구 부전동,중상사고,0,1,0,0,차대차 - 측면직각충돌,신호위반,건조,맑음,교차로 - 교차로안,승용,남,18세,상해없음,승용,여,57세,중상
2012102600100206,2012년 10월 26일 09시,금요일,부산광역시 연제구 거제동,중상사고,0,1,0,0,차대사람 - 횡단중,안전운전불이행,건조,맑음,기타 - 기타,승용,여,57세,상해없음,보행자,남,81세,중상
2012102600100241,2012년 10월 26일 10시,금요일,부산광역시 남구 대연동,경상사고,0,0,1,0,차대차 - 측면직각충돌,안전운전불이행,건조,맑음,교차로 - 교차로부근,승용,여,44세,상해없음,이륜,남,59세,경상
2012102600100268,2012년 10월 26일 11시,금요일,부산광역시 동래구 사직동,경상사고,0,0,1,0,차대차 - 측면직각충돌,교차로운행방법위반,건조,맑음,교차로 - 교차로안,화물,남,55세,상해없음,원동기,남,26세,경상
2012102600100269,2012년 10월 26일 11시,금요일,부산광역시 사하구 괴정동,경상사고,0,0,1,0,차대사람 - 기타,안전운전불이행,건조,맑음,단일로 - 기타,승용,여,53세,상해없음,보행자,여,57세,경상
2012102600100289,2012년 10월 26일 12시,금요일,부산광역시 부산진구 부전동,중상사고,0,1,0,0,차대사람 - 길가장자리구역통행중,안전운전불이행,건조,맑음,단일로 - 기타,승용,여,55세,상해없음,보행자,여,73세,중상
2012102600100347,2012년 10월 26일 14시,금요일,부산광역시 북구 구포동,경상사고,0,0,2,0,차대차 - 기타,안전운전불이행,건조,맑음,단일로 - 기타,화물,남,20세,상해없음,원동기,남,18세,경상
2012102600100371,2012년 10월 26일 15시,금요일,부산광역시 동래구 수안동,경상사고,0,0,1,0,차대사람 - 길가장자리구역통행중,안전운전불이행,건조,맑음,단일로 - 기타,승용,기타불명,기타불명,기타불명,보행자,여,46세,경상
2012102600100372,2012년 10월 26일 15시,금요일,부산광역시 연제구 거제동,경상사고,0,0,1,0,차대사람 - 횡단중,안전운전불이행,건조,맑음,교차로 - 교차로부근,승합,남,50세,상해없음,보행자,여,4세,경상
2012102600100400,2012년 10월 26일 16시,금요일,부산광역시 중구 대청동1가,중상사고,0,2,0,0,차대사람 - 기타,안전운전불이행,건조,맑음,단일로 - 기타,이륜,남,61세,상해없음,보행자,여,61세,중상
2012102600100401,2012년 10월 26일 16시,금요일,부산광역시 부산진구 부전동,중상사고,0,1,0,0,차대사람 - 기타,안전운전불이행,건조,맑음,단일로 - 기타,승용,남,71세,상해없음,보행자,여,30세,중상
2012102600100402,2012년 10월 26일 16시,금요일,부산광역시 강서구 송정동,중상사고,0,1,0,0,차대사람 - 횡단중,안전운전불이행,건조,맑음,단일로 - 기타,화물,남,32세,상해없음,보행자,여,74세,중상
2012102600100443,2012년 10월 26일 17시,금요일,부산광역시 남구 용호동,경상사고,0,0,1,0,차대사람 - 횡단중,보행자보호의무위반,건조,맑음,교차로 - 교차로부근,승용,여,33세,상해없음,보행자,남,38세,경상
2012102600100444,2012년 10월 26일 17시,금요일,부산광역시 동래구 칠산동,중상사고,0,1,0,0,차대사람 - 횡단중,보행자보호의무위반,건조,맑음,단일로 - 횡단보도상,승용,남,48세,상해없음,보행자,남,9세,중상
2012102600100445,2012년 10월 26일 17시,금요일,부산광역시 사하구 신평동,경상사고,0,0,1,0,차대차 - 추돌 - 진행중,안전거리미확보,건조,맑음,단일로 - 기타,승용,남,51세,상해없음,승용,남,63세,경상
2012102600100446,2012년 10월 26일 17시,금요일,부산광역시 사상구 모라동,경상사고,0,0,1,0,차대차 - 추돌 - 주정차중,안전운전불이행,건조,맑음,교차로 - 교차로부근,승용,여,45세,상해없음,승용,남,31세,경상
2012102600100483,2012년 10월 26일 18시,금요일,부산광역시 동래구 명륜동,중상사고,0,1,0,0,차대차 - 측면직각충돌,안전운전불이행,건조,맑음,교차로 - 교차로안,승용,남,52세,상해없음,이륜,여,43세,중상
2012102600100484,2012년 10월 26일 18시,금요일,부산광역시 사하구 하단동,경상사고,0,0,1,0,차대차 - 측면직각충돌,안전운전불이행,건조,맑음,교차로 - 교차로안,승용,남,20세,상해없음,이륜,남,24세,경상
2012102600100485,2012년 10월 26일 18시,금요일,부산광역시 수영구 망미동,중상사고,0,1,0,0,차대사람 - 길가장자리구역통행중,안전운전불이행,건조,맑음,교차로 - 교차로안,승용,남,53세,상해없음,보행자,여,52세,중상
2012102600100527,2012년 10월 26일 19시,금요일,부산광역시 남구 문현동,경상사고,0,0,1,0,차대차 - 추돌 - 진행중,교차로운행방법위반,건조,맑음,교차로 - 교차로안,승용,여,34세,상해없음,승용,남,38세,경상
2012102600100528,2012년 10월 26일 19시,금요일,부산광역시 부산진구 전포동,중상사고,0,1,0,0,차대차 - 측면직각충돌,안전운전불이행,건조,맑음,교차로 - 교차로안,화물,남,36세,상해없음,이륜,남,51세,중상
2012102600100606,2012년 10월 26일 21시,금요일,부산광역시 북구 구포동,경상사고,0,0,2,0,차대차 - 추돌 - 주정차중,안전운전불이행,건조,맑음,교차로 - 교차로부근,승용,남,52세,상해없음,이륜,남,58세,경상
2012102600100607,2012년 10월 26일 21시,금요일,부산광역시 해운대구 우동,경상사고,0,0,1,0,차대사람 - 기타,안전운전불이행,건조,맑음,단일로 - 기타,원동기,남,31세,상해없음,보행자,여,7세,경상
2012102600100608,2012년 10월 26일 21시,금요일,부산광역시 해운대구 재송동,경상사고,0,0,1,0,차대차 - 추돌 - 진행중,안전운전불이행,건조,맑음,교차로 - 교차로안,승용,남,51세,상해없음,승용,남,29세,경상
2012102600100649,2012년 10월 26일 22시,금요일,부산광역시 북구 구포동,경상사고,0,0,3,0,차대차 - 측면직각충돌,안전운전불이행,건조,맑음,교차로 - 교차로부근,승용,남,45세,상해없음,승용,남,61세,경상
2012102700100004,2012년 10월 27일 00시,토요일,부산광역시 동래구 온천동,경상사고,0,0,4,0,차대차 - 추돌 - 주정차중,중앙선침범,건조,맑음,단일로 - 기타,승용,남,35세,상해없음,승용,남,35세,경상
2012102700100037,2012년 10월 27일 01시,토요일,부산광역시 북구 덕천동,경상사고,0,0,1,0,차대차 - 기타,안전운전불이행,건조,맑음,단일로 - 기타,승용,남,27세,상해없음,승용,남,56세,경상
2012102700100038,2012년 10월 27일 01시,토요일,부산광역시 금정구 장전동,경상사고,0,0,4,0,차대차 - 측면직각충돌,기타,건조,맑음,교차로 - 교차로안,승용,남,30세,상해없음,승용,남,62세,경상
2012102700100039,2012년 10월 27일 01시,토요일,부산광역시 사상구 모라동,사망사고,1,0,0,0,차대사람 - 횡단중,안전운전불이행,건조,맑음,단일로 - 기타,승용,남,69세,상해없음,보행자,남,52세,사망
2012102700100057,2012년 10월 27일 02시,토요일,부산광역시 수영구 광안동,경상사고,0,0,1,1,차대차 - 추돌 - 진행중,안전운전불이행,건조,흐림,단일로 - 기타,이륜,남,14세,부상신고,승용,남,39세,상해없음
2012102700100058,2012년 10월 27일 02시,토요일,부산광역시 사하구 하단동,중상사고,0,1,0,0,차대사람 - 기타,안전운전불이행,건조,맑음,단일로 - 기타,원동기,남,17세,상해없음,보행자,여,46세,중상
2012102700100076,2012년 10월 27일 03시,토요일,부산광역시 해운대구 우동,부상신고사고,0,0,0,1,차대사람 - 기타,안전운전불이행,건조,맑음,단일로 - 기타,승용,남,54세,상해없음,보행자,여,21세,부상신고
2012102700100093,2012년 10월 27일 04시,토요일,부산광역시 남구 대연동,경상사고,0,0,1,0,차대사람 - 길가장자리구역통행중,안전운전불이행,건조,맑음,단일로 - 기타,승용,남,23세,상해없음,보행자,남,28세,경상
2012102700100113,2012년 10월 27일 05시,토요일,부산광역시 북구 덕천동,경상사고,0,0,2,0,차대차 - 측면직각충돌,신호위반,건조,맑음,교차로 - 교차로안,화물,남,48세,상해없음,승용,남,53세,경상
2012102700100114,2012년 10월 27일 05시,토요일,부산광역시 해운대구 우동,중상사고,0,1,0,0,차대사람 - 횡단중,신호위반,건조,맑음,교차로 - 교차로안,승용,남,46세,상해없음,보행자,여,69세,중상
2012102700100115,2012년 10월 27일 05시,토요일,부산광역시 부산진구 당감동,중상사고,0,1,0,0,차대사람 - 기타,안전운전불이행,건조,맑음,단일로 - 횡단보도부근,승용,남,66세,상해없음,보행자,남,28세,중상
2012102700100140,2012년 10월 27일 06시,토요일,부산광역시 서구 동대신동1가,경상사고,0,0,2,1,차대차 - 추돌 - 진행중,안전운전불이행,습기,맑음,단일로 - 기타,승용,남,69세,상해없음,승용,남,62세,경상
2012102700100141,2012년 10월 27일 06시,토요일,부산광역시 북구 덕천동,경상사고,0,0,1,0,차대사람 - 보도통행중,신호위반,습기,비,단일로 - 횡단보도상,승합,남,32세,상해없음,보행자,남,45세,경상
2012102700100142,2012년 10월 27일 06시,토요일,부산광역시 해운대구 좌동,중상사고,0,2,2,0,차대차 - 추돌 - 주정차중,안전운전불이행,습기,비,교차로 - 교차로부근,승용,여,28세,상해없음,승용,여,34세,중상
2012102700100143,2012년 10월 27일 06시,토요일,부산광역시 금정구 부곡동,경상사고,0,0,1,0,차대차 - 추돌 - 진행중,안전거리미확보,습기,비,단일로 - 기타,승용,여,29세,상해없음,화물,남,39세,경상
2012102700100144,2012년 10월 27일 06시,토요일,부산광역시 사상구 감전동,중상사고,0,2,3,0,차대차 - 기타,중앙선침범,습기,비,단일로 - 기타,승용,남,34세,상해없음,승용,남,58세,경상
2012102700100167,2012년 10월 27일 07시,토요일,부산광역시 수영구 광안동,중상사고,0,1,0,0,차대사람 - 횡단중,안전운전불이행,습기,비,교차로 - 교차로부근,승용,남,65세,상해없음,보행자,여,37세,중상
2012102700100185,2012년 10월 27일 08시,토요일,부산광역시 북구 구포동,중상사고,0,1,0,0,차대차 - 측면직각충돌,안전운전불이행,습기,비,단일로 - 기타,화물,남,35세,상해없음,승용,남,30세,중상
2012102700100208,2012년 10월 27일 09시,토요일,부산광역시 서구 서대신동1가,중상사고,0,3,0,0,차대차 - 기타,신호위반,습기,비,교차로 - 교차로안,승용,남,47세,상해없음,승용,남,40세,중상
2012102700100209,2012년 10월 27일 09시,토요일,부산광역시 사하구 괴정동,부상신고사고,0,0,0,1,차대사람 - 길가장자리구역통행중,보행자보호의무위반,습기,맑음,단일로 - 기타,승용,남,42세,상해없음,보행자,남,24세,부상신고
2012102700100210,2012년 10월 27일 09시,토요일,부산광역시 기장군 기장읍,중상사고,0,2,0,0,차대차 - 측면직각충돌,신호위반,건조,맑음,교차로 - 교차로안,승용,남,28세,상해없음,승용,남,52세,중상
2012102700100245,2012년 10월 27일 10시,토요일,부산광역시 수영구 민락동,경상사고,0,0,1,0,차대차 - 추돌 - 주정차중,안전운전불이행,건조,맑음,교차로 - 교차로부근,승합,남,66세,기타불명,승용,남,23세,경상
2012102700100246,2012년 10월 27일 10시,토요일,부산광역시 해운대구 반여동,경상사고,0,0,2,0,차대차 - 추돌 - 진행중,안전거리미확보,습기,비,교차로 - 교차로부근,화물,남,47세,상해없음,승용,여,35세,경상
2012102700100247,2012년 10월 27일 10시,토요일,부산광역시 연제구 연산동,경상사고,0,0,4,0,차대차 - 추돌 - 진행중,안전거리미확보,습기,비,단일로 - 기타,승용,여,51세,상해없음,화물,남,34세,상해없음
2012102700100312,2012년 10월 27일 12시,토요일,부산광역시 동구 초량동,경상사고,0,0,3,0,차대차 - 측면직각충돌,신호위반,습기,비,교차로 - 교차로안,승용,여,46세,상해없음,승용,남,53세,경상
2012102700100313,2012년 10월 27일 12시,토요일,부산광역시 해운대구 중동,중상사고,0,1,0,0,차대사람 - 횡단중,보행자보호의무위반,습기,비,교차로 - 교차로안,승용,남,30세,상해없음,보행자,남,72세,중상
2012102700100314,2012년 10월 27일 12시,토요일,부산광역시 해운대구 우동,경상사고,0,0,4,0,차대차 - 추돌 - 주정차중,안전운전불이행,건조,맑음,단일로 - 기타,승용,남,37세,상해없음,승용,남,28세,경상
2012102700100315,2012년 10월 27일 12시,토요일,부산광역시 사상구 학장동,경상사고,0,0,1,0,차대차 - 추돌 - 주정차중,안전거리미확보,건조,맑음,교차로 - 교차로안,화물,남,53세,상해없음,승용,남,69세,경상
2012102700100316,2012년 10월 27일 12시,토요일,부산광역시 기장군 기장읍,경상사고,0,0,2,1,차대차 - 추돌 - 주정차중,안전운전불이행,습기,비,단일로 - 기타,승용,여,42세,상해없음,승용,여,31세,경상
2012102700100348,2012년 10월 27일 13시,토요일,부산광역시 동래구 안락동,경상사고,0,0,1,0,차대차 - 기타,안전운전불이행,습기,비,단일로 - 기타,승용,남,48세,상해없음,승용,남,65세,경상
2012102700100349,2012년 10월 27일 13시,토요일,부산광역시 해운대구 우동,부상신고사고,0,0,0,1,차량단독 - 기타,안전운전불이행,습기,비,단일로 - 기타,원동기,남,18세,부상신고,,,,
2012102700100350,2012년 10월 27일 13시,토요일,부산광역시 사상구 모라동,중상사고,0,1,1,0,차대차 - 기타,안전거리미확보,습기,비,단일로 - 기타,승용,남,54세,상해없음,승용,남,42세,중상
2012102700100388,2012년 10월 27일 14시,토요일,부산광역시 해운대구 우동,중상사고,0,2,2,0,차대차 - 측면직각충돌,안전운전불이행,습기,비,단일로 - 기타,승용,남,56세,상해없음,승용,여,47세,경상
2012102700100389,2012년 10월 27일 14시,토요일,부산광역시 금정구 서동,부상신고사고,0,0,0,1,차량단독 - 기타,안전운전불이행,습기,비,단일로 - 기타,승합,남,50세,상해없음,,,,
2012102700100390,2012년 10월 27일 14시,토요일,부산광역시 금정구 부곡동,경상사고,0,0,1,0,차대사람 - 기타,안전운전불이행,습기,비,단일로 - 기타,승용,여,41세,상해없음,보행자,남,14세,경상
2012102700100391,2012년 10월 27일 14시,토요일,부산광역시 사하구 감천동,경상사고,0,0,1,0,차대사람 - 기타,안전운전불이행,건조,맑음,단일로 - 기타,화물,남,48세,상해없음,보행자,여,37세,경상
2012102700100470,2012년 10월 27일 16시,토요일,부산광역시 동래구 온천동,중상사고,0,1,0,0,차대차 - 측면직각충돌,교차로운행방법위반,습기,비,교차로 - 교차로안,승용,남,43세,상해없음,화물,남,60세,중상
2012102700100471,2012년 10월 27일 16시,토요일,부산광역시 부산진구 부전동,중상사고,0,1,0,0,차대사람 - 기타,안전운전불이행,습기,비,단일로 - 기타,승용,남,62세,상해없음,보행자,남,46세,중상
2012102700100472,2012년 10월 27일 16시,토요일,부산광역시 부산진구 부암동,중상사고,0,1,0,0,차대차 - 기타,중앙선침범,기타,비,단일로 - 기타,승용,남,31세,기타불명,승용,남,24세,중상
2012102700100473,2012년 10월 27일 16시,토요일,부산광역시 부산진구 가야동,경상사고,0,0,3,0,차대차 - 추돌 - 진행중,안전거리미확보,습기,비,단일로 - 기타,화물,남,37세,상해없음,승용,여,50세,상해없음
2012102700100574,2012년 10월 27일 18시,토요일,부산광역시 중구 대청동1가,경상사고,0,0,1,0,차대사람 - 횡단중,신호위반,습기,비,단일로 - 횡단보도상,이륜,남,58세,상해없음,보행자,여,47세,경상
2012102700100575,2012년 10월 27일 18시,토요일,부산광역시 서구 남부민동,경상사고,0,0,1,0,차대차 - 기타,중앙선침범,습기,비,교차로 - 교차로부근,화물,남,50세,상해없음,원동기,남,16세,경상
2012102700100576,2012년 10월 27일 18시,토요일,부산광역시 수영구 광안동,경상사고,0,0,1,0,차대차 - 측면직각충돌,신호위반,습기,비,교차로 - 교차로부근,승용,여,49세,상해없음,화물,남,55세,경상
2012102700100577,2012년 10월 27일 18시,토요일,부산광역시 북구 구포동,경상사고,0,0,1,0,차대차 - 추돌 - 진행중,안전거리미확보,습기,비,단일로 - 기타,승합,남,51세,상해없음,승용,남,47세,상해없음
2012102700100578,2012년 10월 27일 18시,토요일,부산광역시 북구 화명동,경상사고,0,0,1,0,차대사람 - 횡단중,안전운전불이행,건조,맑음,단일로 - 기타,이륜,남,20세,상해없음,보행자,남,75세,경상
2012102700100579,2012년 10월 27일 18시,토요일,부산광역시 해운대구 좌동,경상사고,0,0,1,0,차대차 - 기타,중앙선침범,습기,비,단일로 - 기타,승용,남,36세,상해없음,승용,남,50세,경상
2012102700100580,2012년 10월 27일 18시,토요일,부산광역시 부산진구 부전동,중상사고,0,1,0,0,차대차 - 기타,기타,기타,맑음,단일로 - 기타,승용,여,52세,상해없음,원동기,남,24세,중상
2012102700100581,2012년 10월 27일 18시,토요일,부산광역시 부산진구 전포동,경상사고,0,0,2,0,차대차 - 추돌 - 주정차중,안전운전불이행,습기,비,단일로 - 기타,승용,여,45세,상해없음,승용,남,33세,경상
2012102700100582,2012년 10월 27일 18시,토요일,부산광역시 부산진구 당감동,중상사고,0,1,0,0,차대사람 - 기타,안전운전불이행,습기,비,교차로 - 교차로안,화물,남,54세,상해없음,보행자,남,73세,중상
2012102700100583,2012년 10월 27일 18시,토요일,부산광역시 사하구 괴정동,중상사고,0,1,0,0,차대사람 - 기타,불법유턴,습기,비,단일로 - 기타,승용,여,29세,상해없음,보행자,여,33세,중상
2012102700100638,2012년 10월 27일 19시,토요일,부산광역시 동래구 온천동,부상신고사고,0,0,0,1,차대사람 - 횡단중,안전운전불이행,습기,비,단일로 - 기타,승용,여,61세,상해없음,보행자,여,56세,부상신고
2012102700100639,2012년 10월 27일 19시,토요일,부산광역시 사하구 감천동,중상사고,0,1,2,0,차대차 - 추돌 - 진행중,안전거리미확보,습기,비,단일로 - 기타,승용,남,43세,상해없음,승용,남,36세,경상
2012102700100640,2012년 10월 27일 19시,토요일,부산광역시 사상구 감전동,중상사고,0,1,2,0,차대차 - 추돌 - 주정차중,안전거리미확보,습기,비,단일로 - 기타,승용,남,62세,상해없음,승용,남,27세,경상
2012102700100692,2012년 10월 27일 20시,토요일,부산광역시 서구 암남동,경상사고,0,0,1,0,차대사람 - 횡단중,신호위반,건조,맑음,단일로 - 횡단보도상,승용,남,58세,상해없음,보행자,남,30세,경상
2012102700100693,2012년 10월 27일 20시,토요일,부산광역시 북구 금곡동,중상사고,0,1,4,0,차대사람 - 차도통행중,안전운전불이행,건조,맑음,단일로 - 기타,승용,남,49세,상해없음,보행자,남,19세,경상
2012102700100694,2012년 10월 27일 20시,토요일,부산광역시 부산진구 양정동,경상사고,0,0,1,0,차대차 - 측면직각충돌,안전운전불이행,기타,비,교차로 - 교차로부근,승용,남,44세,상해없음,승용,남,30세,경상
2012102700100745,2012년 10월 27일 21시,토요일,부산광역시 해운대구 석대동,중상사고,0,2,0,0,차대차 - 측면직각충돌,안전운전불이행,습기,비,단일로 - 기타,화물,남,28세,상해없음,승용,남,56세,상해없음
2012102700100746,2012년 10월 27일 21시,토요일,부산광역시 해운대구 석대동,중상사고,0,3,2,0,차대차 - 측면직각충돌,과속,습기,비,단일로 - 기타,승용,남,55세,상해없음,승용,여,45세,경상
2012102700100747,2012년 10월 27일 21시,토요일,부산광역시 사하구 하단동,경상사고,0,0,1,0,차량단독 - 공작물충돌,안전운전불이행,습기,비,단일로 - 기타,승용,남,60세,상해없음,,,,
2012102700100789,2012년 10월 27일 22시,토요일,부산광역시 해운대구 반여동,경상사고,0,0,1,0,차대차 - 추돌 - 주정차중,안전거리미확보,건조,맑음,단일로 - 기타,승용,남,27세,상해없음,승용,남,64세,경상
2012102700100790,2012년 10월 27일 22시,토요일,부산광역시 부산진구 양정동,중상사고,0,1,1,0,차대차 - 추돌 - 주정차중,과속,습기,비,교차로 - 교차로부근,승용,남,50세,상해없음,승용,남,57세,경상
2012102700100791,2012년 10월 27일 22시,토요일,부산광역시 강서구 대저2동,경상사고,0,0,1,0,차대차 - 측면직각충돌,신호위반,건조,맑음,교차로 - 교차로안,승용,남,32세,상해없음,승용,남,59세,경상
2012102700100824,2012년 10월 27일 23시,토요일,부산광역시 해운대구 반여동,중상사고,0,2,0,0,차대차 - 추돌 - 주정차중,안전운전불이행,습기,흐림,단일로 - 기타,승용,남,33세,상해없음,승합,남,36세,중상
2012102700100825,2012년 10월 27일 23시,토요일,부산광역시 해운대구 우동,경상사고,0,0,1,0,차대차 - 추돌 - 주정차중,안전운전불이행,건조,맑음,단일로 - 기타,승용,남,37세,상해없음,승용,여,31세,경상
2012102700100826,2012년 10월 27일 23시,토요일,부산광역시 금정구 청룡동,경상사고,0,0,1,1,차대차 - 측면직각충돌,신호위반,건조,흐림,교차로 - 교차로안,화물,남,68세,상해없음,승용,남,57세,경상
2012102700100827,2012년 10월 27일 23시,토요일,부산광역시 사하구 신평동,사망사고,2,2,0,0,차대차 - 기타,신호위반,습기,비,교차로 - 교차로안,승용,남,34세,사망,승용,남,30세,중상
2012102700100828,2012년 10월 27일 23시,토요일,부산광역시 사하구 괴정동,경상사고,0,0,1,0,차대차 - 측면직각충돌,신호위반,습기,흐림,교차로 - 교차로안,승용,여,49세,기타불명,승용,남,59세,경상
2012102700100829,2012년 10월 27일 23시,토요일,부산광역시 연제구 연산동,중상사고,0,1,2,0,차대차 - 추돌 - 주정차중,안전거리미확보,건조,맑음,단일로 - 기타,승용,남,40세,상해없음,승용,남,55세,중상
2012102800100007,2012년 10월 28일 00시,일요일,부산광역시 남구 대연동,경상사고,0,0,1,0,차대차 - 추돌 - 진행중,교차로운행방법위반,건조,맑음,단일로 - 기타,승용,남,33세,상해없음,승용,남,47세,경상
2012102800100051,2012년 10월 28일 02시,일요일,부산광역시 수영구 수영동,중상사고,0,2,0,0,차대차 - 추돌 - 주정차중,안전운전불이행,건조,맑음,단일로 - 기타,승용,남,35세,상해없음,승용,여,29세,중상
2012102800100081,2012년 10월 28일 04시,일요일,부산광역시 수영구 망미동,경상사고,0,0,1,0,차대차 - 측면직각충돌,안전거리미확보,건조,맑음,단일로 - 기타,승용,남,60세,상해없음,승용,남,55세,상해없음
2012102800100104,2012년 10월 28일 06시,일요일,부산광역시 사상구 주례동,중상사고,0,1,0,0,차대사람 - 횡단중,안전운전불이행,습기,맑음,단일로 - 기타,승용,남,55세,상해없음,보행자,여,64세,중상
2012102800100119,2012년 10월 28일 07시,일요일,부산광역시 기장군 기장읍,경상사고,0,0,2,0,차대차 - 추돌 - 주정차중,안전운전불이행,건조,맑음,교차로 - 교차로부근,승용,남,25세,상해없음,승용,남,57세,경상
2012102800100131,2012년 10월 28일 08시,일요일,부산광역시 해운대구 반송동,중상사고,0,1,0,0,차대사람 - 횡단중,안전운전불이행,건조,맑음,단일로 - 횡단보도상,승용,남,38세,상해없음,보행자,여,71세,중상
2012102800100132,2012년 10월 28일 08시,일요일,부산광역시 해운대구 반여동,경상사고,0,0,1,0,차대차 - 측면직각충돌,안전운전불이행,건조,맑음,교차로 - 교차로부근,승용,남,31세,상해없음,원동기,남,28세,경상
2012102800100133,2012년 10월 28일 08시,일요일,부산광역시 강서구 생곡동,중상사고,0,1,0,0,차대차 - 측면직각충돌,안전운전불이행,건조,맑음,교차로 - 교차로안,화물,남,48세,상해없음,화물,남,46세,상해없음
2012102800100152,2012년 10월 28일 09시,일요일,부산광역시 영도구 동삼동,중상사고,0,1,1,0,차대차 - 기타,직진우회전진행방해,건조,맑음,교차로 - 교차로안,화물,남,55세,상해없음,승용,남,56세,경상
2012102800100153,2012년 10월 28일 09시,일요일,부산광역시 사하구 장림동,경상사고,0,0,1,0,차대차 - 측면직각충돌,안전운전불이행,건조,맑음,단일로 - 기타,승용,남,44세,상해없음,원동기,남,33세,경상
2012102800100154,2012년 10월 28일 09시,일요일,부산광역시 사상구 괘법동,경상사고,0,0,1,0,차대차 - 기타,안전운전불이행,건조,맑음,단일로 - 기타,승합,남,41세,상해없음,승용,남,65세,경상
2012102800100166,2012년 10월 28일 10시,일요일,부산광역시 영도구 신선동3가,경상사고,0,0,1,0,차대사람 - 횡단중,보행자보호의무위반,건조,맑음,단일로 - 횡단보도상,원동기,남,47세,상해없음,보행자,여,50세,경상
2012102800100167,2012년 10월 28일 10시,일요일,부산광역시 사상구 모라동,사망사고,1,1,0,0,차대차 - 추돌 - 주정차중,안전거리미확보,건조,맑음,단일로 - 기타,승용,여,48세,상해없음,승용,남,57세,사망
2012102800100191,2012년 10월 28일 11시,일요일,부산광역시 금정구 금사동,경상사고,0,0,2,2,차대차 - 추돌 - 주정차중,안전거리미확보,건조,맑음,단일로 - 기타,화물,남,51세,상해없음,승용,남,23세,경상
2012102800100192,2012년 10월 28일 11시,일요일,부산광역시 강서구 명지동,경상사고,0,0,2,0,차대차 - 측면직각충돌,신호위반,건조,맑음,단일로 - 기타,승용,남,66세,상해없음,승용,여,50세,경상