사고번호,사고일시,요일,시군구,사고내용,사망자수,중상자수,경상자수,부상신고자수,사고유형,법규위반,노면상태,기상상태,도로형태,가해운전자 차종,가해운전자 성별,가해운전자 연령,가해운전자 상해정도,피해운전자 차종,피해운전자 성별,피해운전자 연령,피해운전자 상해정도
2012102800100213,2012년 10월 28일 12시,일요일,부산광역시 중구 영주동,중상사고,0,1,0,0,차대사람 - 횡단중,안전운전불이행,건조,맑음,단일로 - 기타,승용,남,40세,상해없음,보행자,여,8세,중상
2012102800100214,2012년 10월 28일 12시,일요일,부산광역시 서구 동대신동3가,중상사고,0,1,0,0,차대사람 - 기타,안전운전불이행,건조,맑음,단일로 - 횡단보도부근,승용,여,41세,상해없음,보행자,남,82세,중상
2012102800100215,2012년 10월 28일 12시,일요일,부산광역시 금정구 서동,경상사고,0,0,1,0,차대사람 - 횡단중,안전운전불이행,건조,맑음,단일로 - 기타,승용,남,20세,상해없음,보행자,남,74세,경상
2012102800100216,2012년 10월 28일 12시,일요일,부산광역시 연제구 연산동,중상사고,0,1,0,0,차대차 - 측면직각충돌,신호위반,건조,맑음,교차로 - 교차로안,승용,여,39세,상해없음,승용,여,44세,중상
2012102800100217,2012년 10월 28일 12시,일요일,부산광역시 사상구 모라동,경상사고,0,0,2,0,차대차 - 측면직각충돌,안전거리미확보,건조,맑음,교차로 - 교차로부근,승용,남,46세,상해없음,승용,남,40세,경상
2012102800100218,2012년 10월 28일 12시,일요일,부산광역시 기장군 기장읍,부상신고사고,0,0,0,1,차대차 - 측면직각충돌,안전운전불이행,건조,맑음,단일로 - 기타,자전거,여,66세,부상신고,승용,남,41세,상해없음
2012102800100243,2012년 10월 28일 13시,일요일,부산광역시 남구 대연동,중상사고,0,1,0,0,차대사람 - 기타,신호위반,건조,맑음,단일로 - 기타,승용,남,58세,상해없음,보행자,여,66세,중상
2012102800100270,2012년 10월 28일 14시,일요일,부산광역시 동래구 온천동,중상사고,0,1,1,0,차대차 - 기타,기타,건조,맑음,단일로 - 기타,승합,남,54세,상해없음,자전거,여,23세,중상
2012102800100271,2012년 10월 28일 14시,일요일,부산광역시 동래구 온천동,경상사고,0,0,1,0,차대차 - 기타,기타,건조,맑음,단일로 - 기타,승용,남,54세,상해없음,자전거,여,50세,경상
2012102800100272,2012년 10월 28일 14시,일요일,부산광역시 부산진구 양정동,중상사고,0,1,0,0,차대차 - 기타,안전운전불이행,기타,맑음,교차로 - 교차로안,승용,남,35세,상해없음,원동기,남,23세,중상
2012102800100273,2012년 10월 28일 14시,일요일,부산광역시 부산진구 부전동,경상사고,0,0,1,0,차대차 - 기타,신호위반,기타,맑음,교차로 - 교차로안,승용,남,54세,상해없음,이륜,남,17세,경상
2012102800100274,2012년 10월 28일 14시,일요일,부산광역시 부산진구 양정동,중상사고,0,1,0,0,차대사람 - 횡단중,신호위반,건조,맑음,단일로 - 횡단보도상,이륜,남,24세,상해없음,보행자,남,64세,중상
2012102800100307,2012년 10월 28일 15시,일요일,부산광역시 남구 대연동,중상사고,0,1,0,0,차대사람 - 횡단중,중앙선침범,건조,맑음,단일로 - 기타,원동기,남,17세,상해없음,보행자,여,39세,중상
2012102800100308,2012년 10월 28일 15시,일요일,부산광역시 북구 화명동,경상사고,0,0,1,0,차대차 - 측면직각충돌,교차로운행방법위반,건조,맑음,교차로 - 교차로안,승용,남,25세,상해없음,승용,여,25세,경상
2012102800100309,2012년 10월 28일 15시,일요일,부산광역시 사하구 하단동,부상신고사고,0,0,0,1,차대사람 - 기타,안전운전불이행,건조,맑음,단일로 - 기타,이륜,남,31세,상해없음,보행자,여,18세,부상신고
2012102800100345,2012년 10월 28일 16시,일요일,부산광역시 부산진구 당감동,중상사고,0,1,2,0,차대차 - 추돌 - 진행중,안전운전불이행,건조,맑음,단일로 - 기타,승용,남,43세,상해없음,승용,여,37세,중상
2012102800100387,2012년 10월 28일 17시,일요일,부산광역시 동구 좌천동,중상사고,0,1,0,0,차대사람 - 기타,안전운전불이행,건조,맑음,단일로 - 기타,화물,남,54세,상해없음,보행자,여,82세,중상
2012102800100388,2012년 10월 28일 17시,일요일,부산광역시 동래구 사직동,부상신고사고,0,0,0,1,차대차 - 측면직각충돌,중앙선침범,건조,맑음,단일로 - 기타,화물,남,41세,상해없음,승용,여,56세,부상신고
2012102800100389,2012년 10월 28일 17시,일요일,부산광역시 해운대구 좌동,중상사고,0,1,0,0,차대차 - 측면직각충돌,중앙선침범,건조,맑음,단일로 - 기타,승용,여,70세,상해없음,승용,남,48세,중상
2012102800100390,2012년 10월 28일 17시,일요일,부산광역시 기장군 일광면,중상사고,0,1,2,0,차대차 - 추돌 - 진행중,안전거리미확보,건조,맑음,단일로 - 기타,승합,남,42세,상해없음,승용,남,68세,경상
2012102800100430,2012년 10월 28일 18시,일요일,부산광역시 서구 동대신동2가,중상사고,0,1,0,0,차대차 - 기타,중앙선침범,건조,맑음,단일로 - 횡단보도부근,원동기,남,23세,상해없음,자전거,남,48세,중상
2012102800100431,2012년 10월 28일 18시,일요일,부산광역시 연제구 거제동,중상사고,0,1,0,0,차대차 - 측면직각충돌,안전운전불이행,건조,맑음,단일로 - 기타,승용,남,26세,상해없음,자전거,여,55세,중상
2012102800100482,2012년 10월 28일 19시,일요일,부산광역시 해운대구 중동,중상사고,0,1,0,0,차대차 - 기타,안전운전불이행,건조,맑음,교차로 - 교차로안,승용,남,35세,상해없음,이륜,남,30세,중상
2012102800100483,2012년 10월 28일 19시,일요일,부산광역시 해운대구 좌동,경상사고,0,0,4,0,차대차 - 추돌 - 주정차중,안전운전불이행,건조,맑음,단일로 - 기타,승용,남,23세,상해없음,화물,남,62세,상해없음
2012102800100484,2012년 10월 28일 19시,일요일,부산광역시 사하구 다대동,경상사고,0,0,1,0,차대차 - 측면직각충돌,직진우회전진행방해,건조,맑음,교차로 - 교차로안,승용,여,44세,상해없음,자전거,남,16세,경상
2012102800100485,2012년 10월 28일 19시,일요일,부산광역시 사하구 괴정동,경상사고,0,0,1,0,차대차 - 측면직각충돌,신호위반,건조,맑음,교차로 - 교차로부근,승용,남,58세,상해없음,이륜,남,62세,경상
2012102800100486,2012년 10월 28일 19시,일요일,부산광역시 사하구 장림동,경상사고,0,0,2,0,차대차 - 측면직각충돌,신호위반,건조,맑음,교차로 - 교차로안,화물,남,47세,상해없음,승용,남,29세,경상
2012102800100487,2012년 10월 28일 19시,일요일,부산광역시 기장군 기장읍,경상사고,0,0,2,0,차대차 - 추돌 - 주정차중,안전운전불이행,건조,맑음,단일로 - 기타,승용,여,52세,상해없음,승용,여,29세,경상
2012102800100521,2012년 10월 28일 20시,일요일,부산광역시 서구 서대신동1가,경상사고,0,0,1,0,차대사람 - 기타,안전운전불이행,건조,맑음,단일로 - 기타,승용,남,40세,상해없음,보행자,여,57세,경상
2012102800100522,2012년 10월 28일 20시,일요일,부산광역시 수영구 민락동,부상신고사고,0,0,0,1,차대사람 - 횡단중,안전운전불이행,건조,맑음,교차로 - 교차로부근,이륜,남,55세,상해없음,보행자,남,53세,부상신고
2012102800100523,2012년 10월 28일 20시,일요일,부산광역시 수영구 광안동,중상사고,0,1,0,0,차대사람 - 기타,안전운전불이행,건조,맑음,교차로 - 교차로안,승용,남,22세,상해없음,보행자,남,73세,중상
2012102800100545,2012년 10월 28일 21시,일요일,부산광역시 동구 초량동,중상사고,0,1,0,0,차대차 - 측면직각충돌,안전거리미확보,건조,맑음,단일로 - 기타,승용,남,22세,상해없음,승용,남,41세,중상
2012102800100546,2012년 10월 28일 21시,일요일,부산광역시 남구 대연동,부상신고사고,0,0,0,1,차대차 - 측면직각충돌,안전운전불이행,건조,맑음,교차로 - 교차로안,승용,남,47세,상해없음,자전거,남,24세,부상신고
2012102800100547,2012년 10월 28일 21시,일요일,부산광역시 남구 대연동,경상사고,0,0,2,0,차량단독 - 기타,안전운전불이행,건조,맑음,단일로 - 기타,이륜,남,17세,경상,,,,
2012102800100548,2012년 10월 28일 21시,일요일,부산광역시 해운대구 우동,경상사고,0,0,1,1,차대차 - 추돌 - 진행중,안전거리미확보,건조,맑음,교차로 - 교차로부근,이륜,남,39세,상해없음,승용,남,55세,경상
2012102800100549,2012년 10월 28일 21시,일요일,부산광역시 해운대구 우동,경상사고,0,0,2,0,차대차 - 추돌 - 진행중,안전운전불이행,건조,맑음,단일로 - 기타,승용,남,47세,상해없음,승용,남,51세,경상
2012102800100550,2012년 10월 28일 21시,일요일,부산광역시 사상구 감전동,경상사고,0,0,2,1,차대차 - 기타,교차로운행방법위반,건조,맑음,교차로 - 교차로안,승용,남,26세,부상신고,승용,남,28세,경상
2012102800100577,2012년 10월 28일 22시,일요일,부산광역시 남구 대연동,중상사고,0,2,0,0,차대차 - 기타,안전거리미확보,건조,맑음,단일로 - 터널,승용,남,29세,상해없음,승용,여,38세,중상
2012102800100597,2012년 10월 28일 23시,일요일,부산광역시 동구 수정동,경상사고,0,0,1,0,차대사람 - 기타,보행자보호의무위반,건조,맑음,단일로 - 횡단보도상,기타불명,기타불명,기타불명,기타불명,보행자,여,48세,경상
2012102800100598,2012년 10월 28일 23시,일요일,부산광역시 사상구 삼락동,사망사고,1,0,0,0,차량단독 - 공작물충돌,안전운전불이행,건조,맑음,미분류 - 미분류,승용,여,48세,사망,,,,
2012102900100008,2012년 10월 29일 00시,월요일,부산광역시 중구 남포동1가,중상사고,0,1,0,0,차대사람 - 차도통행중,안전운전불이행,건조,맑음,단일로 - 기타,승용,여,49세,상해없음,보행자,남,51세,중상
2012102900100009,2012년 10월 29일 00시,월요일,부산광역시 남구 문현동,경상사고,0,0,1,0,차대차 - 추돌 - 진행중,교차로운행방법위반,건조,맑음,교차로 - 교차로안,승용,남,69세,상해없음,화물,남,47세,상해없음
2012102900100030,2012년 10월 29일 03시,월요일,부산광역시 동래구 사직동,경상사고,0,0,1,0,차대사람 - 기타,안전운전불이행,건조,맑음,단일로 - 기타,화물,남,51세,상해없음,보행자,남,52세,경상
2012102900100038,2012년 10월 29일 04시,월요일,부산광역시 해운대구 좌동,중상사고,0,1,0,0,차대차 - 기타,안전운전불이행,건조,기타,교차로 - 교차로부근,원동기,남,33세,상해없음,자전거,남,54세,중상
2012102900100054,2012년 10월 29일 06시,월요일,부산광역시 서구 서대신동1가,경상사고,0,0,1,0,차대차 - 기타,안전운전불이행,건조,맑음,단일로 - 기타,승합,남,52세,상해없음,승용,남,43세,경상
2012102900100076,2012년 10월 29일 07시,월요일,부산광역시 남구 대연동,중상사고,0,1,0,0,차대사람 - 횡단중,보행자보호의무위반,건조,맑음,교차로 - 교차로안,승용,남,48세,상해없음,보행자,남,77세,중상
2012102900100077,2012년 10월 29일 07시,월요일,부산광역시 사상구 괘법동,경상사고,0,0,1,0,차대차 - 기타,신호위반,건조,맑음,교차로 - 교차로안,승용,기타불명,기타불명,기타불명,화물,남,28세,상해없음
2012102900100103,2012년 10월 29일 08시,월요일,부산광역시 해운대구 재송동,경상사고,0,0,1,0,차대차 - 측면직각충돌,안전운전불이행,건조,맑음,교차로 - 교차로안,승용,남,58세,상해없음,승용,여,48세,경상
2012102900100105,2012년 10월 29일 08시,월요일,부산광역시 연제구 거제동,중상사고,0,1,0,0,차대사람 - 횡단중,안전운전불이행,건조,맑음,단일로 - 기타,승용,남,56세,상해없음,보행자,남,14세,중상
2012102900100106,2012년 10월 29일 08시,월요일,부산광역시 기장군 기장읍,중상사고,0,1,0,0,차대차 - 추돌 - 진행중,안전거리미확보,건조,맑음,단일로 - 기타,승용,남,48세,상해없음,승용,남,59세,중상
2012102900100157,2012년 10월 29일 09시,월요일,부산광역시 동래구 온천동,중상사고,0,1,0,0,차대사람 - 횡단중,안전운전불이행,건조,맑음,교차로 - 교차로안,화물,남,45세,상해없음,보행자,남,44세,중상
2012102900100158,2012년 10월 29일 09시,월요일,부산광역시 동래구 칠산동,중상사고,0,1,0,0,차대사람 - 길가장자리구역통행중,안전운전불이행,건조,맑음,단일로 - 기타,승용,기타불명,기타불명,기타불명,보행자,여,73세,중상
2012102900100159,2012년 10월 29일 09시,월요일,부산광역시 사하구 하단동,경상사고,0,0,3,0,차대차 - 기타,안전운전불이행,건조,맑음,단일로 - 기타,승용,여,38세,상해없음,승용,여,46세,경상
2012102900100160,2012년 10월 29일 09시,월요일,부산광역시 사상구 감전동,중상사고,0,1,0,0,차대차 - 측면직각충돌,교차로운행방법위반,건조,맑음,교차로 - 교차로안,승용,남,20세,상해없음,이륜,남,66세,중상
2012102900100183,2012년 10월 29일 10시,월요일,부산광역시 사상구 학장동,경상사고,0,0,1,0,차대차 - 추돌 - 진행중,안전거리미확보,건조,맑음,교차로 - 교차로부근,화물,남,48세,상해없음,승용,남,70세,상해없음
2012102900100208,2012년 10월 29일 11시,월요일,부산광역시 해운대구 우동,경상사고,0,0,2,0,차대차 - 측면직각충돌,교차로운행방법위반,건조,맑음,교차로 - 교차로안,승용,남,51세,상해없음,승용,여,33세,경상
2012102900100263,2012년 10월 29일 13시,월요일,부산광역시 연제구 연산동,중상사고,0,1,0,0,차대차 - 기타,차로위반,건조,맑음,단일로 - 기타,승용,남,48세,상해없음,승합,남,65세,상해없음
2012102900100287,2012년 10월 29일 14시,월요일,부산광역시 사하구 하단동,중상사고,0,1,0,0,차대차 - 추돌 - 진행중,차로위반,건조,맑음,단일로 - 기타,화물,남,66세,상해없음,화물,남,52세,중상
2012102900100351,2012년 10월 29일 16시,월요일,부산광역시 동래구 안락동,경상사고,0,0,1,0,차대차 - 측면직각충돌,교차로운행방법위반,건조,맑음,교차로 - 교차로안,화물,남,35세,상해없음,자전거,남,11세,경상
2012102900100399,2012년 10월 29일 17시,월요일,부산광역시 수영구 민락동,중상사고,0,1,0,0,차대차 - 측면직각충돌,안전운전불이행,건조,맑음,교차로 - 교차로부근,화물,남,29세,상해없음,자전거,여,33세,중상
2012102900100400,2012년 10월 29일 17시,월요일,부산광역시 북구 덕천동,중상사고,0,1,2,0,차대차 - 기타,안전거리미확보,건조,맑음,단일로 - 기타,승용,여,37세,상해없음,승용,남,44세,경상
2012102900100401,2012년 10월 29일 17시,월요일,부산광역시 부산진구 전포동,중상사고,0,1,0,0,차대사람 - 횡단중,안전운전불이행,건조,맑음,단일로 - 기타,승용,남,38세,상해없음,보행자,남,65세,중상
2012102900100446,2012년 10월 29일 18시,월요일,부산광역시 동구 범일동,중상사고,0,1,2,0,차대차 - 기타,안전운전불이행,건조,맑음,단일로 - 기타,특수,남,53세,상해없음,승합,남,58세,상해없음
2012102900100447,2012년 10월 29일 18시,월요일,부산광역시 남구 대연동,중상사고,0,1,0,0,차량단독 - 기타,안전운전불이행,기타,맑음,단일로 - 기타,이륜,남,55세,중상,,,,
2012102900100448,2012년 10월 29일 18시,월요일,부산광역시 남구 문현동,중상사고,0,1,0,0,차대사람 - 횡단중,안전운전불이행,건조,맑음,단일로 - 횡단보도부근,승용,여,42세,상해없음,보행자,남,15세,중상
2012102900100449,2012년 10월 29일 18시,월요일,부산광역시 해운대구 재송동,경상사고,0,0,1,0,차량단독 - 공작물충돌,안전운전불이행,건조,맑음,교차로 - 교차로안,승용,남,70세,기타불명,,,,
2012102900100513,2012년 10월 29일 19시,월요일,부산광역시 북구 구포동,중상사고,0,1,0,0,차대사람 - 횡단중,신호위반,건조,맑음,교차로 - 교차로안,승용,남,23세,상해없음,보행자,남,14세,중상
2012102900100544,2012년 10월 29일 20시,월요일,부산광역시 사하구 하단동,부상신고사고,0,0,0,1,차대차 - 측면직각충돌,안전운전불이행,건조,맑음,단일로 - 기타,화물,남,42세,상해없음,이륜,남,16세,부상신고
2012102900100545,2012년 10월 29일 20시,월요일,부산광역시 사하구 하단동,경상사고,0,0,1,0,차대사람 - 기타,안전운전불이행,건조,맑음,단일로 - 기타,승용,여,57세,상해없음,보행자,남,12세,경상
2012102900100603,2012년 10월 29일 22시,월요일,부산광역시 금정구 장전동,경상사고,0,0,2,0,차대차 - 추돌 - 주정차중,안전거리미확보,건조,맑음,단일로 - 기타,승용,남,39세,상해없음,승용,남,52세,경상
2012102900100604,2012년 10월 29일 22시,월요일,부산광역시 사하구 하단동,중상사고,0,1,0,0,차대사람 - 횡단중,안전운전불이행,건조,맑음,단일로 - 기타,승용,남,38세,상해없음,보행자,여,20세,중상
2012102900100605,2012년 10월 29일 22시,월요일,부산광역시 기장군 철마면,경상사고,0,0,1,0,차대사람 - 길가장자리구역통행중,안전운전불이행,건조,맑음,단일로 - 기타,승용,여,42세,상해없음,보행자,남,46세,경상
2012103000100006,2012년 10월 30일 00시,화요일,부산광역시 북구 금곡동,경상사고,0,0,2,0,차대차 - 추돌 - 주정차중,안전운전불이행,건조,맑음,기타 - 기타,승용,여,33세,상해없음,승용,여,26세,경상
2012103000100007,2012년 10월 30일 00시,화요일,부산광역시 동래구 사직동,경상사고,0,0,2,0,차대차 - 측면직각충돌,신호위반,건조,맑음,교차로 - 교차로안,승용,남,27세,상해없음,승용,남,56세,상해없음
2012103000100091,2012년 10월 30일 07시,화요일,부산광역시 사하구 장림동,중상사고,0,1,0,1,차대사람 - 횡단중,신호위반,건조,맑음,단일로 - 기타,승용,여,46세,상해없음,보행자,여,17세,부상신고
2012103000100092,2012년 10월 30일 07시,화요일,부산광역시 사상구 감전동,경상사고,0,0,2,0,차대차 - 측면직각충돌,직진우회전진행방해,건조,맑음,교차로 - 교차로안,화물,남,53세,상해없음,승용,여,42세,경상
2012103000100114,2012년 10월 30일 08시,화요일,부산광역시 영도구 대교동1가,경상사고,0,0,2,0,차대차 - 기타,안전거리미확보,건조,맑음,단일로 - 기타,승용,여,25세,상해없음,원동기,남,72세,경상
2012103000100143,2012년 10월 30일 09시,화요일,부산광역시 동래구 온천동,부상신고사고,0,0,0,1,차대차 - 측면직각충돌,교차로운행방법위반,건조,맑음,교차로 - 교차로안,승용,남,60세,상해없음,승용,여,28세,부상신고
2012103000100144,2012년 10월 30일 09시,화요일,부산광역시 사하구 다대동,경상사고,0,0,1,0,차대차 - 측면직각충돌,신호위반,건조,맑음,교차로 - 교차로안,승용,남,35세,상해없음,승용,여,44세,경상
2012103000100185,2012년 10월 30일 10시,화요일,부산광역시 금정구 구서동,부상신고사고,0,0,0,1,차대차 - 추돌 - 주정차중,안전거리미확보,건조,맑음,교차로 - 교차로부근,화물,남,53세,상해없음,승용,남,70세,상해없음
2012103000100229,2012년 10월 30일 12시,화요일,부산광역시 동래구 온천동,부상신고사고,0,0,0,1,차대사람 - 횡단중,보행자보호의무위반,건조,맑음,교차로 - 교차로부근,승용,여,40세,상해없음,보행자,남,24세,부상신고
2012103000100230,2012년 10월 30일 12시,화요일,부산광역시 부산진구 부전동,중상사고,0,1,0,0,차대사람 - 기타,안전운전불이행,건조,맑음,단일로 - 기타,화물,남,33세,상해없음,보행자,여,70세,중상
2012103000100231,2012년 10월 30일 12시,화요일,부산광역시 사상구 주례동,경상사고,0,0,1,0,차대차 - 추돌 - 진행중,안전운전불이행,건조,맑음,단일로 - 기타,승용,남,25세,상해없음,이륜,남,22세,경상
2012103000100262,2012년 10월 30일 13시,화요일,부산광역시 기장군 정관면,경상사고,0,0,1,0,차대차 - 추돌 - 주정차중,안전운전불이행,건조,맑음,교차로 - 교차로부근,승용,남,40세,상해없음,승용,남,35세,경상
2012103000100286,2012년 10월 30일 14시,화요일,부산광역시 동래구 온천동,중상사고,0,2,0,0,차대차 - 측면직각충돌,안전운전불이행,건조,맑음,단일로 - 기타,화물,남,28세,상해없음,승용,남,63세,중상
2012103000100287,2012년 10월 30일 14시,화요일,부산광역시 기장군 기장읍,중상사고,0,1,0,0,차대차 - 측면직각충돌,직진우회전진행방해,건조,맑음,교차로 - 교차로안,특수,남,68세,상해없음,화물,남,36세,중상
2012103000100316,2012년 10월 30일 15시,화요일,부산광역시 남구 대연동,경상사고,0,0,1,0,차대사람 - 기타,안전운전불이행,건조,맑음,단일로 - 기타,화물,남,63세,상해없음,보행자,여,29세,경상
2012103000100354,2012년 10월 30일 16시,화요일,부산광역시 금정구 구서동,경상사고,0,0,1,0,차대차 - 측면직각충돌,교차로운행방법위반,건조,맑음,교차로 - 교차로안,건설기계,남,60세,상해없음,승용,여,28세,경상
2012103000100392,2012년 10월 30일 17시,화요일,부산광역시 남구 대연동,중상사고,0,1,0,0,차대차 - 측면직각충돌,신호위반,건조,맑음,교차로 - 교차로안,승합,남,60세,상해없음,승용,남,73세,상해없음
2012103000100393,2012년 10월 30일 17시,화요일,부산광역시 북구 덕천동,경상사고,0,0,1,0,차대차 - 추돌 - 진행중,안전운전불이행,건조,맑음,단일로 - 기타,승용,남,53세,상해없음,승용,남,61세,경상
2012103000100394,2012년 10월 30일 17시,화요일,부산광역시 동래구 온천동,중상사고,0,1,0,0,차대사람 - 횡단중,안전운전불이행,건조,맑음,교차로 - 교차로안,승용,남,56세,상해없음,보행자,남,78세,중상
2012103000100395,2012년 10월 30일 17시,화요일,부산광역시 강서구 강동동,경상사고,0,0,1,0,차대차 - 기타,안전운전불이행,건조,맑음,교차로 - 교차로부근,화물,남,57세,상해없음,승용,여,50세,경상
2012103000100396,2012년 10월 30일 17시,화요일,부산광역시 사상구 주례동,부상신고사고,0,0,0,3,차대차 - 추돌 - 진행중,안전운전불이행,건조,맑음,교차로 - 교차로부근,승용,여,51세,상해없음,승용,남,32세,부상신고
2012103000100426,2012년 10월 30일 18시,화요일,부산광역시 동구 범일동,중상사고,0,1,0,0,차대차 - 기타,교차로운행방법위반,건조,맑음,교차로 - 교차로부근,이륜,남,63세,중상,승용,남,59세,상해없음
2012103000100427,2012년 10월 30일 18시,화요일,부산광역시 북구 구포동,경상사고,0,0,1,0,차대사람 - 횡단중,보행자보호의무위반,건조,맑음,교차로 - 교차로안,화물,남,31세,상해없음,보행자,남,6세,경상
2012103000100428,2012년 10월 30일 18시,화요일,부산광역시 북구 화명동,경상사고,0,0,1,0,차대사람 - 횡단중,안전운전불이행,건조,맑음,단일로 - 기타,화물,남,51세,상해없음,보행자,여,18세,경상
2012103000100429,2012년 10월 30일 18시,화요일,부산광역시 연제구 연산동,경상사고,0,0,1,0,차대차 - 측면직각충돌,안전운전불이행,건조,맑음,교차로 - 교차로안,승합,남,52세,상해없음,화물,남,44세,경상
2012103000100430,2012년 10월 30일 18시,화요일,부산광역시 강서구 식만동,중상사고,0,1,0,0,차대차 - 추돌 - 진행중,안전운전불이행,건조,맑음,단일로 - 기타,승용,여,43세,상해없음,승용,남,25세,중상
2012103000100467,2012년 10월 30일 19시,화요일,부산광역시 해운대구 송정동,중상사고,0,1,0,0,차량단독 - 기타,안전운전불이행,건조,맑음,교차로 - 교차로부근,승합,남,49세,상해없음,,,,
2012103000100502,2012년 10월 30일 20시,화요일,부산광역시 해운대구 우동,경상사고,0,0,1,0,차대차 - 측면직각충돌,안전운전불이행,건조,맑음,단일로 - 기타,승용,남,27세,상해없음,원동기,남,19세,경상
2012103000100503,2012년 10월 30일 20시,화요일,부산광역시 해운대구 우동,경상사고,0,0,1,0,차대사람 - 보도통행중,안전운전불이행,건조,맑음,단일로 - 기타,승용,여,30세,상해없음,보행자,남,35세,경상
2012103000100504,2012년 10월 30일 20시,화요일,부산광역시 부산진구 범천동,중상사고,0,1,0,0,차대사람 - 횡단중,안전운전불이행,건조,기타,단일로 - 기타,승용,남,48세,상해없음,보행자,남,67세,중상
2012103000100505,2012년 10월 30일 20시,화요일,부산광역시 금정구 서동,중상사고,0,1,0,0,차대사람 - 기타,안전운전불이행,건조,맑음,단일로 - 기타,승용,여,34세,상해없음,보행자,남,17세,중상
2012103000100506,2012년 10월 30일 20시,화요일,부산광역시 사상구 엄궁동,경상사고,0,0,1,0,차대차 - 측면직각충돌,안전거리미확보,건조,맑음,단일로 - 기타,승용,여,34세,상해없음,이륜,남,40세,경상
2012103000100538,2012년 10월 30일 21시,화요일,부산광역시 남구 용호동,중상사고,0,1,0,0,차대차 - 측면직각충돌,안전운전불이행,건조,맑음,교차로 - 교차로안,승용,남,61세,상해없음,자전거,남,25세,중상
2012103000100539,2012년 10월 30일 21시,화요일,부산광역시 해운대구 반여동,중상사고,0,1,0,0,차대사람 - 횡단중,안전운전불이행,건조,맑음,교차로 - 교차로안,승용,남,54세,상해없음,보행자,남,18세,중상
2012103000100608,2012년 10월 30일 23시,화요일,부산광역시 동구 범일동,중상사고,0,2,0,0,차대차 - 추돌 - 진행중,신호위반,건조,맑음,교차로 - 교차로안,승용,남,59세,상해없음,승용,남,52세,중상
2012103000100609,2012년 10월 30일 23시,화요일,부산광역시 금정구 장전동,경상사고,0,0,1,0,차대차 - 측면직각충돌,안전운전불이행,건조,맑음,단일로 - 기타,승용,여,44세,상해없음,승용,남,45세,경상
2012103000100610,2012년 10월 30일 23시,화요일,부산광역시 기장군 정관면,경상사고,0,0,1,0,차대차 - 측면직각충돌,교차로운행방법위반,건조,맑음,교차로 - 교차로안,승용,남,46세,상해없음,승용,남,40세,경상
2012103100100003,2012년 10월 31일 00시,수요일,부산광역시 수영구 망미동,중상사고,0,1,0,0,차량단독 - 기타,안전운전불이행,건조,기타,단일로 - 기타,승합,남,45세,상해없음,,,,
2012103100100028,2012년 10월 31일 02시,수요일,부산광역시 해운대구 우동,중상사고,0,1,0,0,차대차 - 추돌 - 진행중,차로위반,건조,맑음,단일로 - 교량,원동기,남,24세,중상,승용,남,25세,상해없음
2012103100100029,2012년 10월 31일 02시,수요일,부산광역시 사하구 하단동,중상사고,0,1,0,0,차대사람 - 횡단중,신호위반,건조,맑음,교차로 - 교차로안,승용,남,26세,상해없음,보행자,남,57세,중상
2012103100100041,2012년 10월 31일 03시,수요일,부산광역시 해운대구 좌동,경상사고,0,0,2,1,차대차 - 추돌 - 진행중,안전운전불이행,건조,맑음,단일로 - 기타,승용,남,21세,상해없음,승용,남,42세,부상신고
2012103100100050,2012년 10월 31일 04시,수요일,부산광역시 사하구 다대동,경상사고,0,0,1,0,차량단독 - 기타,안전운전불이행,건조,맑음,교차로 - 교차로부근,승용,남,69세,상해없음,,,,
2012103100100055,2012년 10월 31일 05시,수요일,부산광역시 강서구 강동동,중상사고,0,1,0,0,차량단독 - 기타,안전운전불이행,건조,맑음,단일로 - 기타,승합,남,41세,상해없음,,,,
2012103100100056,2012년 10월 31일 05시,수요일,부산광역시 사상구 엄궁동,중상사고,0,5,1,0,차대차 - 측면직각충돌,신호위반,건조,맑음,교차로 - 교차로안,승합,남,52세,상해없음,승합,남,54세,중상
2012103100100064,2012년 10월 31일 06시,수요일,부산광역시 연제구 거제동,중상사고,0,1,0,0,차대사람 - 차도통행중,안전운전불이행,건조,맑음,단일로 - 기타,승용,남,36세,상해없음,보행자,남,70세,중상
2012103100100079,2012년 10월 31일 07시,수요일,부산광역시 북구 구포동,중상사고,0,1,0,0,차대차 - 측면직각충돌,안전거리미확보,건조,맑음,교차로 - 교차로부근,화물,남,56세,상해없음,승용,여,38세,중상
2012103100100080,2012년 10월 31일 07시,수요일,부산광역시 동래구 온천동,중상사고,0,1,0,0,차대차 - 측면직각충돌,차로위반,건조,맑음,단일로 - 기타,승용,남,57세,상해없음,승용,여,32세,중상
2012103100100081,2012년 10월 31일 07시,수요일,부산광역시 사하구 신평동,중상사고,0,1,0,0,차대차 - 측면직각충돌,차로위반,건조,맑음,교차로 - 교차로안,승용,남,58세,상해없음,원동기,남,34세,중상
2012103100100105,2012년 10월 31일 08시,수요일,부산광역시 서구 서대신동1가,부상신고사고,0,0,0,1,차대차 - 기타,안전운전불이행,건조,맑음,단일로 - 기타,화물,남,46세,상해없음,승합,남,39세,부상신고