사고번호,사고일시,요일,시군구,사고내용,사망자수,중상자수,경상자수,부상신고자수,사고유형,법규위반,노면상태,기상상태,도로형태,가해운전자 차종,가해운전자 성별,가해운전자 연령,가해운전자 상해정도,피해운전자 차종,피해운전자 성별,피해운전자 연령,피해운전자 상해정도
2012110900100125,2012년 11월 9일 08시,금요일,부산광역시 해운대구 반여동,경상사고,0,0,1,0,차대차 - 추돌 - 주정차중,안전거리미확보,건조,맑음,교차로 - 교차로부근,승용,남,43세,상해없음,승용,여,36세,경상
2012110900100172,2012년 11월 9일 09시,금요일,부산광역시 금정구 구서동,경상사고,0,0,1,0,차대차 - 측면직각충돌,신호위반,건조,맑음,교차로 - 교차로안,화물,남,68세,상해없음,자전거,여,32세,경상
2012110900100195,2012년 11월 9일 10시,금요일,부산광역시 금정구 구서동,경상사고,0,0,2,0,차대차 - 측면직각충돌,기타,건조,맑음,교차로 - 교차로안,화물,남,48세,상해없음,승용,남,76세,상해없음
2012110900100196,2012년 11월 9일 10시,금요일,부산광역시 사상구 학장동,경상사고,0,0,1,0,차대차 - 추돌 - 진행중,차로위반,건조,맑음,단일로 - 기타,이륜,남,28세,기타불명,이륜,남,23세,경상
2012110900100217,2012년 11월 9일 11시,금요일,부산광역시 서구 암남동,경상사고,0,0,1,0,차대사람 - 기타,안전운전불이행,건조,맑음,단일로 - 기타,승용,남,49세,상해없음,보행자,여,81세,경상
2012110900100218,2012년 11월 9일 11시,금요일,부산광역시 남구 문현동,중상사고,0,1,0,0,차대사람 - 차도통행중,안전운전불이행,건조,맑음,단일로 - 기타,승용,여,44세,상해없음,보행자,여,17세,중상
2012110900100219,2012년 11월 9일 11시,금요일,부산광역시 영도구 영선동1가,경상사고,0,0,1,0,차대차 - 추돌 - 진행중,교차로운행방법위반,건조,맑음,교차로 - 교차로안,승용,남,40세,상해없음,이륜,남,45세,경상
2012110900100220,2012년 11월 9일 11시,금요일,부산광역시 해운대구 재송동,중상사고,0,1,0,0,차대사람 - 횡단중,안전운전불이행,건조,맑음,단일로 - 기타,원동기,남,56세,상해없음,보행자,여,75세,중상
2012110900100221,2012년 11월 9일 11시,금요일,부산광역시 연제구 연산동,중상사고,0,1,0,0,차대사람 - 차도통행중,안전운전불이행,건조,맑음,단일로 - 기타,화물,남,59세,상해없음,보행자,여,78세,중상
2012110900100294,2012년 11월 9일 14시,금요일,부산광역시 중구 영주동,중상사고,0,1,0,0,차대사람 - 보도통행중,과속,건조,맑음,단일로 - 횡단보도부근,승용,남,41세,상해없음,보행자,남,8세,중상
2012110900100295,2012년 11월 9일 14시,금요일,부산광역시 해운대구 중동,경상사고,0,0,2,0,차대차 - 측면직각충돌,안전운전불이행,건조,맑음,교차로 - 교차로안,승용,여,33세,상해없음,승용,남,57세,경상
2012110900100296,2012년 11월 9일 14시,금요일,부산광역시 금정구 금사동,중상사고,0,1,0,0,차대차 - 추돌 - 진행중,중앙선침범,건조,맑음,단일로 - 기타,화물,남,41세,상해없음,이륜,남,36세,중상
2012110900100297,2012년 11월 9일 14시,금요일,부산광역시 사상구 감전동,경상사고,0,0,1,0,차대차 - 측면직각충돌,안전운전불이행,건조,맑음,단일로 - 기타,화물,남,44세,상해없음,이륜,남,28세,경상
2012110900100328,2012년 11월 9일 15시,금요일,부산광역시 남구 대연동,경상사고,0,0,1,0,차량단독 - 기타,안전운전불이행,건조,맑음,단일로 - 기타,승합,남,45세,기타불명,,,,
2012110900100329,2012년 11월 9일 15시,금요일,부산광역시 강서구 명지동,경상사고,0,0,1,0,차대사람 - 기타,안전운전불이행,건조,맑음,단일로 - 기타,승용,남,63세,상해없음,보행자,남,65세,경상
2012110900100330,2012년 11월 9일 15시,금요일,부산광역시 기장군 기장읍,경상사고,0,0,1,0,차대사람 - 길가장자리구역통행중,안전운전불이행,건조,맑음,교차로 - 교차로부근,화물,남,46세,상해없음,보행자,여,32세,경상
2012110900100372,2012년 11월 9일 16시,금요일,부산광역시 남구 우암동,중상사고,0,1,0,0,차대차 - 추돌 - 진행중,신호위반,건조,맑음,교차로 - 교차로안,승용,여,40세,상해없음,승용,남,63세,중상
2012110900100373,2012년 11월 9일 16시,금요일,부산광역시 북구 만덕동,중상사고,0,1,0,0,차대차 - 기타,안전운전불이행,건조,맑음,단일로 - 기타,승합,남,44세,상해없음,이륜,남,46세,중상
2012110900100374,2012년 11월 9일 16시,금요일,부산광역시 해운대구 우동,경상사고,0,0,1,0,차대차 - 측면직각충돌,안전운전불이행,건조,맑음,교차로 - 교차로안,승용,여,72세,상해없음,승용,남,55세,경상
2012110900100415,2012년 11월 9일 17시,금요일,부산광역시 영도구 동삼동,중상사고,0,1,0,0,차대사람 - 횡단중,안전운전불이행,건조,맑음,단일로 - 기타,이륜,남,55세,상해없음,보행자,여,65세,중상
2012110900100416,2012년 11월 9일 17시,금요일,부산광역시 금정구 금사동,경상사고,0,0,1,0,차대사람 - 횡단중,안전운전불이행,건조,맑음,단일로 - 기타,승용,남,59세,상해없음,보행자,여,20세,경상
2012110900100465,2012년 11월 9일 18시,금요일,부산광역시 사하구 감천동,중상사고,0,1,0,0,차대사람 - 길가장자리구역통행중,보행자보호의무위반,건조,맑음,단일로 - 횡단보도상,승용,여,32세,상해없음,보행자,여,15세,중상
2012110900100466,2012년 11월 9일 18시,금요일,부산광역시 사하구 다대동,경상사고,0,0,1,2,차대차 - 기타,직진우회전진행방해,습기,맑음,교차로 - 교차로부근,승용,남,45세,기타불명,승용,남,56세,부상신고
2012110900100524,2012년 11월 9일 19시,금요일,부산광역시 사하구 신평동,부상신고사고,0,0,0,1,차대차 - 측면직각충돌,안전거리미확보,건조,맑음,교차로 - 교차로안,승용,남,30세,부상신고,승합,남,59세,상해없음
2012110900100525,2012년 11월 9일 19시,금요일,부산광역시 사상구 괘법동,경상사고,0,0,1,0,차대사람 - 횡단중,안전운전불이행,건조,맑음,단일로 - 기타,승용,남,27세,상해없음,보행자,남,62세,경상
2012110900100562,2012년 11월 9일 20시,금요일,부산광역시 동구 범일동,중상사고,0,1,0,0,차대사람 - 횡단중,안전운전불이행,건조,맑음,단일로 - 기타,승용,남,68세,상해없음,보행자,남,69세,중상
2012110900100563,2012년 11월 9일 20시,금요일,부산광역시 부산진구 당감동,경상사고,0,0,1,0,차대사람 - 횡단중,안전운전불이행,건조,맑음,단일로 - 기타,승용,남,46세,상해없음,보행자,여,14세,경상
2012110900100564,2012년 11월 9일 20시,금요일,부산광역시 사하구 감천동,경상사고,0,0,1,0,차대사람 - 횡단중,안전운전불이행,건조,맑음,단일로 - 횡단보도부근,승용,남,54세,상해없음,보행자,여,38세,경상
2012110900100565,2012년 11월 9일 20시,금요일,부산광역시 기장군 기장읍,경상사고,0,0,1,0,차대차 - 측면직각충돌,신호위반,건조,맑음,교차로 - 교차로안,원동기,남,48세,상해없음,승용,여,32세,상해없음
2012110900100596,2012년 11월 9일 21시,금요일,부산광역시 수영구 민락동,경상사고,0,0,1,0,차대사람 - 차도통행중,안전운전불이행,건조,흐림,교차로 - 교차로부근,이륜,남,43세,상해없음,보행자,남,28세,경상
2012110900100597,2012년 11월 9일 21시,금요일,부산광역시 동래구 안락동,중상사고,0,1,0,0,차대사람 - 차도통행중,안전운전불이행,건조,맑음,단일로 - 횡단보도상,승용,남,42세,상해없음,보행자,남,61세,중상
2012110900100598,2012년 11월 9일 21시,금요일,부산광역시 동래구 온천동,중상사고,0,1,1,0,차대사람 - 횡단중,신호위반,건조,맑음,단일로 - 횡단보도상,승합,남,67세,상해없음,보행자,남,16세,경상
2012110900100624,2012년 11월 9일 22시,금요일,부산광역시 동래구 복천동,경상사고,0,0,1,0,차대사람 - 횡단중,보행자보호의무위반,건조,맑음,단일로 - 횡단보도상,승합,남,49세,상해없음,보행자,여,4세,경상
2012110900100625,2012년 11월 9일 22시,금요일,부산광역시 동래구 수안동,중상사고,0,1,0,0,차대사람 - 차도통행중,안전운전불이행,건조,맑음,교차로 - 교차로안,승용,남,64세,상해없음,보행자,여,14세,중상
2012110900100626,2012년 11월 9일 22시,금요일,부산광역시 금정구 두구동,중상사고,0,1,0,0,차대차 - 추돌 - 진행중,안전거리미확보,건조,맑음,단일로 - 기타,승용,여,60세,상해없음,원동기,남,37세,중상
2012110900100670,2012년 11월 9일 23시,금요일,부산광역시 남구 우암동,부상신고사고,0,0,0,2,차대차 - 추돌 - 진행중,기타,건조,맑음,단일로 - 기타,승용,남,62세,부상신고,승용,남,52세,부상신고
2012111000100010,2012년 11월 10일 00시,토요일,부산광역시 해운대구 재송동,경상사고,0,0,1,0,차대차 - 측면직각충돌,신호위반,건조,맑음,교차로 - 교차로안,승용,남,51세,상해없음,승용,남,34세,상해없음
2012111000100011,2012년 11월 10일 00시,토요일,부산광역시 해운대구 우동,경상사고,0,0,1,0,차대차 - 측면직각충돌,안전운전불이행,건조,맑음,교차로 - 교차로안,승용,여,34세,상해없음,승용,남,60세,경상
2012111000100012,2012년 11월 10일 00시,토요일,부산광역시 기장군 정관면,중상사고,0,2,0,1,차대차 - 추돌 - 주정차중,안전운전불이행,건조,맑음,단일로 - 기타,승용,여,36세,상해없음,승용,남,58세,중상
2012111000100043,2012년 11월 10일 01시,토요일,부산광역시 금정구 부곡동,중상사고,0,1,0,0,차량단독 - 공작물충돌,안전운전불이행,건조,맑음,단일로 - 기타,승용,남,28세,중상,,,,
2012111000100061,2012년 11월 10일 02시,토요일,부산광역시 동래구 안락동,중상사고,0,1,1,0,차대차 - 추돌 - 주정차중,안전운전불이행,건조,맑음,단일로 - 기타,승용,남,58세,상해없음,승용,남,43세,경상
2012111000100062,2012년 11월 10일 02시,토요일,부산광역시 부산진구 개금동,경상사고,0,0,1,0,차대차 - 기타,신호위반,건조,맑음,교차로 - 교차로안,승용,남,31세,상해없음,승용,남,55세,경상
2012111000100082,2012년 11월 10일 03시,토요일,부산광역시 부산진구 범천동,사망사고,1,0,0,0,차대사람 - 횡단중,안전운전불이행,건조,기타,단일로 - 횡단보도부근,승용,남,70세,상해없음,보행자,남,27세,사망
2012111000100083,2012년 11월 10일 03시,토요일,부산광역시 부산진구 부전동,경상사고,0,0,1,0,차대사람 - 차도통행중,안전운전불이행,건조,맑음,단일로 - 기타,승용,남,70세,상해없음,보행자,남,22세,경상
2012111000100084,2012년 11월 10일 03시,토요일,부산광역시 금정구 남산동,부상신고사고,0,0,0,1,차대차 - 측면직각충돌,중앙선침범,건조,맑음,단일로 - 기타,승용,남,39세,상해없음,승용,남,59세,부상신고
2012111000100134,2012년 11월 10일 06시,토요일,부산광역시 남구 용호동,경상사고,0,0,1,0,차대차 - 기타,안전운전불이행,건조,맑음,단일로 - 기타,건설기계,남,31세,상해없음,승용,남,56세,경상
2012111000100135,2012년 11월 10일 06시,토요일,부산광역시 연제구 거제동,경상사고,0,0,1,0,차대차 - 측면직각충돌,신호위반,건조,맑음,교차로 - 교차로안,승용,남,52세,상해없음,승용,남,60세,상해없음
2012111000100154,2012년 11월 10일 07시,토요일,부산광역시 부산진구 양정동,중상사고,0,1,0,0,차대사람 - 횡단중,신호위반,건조,맑음,단일로 - 횡단보도상,승용,남,59세,상해없음,보행자,남,67세,중상
2012111000100155,2012년 11월 10일 07시,토요일,부산광역시 강서구 송정동,경상사고,0,0,2,0,차대차 - 측면직각충돌,신호위반,건조,맑음,교차로 - 교차로안,승용,남,63세,상해없음,승용,여,28세,경상
2012111000100175,2012년 11월 10일 08시,토요일,부산광역시 기장군 장안읍,부상신고사고,0,0,0,1,차대차 - 추돌 - 주정차중,안전운전불이행,건조,흐림,단일로 - 기타,건설기계,남,33세,기타불명,승용,남,65세,상해없음
2012111000100228,2012년 11월 10일 10시,토요일,부산광역시 남구 대연동,중상사고,0,1,0,0,차대사람 - 횡단중,신호위반,건조,맑음,단일로 - 횡단보도상,승용,남,61세,상해없음,보행자,남,70세,중상
2012111000100229,2012년 11월 10일 10시,토요일,부산광역시 수영구 광안동,중상사고,0,1,0,0,차대사람 - 길가장자리구역통행중,안전운전불이행,건조,맑음,단일로 - 기타,승용,남,37세,상해없음,보행자,여,21세,중상
2012111000100230,2012년 11월 10일 10시,토요일,부산광역시 금정구 구서동,경상사고,0,0,1,0,차대차 - 측면직각충돌,신호위반,건조,맑음,교차로 - 교차로안,승용,남,61세,상해없음,이륜,남,26세,경상
2012111000100231,2012년 11월 10일 10시,토요일,부산광역시 사하구 장림동,중상사고,0,2,1,0,차대차 - 기타,중앙선침범,건조,맑음,단일로 - 기타,화물,남,43세,상해없음,승용,남,62세,중상
2012111000100266,2012년 11월 10일 11시,토요일,부산광역시 동래구 안락동,중상사고,0,2,0,0,차대차 - 측면직각충돌,신호위반,건조,맑음,교차로 - 교차로안,승용,남,29세,상해없음,승용,남,23세,중상
2012111000100267,2012년 11월 10일 11시,토요일,부산광역시 해운대구 우동,경상사고,0,0,1,0,차대사람 - 기타,안전운전불이행,건조,맑음,단일로 - 기타,승용,남,44세,상해없음,보행자,남,41세,경상
2012111000100268,2012년 11월 10일 11시,토요일,부산광역시 해운대구 재송동,중상사고,0,1,0,0,차대사람 - 기타,안전운전불이행,건조,맑음,단일로 - 기타,화물,남,59세,상해없음,보행자,여,13세,중상
2012111000100269,2012년 11월 10일 11시,토요일,부산광역시 부산진구 개금동,중상사고,0,1,2,0,차대차 - 기타,안전운전불이행,건조,맑음,단일로 - 기타,승용,남,37세,기타불명,승합,남,50세,상해없음
2012111000100270,2012년 11월 10일 11시,토요일,부산광역시 금정구 노포동,경상사고,0,0,1,0,차대차 - 측면직각충돌,안전거리미확보,건조,맑음,단일로 - 기타,화물,남,52세,상해없음,승용,여,57세,경상
2012111000100271,2012년 11월 10일 11시,토요일,부산광역시 수영구 망미동,경상사고,0,0,1,0,차대차 - 기타,안전거리미확보,건조,흐림,단일로 - 기타,승용,남,27세,상해없음,화물,남,60세,상해없음
2012111000100272,2012년 11월 10일 11시,토요일,부산광역시 강서구 녹산동,중상사고,0,1,6,0,차대차 - 추돌 - 주정차중,안전운전불이행,건조,맑음,교차로 - 교차로부근,승용,남,60세,상해없음,승용,남,41세,경상
2012111000100314,2012년 11월 10일 12시,토요일,부산광역시 북구 구포동,경상사고,0,0,1,0,차량단독 - 기타,기타,건조,맑음,단일로 - 기타,승합,남,44세,상해없음,,,,
2012111000100355,2012년 11월 10일 13시,토요일,부산광역시 동구 초량동,중상사고,0,1,0,0,차대사람 - 기타,안전운전불이행,건조,맑음,단일로 - 기타,승합,남,44세,상해없음,보행자,남,56세,중상
2012111000100356,2012년 11월 10일 13시,토요일,부산광역시 남구 대연동,중상사고,0,1,1,0,차대차 - 측면직각충돌,안전운전불이행,건조,맑음,단일로 - 기타,승용,남,45세,상해없음,승용,여,30세,중상
2012111000100357,2012년 11월 10일 13시,토요일,부산광역시 해운대구 우동,중상사고,0,2,0,0,차대차 - 측면직각충돌,차로위반,건조,맑음,단일로 - 교량,화물,남,65세,상해없음,승용,남,58세,중상
2012111000100358,2012년 11월 10일 13시,토요일,부산광역시 금정구 구서동,부상신고사고,0,0,0,1,차대차 - 기타,신호위반,건조,맑음,교차로 - 교차로안,자전거,남,66세,부상신고,승용,여,52세,상해없음
2012111000100359,2012년 11월 10일 13시,토요일,부산광역시 수영구 수영동,경상사고,0,0,1,0,차대사람 - 기타,안전운전불이행,건조,맑음,단일로 - 기타,화물,남,40세,상해없음,보행자,여,80세,경상
2012111000100360,2012년 11월 10일 13시,토요일,부산광역시 기장군 기장읍,중상사고,0,1,0,0,차대차 - 정면충돌,안전운전불이행,건조,맑음,단일로 - 횡단보도부근,승용,남,58세,상해없음,자전거,남,13세,중상
2012111000100391,2012년 11월 10일 14시,토요일,부산광역시 남구 용호동,경상사고,0,0,1,0,차대사람 - 횡단중,안전운전불이행,건조,맑음,단일로 - 기타,승용,남,40세,상해없음,보행자,여,3세,경상
2012111000100392,2012년 11월 10일 14시,토요일,부산광역시 북구 만덕동,경상사고,0,0,1,0,차대사람 - 횡단중,신호위반,건조,맑음,단일로 - 횡단보도상,승용,남,30세,상해없음,보행자,여,13세,경상
2012111000100393,2012년 11월 10일 14시,토요일,부산광역시 사하구 감천동,중상사고,0,1,2,0,차대차 - 추돌 - 진행중,안전거리미확보,건조,맑음,단일로 - 기타,건설기계,남,47세,상해없음,화물,남,35세,경상
2012111000100422,2012년 11월 10일 15시,토요일,부산광역시 부산진구 개금동,중상사고,0,1,0,0,차대차 - 추돌 - 주정차중,안전운전불이행,건조,맑음,교차로 - 교차로부근,화물,남,37세,상해없음,이륜,남,57세,중상
2012111000100423,2012년 11월 10일 15시,토요일,부산광역시 강서구 명지동,중상사고,0,1,0,0,차대사람 - 기타,신호위반,건조,맑음,단일로 - 횡단보도상,승용,여,44세,상해없음,보행자,여,8세,중상
2012111000100455,2012년 11월 10일 16시,토요일,부산광역시 북구 만덕동,경상사고,0,0,1,0,차대차 - 추돌 - 진행중,안전운전불이행,건조,맑음,단일로 - 기타,승용,남,33세,상해없음,승용,남,25세,경상
2012111000100456,2012년 11월 10일 16시,토요일,부산광역시 기장군 기장읍,경상사고,0,0,1,0,차대차 - 측면직각충돌,안전운전불이행,건조,맑음,단일로 - 기타,이륜,남,53세,경상,승용,여,48세,상해없음
2012111000100489,2012년 11월 10일 17시,토요일,부산광역시 수영구 망미동,중상사고,0,1,1,0,차대차 - 추돌 - 주정차중,안전거리미확보,건조,흐림,단일로 - 기타,승용,남,22세,상해없음,승합,남,37세,중상
2012111000100534,2012년 11월 10일 18시,토요일,부산광역시 북구 구포동,경상사고,0,0,1,0,차대사람 - 기타,안전운전불이행,건조,맑음,단일로 - 횡단보도부근,승용,남,49세,상해없음,보행자,남,44세,경상
2012111000100535,2012년 11월 10일 18시,토요일,부산광역시 동래구 명륜동,중상사고,0,1,0,0,차대사람 - 기타,안전운전불이행,건조,흐림,단일로 - 기타,원동기,남,17세,상해없음,보행자,여,71세,중상
2012111000100536,2012년 11월 10일 18시,토요일,부산광역시 해운대구 좌동,경상사고,0,0,1,0,차대사람 - 횡단중,보행자보호의무위반,건조,맑음,단일로 - 기타,승용,남,59세,상해없음,보행자,남,11세,경상
2012111000100537,2012년 11월 10일 18시,토요일,부산광역시 해운대구 재송동,중상사고,0,1,0,0,차대사람 - 기타,안전운전불이행,건조,맑음,단일로 - 기타,승용,남,58세,상해없음,보행자,남,62세,중상
2012111000100538,2012년 11월 10일 18시,토요일,부산광역시 사상구 엄궁동,중상사고,0,1,0,0,차대차 - 정면충돌,안전운전불이행,건조,맑음,단일로 - 기타,승용,남,32세,상해없음,원동기,남,34세,중상
2012111000100597,2012년 11월 10일 19시,토요일,부산광역시 동래구 안락동,경상사고,0,0,1,0,차대차 - 기타,기타,건조,흐림,교차로 - 교차로부근,승용,남,57세,상해없음,원동기,남,18세,경상
2012111000100598,2012년 11월 10일 19시,토요일,부산광역시 사하구 다대동,경상사고,0,0,1,0,차대차 - 기타,안전운전불이행,건조,맑음,단일로 - 기타,승용,남,49세,상해없음,자전거,남,41세,경상
2012111000100652,2012년 11월 10일 20시,토요일,부산광역시 수영구 민락동,경상사고,0,0,1,0,차대차 - 추돌 - 진행중,안전운전불이행,건조,흐림,교차로 - 교차로안,승용,남,45세,상해없음,승용,남,52세,경상
2012111000100653,2012년 11월 10일 20시,토요일,부산광역시 남구 용호동,경상사고,0,0,1,0,차대차 - 정면충돌,중앙선침범,건조,흐림,단일로 - 기타,승용,남,52세,상해없음,승용,남,59세,경상
2012111000100693,2012년 11월 10일 21시,토요일,부산광역시 동래구 명륜동,경상사고,0,0,1,0,차대사람 - 기타,안전운전불이행,건조,맑음,단일로 - 기타,승용,남,30세,상해없음,보행자,남,57세,경상
2012111000100694,2012년 11월 10일 21시,토요일,부산광역시 금정구 구서동,경상사고,0,0,2,0,차대차 - 측면직각충돌,기타,건조,맑음,교차로 - 교차로안,승용,여,43세,상해없음,승용,여,42세,경상
2012111000100729,2012년 11월 10일 22시,토요일,부산광역시 해운대구 반여동,중상사고,0,1,0,0,차대차 - 정면충돌,안전운전불이행,습기,비,교차로 - 교차로안,승용,남,42세,상해없음,이륜,남,16세,중상
2012111000100730,2012년 11월 10일 22시,토요일,부산광역시 사하구 하단동,경상사고,0,0,3,0,차대차 - 추돌 - 주정차중,안전운전불이행,습기,비,단일로 - 기타,승용,여,28세,상해없음,승용,남,37세,경상
2012111000100769,2012년 11월 10일 23시,토요일,부산광역시 북구 화명동,중상사고,0,1,1,0,차대차 - 추돌 - 진행중,안전운전불이행,습기,비,단일로 - 기타,승용,남,39세,상해없음,승용,여,60세,경상
2012111000100771,2012년 11월 10일 23시,토요일,부산광역시 해운대구 우동,부상신고사고,0,0,0,2,차대차 - 추돌 - 진행중,안전운전불이행,습기,비,기타 - 기타,승용,남,42세,상해없음,승용,남,19세,부상신고
2012111000100772,2012년 11월 10일 23시,토요일,부산광역시 사하구 신평동,경상사고,0,0,1,0,차대사람 - 횡단중,안전운전불이행,습기,비,단일로 - 기타,승용,남,42세,상해없음,보행자,남,50세,경상
2012111100100007,2012년 11월 11일 00시,일요일,부산광역시 중구 남포동3가,중상사고,0,1,0,0,차대사람 - 횡단중,안전운전불이행,습기,비,단일로 - 기타,승용,남,48세,상해없음,보행자,여,27세,중상
2012111100100008,2012년 11월 11일 00시,일요일,부산광역시 부산진구 부전동,중상사고,0,2,0,0,차대사람 - 기타,안전운전불이행,습기,비,단일로 - 기타,승용,남,56세,상해없음,보행자,남,22세,중상
2012111100100045,2012년 11월 11일 01시,일요일,부산광역시 부산진구 부전동,경상사고,0,0,4,0,차대차 - 기타,안전운전불이행,습기,비,단일로 - 기타,승용,남,28세,상해없음,승용,남,39세,경상
2012111100100046,2012년 11월 11일 01시,일요일,부산광역시 사하구 다대동,중상사고,0,1,0,0,차대사람 - 기타,신호위반,습기,비,단일로 - 기타,승용,남,47세,상해없음,보행자,여,29세,중상
2012111100100085,2012년 11월 11일 02시,일요일,부산광역시 해운대구 우동,경상사고,0,0,1,0,차대차 - 정면충돌,안전운전불이행,습기,비,단일로 - 기타,승용,여,39세,상해없음,승용,남,30세,경상
2012111100100086,2012년 11월 11일 02시,일요일,부산광역시 사하구 하단동,중상사고,0,1,0,0,차대차 - 기타,안전운전불이행,습기,비,단일로 - 기타,승용,남,52세,상해없음,승용,남,28세,상해없음
2012111100100087,2012년 11월 11일 02시,일요일,부산광역시 수영구 망미동,경상사고,0,0,2,0,차대차 - 추돌 - 주정차중,안전운전불이행,습기,비,단일로 - 기타,승용,남,57세,상해없음,승용,남,58세,경상
2012111100100136,2012년 11월 11일 03시,일요일,부산광역시 수영구 광안동,경상사고,0,0,2,0,차대차 - 측면직각충돌,중앙선침범,습기,맑음,교차로 - 교차로부근,승용,남,35세,상해없음,승용,남,30세,경상
2012111100100137,2012년 11월 11일 03시,일요일,부산광역시 해운대구 중동,중상사고,0,2,3,0,차대차 - 추돌 - 주정차중,안전운전불이행,습기,비,교차로 - 교차로부근,승용,남,32세,상해없음,승용,남,63세,경상
2012111100100138,2012년 11월 11일 03시,일요일,부산광역시 연제구 거제동,중상사고,0,1,0,0,차대사람 - 기타,안전운전불이행,습기,비,단일로 - 기타,승용,남,53세,상해없음,보행자,남,55세,중상
2012111100100165,2012년 11월 11일 04시,일요일,부산광역시 부산진구 부전동,중상사고,0,2,0,0,차대차 - 기타,안전운전불이행,습기,비,교차로 - 교차로안,승용,여,42세,상해없음,승용,남,56세,중상
2012111100100166,2012년 11월 11일 04시,일요일,부산광역시 사상구 감전동,중상사고,0,1,0,0,차대사람 - 횡단중,보행자보호의무위반,습기,비,단일로 - 횡단보도상,승용,남,49세,상해없음,보행자,여,70세,중상
2012111100100186,2012년 11월 11일 05시,일요일,부산광역시 동래구 낙민동,경상사고,0,0,4,0,차대차 - 추돌 - 진행중,안전운전불이행,습기,비,단일로 - 기타,승용,남,29세,상해없음,승용,남,61세,경상
2012111100100206,2012년 11월 11일 06시,일요일,부산광역시 해운대구 우동,중상사고,0,1,0,0,차대사람 - 횡단중,안전운전불이행,습기,비,단일로 - 기타,승용,남,54세,상해없음,보행자,여,60세,중상
2012111100100207,2012년 11월 11일 06시,일요일,부산광역시 사하구 당리동,중상사고,0,2,0,0,차대차 - 기타,안전운전불이행,습기,비,단일로 - 기타,승용,남,63세,상해없음,승용,남,68세,중상
2012111100100208,2012년 11월 11일 06시,일요일,부산광역시 사상구 학장동,경상사고,0,0,1,0,차대차 - 추돌 - 진행중,안전거리미확보,습기,비,단일로 - 기타,승용,남,64세,상해없음,화물,남,60세,경상
2012111100100230,2012년 11월 11일 07시,일요일,부산광역시 동래구 온천동,경상사고,0,0,3,0,차대차 - 추돌 - 진행중,안전거리미확보,건조,맑음,단일로 - 기타,승용,남,24세,상해없음,승용,여,39세,경상
2012111100100231,2012년 11월 11일 07시,일요일,부산광역시 사상구 엄궁동,중상사고,0,1,0,0,차대사람 - 횡단중,안전운전불이행,습기,비,단일로 - 횡단보도상,승용,남,32세,상해없음,보행자,여,64세,중상
2012111100100242,2012년 11월 11일 08시,일요일,부산광역시 동래구 낙민동,경상사고,0,0,1,0,차대차 - 추돌 - 진행중,안전거리미확보,습기,비,단일로 - 기타,승용,남,36세,기타불명,화물,여,58세,경상
2012111100100255,2012년 11월 11일 09시,일요일,부산광역시 서구 서대신동2가,중상사고,0,1,0,0,차대차 - 측면직각충돌,중앙선침범,습기,흐림,교차로 - 교차로부근,승용,남,51세,상해없음,승용,남,57세,중상
2012111100100256,2012년 11월 11일 09시,일요일,부산광역시 해운대구 석대동,부상신고사고,0,0,0,1,차량단독 - 기타,안전운전불이행,습기,흐림,단일로 - 기타,승용,여,48세,상해없음,,,,
2012111100100257,2012년 11월 11일 09시,일요일,부산광역시 금정구 노포동,경상사고,0,0,1,0,차대차 - 기타,안전운전불이행,습기,흐림,교차로 - 교차로부근,화물,남,43세,상해없음,화물,남,53세,경상
2012111100100283,2012년 11월 11일 10시,일요일,부산광역시 동구 좌천동,경상사고,0,0,4,0,차대차 - 추돌 - 진행중,안전운전불이행,습기,비,미분류 - 미분류,승용,남,19세,상해없음,승용,남,65세,경상
2012111100100284,2012년 11월 11일 10시,일요일,부산광역시 동래구 온천동,경상사고,0,0,1,0,차대차 - 측면직각충돌,안전운전불이행,건조,맑음,교차로 - 교차로안,승용,남,61세,상해없음,승용,남,53세,경상
2012111100100285,2012년 11월 11일 10시,일요일,부산광역시 사하구 괴정동,중상사고,0,1,0,0,차대사람 - 길가장자리구역통행중,안전운전불이행,건조,맑음,단일로 - 기타,화물,남,56세,상해없음,보행자,여,61세,중상
2012111100100286,2012년 11월 11일 10시,일요일,부산광역시 강서구 생곡동,중상사고,0,2,2,0,차대차 - 추돌 - 주정차중,안전운전불이행,건조,맑음,단일로 - 기타,승용,남,24세,상해없음,승용,남,38세,중상
2012111100100320,2012년 11월 11일 12시,일요일,부산광역시 남구 문현동,경상사고,0,0,1,0,차대차 - 기타,교차로운행방법위반,습기,흐림,교차로 - 교차로안,승용,남,41세,상해없음,이륜,남,23세,경상
2012111100100321,2012년 11월 11일 12시,일요일,부산광역시 부산진구 개금동,중상사고,0,1,0,0,차대사람 - 횡단중,안전운전불이행,건조,맑음,단일로 - 기타,승용,남,60세,상해없음,보행자,여,18세,중상
2012111100100322,2012년 11월 11일 12시,일요일,부산광역시 금정구 서동,경상사고,0,0,1,0,차대차 - 측면직각충돌,안전운전불이행,건조,맑음,교차로 - 교차로부근,승합,남,57세,상해없음,원동기,남,64세,경상
2012111100100323,2012년 11월 11일 12시,일요일,부산광역시 사상구 감전동,중상사고,0,2,2,0,차대차 - 측면직각충돌,차로위반,습기,비,단일로 - 기타,화물,남,40세,상해없음,승용,남,37세,중상