사고번호,사고일시,요일,시군구,사고내용,사망자수,중상자수,경상자수,부상신고자수,사고유형,법규위반,노면상태,기상상태,도로형태,가해운전자 차종,가해운전자 성별,가해운전자 연령,가해운전자 상해정도,피해운전자 차종,피해운전자 성별,피해운전자 연령,피해운전자 상해정도
2012111100100340,2012년 11월 11일 13시,일요일,부산광역시 중구 남포동1가,중상사고,0,1,0,0,차대차 - 추돌 - 진행중,안전거리미확보,건조,맑음,단일로 - 기타,승용,남,26세,상해없음,승용,남,30세,중상
2012111100100342,2012년 11월 11일 13시,일요일,부산광역시 남구 대연동,부상신고사고,0,0,0,1,차대차 - 기타,안전운전불이행,건조,맑음,단일로 - 기타,승용,남,44세,상해없음,자전거,남,9세,부상신고
2012111100100343,2012년 11월 11일 13시,일요일,부산광역시 동래구 온천동,중상사고,0,1,1,0,차대차 - 추돌 - 주정차중,안전운전불이행,건조,맑음,단일로 - 기타,승용,남,53세,상해없음,승용,남,36세,경상
2012111100100369,2012년 11월 11일 14시,일요일,부산광역시 서구 서대신동3가,경상사고,0,0,2,0,차대차 - 기타,안전운전불이행,건조,맑음,단일로 - 기타,승용,남,60세,상해없음,승용,남,33세,상해없음
2012111100100370,2012년 11월 11일 14시,일요일,부산광역시 부산진구 양정동,경상사고,0,0,1,0,차대차 - 기타,신호위반,건조,맑음,단일로 - 횡단보도부근,승용,남,70세,상해없음,이륜,남,16세,경상
2012111100100399,2012년 11월 11일 15시,일요일,부산광역시 동래구 안락동,중상사고,0,1,0,0,차대차 - 측면직각충돌,신호위반,건조,맑음,단일로 - 횡단보도부근,승용,남,26세,상해없음,자전거,남,12세,중상
2012111100100400,2012년 11월 11일 15시,일요일,부산광역시 금정구 부곡동,경상사고,0,0,1,0,차대차 - 정면충돌,교차로운행방법위반,건조,맑음,교차로 - 교차로안,승합,남,49세,상해없음,원동기,남,29세,경상
2012111100100401,2012년 11월 11일 15시,일요일,부산광역시 연제구 연산동,중상사고,0,1,3,0,차대차 - 추돌 - 주정차중,안전운전불이행,건조,맑음,단일로 - 기타,승용,여,38세,기타불명,승용,남,39세,경상
2012111100100402,2012년 11월 11일 15시,일요일,부산광역시 연제구 연산동,중상사고,0,1,1,0,차대차 - 측면직각충돌,교차로운행방법위반,건조,맑음,교차로 - 교차로안,승용,남,26세,상해없음,승용,남,41세,상해없음
2012111100100432,2012년 11월 11일 16시,일요일,부산광역시 기장군 정관면,중상사고,0,2,1,0,차대차 - 측면직각충돌,차로위반,건조,맑음,단일로 - 기타,승용,여,48세,상해없음,승용,남,32세,중상
2012111100100457,2012년 11월 11일 17시,일요일,부산광역시 부산진구 양정동,경상사고,0,0,5,1,차대차 - 추돌 - 주정차중,안전운전불이행,건조,맑음,단일로 - 기타,승용,남,33세,상해없음,승용,남,39세,경상
2012111100100458,2012년 11월 11일 17시,일요일,부산광역시 부산진구 당감동,경상사고,0,0,1,0,차대사람 - 기타,안전운전불이행,건조,맑음,단일로 - 횡단보도상,승용,남,41세,상해없음,보행자,남,54세,경상
2012111100100501,2012년 11월 11일 18시,일요일,부산광역시 북구 덕천동,경상사고,0,0,1,0,차대차 - 추돌 - 주정차중,안전운전불이행,건조,맑음,단일로 - 기타,화물,남,58세,상해없음,승용,남,46세,경상
2012111100100502,2012년 11월 11일 18시,일요일,부산광역시 해운대구 반송동,중상사고,0,1,0,0,차대사람 - 차도통행중,안전운전불이행,건조,흐림,단일로 - 기타,이륜,남,17세,상해없음,보행자,남,63세,중상
2012111100100503,2012년 11월 11일 18시,일요일,부산광역시 사하구 당리동,경상사고,0,0,1,0,차대차 - 기타,안전운전불이행,건조,맑음,단일로 - 기타,승용,남,41세,상해없음,이륜,남,18세,경상
2012111100100504,2012년 11월 11일 18시,일요일,부산광역시 연제구 연산동,경상사고,0,0,3,0,차대차 - 추돌 - 진행중,안전운전불이행,건조,맑음,단일로 - 횡단보도부근,승용,남,25세,경상,승용,여,26세,경상
2012111100100544,2012년 11월 11일 19시,일요일,부산광역시 사하구 괴정동,중상사고,0,1,0,0,차대사람 - 기타,보행자보호의무위반,건조,맑음,단일로 - 횡단보도상,승용,남,27세,상해없음,보행자,남,66세,중상
2012111100100545,2012년 11월 11일 19시,일요일,부산광역시 사상구 괘법동,중상사고,0,1,0,0,차대사람 - 기타,안전운전불이행,건조,맑음,단일로 - 기타,화물,남,57세,상해없음,보행자,여,57세,중상
2012111100100587,2012년 11월 11일 20시,일요일,부산광역시 수영구 남천동,경상사고,0,0,1,0,차대차 - 측면직각충돌,안전운전불이행,건조,맑음,단일로 - 횡단보도상,승용,남,48세,상해없음,자전거,남,11세,경상
2012111100100588,2012년 11월 11일 20시,일요일,부산광역시 강서구 대저1동,경상사고,0,0,5,0,차대차 - 추돌 - 주정차중,안전운전불이행,건조,맑음,단일로 - 기타,승용,남,52세,상해없음,승용,남,57세,경상
2012111100100654,2012년 11월 11일 22시,일요일,부산광역시 금정구 장전동,부상신고사고,0,0,0,1,차대차 - 측면직각충돌,안전운전불이행,건조,맑음,단일로 - 기타,이륜,남,75세,부상신고,승합,남,39세,상해없음
2012111100100680,2012년 11월 11일 23시,일요일,부산광역시 사상구 엄궁동,경상사고,0,0,1,0,차대차 - 추돌 - 주정차중,안전운전불이행,건조,맑음,단일로 - 기타,승용,남,50세,상해없음,승용,남,25세,경상
2012111200100005,2012년 11월 12일 00시,월요일,부산광역시 부산진구 양정동,중상사고,0,1,0,0,차대사람 - 횡단중,안전운전불이행,건조,맑음,단일로 - 기타,승용,남,47세,상해없음,보행자,여,41세,중상
2012111200100044,2012년 11월 12일 03시,월요일,부산광역시 부산진구 양정동,중상사고,0,1,0,0,차대차 - 추돌 - 주정차중,안전운전불이행,건조,맑음,교차로 - 교차로부근,승용,남,29세,상해없음,승용,남,39세,중상
2012111200100080,2012년 11월 12일 06시,월요일,부산광역시 남구 용호동,사망사고,1,0,0,0,차대사람 - 기타,안전운전불이행,건조,맑음,단일로 - 기타,승용,남,44세,상해없음,보행자,남,30세,사망
2012111200100081,2012년 11월 12일 06시,월요일,부산광역시 수영구 광안동,경상사고,0,0,1,0,차대차 - 측면직각충돌,안전운전불이행,건조,맑음,단일로 - 기타,승합,남,53세,기타불명,승용,남,31세,경상
2012111200100103,2012년 11월 12일 07시,월요일,부산광역시 부산진구 부전동,중상사고,0,1,0,0,차대사람 - 횡단중,보행자보호의무위반,건조,맑음,단일로 - 횡단보도상,승용,남,76세,상해없음,보행자,여,68세,중상
2012111200100104,2012년 11월 12일 07시,월요일,부산광역시 금정구 부곡동,경상사고,0,0,2,0,차대차 - 측면직각충돌,안전운전불이행,건조,맑음,단일로 - 기타,승용,남,30세,경상,건설기계,남,32세,경상
2012111200100123,2012년 11월 12일 08시,월요일,부산광역시 남구 문현동,중상사고,0,1,0,0,차대차 - 추돌 - 진행중,안전운전불이행,건조,맑음,단일로 - 기타,승용,남,43세,상해없음,승용,남,32세,중상
2012111200100124,2012년 11월 12일 08시,월요일,부산광역시 수영구 망미동,중상사고,0,1,2,0,차대차 - 추돌 - 진행중,안전운전불이행,건조,맑음,단일로 - 기타,화물,남,38세,상해없음,승합,남,35세,경상
2012111200100125,2012년 11월 12일 08시,월요일,부산광역시 강서구 송정동,경상사고,0,0,1,0,차대차 - 측면직각충돌,신호위반,건조,맑음,교차로 - 교차로안,승용,남,49세,상해없음,승용,남,26세,경상
2012111200100126,2012년 11월 12일 08시,월요일,부산광역시 기장군 정관면,중상사고,0,3,16,4,차대차 - 추돌 - 진행중,안전운전불이행,건조,맑음,단일로 - 기타,승합,남,37세,상해없음,승합,남,77세,경상
2012111200100154,2012년 11월 12일 09시,월요일,부산광역시 연제구 연산동,중상사고,0,1,0,0,차대사람 - 횡단중,안전운전불이행,건조,맑음,단일로 - 기타,이륜,남,23세,상해없음,보행자,여,59세,중상
2012111200100174,2012년 11월 12일 10시,월요일,부산광역시 동구 초량동,중상사고,0,1,0,0,차대차 - 측면직각충돌,안전거리미확보,건조,맑음,단일로 - 기타,승용,남,48세,상해없음,이륜,남,23세,중상
2012111200100175,2012년 11월 12일 10시,월요일,부산광역시 해운대구 중동,경상사고,0,0,1,0,차대차 - 측면직각충돌,안전운전불이행,건조,맑음,교차로 - 교차로부근,승용,남,63세,상해없음,화물,남,35세,경상
2012111200100176,2012년 11월 12일 10시,월요일,부산광역시 금정구 남산동,경상사고,0,0,1,0,차대사람 - 기타,안전운전불이행,건조,맑음,단일로 - 기타,승용,남,52세,상해없음,보행자,여,40세,경상
2012111200100222,2012년 11월 12일 12시,월요일,부산광역시 부산진구 전포동,중상사고,0,1,0,0,차대차 - 기타,안전운전불이행,기타,맑음,단일로 - 기타,승용,남,20세,상해없음,이륜,남,23세,중상
2012111200100223,2012년 11월 12일 12시,월요일,부산광역시 강서구 신호동,경상사고,0,0,2,0,차대차 - 측면직각충돌,안전운전불이행,건조,맑음,교차로 - 교차로안,화물,남,55세,상해없음,화물,남,52세,경상
2012111200100224,2012년 11월 12일 12시,월요일,부산광역시 기장군 철마면,경상사고,0,0,1,0,차대차 - 기타,안전거리미확보,건조,맑음,교차로 - 교차로부근,승용,남,70세,경상,승용,남,53세,상해없음
2012111200100246,2012년 11월 12일 13시,월요일,부산광역시 동구 초량동,중상사고,0,1,0,0,차대사람 - 횡단중,안전운전불이행,건조,맑음,단일로 - 기타,화물,남,73세,상해없음,보행자,여,38세,중상
2012111200100247,2012년 11월 12일 13시,월요일,부산광역시 사상구 학장동,사망사고,1,0,0,0,차대차 - 기타,안전거리미확보,건조,맑음,단일로 - 기타,이륜,남,81세,사망,화물,남,66세,상해없음
2012111200100275,2012년 11월 12일 14시,월요일,부산광역시 기장군 정관면,경상사고,0,0,1,0,차량단독 - 기타,안전운전불이행,건조,맑음,교차로 - 교차로부근,이륜,남,45세,경상,,,,
2012111200100306,2012년 11월 12일 15시,월요일,부산광역시 서구 남부민동,중상사고,0,1,1,0,차대차 - 기타,안전운전불이행,건조,맑음,교차로 - 교차로안,화물,남,59세,상해없음,원동기,남,17세,경상
2012111200100307,2012년 11월 12일 15시,월요일,부산광역시 사하구 괴정동,경상사고,0,0,1,0,차대차 - 추돌 - 진행중,안전운전불이행,건조,맑음,교차로 - 교차로부근,화물,남,46세,상해없음,승용,남,58세,상해없음
2012111200100344,2012년 11월 12일 16시,월요일,부산광역시 서구 서대신동3가,중상사고,0,1,0,0,차대차 - 기타,중앙선침범,건조,맑음,단일로 - 기타,승용,기타불명,기타불명,기타불명,자전거,남,44세,중상
2012111200100345,2012년 11월 12일 16시,월요일,부산광역시 부산진구 당감동,중상사고,0,1,0,0,차량단독 - 기타,기타,건조,맑음,단일로 - 기타,승합,남,69세,상해없음,,,,
2012111200100379,2012년 11월 12일 17시,월요일,부산광역시 서구 암남동,중상사고,0,1,0,0,차대사람 - 기타,안전운전불이행,건조,맑음,단일로 - 기타,화물,남,47세,상해없음,보행자,여,77세,중상
2012111200100380,2012년 11월 12일 17시,월요일,부산광역시 동래구 온천동,경상사고,0,0,1,0,차대차 - 측면직각충돌,기타,건조,맑음,단일로 - 기타,화물,남,45세,상해없음,자전거,남,76세,경상
2012111200100381,2012년 11월 12일 17시,월요일,부산광역시 사상구 감전동,경상사고,0,0,1,0,차대차 - 측면직각충돌,차로위반,건조,맑음,단일로 - 기타,승용,남,53세,상해없음,이륜,남,68세,경상
2012111200100424,2012년 11월 12일 18시,월요일,부산광역시 남구 용호동,부상신고사고,0,0,0,1,차대차 - 측면직각충돌,안전운전불이행,건조,맑음,교차로 - 교차로안,승용,여,53세,상해없음,자전거,남,55세,부상신고
2012111200100425,2012년 11월 12일 18시,월요일,부산광역시 사상구 학장동,사망사고,1,0,1,0,차대사람 - 횡단중,안전운전불이행,건조,맑음,단일로 - 기타,승용,남,24세,상해없음,보행자,남,63세,사망
2012111200100492,2012년 11월 12일 19시,월요일,부산광역시 서구 서대신동1가,중상사고,0,1,0,0,차대차 - 측면직각충돌,안전운전불이행,건조,맑음,단일로 - 기타,원동기,여,16세,상해없음,승용,남,30세,중상
2012111200100493,2012년 11월 12일 19시,월요일,부산광역시 해운대구 우동,중상사고,0,1,0,1,차대차 - 측면직각충돌,안전운전불이행,건조,맑음,단일로 - 기타,승용,남,50세,상해없음,승합,남,52세,상해없음
2012111200100494,2012년 11월 12일 19시,월요일,부산광역시 사하구 당리동,경상사고,0,0,1,0,차대사람 - 횡단중,안전운전불이행,건조,맑음,단일로 - 기타,승용,여,52세,상해없음,보행자,남,57세,경상
2012111200100495,2012년 11월 12일 19시,월요일,부산광역시 사상구 감전동,중상사고,0,1,6,6,차대차 - 추돌 - 주정차중,안전거리미확보,건조,맑음,단일로 - 기타,승합,남,56세,상해없음,화물,남,39세,경상
2012111200100527,2012년 11월 12일 20시,월요일,부산광역시 금정구 금사동,중상사고,0,1,1,1,차대차 - 측면직각충돌,안전운전불이행,건조,맑음,교차로 - 교차로안,승용,남,49세,상해없음,승용,남,41세,중상
2012111200100528,2012년 11월 12일 20시,월요일,부산광역시 금정구 부곡동,중상사고,0,2,0,0,차대차 - 추돌 - 진행중,안전운전불이행,건조,맑음,단일로 - 기타,승용,남,49세,기타불명,승용,여,28세,중상
2012111200100563,2012년 11월 12일 21시,월요일,부산광역시 남구 대연동,중상사고,0,1,0,0,차대사람 - 기타,안전운전불이행,건조,맑음,단일로 - 기타,이륜,남,18세,상해없음,보행자,여,59세,중상
2012111200100564,2012년 11월 12일 21시,월요일,부산광역시 동래구 명장동,중상사고,0,1,0,0,차대사람 - 횡단중,안전운전불이행,건조,맑음,단일로 - 기타,승합,남,60세,상해없음,보행자,남,60세,중상
2012111200100565,2012년 11월 12일 21시,월요일,부산광역시 해운대구 재송동,경상사고,0,0,1,0,차대사람 - 차도통행중,안전운전불이행,건조,맑음,교차로 - 교차로부근,화물,남,28세,상해없음,보행자,여,52세,경상
2012111200100615,2012년 11월 12일 22시,월요일,부산광역시 남구 대연동,중상사고,0,2,0,0,차대차 - 기타,안전운전불이행,건조,맑음,단일로 - 기타,승용,남,58세,상해없음,승용,남,29세,중상
2012111200100616,2012년 11월 12일 22시,월요일,부산광역시 수영구 광안동,경상사고,0,0,2,0,차대차 - 추돌 - 진행중,차로위반,건조,맑음,단일로 - 기타,승합,남,53세,상해없음,승용,남,38세,상해없음
2012111200100617,2012년 11월 12일 22시,월요일,부산광역시 부산진구 가야동,경상사고,0,0,5,0,차대차 - 기타,신호위반,건조,맑음,교차로 - 교차로안,승용,여,45세,상해없음,승용,남,67세,경상
2012111200100650,2012년 11월 12일 23시,월요일,부산광역시 기장군 일광면,중상사고,0,1,0,0,차대차 - 추돌 - 진행중,안전운전불이행,건조,맑음,단일로 - 기타,승용,남,60세,상해없음,이륜,남,16세,중상
2012111300100009,2012년 11월 13일 00시,화요일,부산광역시 부산진구 부암동,중상사고,0,1,0,0,차대차 - 기타,신호위반,건조,맑음,교차로 - 교차로안,승용,남,45세,상해없음,이륜,남,21세,중상
2012111300100049,2012년 11월 13일 02시,화요일,부산광역시 부산진구 부전동,중상사고,0,1,2,0,차대차 - 기타,신호위반,건조,맑음,교차로 - 교차로안,이륜,남,21세,중상,승용,남,58세,상해없음
2012111300100060,2012년 11월 13일 03시,화요일,부산광역시 사하구 하단동,경상사고,0,0,2,0,차대차 - 추돌 - 주정차중,안전운전불이행,건조,맑음,단일로 - 기타,이륜,남,27세,상해없음,승용,남,50세,경상
2012111300100105,2012년 11월 13일 07시,화요일,부산광역시 사상구 감전동,경상사고,0,0,1,0,차대차 - 측면직각충돌,차로위반,건조,맑음,단일로 - 기타,특수,남,49세,상해없음,승용,남,28세,경상
2012111300100127,2012년 11월 13일 08시,화요일,부산광역시 동구 범일동,중상사고,0,1,0,0,차대차 - 측면직각충돌,안전운전불이행,건조,맑음,교차로 - 교차로부근,승용,남,42세,상해없음,이륜,남,23세,중상
2012111300100128,2012년 11월 13일 08시,화요일,부산광역시 동래구 사직동,경상사고,0,0,1,0,차대사람 - 길가장자리구역통행중,안전운전불이행,건조,맑음,단일로 - 기타,승용,남,30세,상해없음,보행자,남,71세,경상
2012111300100129,2012년 11월 13일 08시,화요일,부산광역시 부산진구 양정동,경상사고,0,0,1,0,차대차 - 기타,안전운전불이행,건조,맑음,단일로 - 기타,승용,남,22세,상해없음,승용,남,32세,경상
2012111300100130,2012년 11월 13일 08시,화요일,부산광역시 사상구 괘법동,경상사고,0,0,1,0,차대사람 - 차도통행중,안전운전불이행,건조,맑음,교차로 - 교차로안,화물,남,50세,상해없음,보행자,여,29세,경상
2012111300100205,2012년 11월 13일 10시,화요일,부산광역시 남구 문현동,경상사고,0,0,1,0,차대차 - 추돌 - 진행중,차로위반,건조,맑음,단일로 - 기타,화물,남,54세,상해없음,승용,남,63세,상해없음
2012111300100225,2012년 11월 13일 11시,화요일,부산광역시 영도구 동삼동,사망사고,1,4,1,0,차량단독 - 공작물충돌,안전운전불이행,건조,맑음,단일로 - 기타,승용,남,18세,상해없음,,,,
2012111300100226,2012년 11월 13일 11시,화요일,부산광역시 연제구 거제동,경상사고,0,0,1,0,차대사람 - 횡단중,안전운전불이행,건조,맑음,단일로 - 횡단보도부근,승합,남,53세,상해없음,보행자,여,50세,경상
2012111300100243,2012년 11월 13일 12시,화요일,부산광역시 중구 보수동1가,경상사고,0,0,1,0,차대차 - 기타,안전운전불이행,건조,맑음,단일로 - 기타,승용,남,51세,상해없음,승용,여,50세,경상
2012111300100244,2012년 11월 13일 12시,화요일,부산광역시 사하구 하단동,중상사고,0,1,0,0,차대차 - 추돌 - 주정차중,안전운전불이행,건조,맑음,단일로 - 기타,승용,남,67세,상해없음,승용,여,62세,중상
2012111300100263,2012년 11월 13일 13시,화요일,부산광역시 부산진구 범천동,중상사고,0,1,0,0,차대사람 - 횡단중,안전운전불이행,건조,맑음,단일로 - 기타,화물,남,66세,상해없음,보행자,여,68세,중상
2012111300100287,2012년 11월 13일 14시,화요일,부산광역시 동래구 온천동,중상사고,0,1,0,0,차대사람 - 기타,안전운전불이행,건조,맑음,교차로 - 교차로부근,승용,남,62세,상해없음,보행자,남,70세,중상
2012111300100288,2012년 11월 13일 14시,화요일,부산광역시 부산진구 전포동,경상사고,0,0,1,0,차대차 - 추돌 - 주정차중,안전거리미확보,건조,맑음,단일로 - 기타,승용,남,43세,상해없음,승용,남,43세,상해없음
2012111300100317,2012년 11월 13일 15시,화요일,부산광역시 수영구 남천동,경상사고,0,0,1,0,차대사람 - 기타,안전운전불이행,건조,맑음,단일로 - 기타,승용,여,53세,상해없음,보행자,남,55세,경상
2012111300100318,2012년 11월 13일 15시,화요일,부산광역시 북구 구포동,경상사고,0,0,1,0,차대차 - 추돌 - 주정차중,안전운전불이행,건조,맑음,단일로 - 기타,화물,남,44세,상해없음,승용,여,46세,경상
2012111300100319,2012년 11월 13일 15시,화요일,부산광역시 부산진구 초읍동,경상사고,0,0,1,0,차대사람 - 기타,안전운전불이행,건조,맑음,단일로 - 기타,화물,남,40세,상해없음,보행자,여,11세,경상
2012111300100353,2012년 11월 13일 16시,화요일,부산광역시 강서구 명지동,중상사고,0,1,0,0,차대차 - 기타,안전운전불이행,건조,맑음,단일로 - 횡단보도상,승용,여,30세,상해없음,자전거,남,8세,중상
2012111300100354,2012년 11월 13일 16시,화요일,부산광역시 사상구 괘법동,중상사고,0,1,0,0,차대차 - 측면직각충돌,안전거리미확보,건조,맑음,단일로 - 기타,자전거,남,76세,중상,승용,남,58세,상해없음
2012111300100386,2012년 11월 13일 17시,화요일,부산광역시 북구 화명동,중상사고,0,1,0,0,차대사람 - 기타,신호위반,건조,맑음,단일로 - 기타,원동기,남,19세,상해없음,보행자,남,21세,중상
2012111300100387,2012년 11월 13일 17시,화요일,부산광역시 영도구 신선동1가,경상사고,0,0,1,0,차대사람 - 횡단중,안전운전불이행,건조,맑음,단일로 - 기타,승합,남,52세,상해없음,보행자,남,8세,경상
2012111300100388,2012년 11월 13일 17시,화요일,부산광역시 사하구 하단동,경상사고,0,0,1,0,차대차 - 기타,신호위반,건조,맑음,교차로 - 교차로안,승용,여,33세,상해없음,승용,남,48세,경상
2012111300100424,2012년 11월 13일 18시,화요일,부산광역시 동구 초량동,중상사고,0,1,0,0,차대차 - 추돌 - 진행중,안전운전불이행,건조,맑음,단일로 - 기타,승용,기타불명,기타불명,기타불명,승용,남,62세,중상
2012111300100425,2012년 11월 13일 18시,화요일,부산광역시 금정구 장전동,경상사고,0,0,1,0,차대차 - 측면직각충돌,안전거리미확보,건조,맑음,단일로 - 기타,승용,남,56세,상해없음,승용,남,54세,상해없음
2012111300100486,2012년 11월 13일 19시,화요일,부산광역시 사하구 신평동,중상사고,0,1,0,0,차대차 - 측면직각충돌,안전거리미확보,건조,맑음,단일로 - 기타,승용,여,58세,상해없음,승용,남,57세,상해없음
2012111300100487,2012년 11월 13일 19시,화요일,부산광역시 연제구 거제동,경상사고,0,0,1,0,차대차 - 측면직각충돌,신호위반,건조,맑음,단일로 - 기타,승용,여,48세,상해없음,원동기,남,38세,경상
2012111300100540,2012년 11월 13일 20시,화요일,부산광역시 연제구 연산동,경상사고,0,0,2,0,차대차 - 기타,안전거리미확보,건조,맑음,단일로 - 기타,승용,남,54세,기타불명,승용,여,32세,경상
2012111300100580,2012년 11월 13일 21시,화요일,부산광역시 동구 범일동,경상사고,0,0,2,0,차대차 - 측면직각충돌,교차로운행방법위반,건조,맑음,교차로 - 교차로안,승용,남,60세,상해없음,승용,남,58세,경상
2012111300100581,2012년 11월 13일 21시,화요일,부산광역시 동래구 안락동,중상사고,0,1,0,0,차대사람 - 횡단중,보행자보호의무위반,건조,맑음,단일로 - 기타,승용,남,41세,상해없음,보행자,여,27세,중상
2012111300100582,2012년 11월 13일 21시,화요일,부산광역시 부산진구 개금동,경상사고,0,0,1,0,차대차 - 기타,안전거리미확보,건조,맑음,단일로 - 기타,승용,남,39세,상해없음,이륜,남,27세,경상
2012111300100583,2012년 11월 13일 21시,화요일,부산광역시 사하구 하단동,경상사고,0,0,1,0,차대차 - 측면직각충돌,교차로운행방법위반,건조,맑음,교차로 - 교차로안,승용,남,26세,상해없음,승용,남,33세,경상
2012111300100616,2012년 11월 13일 22시,화요일,부산광역시 중구 부평동1가,부상신고사고,0,0,0,1,차대사람 - 기타,기타,건조,맑음,단일로 - 기타,승용,남,54세,상해없음,보행자,남,49세,부상신고
2012111300100617,2012년 11월 13일 22시,화요일,부산광역시 수영구 남천동,중상사고,0,1,0,0,차대사람 - 기타,안전운전불이행,건조,맑음,교차로 - 교차로부근,승용,여,31세,상해없음,보행자,여,30세,중상
2012111400100007,2012년 11월 14일 00시,수요일,부산광역시 연제구 연산동,중상사고,0,2,0,0,차대사람 - 차도통행중,안전운전불이행,건조,흐림,단일로 - 기타,이륜,남,32세,상해없음,보행자,남,38세,중상
2012111400100008,2012년 11월 14일 00시,수요일,부산광역시 사상구 학장동,중상사고,0,1,0,0,차대사람 - 횡단중,안전운전불이행,건조,맑음,단일로 - 기타,승용,남,58세,상해없음,보행자,남,59세,중상
2012111400100031,2012년 11월 14일 01시,수요일,부산광역시 부산진구 부암동,경상사고,0,0,1,0,차대차 - 기타,안전운전불이행,기타,맑음,단일로 - 기타,이륜,남,18세,상해없음,원동기,남,31세,경상
2012111400100048,2012년 11월 14일 02시,수요일,부산광역시 북구 화명동,경상사고,0,0,2,0,차대차 - 측면직각충돌,신호위반,건조,맑음,교차로 - 교차로안,승용,남,27세,상해없음,승용,남,41세,경상
2012111400100049,2012년 11월 14일 02시,수요일,부산광역시 사하구 괴정동,부상신고사고,0,0,0,1,차대차 - 기타,안전운전불이행,건조,맑음,교차로 - 교차로부근,승용,남,24세,상해없음,승용,남,53세,상해없음
2012111400100060,2012년 11월 14일 03시,수요일,부산광역시 연제구 연산동,중상사고,0,2,0,0,차대사람 - 길가장자리구역통행중,중앙선침범,건조,흐림,단일로 - 기타,승용,남,51세,상해없음,보행자,여,57세,중상
2012111400100065,2012년 11월 14일 04시,수요일,부산광역시 해운대구 반송동,부상신고사고,0,0,0,1,차대차 - 측면직각충돌,안전운전불이행,건조,맑음,단일로 - 기타,승용,남,64세,상해없음,원동기,남,24세,부상신고
2012111400100073,2012년 11월 14일 05시,수요일,부산광역시 남구 대연동,중상사고,0,1,0,0,차대차 - 기타,기타,건조,맑음,교차로 - 교차로안,화물,남,44세,상해없음,승합,남,46세,상해없음
2012111400100074,2012년 11월 14일 05시,수요일,부산광역시 부산진구 가야동,경상사고,0,0,2,0,차대차 - 측면직각충돌,교차로운행방법위반,건조,맑음,교차로 - 교차로안,화물,남,32세,상해없음,원동기,남,23세,경상
2012111400100075,2012년 11월 14일 05시,수요일,부산광역시 연제구 거제동,경상사고,0,0,2,0,차대차 - 측면직각충돌,신호위반,건조,맑음,교차로 - 교차로안,승용,남,41세,상해없음,승용,남,62세,경상
2012111400100087,2012년 11월 14일 06시,수요일,부산광역시 강서구 대저2동,경상사고,0,0,1,0,차대차 - 측면직각충돌,직진우회전진행방해,건조,맑음,교차로 - 교차로안,승용,여,28세,상해없음,승합,남,34세,경상
2012111400100108,2012년 11월 14일 07시,수요일,부산광역시 사상구 학장동,중상사고,0,2,0,0,차대차 - 측면직각충돌,안전운전불이행,건조,맑음,교차로 - 교차로부근,자전거,남,55세,중상,승용,여,49세,상해없음
2012111400100136,2012년 11월 14일 08시,수요일,부산광역시 남구 용호동,중상사고,0,1,0,0,차대차 - 추돌 - 진행중,안전거리미확보,건조,맑음,단일로 - 기타,승합,남,48세,상해없음,승용,남,44세,중상
2012111400100137,2012년 11월 14일 08시,수요일,부산광역시 영도구 대교동1가,중상사고,0,1,1,0,차대차 - 기타,안전거리미확보,건조,맑음,단일로 - 기타,승용,남,68세,상해없음,승용,남,45세,경상
2012111400100138,2012년 11월 14일 08시,수요일,부산광역시 강서구 대저1동,경상사고,0,0,1,0,차대차 - 추돌 - 진행중,안전운전불이행,건조,맑음,단일로 - 기타,승용,남,26세,상해없음,승용,남,44세,경상
2012111400100178,2012년 11월 14일 09시,수요일,부산광역시 연제구 거제동,중상사고,0,2,1,0,차대차 - 추돌 - 주정차중,안전운전불이행,건조,맑음,교차로 - 교차로부근,승용,남,46세,상해없음,승용,여,37세,중상
2012111400100199,2012년 11월 14일 10시,수요일,부산광역시 남구 대연동,경상사고,0,0,1,0,차대차 - 기타,안전운전불이행,건조,맑음,교차로 - 교차로안,자전거,남,32세,경상,원동기,남,24세,상해없음
2012111400100200,2012년 11월 14일 10시,수요일,부산광역시 금정구 장전동,경상사고,0,0,1,0,차대사람 - 차도통행중,안전운전불이행,건조,맑음,단일로 - 기타,기타불명,기타불명,기타불명,기타불명,보행자,여,21세,경상
2012111400100201,2012년 11월 14일 10시,수요일,부산광역시 기장군 기장읍,경상사고,0,0,1,0,차대차 - 측면직각충돌,신호위반,건조,맑음,교차로 - 교차로안,승용,남,71세,상해없음,승용,여,48세,경상
2012111400100236,2012년 11월 14일 11시,수요일,부산광역시 해운대구 우동,중상사고,0,1,0,0,차대차 - 측면직각충돌,신호위반,건조,맑음,교차로 - 교차로안,원동기,남,71세,중상,승용,여,53세,상해없음
2012111400100261,2012년 11월 14일 12시,수요일,부산광역시 영도구 대평동1가,경상사고,0,0,1,0,차대차 - 측면직각충돌,교차로운행방법위반,건조,맑음,교차로 - 교차로안,화물,남,30세,상해없음,이륜,남,29세,경상
2012111400100284,2012년 11월 14일 13시,수요일,부산광역시 북구 덕천동,경상사고,0,0,1,0,차대사람 - 보도통행중,보행자보호의무위반,건조,맑음,단일로 - 기타,승용,여,43세,상해없음,보행자,여,44세,경상