사고번호,사고일시,요일,시군구,사고내용,사망자수,중상자수,경상자수,부상신고자수,사고유형,법규위반,노면상태,기상상태,도로형태,가해운전자 차종,가해운전자 성별,가해운전자 연령,가해운전자 상해정도,피해운전자 차종,피해운전자 성별,피해운전자 연령,피해운전자 상해정도
2012111400100285,2012년 11월 14일 13시,수요일,부산광역시 강서구 천성동,경상사고,0,0,1,0,차대차 - 추돌 - 진행중,안전운전불이행,건조,맑음,단일로 - 터널,승용,남,34세,상해없음,화물,남,29세,경상
2012111400100317,2012년 11월 14일 14시,수요일,부산광역시 동구 수정동,중상사고,0,1,0,0,차대사람 - 기타,안전운전불이행,건조,맑음,교차로 - 교차로안,승용,남,61세,상해없음,보행자,여,41세,중상
2012111400100318,2012년 11월 14일 14시,수요일,부산광역시 사하구 신평동,경상사고,0,0,1,0,차대사람 - 기타,안전운전불이행,건조,맑음,단일로 - 기타,승용,여,32세,상해없음,보행자,여,45세,경상
2012111400100319,2012년 11월 14일 14시,수요일,부산광역시 사하구 괴정동,중상사고,0,2,0,0,차대차 - 기타,안전운전불이행,건조,맑음,단일로 - 기타,승용,남,53세,상해없음,승용,남,30세,중상
2012111400100350,2012년 11월 14일 15시,수요일,부산광역시 북구 화명동,경상사고,0,0,1,0,차대차 - 기타,안전운전불이행,건조,맑음,단일로 - 기타,승합,남,40세,상해없음,승용,남,59세,경상
2012111400100351,2012년 11월 14일 15시,수요일,부산광역시 동래구 온천동,중상사고,0,1,0,0,차대사람 - 기타,안전운전불이행,건조,맑음,단일로 - 기타,이륜,남,32세,상해없음,보행자,여,24세,중상
2012111400100352,2012년 11월 14일 15시,수요일,부산광역시 해운대구 재송동,경상사고,0,0,1,0,차대차 - 추돌 - 주정차중,안전운전불이행,건조,맑음,교차로 - 교차로안,화물,남,41세,상해없음,승합,남,41세,경상
2012111400100353,2012년 11월 14일 15시,수요일,부산광역시 수영구 수영동,경상사고,0,0,1,0,차대사람 - 기타,안전운전불이행,건조,맑음,단일로 - 횡단보도상,승용,남,66세,상해없음,보행자,여,61세,경상
2012111400100381,2012년 11월 14일 16시,수요일,부산광역시 부산진구 부전동,중상사고,0,1,0,0,차대사람 - 길가장자리구역통행중,안전운전불이행,건조,맑음,단일로 - 기타,승합,남,52세,상해없음,보행자,여,59세,중상
2012111400100425,2012년 11월 14일 17시,수요일,부산광역시 중구 중앙동4가,경상사고,0,0,1,0,차대사람 - 길가장자리구역통행중,안전운전불이행,건조,맑음,단일로 - 기타,화물,남,44세,상해없음,보행자,여,22세,경상
2012111400100426,2012년 11월 14일 17시,수요일,부산광역시 연제구 연산동,중상사고,0,1,0,0,차대사람 - 기타,안전운전불이행,건조,맑음,단일로 - 기타,화물,남,33세,상해없음,보행자,여,52세,중상
2012111400100462,2012년 11월 14일 18시,수요일,부산광역시 중구 신창동4가,중상사고,0,1,0,0,차대사람 - 기타,안전운전불이행,건조,맑음,단일로 - 기타,승용,여,63세,상해없음,보행자,여,57세,중상
2012111400100463,2012년 11월 14일 18시,수요일,부산광역시 연제구 연산동,경상사고,0,0,1,0,차대차 - 측면직각충돌,안전거리미확보,건조,맑음,교차로 - 교차로안,승용,여,56세,상해없음,승용,남,53세,경상
2012111400100514,2012년 11월 14일 19시,수요일,부산광역시 북구 구포동,경상사고,0,0,1,0,차대차 - 측면직각충돌,안전운전불이행,건조,맑음,교차로 - 교차로부근,승용,여,48세,상해없음,승용,여,45세,경상
2012111400100552,2012년 11월 14일 20시,수요일,부산광역시 동구 범일동,중상사고,0,1,2,0,차대차 - 기타,안전거리미확보,건조,맑음,단일로 - 기타,승용,남,22세,상해없음,승용,남,27세,중상
2012111400100553,2012년 11월 14일 20시,수요일,부산광역시 부산진구 부전동,경상사고,0,0,1,0,차대사람 - 길가장자리구역통행중,안전운전불이행,건조,맑음,교차로 - 교차로안,승용,남,72세,상해없음,보행자,남,55세,경상
2012111400100554,2012년 11월 14일 20시,수요일,부산광역시 금정구 부곡동,부상신고사고,0,0,0,1,차대차 - 정면충돌,기타,건조,맑음,교차로 - 교차로안,승용,남,29세,상해없음,승용,남,60세,부상신고
2012111400100586,2012년 11월 14일 21시,수요일,부산광역시 사상구 모라동,중상사고,0,1,0,0,차대사람 - 횡단중,보행자보호의무위반,건조,맑음,교차로 - 교차로안,승용,남,60세,상해없음,보행자,여,21세,중상
2012111400100654,2012년 11월 14일 23시,수요일,부산광역시 사하구 괴정동,경상사고,0,0,1,0,차대차 - 기타,안전운전불이행,건조,맑음,교차로 - 교차로안,화물,남,64세,상해없음,승용,남,59세,경상
2012111500100005,2012년 11월 15일 00시,목요일,부산광역시 남구 문현동,경상사고,0,0,1,0,차대차 - 추돌 - 주정차중,안전거리미확보,건조,맑음,단일로 - 기타,승용,남,57세,상해없음,승용,남,54세,경상
2012111500100027,2012년 11월 15일 01시,목요일,부산광역시 남구 대연동,부상신고사고,0,0,0,1,차대사람 - 기타,안전운전불이행,건조,맑음,단일로 - 기타,승용,남,40세,상해없음,보행자,여,24세,부상신고
2012111500100044,2012년 11월 15일 02시,목요일,부산광역시 동래구 온천동,경상사고,0,0,1,0,차대사람 - 차도통행중,안전운전불이행,건조,맑음,단일로 - 기타,승용,남,64세,상해없음,보행자,여,52세,경상
2012111500100068,2012년 11월 15일 05시,목요일,부산광역시 중구 남포동3가,중상사고,0,1,0,0,차대사람 - 기타,안전운전불이행,건조,맑음,단일로 - 기타,승용,남,33세,상해없음,보행자,남,23세,중상
2012111500100069,2012년 11월 15일 05시,목요일,부산광역시 북구 덕천동,경상사고,0,0,1,0,차대차 - 측면직각충돌,안전운전불이행,건조,맑음,기타 - 기타,승용,남,25세,상해없음,승용,남,45세,경상
2012111500100085,2012년 11월 15일 06시,목요일,부산광역시 사하구 하단동,중상사고,0,1,0,0,차대사람 - 횡단중,안전운전불이행,건조,맑음,교차로 - 교차로안,승용,남,62세,상해없음,보행자,남,59세,중상
2012111500100101,2012년 11월 15일 07시,목요일,부산광역시 부산진구 당감동,중상사고,0,1,0,0,차대차 - 기타,안전운전불이행,건조,맑음,단일로 - 기타,승용,남,51세,상해없음,자전거,남,41세,중상
2012111500100102,2012년 11월 15일 07시,목요일,부산광역시 강서구 봉림동,경상사고,0,0,1,0,차대차 - 추돌 - 주정차중,안전운전불이행,건조,맑음,교차로 - 교차로부근,화물,남,61세,상해없음,화물,남,40세,경상
2012111500100103,2012년 11월 15일 07시,목요일,부산광역시 사상구 감전동,중상사고,0,1,0,0,차대사람 - 기타,보행자보호의무위반,건조,맑음,교차로 - 교차로안,승용,남,37세,상해없음,보행자,여,69세,중상
2012111500100129,2012년 11월 15일 08시,목요일,부산광역시 사하구 신평동,경상사고,0,0,2,0,차대차 - 기타,교차로운행방법위반,건조,맑음,교차로 - 교차로부근,승용,남,34세,상해없음,승용,여,42세,경상
2012111500100130,2012년 11월 15일 08시,목요일,부산광역시 사상구 모라동,경상사고,0,0,1,0,차대차 - 추돌 - 주정차중,안전운전불이행,건조,맑음,단일로 - 기타,승용,남,50세,기타불명,승용,남,32세,경상
2012111500100131,2012년 11월 15일 08시,목요일,부산광역시 기장군 장안읍,경상사고,0,0,1,0,차대차 - 추돌 - 주정차중,안전운전불이행,건조,맑음,단일로 - 기타,화물,여,56세,상해없음,승용,남,28세,경상
2012111500100168,2012년 11월 15일 09시,목요일,부산광역시 수영구 광안동,경상사고,0,0,1,0,차대차 - 측면직각충돌,안전운전불이행,건조,맑음,단일로 - 기타,승용,남,54세,상해없음,승용,여,48세,경상
2012111500100169,2012년 11월 15일 09시,목요일,부산광역시 부산진구 초읍동,중상사고,0,1,0,0,차대사람 - 기타,안전운전불이행,건조,맑음,단일로 - 기타,승용,남,55세,상해없음,보행자,여,74세,중상
2012111500100170,2012년 11월 15일 09시,목요일,부산광역시 수영구 망미동,경상사고,0,0,1,0,차대차 - 측면직각충돌,안전거리미확보,건조,맑음,단일로 - 횡단보도부근,승용,여,52세,상해없음,승용,여,61세,경상
2012111500100209,2012년 11월 15일 10시,목요일,부산광역시 해운대구 재송동,경상사고,0,0,3,0,차대차 - 추돌 - 진행중,안전거리미확보,건조,맑음,단일로 - 기타,승용,여,46세,상해없음,승용,여,39세,경상
2012111500100210,2012년 11월 15일 10시,목요일,부산광역시 해운대구 반여동,경상사고,0,0,1,0,차대차 - 추돌 - 주정차중,안전운전불이행,건조,맑음,단일로 - 기타,승용,여,45세,상해없음,화물,남,47세,경상
2012111500100211,2012년 11월 15일 10시,목요일,부산광역시 금정구 남산동,중상사고,0,1,0,0,차대사람 - 기타,보행자보호의무위반,건조,맑음,단일로 - 횡단보도상,화물,남,66세,상해없음,보행자,여,89세,중상
2012111500100279,2012년 11월 15일 13시,목요일,부산광역시 금정구 장전동,경상사고,0,0,1,0,차대사람 - 기타,안전운전불이행,건조,맑음,단일로 - 기타,화물,남,73세,기타불명,보행자,여,73세,경상
2012111500100301,2012년 11월 15일 14시,목요일,부산광역시 연제구 연산동,중상사고,0,1,0,0,차대사람 - 길가장자리구역통행중,안전운전불이행,건조,맑음,단일로 - 기타,승용,남,44세,상해없음,보행자,여,61세,중상
2012111500100363,2012년 11월 15일 16시,목요일,부산광역시 동구 범일동,중상사고,0,1,0,0,차대차 - 기타,안전거리미확보,건조,맑음,단일로 - 횡단보도상,원동기,남,37세,상해없음,승용,남,44세,중상
2012111500100364,2012년 11월 15일 16시,목요일,부산광역시 사상구 괘법동,경상사고,0,0,1,0,차대사람 - 횡단중,보행자보호의무위반,건조,맑음,단일로 - 횡단보도상,이륜,남,45세,상해없음,보행자,여,45세,경상
2012111500100400,2012년 11월 15일 17시,목요일,부산광역시 금정구 남산동,경상사고,0,0,1,0,차대차 - 기타,차로위반,건조,맑음,단일로 - 기타,기타불명,기타불명,기타불명,기타불명,자전거,남,70세,경상
2012111500100446,2012년 11월 15일 18시,목요일,부산광역시 해운대구 좌동,경상사고,0,0,1,0,차대차 - 측면직각충돌,신호위반,기타,기타,교차로 - 교차로안,승용,여,44세,상해없음,승용,여,29세,경상
2012111500100447,2012년 11월 15일 18시,목요일,부산광역시 금정구 구서동,경상사고,0,0,1,0,차대차 - 기타,기타,건조,맑음,단일로 - 기타,승용,남,64세,상해없음,승합,남,56세,상해없음
2012111500100448,2012년 11월 15일 18시,목요일,부산광역시 연제구 연산동,경상사고,0,0,1,0,차대차 - 추돌 - 주정차중,안전거리미확보,건조,맑음,교차로 - 교차로안,승용,남,31세,상해없음,승용,남,54세,경상
2012111500100503,2012년 11월 15일 19시,목요일,부산광역시 연제구 연산동,중상사고,0,1,0,0,차대차 - 측면직각충돌,중앙선침범,건조,맑음,단일로 - 기타,승용,남,41세,상해없음,이륜,남,32세,중상
2012111500100543,2012년 11월 15일 20시,목요일,부산광역시 해운대구 반여동,경상사고,0,0,1,0,차대차 - 측면직각충돌,교차로운행방법위반,건조,맑음,교차로 - 교차로안,승용,여,46세,상해없음,승용,남,57세,경상
2012111500100544,2012년 11월 15일 20시,목요일,부산광역시 부산진구 당감동,중상사고,0,1,2,0,차대차 - 기타,안전운전불이행,건조,맑음,미분류 - 미분류,승용,남,48세,상해없음,승용,남,68세,경상
2012111500100545,2012년 11월 15일 20시,목요일,부산광역시 금정구 구서동,경상사고,0,0,1,0,차대사람 - 횡단중,안전운전불이행,건조,맑음,교차로 - 교차로부근,승용,남,56세,상해없음,보행자,여,47세,경상
2012111500100546,2012년 11월 15일 20시,목요일,부산광역시 연제구 연산동,경상사고,0,0,2,0,차대차 - 기타,안전거리미확보,건조,맑음,단일로 - 기타,승용,여,66세,상해없음,승용,남,45세,경상
2012111500100607,2012년 11월 15일 22시,목요일,부산광역시 동구 초량동,중상사고,0,1,0,0,차대차 - 추돌 - 주정차중,안전거리미확보,건조,맑음,단일로 - 횡단보도부근,원동기,남,16세,중상,승용,남,59세,상해없음
2012111500100608,2012년 11월 15일 22시,목요일,부산광역시 연제구 연산동,중상사고,0,1,0,0,차대차 - 측면직각충돌,신호위반,건조,맑음,교차로 - 교차로안,승용,남,32세,상해없음,승용,남,57세,중상
2012111500100639,2012년 11월 15일 23시,목요일,부산광역시 남구 우암동,경상사고,0,0,1,0,차대차 - 측면직각충돌,안전운전불이행,건조,맑음,교차로 - 교차로안,승용,남,34세,상해없음,승용,미분류,기타불명,기타불명
2012111500100640,2012년 11월 15일 23시,목요일,부산광역시 사상구 모라동,경상사고,0,0,2,1,차대차 - 측면직각충돌,안전운전불이행,건조,맑음,단일로 - 기타,이륜,남,28세,상해없음,승용,여,45세,경상
2012111600100006,2012년 11월 16일 00시,금요일,부산광역시 수영구 광안동,경상사고,0,0,1,0,차대차 - 기타,안전거리미확보,건조,맑음,단일로 - 기타,승용,남,56세,상해없음,승용,남,53세,경상
2012111600100007,2012년 11월 16일 00시,금요일,부산광역시 영도구 동삼동,중상사고,0,2,0,0,차대차 - 추돌 - 주정차중,안전운전불이행,건조,맑음,교차로 - 교차로안,승용,남,35세,상해없음,승용,여,27세,중상
2012111600100008,2012년 11월 16일 00시,금요일,부산광역시 해운대구 우동,경상사고,0,0,1,0,차대차 - 측면직각충돌,안전운전불이행,건조,맑음,교차로 - 교차로부근,승용,남,57세,상해없음,승용,남,59세,경상
2012111600100062,2012년 11월 16일 03시,금요일,부산광역시 부산진구 부전동,경상사고,0,0,2,0,차대차 - 기타,안전운전불이행,건조,기타,단일로 - 기타,승합,남,46세,상해없음,승용,남,53세,경상
2012111600100084,2012년 11월 16일 05시,금요일,부산광역시 금정구 장전동,부상신고사고,0,0,0,1,차대차 - 기타,안전거리미확보,건조,맑음,교차로 - 교차로안,원동기,남,22세,상해없음,화물,남,56세,상해없음
2012111600100085,2012년 11월 16일 05시,금요일,부산광역시 연제구 연산동,경상사고,0,0,1,0,차대차 - 기타,안전운전불이행,건조,맑음,단일로 - 횡단보도부근,승용,남,35세,상해없음,승용,남,48세,경상
2012111600100094,2012년 11월 16일 06시,금요일,부산광역시 북구 덕천동,경상사고,0,0,1,0,차대차 - 기타,신호위반,건조,맑음,단일로 - 횡단보도상,승용,남,58세,상해없음,이륜,여,50세,경상
2012111600100095,2012년 11월 16일 06시,금요일,부산광역시 금정구 구서동,경상사고,0,0,1,0,차대차 - 추돌 - 주정차중,안전거리미확보,건조,맑음,단일로 - 기타,승합,남,54세,상해없음,승용,여,43세,경상
2012111600100117,2012년 11월 16일 07시,금요일,부산광역시 부산진구 전포동,경상사고,0,0,1,0,차대사람 - 기타,안전운전불이행,건조,맑음,기타 - 기타,승용,여,29세,상해없음,보행자,여,16세,경상
2012111600100118,2012년 11월 16일 07시,금요일,부산광역시 금정구 부곡동,경상사고,0,0,1,0,차대차 - 기타,안전거리미확보,건조,맑음,단일로 - 기타,승용,남,54세,상해없음,승용,남,33세,상해없음
2012111600100119,2012년 11월 16일 07시,금요일,부산광역시 사하구 장림동,경상사고,0,0,1,0,차대차 - 기타,안전운전불이행,건조,맑음,기타 - 기타,승용,남,53세,상해없음,자전거,남,30세,경상
2012111600100153,2012년 11월 16일 08시,금요일,부산광역시 금정구 부곡동,부상신고사고,0,0,0,1,차대사람 - 횡단중,안전운전불이행,건조,맑음,단일로 - 기타,승용,여,34세,상해없음,보행자,여,11세,부상신고
2012111600100199,2012년 11월 16일 09시,금요일,부산광역시 해운대구 반송동,경상사고,0,0,1,0,차대사람 - 횡단중,안전운전불이행,건조,맑음,교차로 - 교차로안,승용,여,32세,상해없음,보행자,여,19세,경상
2012111600100238,2012년 11월 16일 11시,금요일,부산광역시 북구 화명동,경상사고,0,0,1,0,차대차 - 측면직각충돌,안전거리미확보,건조,맑음,단일로 - 기타,승용,남,60세,상해없음,승용,남,38세,경상
2012111600100239,2012년 11월 16일 11시,금요일,부산광역시 동래구 온천동,경상사고,0,0,1,0,차대차 - 측면직각충돌,안전거리미확보,건조,맑음,교차로 - 교차로부근,승합,남,77세,상해없음,자전거,남,36세,경상
2012111600100240,2012년 11월 16일 11시,금요일,부산광역시 부산진구 초읍동,중상사고,0,1,0,0,차대사람 - 횡단중,보행자보호의무위반,건조,맑음,단일로 - 횡단보도상,화물,남,44세,상해없음,보행자,여,87세,중상
2012111600100241,2012년 11월 16일 11시,금요일,부산광역시 금정구 구서동,경상사고,0,0,1,0,차대차 - 측면직각충돌,안전운전불이행,건조,맑음,단일로 - 기타,자전거,남,23세,경상,원동기,남,58세,상해없음
2012111600100242,2012년 11월 16일 11시,금요일,부산광역시 사상구 모라동,중상사고,0,1,0,0,차대차 - 측면직각충돌,안전운전불이행,건조,맑음,단일로 - 기타,화물,남,57세,상해없음,원동기,남,56세,중상
2012111600100243,2012년 11월 16일 11시,금요일,부산광역시 기장군 기장읍,경상사고,0,0,1,0,차대사람 - 횡단중,보행자보호의무위반,건조,맑음,교차로 - 교차로부근,승용,여,45세,상해없음,보행자,여,37세,경상
2012111600100266,2012년 11월 16일 12시,금요일,부산광역시 북구 화명동,중상사고,0,1,0,0,차대사람 - 횡단중,보행자보호의무위반,건조,맑음,교차로 - 교차로부근,승용,남,43세,상해없음,보행자,남,52세,중상
2012111600100267,2012년 11월 16일 12시,금요일,부산광역시 동래구 안락동,경상사고,0,0,1,0,차대차 - 기타,교차로운행방법위반,건조,맑음,교차로 - 교차로안,승합,남,34세,상해없음,승용,여,49세,경상
2012111600100282,2012년 11월 16일 13시,금요일,부산광역시 북구 화명동,중상사고,0,1,0,0,차대차 - 정면충돌,중앙선침범,건조,맑음,단일로 - 기타,승용,남,52세,상해없음,원동기,남,33세,중상
2012111600100297,2012년 11월 16일 14시,금요일,부산광역시 남구 용호동,경상사고,0,0,1,0,차대사람 - 횡단중,안전운전불이행,건조,맑음,단일로 - 기타,승용,여,53세,상해없음,보행자,남,4세,경상
2012111600100298,2012년 11월 16일 14시,금요일,부산광역시 동래구 명장동,중상사고,0,1,0,0,차대사람 - 보도통행중,기타,건조,맑음,단일로 - 기타,승용,남,51세,상해없음,보행자,남,68세,중상
2012111600100299,2012년 11월 16일 14시,금요일,부산광역시 강서구 신호동,중상사고,0,3,0,0,차대차 - 기타,안전운전불이행,건조,맑음,기타 - 기타,승합,남,55세,상해없음,승용,여,41세,중상
2012111600100323,2012년 11월 16일 15시,금요일,부산광역시 서구 서대신동2가,경상사고,0,0,1,0,차대사람 - 기타,안전운전불이행,습기,맑음,단일로 - 기타,승합,남,49세,상해없음,보행자,남,58세,경상
2012111600100324,2012년 11월 16일 15시,금요일,부산광역시 남구 대연동,중상사고,0,1,0,0,차대사람 - 횡단중,안전거리미확보,건조,맑음,교차로 - 교차로안,이륜,남,16세,상해없음,보행자,남,42세,중상
2012111600100341,2012년 11월 16일 16시,금요일,부산광역시 연제구 연산동,경상사고,0,0,1,0,차대차 - 측면직각충돌,안전거리미확보,건조,맑음,기타 - 기타,승용,남,39세,상해없음,이륜,남,54세,경상
2012111600100371,2012년 11월 16일 17시,금요일,부산광역시 북구 덕천동,중상사고,0,2,9,0,차대차 - 측면직각충돌,안전거리미확보,건조,맑음,교차로 - 교차로안,승합,남,52세,상해없음,승합,남,32세,상해없음
2012111600100523,2012년 11월 16일 19시,금요일,부산광역시 사하구 장림동,경상사고,0,0,2,0,차대차 - 추돌 - 진행중,신호위반,건조,맑음,교차로 - 교차로안,승용,여,46세,상해없음,승용,남,37세,경상
2012111600100584,2012년 11월 16일 20시,금요일,부산광역시 동래구 온천동,부상신고사고,0,0,0,1,차대사람 - 횡단중,안전운전불이행,습기,비,교차로 - 교차로안,승용,남,30세,상해없음,보행자,여,72세,부상신고
2012111600100585,2012년 11월 16일 20시,금요일,부산광역시 영도구 남항동1가,경상사고,0,0,2,0,차대차 - 기타,안전운전불이행,건조,맑음,단일로 - 기타,이륜,남,14세,상해없음,승용,남,32세,상해없음
2012111600100586,2012년 11월 16일 20시,금요일,부산광역시 해운대구 우동,중상사고,0,1,0,0,차대사람 - 횡단중,안전운전불이행,습기,비,단일로 - 기타,승용,남,47세,상해없음,보행자,여,60세,중상
2012111600100650,2012년 11월 16일 21시,금요일,부산광역시 수영구 민락동,경상사고,0,0,2,0,차대차 - 측면직각충돌,안전운전불이행,습기,비,단일로 - 기타,승용,남,54세,상해없음,승용,남,47세,경상
2012111600100651,2012년 11월 16일 21시,금요일,부산광역시 북구 화명동,중상사고,0,1,1,0,차대차 - 추돌 - 주정차중,중앙선침범,건조,맑음,단일로 - 기타,원동기,남,16세,상해없음,승용,남,44세,중상
2012111600100652,2012년 11월 16일 21시,금요일,부산광역시 사하구 장림동,경상사고,0,0,2,0,차대차 - 기타,안전운전불이행,습기,비,단일로 - 기타,승용,남,47세,상해없음,승용,남,58세,경상
2012111600100714,2012년 11월 16일 22시,금요일,부산광역시 중구 남포동1가,중상사고,0,1,0,0,차대사람 - 횡단중,신호위반,습기,비,단일로 - 횡단보도상,승용,남,28세,상해없음,보행자,여,18세,중상
2012111600100715,2012년 11월 16일 22시,금요일,부산광역시 남구 우암동,경상사고,0,0,1,0,차대사람 - 횡단중,신호위반,습기,비,단일로 - 횡단보도상,승용,여,39세,상해없음,보행자,여,27세,경상
2012111600100716,2012년 11월 16일 22시,금요일,부산광역시 북구 만덕동,경상사고,0,0,1,0,차대차 - 기타,안전운전불이행,습기,비,단일로 - 기타,승합,남,50세,상해없음,이륜,남,56세,경상
2012111600100717,2012년 11월 16일 22시,금요일,부산광역시 동래구 온천동,경상사고,0,0,2,0,차대차 - 추돌 - 진행중,안전운전불이행,건조,맑음,교차로 - 교차로부근,승용,남,24세,상해없음,승용,남,25세,경상
2012111600100718,2012년 11월 16일 22시,금요일,부산광역시 해운대구 우동,중상사고,0,1,0,0,차대차 - 기타,안전운전불이행,습기,비,단일로 - 기타,승용,남,33세,상해없음,승용,남,38세,중상
2012111600100719,2012년 11월 16일 22시,금요일,부산광역시 사상구 모라동,중상사고,0,1,0,0,차대차 - 측면직각충돌,안전거리미확보,습기,비,단일로 - 기타,승용,남,41세,중상,승합,남,50세,상해없음
2012111600100797,2012년 11월 16일 23시,금요일,부산광역시 북구 만덕동,경상사고,0,0,3,0,차대차 - 추돌 - 주정차중,안전운전불이행,습기,비,단일로 - 기타,승합,남,44세,상해없음,승용,남,32세,상해없음
2012111600100798,2012년 11월 16일 23시,금요일,부산광역시 영도구 청학동,경상사고,0,0,1,0,차대차 - 기타,신호위반,건조,맑음,교차로 - 교차로안,승용,여,41세,상해없음,승용,남,47세,경상
2012111600100799,2012년 11월 16일 23시,금요일,부산광역시 해운대구 좌동,중상사고,0,1,1,0,차대차 - 추돌 - 주정차중,안전운전불이행,습기,비,단일로 - 기타,승용,남,55세,상해없음,승용,남,35세,중상
2012111600100800,2012년 11월 16일 23시,금요일,부산광역시 부산진구 전포동,경상사고,0,0,1,0,차대차 - 기타,안전거리미확보,건조,기타,단일로 - 기타,승용,남,35세,상해없음,승용,남,34세,경상
2012111600100801,2012년 11월 16일 23시,금요일,부산광역시 금정구 구서동,경상사고,0,0,1,0,차대차 - 기타,차로위반,건조,맑음,단일로 - 기타,승용,남,59세,상해없음,승용,남,64세,경상
2012111600100802,2012년 11월 16일 23시,금요일,부산광역시 금정구 구서동,중상사고,0,1,0,0,차량단독 - 공작물충돌,안전운전불이행,습기,비,단일로 - 기타,승합,남,38세,중상,,,,
2012111600100803,2012년 11월 16일 23시,금요일,부산광역시 사하구 하단동,중상사고,0,1,1,0,차대차 - 추돌 - 진행중,안전운전불이행,습기,비,단일로 - 기타,화물,남,40세,상해없음,화물,남,42세,중상
2012111700100011,2012년 11월 17일 00시,토요일,부산광역시 부산진구 가야동,경상사고,0,0,1,0,차대차 - 추돌 - 주정차중,안전운전불이행,습기,비,단일로 - 기타,승용,남,26세,상해없음,승용,남,64세,경상
2012111700100012,2012년 11월 17일 00시,토요일,부산광역시 부산진구 당감동,경상사고,0,0,2,0,차대차 - 측면직각충돌,안전운전불이행,습기,비,교차로 - 교차로안,승용,남,54세,상해없음,승용,남,58세,경상
2012111700100013,2012년 11월 17일 00시,토요일,부산광역시 부산진구 범천동,경상사고,0,0,1,0,차대차 - 추돌 - 주정차중,안전거리미확보,습기,비,교차로 - 교차로부근,승용,남,45세,상해없음,승용,남,42세,경상
2012111700100014,2012년 11월 17일 00시,토요일,부산광역시 금정구 장전동,중상사고,0,2,0,0,차대차 - 기타,안전운전불이행,습기,비,교차로 - 교차로부근,승용,남,24세,상해없음,승용,남,29세,중상
2012111700100015,2012년 11월 17일 00시,토요일,부산광역시 사상구 덕포동,경상사고,0,0,1,0,차대차 - 추돌 - 주정차중,안전운전불이행,습기,비,단일로 - 기타,승용,남,30세,경상,승용,남,41세,기타불명
2012111700100075,2012년 11월 17일 01시,토요일,부산광역시 부산진구 부암동,경상사고,0,0,1,0,차대차 - 측면직각충돌,신호위반,습기,비,교차로 - 교차로안,승용,여,48세,상해없음,승용,남,46세,경상
2012111700100127,2012년 11월 17일 02시,토요일,부산광역시 부산진구 전포동,중상사고,0,1,0,0,차대사람 - 횡단중,보행자보호의무위반,습기,비,교차로 - 교차로안,승용,남,28세,상해없음,보행자,남,51세,중상
2012111700100128,2012년 11월 17일 02시,토요일,부산광역시 부산진구 전포동,중상사고,0,2,0,0,차대차 - 기타,중앙선침범,습기,비,단일로 - 횡단보도상,기타불명,기타불명,기타불명,기타불명,승용,남,56세,상해없음
2012111700100163,2012년 11월 17일 03시,토요일,부산광역시 북구 덕천동,경상사고,0,0,1,0,차대사람 - 기타,안전운전불이행,습기,비,기타 - 기타,승용,남,32세,상해없음,보행자,남,21세,경상
2012111700100164,2012년 11월 17일 03시,토요일,부산광역시 부산진구 부암동,중상사고,0,2,0,0,차대차 - 기타,중앙선침범,습기,비,단일로 - 기타,승용,남,22세,상해없음,승용,남,49세,중상
2012111700100191,2012년 11월 17일 04시,토요일,부산광역시 수영구 광안동,경상사고,0,0,2,0,차대차 - 측면직각충돌,신호위반,습기,비,교차로 - 교차로안,승용,여,61세,상해없음,승용,남,27세,경상
2012111700100192,2012년 11월 17일 04시,토요일,부산광역시 수영구 광안동,경상사고,0,0,1,0,차대차 - 추돌 - 진행중,안전운전불이행,건조,맑음,단일로 - 기타,승용,남,59세,상해없음,승용,남,57세,경상
2012111700100219,2012년 11월 17일 05시,토요일,부산광역시 사하구 괴정동,중상사고,0,2,0,0,차대차 - 측면직각충돌,신호위반,습기,비,교차로 - 교차로안,승용,남,56세,상해없음,승용,남,61세,중상
2012111700100236,2012년 11월 17일 06시,토요일,부산광역시 중구 남포동1가,중상사고,0,1,0,0,차대차 - 기타,신호위반,습기,비,교차로 - 교차로안,승용,남,24세,상해없음,승용,남,57세,상해없음
2012111700100237,2012년 11월 17일 06시,토요일,부산광역시 금정구 두구동,경상사고,0,0,1,0,차대차 - 측면직각충돌,신호위반,건조,맑음,교차로 - 교차로안,승용,여,40세,상해없음,승합,남,71세,상해없음
2012111700100238,2012년 11월 17일 06시,토요일,부산광역시 사하구 괴정동,경상사고,0,0,1,0,차대차 - 추돌 - 주정차중,안전운전불이행,건조,맑음,단일로 - 기타,승합,남,65세,상해없음,건설기계,남,34세,기타불명
2012111700100255,2012년 11월 17일 07시,토요일,부산광역시 금정구 남산동,경상사고,0,0,1,0,차대차 - 추돌 - 진행중,안전운전불이행,건조,맑음,교차로 - 교차로안,승용,남,53세,경상,특수,남,45세,상해없음