사고번호,사고일시,요일,시군구,사고내용,사망자수,중상자수,경상자수,부상신고자수,사고유형,법규위반,노면상태,기상상태,도로형태,가해운전자 차종,가해운전자 성별,가해운전자 연령,가해운전자 상해정도,피해운전자 차종,피해운전자 성별,피해운전자 연령,피해운전자 상해정도
2012112400100275,2012년 11월 24일 12시,토요일,부산광역시 중구 대청동1가,중상사고,0,1,0,0,차량단독 - 기타,안전운전불이행,건조,맑음,단일로 - 기타,승합,남,43세,상해없음,,,,
2012112400100276,2012년 11월 24일 12시,토요일,부산광역시 금정구 서동,중상사고,0,1,0,0,차대차 - 측면직각충돌,안전운전불이행,건조,맑음,단일로 - 횡단보도상,승용,여,42세,상해없음,원동기,남,26세,중상
2012112400100277,2012년 11월 24일 12시,토요일,부산광역시 기장군 기장읍,경상사고,0,0,1,0,차대사람 - 횡단중,안전운전불이행,건조,맑음,단일로 - 기타,화물,남,72세,상해없음,보행자,남,7세,경상
2012112400100305,2012년 11월 24일 13시,토요일,부산광역시 동구 초량동,경상사고,0,0,1,0,차대차 - 측면직각충돌,안전거리미확보,건조,맑음,단일로 - 기타,승합,남,40세,상해없음,승용,남,27세,경상
2012112400100306,2012년 11월 24일 13시,토요일,부산광역시 해운대구 좌동,부상신고사고,0,0,0,1,차대사람 - 기타,안전운전불이행,건조,맑음,단일로 - 기타,승용,여,51세,기타불명,보행자,여,17세,부상신고
2012112400100337,2012년 11월 24일 14시,토요일,부산광역시 연제구 연산동,중상사고,0,1,0,0,차대차 - 측면직각충돌,안전거리미확보,건조,맑음,단일로 - 기타,이륜,남,15세,중상,승용,남,43세,상해없음
2012112400100338,2012년 11월 24일 14시,토요일,부산광역시 강서구 명지동,중상사고,0,2,0,0,차대차 - 기타,안전운전불이행,건조,맑음,단일로 - 기타,건설기계,남,47세,상해없음,승용,남,38세,중상
2012112400100378,2012년 11월 24일 15시,토요일,부산광역시 동래구 사직동,경상사고,0,0,1,0,차대차 - 추돌 - 진행중,안전거리미확보,건조,맑음,단일로 - 기타,승용,남,48세,상해없음,승용,남,27세,경상
2012112400100409,2012년 11월 24일 16시,토요일,부산광역시 해운대구 좌동,중상사고,0,1,0,0,차대차 - 추돌 - 진행중,안전운전불이행,건조,맑음,교차로 - 교차로안,승용,남,32세,상해없음,이륜,남,19세,중상
2012112400100444,2012년 11월 24일 17시,토요일,부산광역시 서구 암남동,경상사고,0,0,1,0,차대차 - 측면직각충돌,교차로운행방법위반,건조,맑음,교차로 - 교차로안,이륜,남,50세,상해없음,이륜,남,16세,경상
2012112400100445,2012년 11월 24일 17시,토요일,부산광역시 부산진구 양정동,경상사고,0,0,1,0,차대사람 - 길가장자리구역통행중,안전운전불이행,건조,맑음,단일로 - 기타,승용,기타불명,기타불명,기타불명,보행자,남,54세,경상
2012112400100446,2012년 11월 24일 17시,토요일,부산광역시 사하구 장림동,중상사고,0,1,1,0,차대차 - 추돌 - 주정차중,안전거리미확보,건조,맑음,단일로 - 기타,승용,남,26세,상해없음,승용,남,32세,중상
2012112400100447,2012년 11월 24일 17시,토요일,부산광역시 연제구 연산동,경상사고,0,0,1,0,차대사람 - 길가장자리구역통행중,안전운전불이행,건조,맑음,단일로 - 기타,승합,남,66세,상해없음,보행자,남,26세,경상
2012112400100473,2012년 11월 24일 18시,토요일,부산광역시 연제구 연산동,중상사고,0,1,1,0,차대차 - 기타,안전거리미확보,건조,맑음,단일로 - 기타,승용,남,44세,상해없음,승합,남,58세,기타불명
2012112400100522,2012년 11월 24일 19시,토요일,부산광역시 사상구 학장동,경상사고,0,0,2,0,차대차 - 추돌 - 주정차중,불법유턴,건조,맑음,교차로 - 교차로안,승합,남,59세,기타불명,승합,남,39세,경상
2012112400100549,2012년 11월 24일 20시,토요일,부산광역시 사하구 장림동,경상사고,0,0,1,0,차대차 - 기타,안전운전불이행,건조,맑음,단일로 - 기타,화물,남,59세,상해없음,이륜,남,22세,경상
2012112400100550,2012년 11월 24일 20시,토요일,부산광역시 사하구 감천동,경상사고,0,0,1,0,차대차 - 기타,안전운전불이행,건조,맑음,단일로 - 기타,승용,여,56세,상해없음,이륜,남,18세,경상
2012112400100585,2012년 11월 24일 21시,토요일,부산광역시 동래구 온천동,경상사고,0,0,1,0,차대차 - 기타,차로위반,건조,맑음,교차로 - 교차로안,승용,남,51세,상해없음,승용,남,29세,경상
2012112400100586,2012년 11월 24일 21시,토요일,부산광역시 영도구 남항동1가,경상사고,0,0,2,0,차대차 - 측면직각충돌,교차로운행방법위반,건조,맑음,교차로 - 교차로안,승용,남,58세,상해없음,이륜,남,18세,경상
2012112400100587,2012년 11월 24일 21시,토요일,부산광역시 해운대구 우동,경상사고,0,0,1,0,차대사람 - 횡단중,안전운전불이행,건조,맑음,단일로 - 기타,승용,남,25세,상해없음,보행자,남,53세,경상
2012112400100627,2012년 11월 24일 22시,토요일,부산광역시 남구 대연동,경상사고,0,0,2,0,차대차 - 기타,기타,건조,맑음,단일로 - 기타,승합,남,57세,상해없음,승합,남,55세,경상
2012112400100628,2012년 11월 24일 22시,토요일,부산광역시 사하구 하단동,경상사고,0,0,1,0,차대사람 - 횡단중,안전운전불이행,건조,맑음,단일로 - 기타,승용,여,33세,상해없음,보행자,남,23세,경상
2012112500100014,2012년 11월 25일 00시,일요일,부산광역시 중구 영주동,중상사고,0,1,0,0,차대사람 - 차도통행중,안전운전불이행,건조,맑음,교차로 - 교차로부근,승용,남,33세,상해없음,보행자,남,25세,중상
2012112500100015,2012년 11월 25일 00시,일요일,부산광역시 동구 초량동,경상사고,0,0,1,0,차대차 - 기타,차로위반,건조,맑음,단일로 - 기타,승용,남,57세,상해없음,기타불명,미분류,기타불명,기타불명
2012112500100016,2012년 11월 25일 00시,일요일,부산광역시 금정구 서동,경상사고,0,0,1,0,차대사람 - 횡단중,안전운전불이행,건조,맑음,교차로 - 교차로안,승용,남,31세,상해없음,보행자,남,28세,경상
2012112500100017,2012년 11월 25일 00시,일요일,부산광역시 연제구 연산동,경상사고,0,0,3,0,차대차 - 측면직각충돌,신호위반,건조,맑음,교차로 - 교차로안,승용,남,25세,상해없음,승용,남,46세,경상
2012112500100018,2012년 11월 25일 00시,일요일,부산광역시 연제구 연산동,중상사고,0,1,0,0,차대차 - 추돌 - 진행중,안전운전불이행,건조,맑음,단일로 - 기타,이륜,남,18세,상해없음,화물,여,50세,기타불명
2012112500100035,2012년 11월 25일 01시,일요일,부산광역시 금정구 서동,경상사고,0,0,1,0,차대사람 - 기타,안전운전불이행,건조,맑음,교차로 - 교차로부근,승용,남,33세,기타불명,보행자,남,26세,경상
2012112500100055,2012년 11월 25일 02시,일요일,부산광역시 동래구 온천동,중상사고,0,2,1,0,차대차 - 측면직각충돌,신호위반,건조,맑음,교차로 - 교차로안,승용,남,39세,상해없음,승용,남,55세,경상
2012112500100056,2012년 11월 25일 02시,일요일,부산광역시 부산진구 전포동,중상사고,0,1,0,0,차대차 - 기타,안전운전불이행,건조,맑음,단일로 - 기타,승용,남,32세,상해없음,승용,남,37세,기타불명
2012112500100072,2012년 11월 25일 03시,일요일,부산광역시 금정구 남산동,중상사고,0,4,0,0,차대차 - 정면충돌,중앙선침범,건조,맑음,교차로 - 교차로부근,승용,남,28세,중상,승용,남,55세,중상
2012112500100084,2012년 11월 25일 04시,일요일,부산광역시 사하구 괴정동,사망사고,1,2,0,0,차대차 - 정면충돌,중앙선침범,건조,맑음,단일로 - 기타,승용,남,57세,사망,승용,남,66세,중상
2012112500100143,2012년 11월 25일 09시,일요일,부산광역시 동구 범일동,중상사고,0,2,0,0,차대차 - 측면직각충돌,중앙선침범,건조,맑음,교차로 - 교차로부근,화물,남,48세,상해없음,승용,남,44세,중상
2012112500100144,2012년 11월 25일 09시,일요일,부산광역시 사하구 하단동,경상사고,0,0,1,0,차대차 - 측면직각충돌,교차로운행방법위반,건조,맑음,교차로 - 교차로부근,승용,남,74세,상해없음,승용,여,42세,경상
2012112500100159,2012년 11월 25일 10시,일요일,부산광역시 기장군 정관면,부상신고사고,0,0,0,1,차대차 - 측면직각충돌,안전거리미확보,건조,맑음,단일로 - 기타,승용,여,49세,상해없음,승용,여,60세,부상신고
2012112500100181,2012년 11월 25일 11시,일요일,부산광역시 연제구 연산동,중상사고,0,1,0,0,차대차 - 측면직각충돌,안전거리미확보,건조,맑음,교차로 - 교차로부근,승용,남,34세,상해없음,이륜,여,33세,중상
2012112500100225,2012년 11월 25일 13시,일요일,부산광역시 동래구 온천동,중상사고,0,1,1,0,차대차 - 추돌 - 진행중,안전거리미확보,건조,맑음,단일로 - 기타,승용,남,56세,상해없음,승용,여,52세,상해없음
2012112500100226,2012년 11월 25일 13시,일요일,부산광역시 해운대구 반여동,중상사고,0,1,0,0,차대차 - 기타,신호위반,건조,맑음,교차로 - 교차로안,승용,남,68세,상해없음,자전거,남,18세,중상
2012112500100227,2012년 11월 25일 13시,일요일,부산광역시 기장군 일광면,중상사고,0,1,0,0,차대차 - 측면직각충돌,신호위반,건조,맑음,교차로 - 교차로안,승용,남,49세,상해없음,승용,남,50세,중상
2012112500100252,2012년 11월 25일 14시,일요일,부산광역시 해운대구 재송동,중상사고,0,1,0,0,차대차 - 기타,안전운전불이행,건조,흐림,교차로 - 교차로부근,승용,여,29세,상해없음,이륜,남,19세,중상
2012112500100309,2012년 11월 25일 16시,일요일,부산광역시 강서구 녹산동,중상사고,0,1,1,0,차대차 - 측면직각충돌,신호위반,건조,맑음,교차로 - 교차로안,승용,남,57세,상해없음,승용,남,30세,중상
2012112500100365,2012년 11월 25일 18시,일요일,부산광역시 서구 서대신동2가,중상사고,0,1,2,0,차대차 - 추돌 - 주정차중,안전운전불이행,건조,맑음,단일로 - 기타,승용,남,56세,상해없음,승용,여,32세,경상
2012112500100366,2012년 11월 25일 18시,일요일,부산광역시 영도구 동삼동,중상사고,0,1,0,0,차대사람 - 기타,안전운전불이행,건조,맑음,기타 - 기타,승용,남,38세,상해없음,보행자,여,77세,중상
2012112500100367,2012년 11월 25일 18시,일요일,부산광역시 사상구 감전동,중상사고,0,1,0,0,차대사람 - 횡단중,안전운전불이행,건조,맑음,단일로 - 기타,화물,남,18세,상해없음,보행자,여,65세,중상
2012112500100393,2012년 11월 25일 19시,일요일,부산광역시 북구 구포동,중상사고,0,1,0,0,차대차 - 측면직각충돌,안전운전불이행,건조,맑음,단일로 - 기타,승용,남,35세,상해없음,원동기,남,19세,중상
2012112500100394,2012년 11월 25일 19시,일요일,부산광역시 금정구 장전동,부상신고사고,0,0,0,1,차대차 - 측면직각충돌,직진우회전진행방해,건조,맑음,교차로 - 교차로안,이륜,남,25세,부상신고,승용,남,50세,상해없음
2012112500100395,2012년 11월 25일 19시,일요일,부산광역시 강서구 송정동,중상사고,0,1,2,0,차대차 - 기타,안전운전불이행,건조,맑음,교차로 - 교차로안,승용,여,55세,중상,승용,남,27세,경상
2012112500100424,2012년 11월 25일 20시,일요일,부산광역시 중구 부평동2가,부상신고사고,0,0,0,1,차대사람 - 길가장자리구역통행중,안전운전불이행,건조,맑음,단일로 - 기타,이륜,남,54세,상해없음,보행자,남,74세,부상신고
2012112500100425,2012년 11월 25일 20시,일요일,부산광역시 사하구 괴정동,중상사고,0,1,1,0,차대차 - 추돌 - 주정차중,안전거리미확보,습기,비,단일로 - 기타,승용,남,45세,상해없음,승용,남,67세,경상
2012112500100426,2012년 11월 25일 20시,일요일,부산광역시 사하구 다대동,부상신고사고,0,0,0,1,차대사람 - 차도통행중,안전운전불이행,건조,맑음,교차로 - 교차로부근,승용,여,49세,상해없음,보행자,여,53세,부상신고
2012112500100427,2012년 11월 25일 20시,일요일,부산광역시 사상구 모라동,중상사고,0,1,0,0,차대차 - 기타,교차로운행방법위반,건조,맑음,교차로 - 교차로안,승용,남,53세,상해없음,이륜,남,18세,중상
2012112500100428,2012년 11월 25일 20시,일요일,부산광역시 사상구 학장동,중상사고,0,1,0,0,차대차 - 기타,안전운전불이행,건조,맑음,단일로 - 기타,이륜,남,16세,중상,승용,남,52세,상해없음
2012112500100474,2012년 11월 25일 21시,일요일,부산광역시 해운대구 우동,부상신고사고,0,0,0,1,차대사람 - 횡단중,안전운전불이행,습기,비,단일로 - 기타,화물,여,57세,상해없음,보행자,남,29세,부상신고
2012112500100475,2012년 11월 25일 21시,일요일,부산광역시 금정구 서동,부상신고사고,0,0,0,1,차대차 - 측면직각충돌,직진우회전진행방해,건조,맑음,교차로 - 교차로안,이륜,남,26세,부상신고,승용,남,49세,상해없음
2012112500100476,2012년 11월 25일 21시,일요일,부산광역시 사하구 하단동,경상사고,0,0,3,0,차대차 - 추돌 - 진행중,안전운전불이행,습기,비,교차로 - 교차로부근,승용,남,21세,상해없음,승용,남,51세,경상
2012112500100506,2012년 11월 25일 22시,일요일,부산광역시 동구 수정동,중상사고,0,2,0,0,차대차 - 추돌 - 주정차중,안전거리미확보,습기,비,단일로 - 횡단보도부근,승용,남,58세,상해없음,승용,여,32세,중상
2012112500100507,2012년 11월 25일 22시,일요일,부산광역시 동래구 명륜동,경상사고,0,0,1,0,차대차 - 측면직각충돌,중앙선침범,습기,비,단일로 - 횡단보도부근,자전거,남,59세,경상,화물,남,29세,상해없음
2012112500100508,2012년 11월 25일 22시,일요일,부산광역시 부산진구 부전동,중상사고,0,1,0,0,차대차 - 기타,신호위반,습기,비,교차로 - 교차로안,원동기,남,23세,중상,승용,남,51세,상해없음
2012112500100509,2012년 11월 25일 22시,일요일,부산광역시 금정구 구서동,경상사고,0,0,1,1,차대차 - 측면직각충돌,안전거리미확보,건조,맑음,단일로 - 기타,승용,남,52세,부상신고,화물,남,65세,경상
2012112500100510,2012년 11월 25일 22시,일요일,부산광역시 연제구 연산동,경상사고,0,0,2,0,차대차 - 추돌 - 진행중,안전운전불이행,건조,맑음,단일로 - 기타,승용,남,54세,상해없음,승용,남,65세,경상
2012112500100511,2012년 11월 25일 22시,일요일,부산광역시 사상구 감전동,경상사고,0,0,1,0,차대차 - 추돌 - 주정차중,안전거리미확보,습기,비,교차로 - 교차로부근,화물,남,58세,상해없음,승용,남,28세,경상
2012112500100543,2012년 11월 25일 23시,일요일,부산광역시 중구 중앙동4가,경상사고,0,0,1,0,차대차 - 측면직각충돌,신호위반,습기,비,교차로 - 교차로안,승용,남,62세,상해없음,승용,남,56세,경상
2012112500100544,2012년 11월 25일 23시,일요일,부산광역시 북구 구포동,경상사고,0,0,1,0,차대차 - 측면직각충돌,안전거리미확보,습기,비,단일로 - 기타,승용,남,60세,상해없음,화물,남,42세,상해없음
2012112500100545,2012년 11월 25일 23시,일요일,부산광역시 사하구 하단동,경상사고,0,0,1,0,차대차 - 측면직각충돌,안전운전불이행,습기,비,교차로 - 교차로부근,승용,남,19세,상해없음,원동기,남,21세,경상
2012112600100006,2012년 11월 26일 00시,월요일,부산광역시 동래구 안락동,중상사고,0,1,0,0,차대사람 - 횡단중,안전운전불이행,습기,비,단일로 - 기타,승용,남,37세,상해없음,보행자,남,51세,중상
2012112600100007,2012년 11월 26일 00시,월요일,부산광역시 동래구 안락동,중상사고,0,1,1,0,차대차 - 추돌 - 주정차중,안전운전불이행,습기,비,단일로 - 횡단보도부근,승용,여,51세,상해없음,승용,여,28세,중상
2012112600100022,2012년 11월 26일 01시,월요일,부산광역시 부산진구 양정동,중상사고,0,1,1,0,차대차 - 기타,불법유턴,습기,비,단일로 - 기타,승용,남,30세,상해없음,승용,남,48세,중상
2012112600100043,2012년 11월 26일 03시,월요일,부산광역시 남구 우암동,중상사고,0,1,0,0,차량단독 - 전도전복,안전운전불이행,습기,비,교차로 - 교차로부근,이륜,남,17세,중상,,,,
2012112600100044,2012년 11월 26일 03시,월요일,부산광역시 남구 대연동,경상사고,0,0,1,0,차대차 - 측면직각충돌,중앙선침범,습기,비,교차로 - 교차로부근,승용,남,23세,상해없음,승용,남,45세,경상
2012112600100052,2012년 11월 26일 04시,월요일,부산광역시 강서구 명지동,사망사고,1,0,1,0,차대차 - 추돌 - 주정차중,안전운전불이행,습기,맑음,교차로 - 교차로부근,화물,남,51세,사망,화물,남,47세,경상
2012112600100069,2012년 11월 26일 06시,월요일,부산광역시 수영구 민락동,중상사고,0,1,0,0,차대사람 - 횡단중,보행자보호의무위반,습기,비,단일로 - 횡단보도상,승용,남,31세,상해없음,보행자,여,19세,중상
2012112600100070,2012년 11월 26일 06시,월요일,부산광역시 해운대구 반여동,경상사고,0,0,1,0,차대차 - 정면충돌,중앙선침범,습기,비,단일로 - 기타,승용,남,36세,상해없음,승용,남,43세,경상
2012112600100094,2012년 11월 26일 07시,월요일,부산광역시 금정구 장전동,부상신고사고,0,0,0,1,차대차 - 기타,교차로운행방법위반,습기,흐림,교차로 - 교차로부근,승용,남,28세,상해없음,원동기,남,54세,부상신고
2012112600100120,2012년 11월 26일 08시,월요일,부산광역시 중구 중앙동4가,중상사고,0,1,2,3,차대차 - 기타,교차로운행방법위반,건조,맑음,교차로 - 교차로부근,승합,남,43세,경상,승용,남,54세,중상
2012112600100121,2012년 11월 26일 08시,월요일,부산광역시 동구 좌천동,경상사고,0,0,3,0,차대차 - 측면직각충돌,안전운전불이행,습기,비,단일로 - 횡단보도부근,승용,남,66세,경상,승용,남,36세,경상
2012112600100122,2012년 11월 26일 08시,월요일,부산광역시 남구 우암동,경상사고,0,0,1,0,차대차 - 추돌 - 진행중,차로위반,건조,맑음,단일로 - 기타,승용,남,64세,상해없음,승용,여,43세,경상
2012112600100123,2012년 11월 26일 08시,월요일,부산광역시 사상구 엄궁동,경상사고,0,0,1,0,차대사람 - 횡단중,안전운전불이행,습기,맑음,단일로 - 기타,승용,남,45세,상해없음,보행자,남,21세,경상
2012112600100124,2012년 11월 26일 08시,월요일,부산광역시 기장군 기장읍,중상사고,0,1,2,0,차대차 - 정면충돌,중앙선침범,습기,비,교차로 - 교차로부근,승용,남,43세,상해없음,승용,여,54세,중상
2012112600100157,2012년 11월 26일 09시,월요일,부산광역시 동래구 명륜동,경상사고,0,0,1,0,차대차 - 추돌 - 주정차중,안전운전불이행,습기,흐림,단일로 - 기타,승합,남,45세,상해없음,승용,남,48세,경상
2012112600100158,2012년 11월 26일 09시,월요일,부산광역시 해운대구 재송동,중상사고,0,1,0,0,차대차 - 측면직각충돌,교차로운행방법위반,건조,맑음,교차로 - 교차로안,승용,남,63세,상해없음,이륜,남,27세,중상
2012112600100190,2012년 11월 26일 10시,월요일,부산광역시 부산진구 당감동,경상사고,0,0,1,0,차대차 - 기타,직진우회전진행방해,건조,맑음,교차로 - 교차로안,승용,남,65세,상해없음,승용,남,56세,경상
2012112600100215,2012년 11월 26일 11시,월요일,부산광역시 부산진구 범천동,경상사고,0,0,1,0,차대차 - 추돌 - 진행중,안전운전불이행,건조,맑음,교차로 - 교차로부근,승용,남,61세,상해없음,승용,남,46세,경상
2012112600100216,2012년 11월 26일 11시,월요일,부산광역시 금정구 금사동,경상사고,0,0,1,0,차대차 - 추돌 - 진행중,안전거리미확보,건조,맑음,교차로 - 교차로부근,승용,남,50세,상해없음,승용,남,37세,경상
2012112600100217,2012년 11월 26일 11시,월요일,부산광역시 금정구 구서동,경상사고,0,0,1,0,차대사람 - 기타,안전운전불이행,건조,맑음,단일로 - 기타,승용,여,61세,기타불명,보행자,여,85세,경상
2012112600100218,2012년 11월 26일 11시,월요일,부산광역시 사하구 장림동,경상사고,0,0,2,0,차대차 - 측면직각충돌,안전운전불이행,건조,맑음,교차로 - 교차로안,화물,남,57세,상해없음,원동기,남,54세,경상
2012112600100242,2012년 11월 26일 12시,월요일,부산광역시 사상구 감전동,경상사고,0,0,1,0,차대차 - 측면직각충돌,직진우회전진행방해,건조,맑음,교차로 - 교차로안,이륜,남,36세,경상,화물,남,57세,상해없음
2012112600100265,2012년 11월 26일 13시,월요일,부산광역시 동구 범일동,중상사고,0,1,3,0,차대차 - 추돌 - 진행중,안전거리미확보,건조,맑음,단일로 - 기타,승합,남,60세,상해없음,승합,남,56세,경상
2012112600100266,2012년 11월 26일 13시,월요일,부산광역시 사하구 신평동,중상사고,0,2,1,0,차대차 - 기타,안전거리미확보,건조,맑음,교차로 - 교차로부근,화물,남,52세,상해없음,화물,남,56세,상해없음
2012112600100296,2012년 11월 26일 14시,월요일,부산광역시 동구 범일동,중상사고,0,1,0,0,차대차 - 기타,안전운전불이행,건조,맑음,교차로 - 교차로부근,승용,남,59세,상해없음,승합,남,64세,상해없음
2012112600100297,2012년 11월 26일 14시,월요일,부산광역시 사상구 모라동,중상사고,0,2,0,0,차대차 - 측면직각충돌,안전운전불이행,건조,맑음,교차로 - 교차로안,화물,남,46세,상해없음,승용,남,27세,중상
2012112600100329,2012년 11월 26일 15시,월요일,부산광역시 남구 감만동,경상사고,0,0,1,0,차대차 - 측면직각충돌,안전운전불이행,건조,흐림,단일로 - 기타,승용,남,60세,상해없음,특수,남,35세,경상
2012112600100369,2012년 11월 26일 16시,월요일,부산광역시 서구 아미동2가,중상사고,0,1,0,0,차대사람 - 횡단중,보행자보호의무위반,건조,맑음,단일로 - 횡단보도상,승합,남,34세,상해없음,보행자,남,11세,중상
2012112600100370,2012년 11월 26일 16시,월요일,부산광역시 사상구 주례동,부상신고사고,0,0,0,1,차대차 - 추돌 - 진행중,안전운전불이행,건조,맑음,단일로 - 기타,원동기,남,37세,부상신고,승용,여,29세,상해없음
2012112600100405,2012년 11월 26일 17시,월요일,부산광역시 남구 문현동,중상사고,0,1,0,0,차대사람 - 기타,중앙선침범,건조,맑음,단일로 - 횡단보도상,이륜,기타불명,기타불명,기타불명,보행자,남,14세,중상
2012112600100406,2012년 11월 26일 17시,월요일,부산광역시 금정구 남산동,중상사고,0,1,0,0,차대차 - 기타,직진우회전진행방해,건조,맑음,교차로 - 교차로안,승용,남,34세,상해없음,원동기,남,54세,중상
2012112600100407,2012년 11월 26일 17시,월요일,부산광역시 금정구 장전동,중상사고,0,1,0,0,차대사람 - 횡단중,보행자보호의무위반,건조,맑음,교차로 - 교차로안,승합,여,56세,상해없음,보행자,여,63세,중상
2012112600100445,2012년 11월 26일 18시,월요일,부산광역시 연제구 연산동,경상사고,0,0,1,0,차대차 - 측면직각충돌,직진우회전진행방해,건조,맑음,교차로 - 교차로부근,승용,남,40세,상해없음,승용,남,33세,경상
2012112600100506,2012년 11월 26일 19시,월요일,부산광역시 해운대구 우동,경상사고,0,0,1,0,차대차 - 추돌 - 주정차중,안전운전불이행,건조,맑음,교차로 - 교차로부근,승용,남,31세,상해없음,화물,남,44세,경상
2012112600100507,2012년 11월 26일 19시,월요일,부산광역시 기장군 기장읍,중상사고,0,1,0,0,차대사람 - 횡단중,보행자보호의무위반,건조,맑음,단일로 - 횡단보도상,승합,남,50세,상해없음,보행자,남,67세,중상
2012112600100535,2012년 11월 26일 20시,월요일,부산광역시 남구 대연동,중상사고,0,1,0,0,차대사람 - 길가장자리구역통행중,안전운전불이행,건조,맑음,교차로 - 교차로부근,승용,남,38세,상해없음,보행자,여,42세,중상
2012112600100536,2012년 11월 26일 20시,월요일,부산광역시 해운대구 반여동,경상사고,0,0,1,0,차대사람 - 기타,안전운전불이행,건조,맑음,단일로 - 기타,승용,남,52세,상해없음,보행자,남,59세,경상
2012112600100569,2012년 11월 26일 21시,월요일,부산광역시 동래구 명륜동,경상사고,0,0,1,0,차대사람 - 횡단중,신호위반,건조,맑음,단일로 - 횡단보도상,승용,남,63세,상해없음,보행자,여,42세,경상
2012112600100570,2012년 11월 26일 21시,월요일,부산광역시 해운대구 반여동,경상사고,0,0,1,0,차대차 - 추돌 - 진행중,안전운전불이행,건조,맑음,교차로 - 교차로부근,승용,여,45세,상해없음,승용,남,51세,경상
2012112600100571,2012년 11월 26일 21시,월요일,부산광역시 부산진구 당감동,경상사고,0,0,2,0,차대차 - 측면직각충돌,신호위반,건조,맑음,교차로 - 교차로안,승용,남,56세,상해없음,승용,남,50세,경상
2012112600100572,2012년 11월 26일 21시,월요일,부산광역시 강서구 송정동,중상사고,0,1,0,0,차대사람 - 횡단중,안전운전불이행,건조,맑음,기타 - 기타,이륜,남,23세,상해없음,보행자,남,42세,중상
2012112700100006,2012년 11월 27일 00시,화요일,부산광역시 해운대구 우동,경상사고,0,0,1,0,차대사람 - 기타,안전운전불이행,건조,맑음,단일로 - 기타,승용,남,42세,상해없음,보행자,남,40세,경상
2012112700100057,2012년 11월 27일 05시,화요일,부산광역시 북구 덕천동,경상사고,0,0,2,0,차대차 - 측면직각충돌,신호위반,건조,맑음,기타 - 기타,승용,기타불명,기타불명,기타불명,승용,남,48세,경상
2012112700100058,2012년 11월 27일 05시,화요일,부산광역시 금정구 부곡동,중상사고,0,1,1,0,차대차 - 측면직각충돌,신호위반,건조,맑음,교차로 - 교차로안,승용,남,45세,경상,승용,여,47세,중상
2012112700100072,2012년 11월 27일 06시,화요일,부산광역시 부산진구 초읍동,중상사고,0,1,0,0,차대사람 - 횡단중,보행자보호의무위반,건조,맑음,교차로 - 교차로안,승용,남,59세,상해없음,보행자,여,60세,중상
2012112700100073,2012년 11월 27일 06시,화요일,부산광역시 부산진구 부전동,중상사고,0,1,0,0,차대사람 - 횡단중,보행자보호의무위반,건조,맑음,단일로 - 횡단보도상,승용,여,47세,기타불명,보행자,남,57세,중상
2012112700100074,2012년 11월 27일 06시,화요일,부산광역시 부산진구 전포동,중상사고,0,1,0,0,차대사람 - 기타,보행자보호의무위반,기타,맑음,단일로 - 횡단보도상,화물,남,56세,상해없음,보행자,남,68세,중상
2012112700100075,2012년 11월 27일 06시,화요일,부산광역시 사하구 신평동,부상신고사고,0,0,0,2,차대차 - 측면직각충돌,신호위반,건조,맑음,교차로 - 교차로안,승용,남,64세,상해없음,승용,남,53세,부상신고
2012112700100098,2012년 11월 27일 07시,화요일,부산광역시 사하구 장림동,부상신고사고,0,0,0,1,차대사람 - 횡단중,중앙선침범,건조,맑음,단일로 - 기타,승용,여,38세,상해없음,보행자,남,46세,부상신고
2012112700100099,2012년 11월 27일 07시,화요일,부산광역시 강서구 녹산동,중상사고,0,1,1,0,차대차 - 측면직각충돌,신호위반,건조,맑음,교차로 - 교차로안,승용,남,72세,상해없음,승용,남,59세,경상
2012112700100133,2012년 11월 27일 08시,화요일,부산광역시 부산진구 전포동,경상사고,0,0,1,0,차대사람 - 기타,안전운전불이행,건조,맑음,교차로 - 교차로안,승용,기타불명,기타불명,기타불명,보행자,여,12세,경상
2012112700100134,2012년 11월 27일 08시,화요일,부산광역시 부산진구 양정동,경상사고,0,0,1,0,차대차 - 기타,중앙선침범,건조,맑음,단일로 - 기타,승용,여,37세,상해없음,승용,남,30세,경상
2012112700100135,2012년 11월 27일 08시,화요일,부산광역시 강서구 명지동,중상사고,0,1,0,0,차대사람 - 기타,안전운전불이행,건조,맑음,단일로 - 기타,승용,여,28세,상해없음,보행자,남,51세,중상
2012112700100136,2012년 11월 27일 08시,화요일,부산광역시 강서구 범방동,중상사고,0,1,0,0,차대차 - 기타,중앙선침범,건조,맑음,단일로 - 기타,승합,남,31세,상해없음,승용,남,41세,중상
2012112700100137,2012년 11월 27일 08시,화요일,부산광역시 사상구 주례동,경상사고,0,0,1,0,차대사람 - 길가장자리구역통행중,안전운전불이행,건조,맑음,단일로 - 기타,승용,여,59세,상해없음,보행자,남,29세,경상
2012112700100138,2012년 11월 27일 08시,화요일,부산광역시 기장군 기장읍,중상사고,0,1,1,0,차대차 - 추돌 - 진행중,신호위반,건조,맑음,교차로 - 교차로안,승용,여,51세,경상,승용,여,34세,중상
2012112700100201,2012년 11월 27일 10시,화요일,부산광역시 사하구 구평동,경상사고,0,0,1,0,차대차 - 기타,안전거리미확보,건조,맑음,단일로 - 기타,화물,남,47세,상해없음,승용,남,52세,경상