사고번호,사고일시,요일,시군구,사고내용,사망자수,중상자수,경상자수,부상신고자수,사고유형,법규위반,노면상태,기상상태,도로형태,가해운전자 차종,가해운전자 성별,가해운전자 연령,가해운전자 상해정도,피해운전자 차종,피해운전자 성별,피해운전자 연령,피해운전자 상해정도
2012113000100443,2012년 11월 30일 19시,금요일,부산광역시 동래구 온천동,경상사고,0,0,1,0,차대차 - 기타,기타,건조,맑음,교차로 - 교차로부근,승합,남,50세,상해없음,자전거,남,50세,상해없음
2012113000100488,2012년 11월 30일 20시,금요일,부산광역시 영도구 신선동1가,중상사고,0,1,0,0,차대사람 - 기타,안전운전불이행,건조,맑음,교차로 - 교차로부근,승용,남,49세,상해없음,보행자,남,46세,중상
2012113000100489,2012년 11월 30일 20시,금요일,부산광역시 사하구 괴정동,경상사고,0,0,1,0,차대차 - 기타,안전운전불이행,건조,맑음,단일로 - 기타,화물,남,51세,상해없음,승용,남,54세,경상
2012113000100524,2012년 11월 30일 21시,금요일,부산광역시 서구 서대신동1가,중상사고,0,1,1,0,차대차 - 추돌 - 주정차중,안전운전불이행,건조,맑음,교차로 - 교차로부근,승용,남,43세,상해없음,승용,여,39세,경상
2012113000100525,2012년 11월 30일 21시,금요일,부산광역시 금정구 부곡동,부상신고사고,0,0,0,1,차대사람 - 차도통행중,안전운전불이행,건조,맑음,단일로 - 기타,승용,남,47세,상해없음,보행자,남,45세,부상신고
2012113000100526,2012년 11월 30일 21시,금요일,부산광역시 강서구 대저1동,중상사고,0,2,0,0,차대차 - 측면직각충돌,신호위반,건조,맑음,교차로 - 교차로안,승용,남,30세,중상,승용,남,59세,중상
2012113000100569,2012년 11월 30일 22시,금요일,부산광역시 사하구 감천동,중상사고,0,1,0,0,차대차 - 기타,교차로운행방법위반,건조,맑음,교차로 - 교차로안,승합,남,38세,상해없음,승용,남,27세,중상
2012113000100610,2012년 11월 30일 23시,금요일,부산광역시 부산진구 전포동,중상사고,0,1,0,0,차대사람 - 기타,안전운전불이행,기타,맑음,단일로 - 횡단보도상,승용,남,45세,상해없음,보행자,남,65세,중상
2012120100100009,2012년 12월 1일 00시,토요일,부산광역시 북구 구포동,중상사고,0,1,0,0,차대사람 - 기타,안전운전불이행,건조,맑음,교차로 - 교차로부근,승용,남,63세,상해없음,보행자,남,47세,중상
2012120100100010,2012년 12월 1일 00시,토요일,부산광역시 동래구 명륜동,중상사고,0,1,0,0,차대차 - 추돌 - 진행중,안전거리미확보,건조,맑음,단일로 - 기타,승용,여,26세,상해없음,승용,남,60세,중상
2012120100100011,2012년 12월 1일 00시,토요일,부산광역시 사하구 괴정동,중상사고,0,1,0,0,차대차 - 기타,안전운전불이행,건조,맑음,단일로 - 기타,승용,남,56세,상해없음,이륜,남,20세,중상
2012120100100039,2012년 12월 1일 01시,토요일,부산광역시 남구 대연동,중상사고,0,1,1,0,차대차 - 기타,차로위반,건조,맑음,단일로 - 기타,승용,남,51세,상해없음,승용,남,55세,경상
2012120100100040,2012년 12월 1일 01시,토요일,부산광역시 북구 덕천동,경상사고,0,0,2,0,차대차 - 측면직각충돌,안전운전불이행,습기,맑음,기타 - 기타,승용,남,24세,상해없음,승용,남,53세,경상
2012120100100041,2012년 12월 1일 01시,토요일,부산광역시 부산진구 범천동,중상사고,0,1,0,0,차대차 - 기타,안전운전불이행,건조,기타,단일로 - 기타,승합,남,30세,상해없음,화물,남,24세,중상
2012120100100075,2012년 12월 1일 02시,토요일,부산광역시 연제구 연산동,경상사고,0,0,2,0,차대차 - 추돌 - 주정차중,안전운전불이행,건조,맑음,교차로 - 교차로부근,승용,남,22세,상해없음,승용,남,63세,경상
2012120100100227,2012년 12월 1일 10시,토요일,부산광역시 동래구 사직동,중상사고,0,1,0,2,차대차 - 추돌 - 진행중,안전운전불이행,건조,맑음,단일로 - 기타,승용,남,47세,상해없음,승용,남,41세,중상
2012120100100251,2012년 12월 1일 11시,토요일,부산광역시 해운대구 좌동,중상사고,0,1,0,0,차대차 - 측면직각충돌,안전운전불이행,건조,맑음,단일로 - 기타,승용,남,56세,상해없음,승용,남,57세,상해없음
2012120100100284,2012년 12월 1일 12시,토요일,부산광역시 부산진구 범전동,중상사고,0,1,0,0,차대차 - 추돌 - 주정차중,안전운전불이행,건조,맑음,단일로 - 기타,승용,남,46세,상해없음,화물,여,44세,중상
2012120100100285,2012년 12월 1일 12시,토요일,부산광역시 강서구 대저1동,중상사고,0,1,0,0,차대사람 - 기타,안전운전불이행,건조,맑음,단일로 - 기타,승합,남,48세,상해없음,보행자,남,16세,중상
2012120100100316,2012년 12월 1일 13시,토요일,부산광역시 남구 대연동,경상사고,0,0,2,0,차대차 - 추돌 - 진행중,안전운전불이행,건조,맑음,단일로 - 기타,승용,남,28세,상해없음,승용,남,37세,상해없음
2012120100100337,2012년 12월 1일 14시,토요일,부산광역시 수영구 남천동,경상사고,0,0,1,0,차대사람 - 차도통행중,안전운전불이행,건조,맑음,기타 - 기타,승용,여,26세,상해없음,보행자,남,65세,경상
2012120100100338,2012년 12월 1일 14시,토요일,부산광역시 해운대구 재송동,경상사고,0,0,3,0,차대차 - 추돌 - 진행중,안전거리미확보,건조,맑음,단일로 - 교량,승용,남,56세,상해없음,승용,남,56세,경상
2012120100100371,2012년 12월 1일 15시,토요일,부산광역시 사상구 감전동,중상사고,0,1,0,0,차대차 - 추돌 - 진행중,차로위반,건조,맑음,단일로 - 교량,화물,남,54세,상해없음,승용,남,60세,중상
2012120100100407,2012년 12월 1일 16시,토요일,부산광역시 해운대구 우동,경상사고,0,0,1,0,차대사람 - 횡단중,보행자보호의무위반,건조,맑음,교차로 - 교차로부근,승용,남,62세,상해없음,보행자,여,43세,경상
2012120100100408,2012년 12월 1일 16시,토요일,부산광역시 금정구 장전동,경상사고,0,0,1,0,차대차 - 기타,안전운전불이행,건조,맑음,교차로 - 교차로부근,승용,여,56세,상해없음,화물,남,52세,경상
2012120100100442,2012년 12월 1일 17시,토요일,부산광역시 중구 중앙동1가,경상사고,0,0,1,0,차대차 - 기타,차로위반,건조,맑음,단일로 - 기타,승용,여,58세,상해없음,승용,남,28세,경상
2012120100100443,2012년 12월 1일 17시,토요일,부산광역시 해운대구 재송동,경상사고,0,0,1,0,차대차 - 측면직각충돌,차로위반,습기,비,단일로 - 기타,승용,남,74세,상해없음,승용,남,60세,경상
2012120100100444,2012년 12월 1일 17시,토요일,부산광역시 해운대구 우동,중상사고,0,1,0,0,차대사람 - 기타,안전운전불이행,습기,비,단일로 - 기타,승합,남,55세,상해없음,보행자,남,35세,중상
2012120100100445,2012년 12월 1일 17시,토요일,부산광역시 부산진구 부암동,경상사고,0,0,1,0,차대사람 - 횡단중,보행자보호의무위반,습기,비,단일로 - 기타,승용,남,47세,상해없음,보행자,여,15세,경상
2012120100100492,2012년 12월 1일 18시,토요일,부산광역시 부산진구 부전동,경상사고,0,0,2,0,차대사람 - 기타,신호위반,건조,맑음,단일로 - 기타,승용,여,36세,상해없음,보행자,남,31세,경상
2012120100100493,2012년 12월 1일 18시,토요일,부산광역시 금정구 장전동,경상사고,0,0,1,4,차대차 - 측면직각충돌,직진우회전진행방해,건조,맑음,교차로 - 교차로안,승용,남,21세,부상신고,승용,남,54세,상해없음
2012120100100494,2012년 12월 1일 18시,토요일,부산광역시 금정구 부곡동,중상사고,0,3,0,0,차대차 - 측면직각충돌,불법유턴,습기,비,단일로 - 기타,승용,여,57세,상해없음,승용,남,29세,중상
2012120100100495,2012년 12월 1일 18시,토요일,부산광역시 사상구 주례동,경상사고,0,0,1,0,차대사람 - 횡단중,안전운전불이행,건조,맑음,교차로 - 교차로안,승합,남,32세,상해없음,보행자,여,11세,경상
2012120100100551,2012년 12월 1일 19시,토요일,부산광역시 수영구 남천동,경상사고,0,0,1,0,차대차 - 기타,안전운전불이행,습기,비,교차로 - 교차로부근,승용,남,49세,상해없음,이륜,남,28세,경상
2012120100100552,2012년 12월 1일 19시,토요일,부산광역시 금정구 남산동,부상신고사고,0,0,0,1,차대차 - 기타,중앙선침범,습기,비,단일로 - 기타,원동기,남,17세,부상신고,승용,여,52세,상해없음
2012120100100553,2012년 12월 1일 19시,토요일,부산광역시 연제구 연산동,중상사고,0,1,0,0,차대사람 - 횡단중,신호위반,습기,비,단일로 - 횡단보도상,이륜,남,50세,상해없음,보행자,남,44세,중상
2012120100100554,2012년 12월 1일 19시,토요일,부산광역시 강서구 송정동,중상사고,0,1,0,0,차대차 - 측면직각충돌,신호위반,건조,맑음,교차로 - 교차로안,승합,남,62세,상해없음,승용,남,29세,상해없음
2012120100100555,2012년 12월 1일 19시,토요일,부산광역시 강서구 대저2동,부상신고사고,0,0,0,1,차대사람 - 길가장자리구역통행중,안전운전불이행,건조,흐림,단일로 - 기타,원동기,남,57세,상해없음,보행자,남,44세,부상신고
2012120100100556,2012년 12월 1일 19시,토요일,부산광역시 강서구 강동동,경상사고,0,0,1,0,차대차 - 기타,안전운전불이행,건조,흐림,단일로 - 기타,화물,남,47세,상해없음,승용,남,33세,경상
2012120100100581,2012년 12월 1일 20시,토요일,부산광역시 남구 대연동,경상사고,0,0,1,0,차대차 - 추돌 - 진행중,기타,습기,비,단일로 - 기타,승용,남,59세,상해없음,이륜,남,46세,경상
2012120100100582,2012년 12월 1일 20시,토요일,부산광역시 사상구 주례동,중상사고,0,2,0,0,차대차 - 추돌 - 진행중,안전거리미확보,습기,비,교차로 - 교차로안,화물,남,43세,상해없음,승용,남,33세,중상
2012120100100613,2012년 12월 1일 21시,토요일,부산광역시 수영구 민락동,중상사고,0,1,1,0,차대차 - 측면직각충돌,신호위반,습기,비,교차로 - 교차로안,승용,여,51세,상해없음,승용,남,59세,경상
2012120100100614,2012년 12월 1일 21시,토요일,부산광역시 해운대구 우동,경상사고,0,0,1,0,차대차 - 측면직각충돌,교차로운행방법위반,습기,비,교차로 - 교차로안,승용,여,38세,상해없음,승용,남,71세,경상
2012120100100615,2012년 12월 1일 21시,토요일,부산광역시 부산진구 당감동,경상사고,0,0,1,0,차대차 - 기타,안전운전불이행,습기,비,단일로 - 기타,승용,남,68세,상해없음,이륜,남,17세,경상
2012120100100616,2012년 12월 1일 21시,토요일,부산광역시 부산진구 양정동,중상사고,0,1,0,0,차대사람 - 횡단중,보행자보호의무위반,습기,비,교차로 - 교차로부근,승용,남,29세,상해없음,보행자,여,48세,중상
2012120100100617,2012년 12월 1일 21시,토요일,부산광역시 부산진구 전포동,경상사고,0,0,1,0,차대사람 - 기타,보행자보호의무위반,건조,맑음,교차로 - 교차로부근,승용,남,30세,상해없음,보행자,남,22세,경상
2012120100100618,2012년 12월 1일 21시,토요일,부산광역시 연제구 연산동,경상사고,0,0,1,0,차대차 - 측면직각충돌,안전운전불이행,건조,맑음,단일로 - 기타,승용,남,32세,상해없음,승용,남,63세,경상
2012120100100619,2012년 12월 1일 21시,토요일,부산광역시 사상구 덕포동,경상사고,0,0,1,0,차량단독 - 공작물충돌,중앙선침범,습기,비,교차로 - 교차로안,승합,남,47세,경상,,,,
2012120100100648,2012년 12월 1일 22시,토요일,부산광역시 남구 용호동,중상사고,0,1,0,0,차대사람 - 횡단중,안전운전불이행,건조,맑음,교차로 - 교차로부근,이륜,남,16세,상해없음,보행자,남,60세,중상
2012120100100649,2012년 12월 1일 22시,토요일,부산광역시 남구 대연동,경상사고,0,0,1,1,차대사람 - 기타,안전운전불이행,습기,비,단일로 - 기타,승용,남,28세,상해없음,보행자,여,23세,경상
2012120100100650,2012년 12월 1일 22시,토요일,부산광역시 해운대구 우동,경상사고,0,0,7,0,차대차 - 추돌 - 진행중,안전거리미확보,습기,비,단일로 - 기타,승용,여,33세,경상,승용,남,52세,기타불명
2012120100100651,2012년 12월 1일 22시,토요일,부산광역시 부산진구 전포동,중상사고,0,1,0,0,차대사람 - 횡단중,안전운전불이행,건조,맑음,단일로 - 기타,승용,남,23세,상해없음,보행자,남,27세,중상
2012120100100672,2012년 12월 1일 23시,토요일,부산광역시 동래구 명장동,경상사고,0,0,1,0,차대차 - 측면직각충돌,직진우회전진행방해,습기,비,교차로 - 교차로안,승용,남,30세,상해없음,승용,여,59세,경상
2012120100100673,2012년 12월 1일 23시,토요일,부산광역시 사상구 괘법동,경상사고,0,0,1,0,차대차 - 정면충돌,중앙선침범,습기,비,단일로 - 기타,화물,남,46세,상해없음,승용,남,56세,경상
2012120200100005,2012년 12월 2일 00시,일요일,부산광역시 중구 보수동1가,경상사고,0,0,2,0,차대차 - 측면직각충돌,기타,건조,맑음,교차로 - 교차로부근,승용,남,57세,상해없음,승용,남,33세,경상
2012120200100006,2012년 12월 2일 00시,일요일,부산광역시 수영구 남천동,중상사고,0,1,0,0,차대차 - 기타,안전거리미확보,습기,비,단일로 - 기타,승용,남,55세,상해없음,원동기,남,27세,중상
2012120200100007,2012년 12월 2일 00시,일요일,부산광역시 부산진구 개금동,중상사고,0,1,0,0,차대차 - 기타,신호위반,습기,비,교차로 - 교차로안,승용,남,32세,상해없음,승용,남,46세,중상
2012120200100008,2012년 12월 2일 00시,일요일,부산광역시 사상구 감전동,경상사고,0,0,1,0,차대차 - 측면직각충돌,안전거리미확보,습기,비,단일로 - 기타,승용,남,34세,상해없음,승용,남,52세,경상
2012120200100050,2012년 12월 2일 02시,일요일,부산광역시 중구 남포동4가,중상사고,0,2,0,0,차대차 - 기타,안전운전불이행,건조,맑음,단일로 - 기타,승용,남,48세,중상,승용,남,54세,상해없음
2012120200100051,2012년 12월 2일 02시,일요일,부산광역시 부산진구 전포동,경상사고,0,0,3,0,차대차 - 추돌 - 주정차중,안전운전불이행,건조,맑음,교차로 - 교차로부근,승용,남,32세,상해없음,승용,남,26세,상해없음
2012120200100074,2012년 12월 2일 03시,일요일,부산광역시 수영구 민락동,중상사고,0,5,1,0,차대차 - 정면충돌,중앙선침범,습기,흐림,단일로 - 기타,승용,남,30세,중상,승용,남,56세,중상
2012120200100075,2012년 12월 2일 03시,일요일,부산광역시 북구 만덕동,중상사고,0,1,0,0,차대차 - 측면직각충돌,신호위반,건조,맑음,교차로 - 교차로안,승용,남,54세,상해없음,승용,남,57세,중상
2012120200100092,2012년 12월 2일 04시,일요일,부산광역시 수영구 남천동,중상사고,0,2,0,0,차대차 - 정면충돌,안전운전불이행,습기,흐림,교차로 - 교차로안,승용,남,31세,상해없음,승용,남,62세,중상
2012120200100093,2012년 12월 2일 04시,일요일,부산광역시 부산진구 전포동,중상사고,0,1,1,0,차대차 - 기타,중앙선침범,건조,맑음,교차로 - 교차로안,기타불명,기타불명,기타불명,기타불명,승용,남,27세,경상
2012120200100094,2012년 12월 2일 04시,일요일,부산광역시 부산진구 부전동,부상신고사고,0,0,0,1,차대사람 - 기타,안전운전불이행,습기,비,단일로 - 기타,승용,남,68세,상해없음,보행자,남,37세,부상신고
2012120200100115,2012년 12월 2일 06시,일요일,부산광역시 사하구 하단동,중상사고,0,1,0,0,차대사람 - 횡단중,신호위반,건조,맑음,단일로 - 횡단보도상,승용,여,49세,상해없음,보행자,여,18세,중상
2012120200100148,2012년 12월 2일 10시,일요일,부산광역시 해운대구 재송동,경상사고,0,0,1,0,차대차 - 추돌 - 진행중,안전운전불이행,습기,비,단일로 - 기타,승용,남,29세,상해없음,승용,여,43세,경상
2012120200100149,2012년 12월 2일 10시,일요일,부산광역시 금정구 부곡동,경상사고,0,0,1,0,차대차 - 추돌 - 주정차중,안전운전불이행,건조,맑음,교차로 - 교차로부근,승용,남,34세,상해없음,승용,남,40세,경상
2012120200100150,2012년 12월 2일 10시,일요일,부산광역시 금정구 구서동,중상사고,0,1,2,0,차대차 - 추돌 - 주정차중,안전운전불이행,건조,맑음,교차로 - 교차로부근,승용,여,38세,상해없음,승용,남,64세,경상
2012120200100173,2012년 12월 2일 11시,일요일,부산광역시 남구 대연동,중상사고,0,1,3,0,차대차 - 추돌 - 진행중,안전거리미확보,건조,맑음,단일로 - 터널,승용,남,39세,상해없음,승용,남,51세,중상
2012120200100174,2012년 12월 2일 11시,일요일,부산광역시 강서구 녹산동,경상사고,0,0,1,0,차대차 - 기타,안전거리미확보,건조,맑음,단일로 - 기타,승용,여,60세,상해없음,승용,여,55세,경상
2012120200100175,2012년 12월 2일 11시,일요일,부산광역시 사상구 엄궁동,부상신고사고,0,0,0,1,차대차 - 기타,중앙선침범,습기,비,단일로 - 기타,승용,남,21세,상해없음,이륜,여,42세,부상신고
2012120200100176,2012년 12월 2일 11시,일요일,부산광역시 사상구 엄궁동,중상사고,0,1,1,0,차대차 - 기타,안전운전불이행,건조,맑음,교차로 - 교차로부근,승용,남,68세,상해없음,승용,남,35세,경상
2012120200100177,2012년 12월 2일 11시,일요일,부산광역시 기장군 기장읍,경상사고,0,0,4,0,차대차 - 측면직각충돌,안전거리미확보,습기,비,단일로 - 기타,승용,남,59세,상해없음,승용,남,40세,경상
2012120200100189,2012년 12월 2일 12시,일요일,부산광역시 해운대구 좌동,중상사고,0,1,0,0,차대차 - 정면충돌,안전운전불이행,건조,흐림,단일로 - 기타,승용,남,60세,상해없음,원동기,남,20세,중상
2012120200100190,2012년 12월 2일 12시,일요일,부산광역시 부산진구 가야동,경상사고,0,0,1,0,차대차 - 기타,교차로운행방법위반,기타,맑음,교차로 - 교차로안,승용,남,58세,상해없음,승용,남,55세,상해없음
2012120200100191,2012년 12월 2일 12시,일요일,부산광역시 사상구 괘법동,경상사고,0,0,1,0,차대차 - 추돌 - 진행중,안전운전불이행,습기,비,단일로 - 기타,승합,남,53세,상해없음,승용,남,40세,경상
2012120200100216,2012년 12월 2일 13시,일요일,부산광역시 사상구 덕포동,경상사고,0,0,1,0,차대차 - 추돌 - 진행중,안전운전불이행,건조,맑음,단일로 - 기타,화물,남,25세,기타불명,화물,남,42세,경상
2012120200100217,2012년 12월 2일 13시,일요일,부산광역시 기장군 장안읍,중상사고,0,2,1,0,차대차 - 측면직각충돌,신호위반,건조,맑음,교차로 - 교차로안,승용,남,49세,상해없음,승용,남,30세,중상
2012120200100242,2012년 12월 2일 14시,일요일,부산광역시 사하구 구평동,부상신고사고,0,0,0,3,차대차 - 추돌 - 진행중,안전운전불이행,건조,맑음,단일로 - 기타,승용,남,48세,상해없음,승용,여,61세,부상신고
2012120200100259,2012년 12월 2일 15시,일요일,부산광역시 남구 우암동,중상사고,0,1,0,0,차대사람 - 기타,기타,건조,맑음,단일로 - 기타,승용,남,44세,상해없음,보행자,여,25세,중상
2012120200100260,2012년 12월 2일 15시,일요일,부산광역시 사하구 하단동,경상사고,0,0,2,1,차대차 - 측면직각충돌,안전거리미확보,건조,맑음,단일로 - 기타,이륜,남,25세,상해없음,화물,남,36세,부상신고
2012120200100285,2012년 12월 2일 16시,일요일,부산광역시 동래구 온천동,경상사고,0,0,1,0,차대차 - 추돌 - 진행중,안전거리미확보,건조,맑음,단일로 - 기타,승용,남,53세,상해없음,승용,남,27세,경상
2012120200100309,2012년 12월 2일 17시,일요일,부산광역시 금정구 청룡동,경상사고,0,0,1,0,차대차 - 측면직각충돌,안전운전불이행,습기,흐림,교차로 - 교차로안,승용,남,32세,상해없음,원동기,남,38세,경상
2012120200100336,2012년 12월 2일 18시,일요일,부산광역시 사상구 덕포동,중상사고,0,1,0,0,차대사람 - 기타,안전운전불이행,건조,맑음,교차로 - 교차로안,승합,남,56세,상해없음,보행자,여,75세,중상
2012120200100369,2012년 12월 2일 19시,일요일,부산광역시 동래구 사직동,부상신고사고,0,0,0,1,차대차 - 측면직각충돌,신호위반,건조,맑음,교차로 - 교차로안,원동기,남,18세,상해없음,원동기,남,42세,부상신고
2012120200100370,2012년 12월 2일 19시,일요일,부산광역시 사하구 하단동,사망사고,1,0,0,0,차대사람 - 횡단중,신호위반,건조,맑음,단일로 - 기타,화물,남,45세,상해없음,보행자,여,56세,사망
2012120200100407,2012년 12월 2일 20시,일요일,부산광역시 북구 덕천동,중상사고,0,1,2,0,차대차 - 정면충돌,안전운전불이행,건조,흐림,교차로 - 교차로안,승용,여,51세,경상,승용,남,24세,경상
2012120200100408,2012년 12월 2일 20시,일요일,부산광역시 연제구 연산동,경상사고,0,0,2,0,차대차 - 측면직각충돌,신호위반,건조,맑음,교차로 - 교차로부근,승용,남,56세,상해없음,승합,남,61세,경상
2012120200100433,2012년 12월 2일 21시,일요일,부산광역시 금정구 장전동,중상사고,0,1,0,0,차대차 - 추돌 - 주정차중,안전운전불이행,건조,맑음,교차로 - 교차로부근,승용,남,34세,상해없음,원동기,남,64세,중상
2012120200100457,2012년 12월 2일 22시,일요일,부산광역시 해운대구 우동,중상사고,0,1,0,0,차대차 - 측면직각충돌,신호위반,건조,맑음,교차로 - 교차로안,승용,여,35세,상해없음,승용,여,55세,중상
2012120300100011,2012년 12월 3일 01시,월요일,부산광역시 중구 중앙동2가,경상사고,0,0,2,0,차대차 - 측면직각충돌,신호위반,건조,맑음,교차로 - 교차로안,승용,남,43세,상해없음,승용,남,53세,경상
2012120300100012,2012년 12월 3일 01시,월요일,부산광역시 남구 대연동,중상사고,0,1,0,0,차대사람 - 길가장자리구역통행중,안전운전불이행,건조,맑음,단일로 - 기타,승용,남,25세,상해없음,보행자,남,38세,중상
2012120300100039,2012년 12월 3일 05시,월요일,부산광역시 영도구 영선동1가,경상사고,0,0,1,0,차대차 - 기타,안전운전불이행,건조,맑음,단일로 - 횡단보도상,기타불명,기타불명,기타불명,기타불명,화물,남,65세,경상
2012120300100054,2012년 12월 3일 06시,월요일,부산광역시 해운대구 송정동,경상사고,0,0,1,0,차대차 - 측면직각충돌,차로위반,건조,맑음,단일로 - 터널,승용,남,48세,상해없음,승용,남,60세,경상
2012120300100074,2012년 12월 3일 07시,월요일,부산광역시 강서구 송정동,경상사고,0,0,1,0,차대차 - 기타,신호위반,건조,맑음,단일로 - 기타,승용,남,41세,상해없음,승용,남,48세,경상
2012120300100100,2012년 12월 3일 08시,월요일,부산광역시 남구 대연동,경상사고,0,0,1,0,차대사람 - 기타,안전운전불이행,건조,맑음,교차로 - 교차로부근,승합,남,46세,상해없음,보행자,남,16세,경상
2012120300100101,2012년 12월 3일 08시,월요일,부산광역시 부산진구 범천동,경상사고,0,0,1,0,차대차 - 기타,신호위반,건조,기타,교차로 - 교차로안,승용,남,60세,상해없음,승용,여,53세,상해없음
2012120300100131,2012년 12월 3일 09시,월요일,부산광역시 동구 범일동,경상사고,0,0,1,0,차대차 - 기타,안전운전불이행,건조,맑음,단일로 - 횡단보도부근,승용,남,41세,기타불명,승용,남,33세,경상
2012120300100133,2012년 12월 3일 09시,월요일,부산광역시 부산진구 연지동,중상사고,0,1,0,0,차대사람 - 기타,보행자보호의무위반,건조,흐림,단일로 - 횡단보도상,승용,남,63세,상해없음,보행자,여,79세,중상
2012120300100156,2012년 12월 3일 10시,월요일,부산광역시 부산진구 부전동,경상사고,0,0,1,0,차대차 - 측면직각충돌,중앙선침범,건조,맑음,단일로 - 기타,승용,남,20세,상해없음,원동기,남,32세,경상
2012120300100178,2012년 12월 3일 11시,월요일,부산광역시 서구 아미동1가,중상사고,0,1,0,0,차대사람 - 기타,안전운전불이행,건조,맑음,단일로 - 횡단보도부근,승용,남,47세,상해없음,보행자,여,55세,중상
2012120300100179,2012년 12월 3일 11시,월요일,부산광역시 연제구 연산동,중상사고,0,1,0,0,차대사람 - 횡단중,보행자보호의무위반,건조,맑음,단일로 - 횡단보도상,화물,남,42세,상해없음,보행자,여,71세,중상
2012120300100199,2012년 12월 3일 12시,월요일,부산광역시 금정구 구서동,중상사고,0,1,0,0,차대사람 - 기타,안전운전불이행,건조,맑음,단일로 - 기타,승용,여,52세,상해없음,보행자,여,71세,중상
2012120300100235,2012년 12월 3일 13시,월요일,부산광역시 영도구 대교동1가,경상사고,0,0,1,0,차대사람 - 횡단중,기타,건조,맑음,단일로 - 기타,승합,남,54세,상해없음,보행자,남,12세,경상
2012120300100236,2012년 12월 3일 13시,월요일,부산광역시 부산진구 부전동,중상사고,0,1,0,0,차대사람 - 횡단중,안전운전불이행,건조,맑음,단일로 - 기타,승용,여,39세,상해없음,보행자,여,60세,중상
2012120300100324,2012년 12월 3일 16시,월요일,부산광역시 동래구 온천동,중상사고,0,1,0,0,차대사람 - 차도통행중,안전운전불이행,건조,맑음,교차로 - 교차로안,승합,여,40세,상해없음,보행자,여,64세,중상
2012120300100325,2012년 12월 3일 16시,월요일,부산광역시 금정구 장전동,경상사고,0,0,1,0,차대차 - 정면충돌,중앙선침범,건조,맑음,단일로 - 기타,승용,남,65세,상해없음,이륜,남,63세,경상
2012120300100326,2012년 12월 3일 16시,월요일,부산광역시 수영구 수영동,부상신고사고,0,0,0,1,차대차 - 측면직각충돌,신호위반,건조,맑음,단일로 - 횡단보도상,원동기,기타불명,기타불명,기타불명,원동기,남,35세,부상신고
2012120300100367,2012년 12월 3일 17시,월요일,부산광역시 부산진구 당감동,경상사고,0,0,1,0,차대사람 - 횡단중,안전운전불이행,건조,맑음,단일로 - 기타,원동기,남,55세,상해없음,보행자,여,8세,경상
2012120300100404,2012년 12월 3일 18시,월요일,부산광역시 북구 만덕동,경상사고,0,0,1,0,차대차 - 기타,안전운전불이행,건조,맑음,단일로 - 기타,승용,여,25세,상해없음,승합,남,36세,경상
2012120300100405,2012년 12월 3일 18시,월요일,부산광역시 금정구 오륜동,경상사고,0,0,3,0,차대차 - 기타,차로위반,건조,맑음,단일로 - 기타,승용,남,29세,경상,승용,남,61세,상해없음
2012120300100450,2012년 12월 3일 19시,월요일,부산광역시 사하구 신평동,경상사고,0,0,2,0,차대차 - 측면직각충돌,신호위반,건조,맑음,교차로 - 교차로안,승용,여,44세,경상,승용,남,35세,경상
2012120300100487,2012년 12월 3일 20시,월요일,부산광역시 북구 구포동,경상사고,0,0,1,0,차대사람 - 횡단중,보행자보호의무위반,건조,맑음,기타 - 기타,기타불명,기타불명,기타불명,기타불명,보행자,남,11세,경상
2012120300100526,2012년 12월 3일 21시,월요일,부산광역시 사하구 신평동,중상사고,0,1,0,0,차대사람 - 횡단중,신호위반,건조,맑음,교차로 - 교차로부근,승합,남,62세,상해없음,보행자,남,52세,중상
2012120300100527,2012년 12월 3일 21시,월요일,부산광역시 사하구 당리동,중상사고,0,1,0,0,차대사람 - 횡단중,안전운전불이행,건조,맑음,단일로 - 기타,승용,남,60세,상해없음,보행자,여,55세,중상
2012120300100528,2012년 12월 3일 21시,월요일,부산광역시 사상구 감전동,경상사고,0,0,1,0,차대차 - 측면직각충돌,안전운전불이행,건조,맑음,단일로 - 기타,승용,남,45세,경상,승용,남,62세,상해없음
2012120300100529,2012년 12월 3일 21시,월요일,부산광역시 기장군 기장읍,중상사고,0,1,0,0,차대차 - 정면충돌,중앙선침범,건조,맑음,단일로 - 기타,화물,남,58세,상해없음,이륜,남,17세,중상
2012120300100600,2012년 12월 3일 23시,월요일,부산광역시 해운대구 우동,경상사고,0,0,2,0,차대차 - 측면직각충돌,안전운전불이행,건조,맑음,교차로 - 교차로부근,승용,남,37세,상해없음,원동기,남,17세,경상
2012120400100023,2012년 12월 4일 01시,화요일,부산광역시 북구 덕천동,중상사고,0,1,1,0,차대차 - 추돌 - 진행중,안전운전불이행,건조,맑음,기타 - 기타,승용,남,51세,상해없음,승용,남,62세,중상
2012120400100024,2012년 12월 4일 01시,화요일,부산광역시 사하구 장림동,경상사고,0,0,1,0,차대차 - 추돌 - 주정차중,안전운전불이행,건조,맑음,단일로 - 기타,승용,남,38세,상해없음,승용,여,39세,경상
2012120400100094,2012년 12월 4일 07시,화요일,부산광역시 사하구 장림동,경상사고,0,0,1,0,차대사람 - 기타,안전운전불이행,건조,맑음,단일로 - 기타,승용,기타불명,기타불명,기타불명,보행자,여,16세,경상