사고번호,사고일시,요일,시군구,사고내용,사망자수,중상자수,경상자수,부상신고자수,사고유형,법규위반,노면상태,기상상태,도로형태,가해운전자 차종,가해운전자 성별,가해운전자 연령,가해운전자 상해정도,피해운전자 차종,피해운전자 성별,피해운전자 연령,피해운전자 상해정도
2012121300100559,2012년 12월 13일 22시,목요일,부산광역시 사하구 감천동,중상사고,0,1,2,0,차대차 - 추돌 - 주정차중,안전운전불이행,건조,맑음,단일로 - 기타,승용,남,45세,상해없음,승용,여,34세,중상
2012121300100596,2012년 12월 13일 23시,목요일,부산광역시 중구 남포동1가,중상사고,0,1,1,0,차대차 - 측면직각충돌,신호위반,건조,맑음,교차로 - 교차로안,승용,남,58세,상해없음,승용,여,54세,중상
2012121300100597,2012년 12월 13일 23시,목요일,부산광역시 북구 덕천동,경상사고,0,0,1,1,차대차 - 측면직각충돌,안전운전불이행,건조,맑음,기타 - 기타,원동기,남,19세,부상신고,원동기,남,19세,경상
2012121300100598,2012년 12월 13일 23시,목요일,부산광역시 부산진구 전포동,경상사고,0,0,1,0,차대차 - 추돌 - 주정차중,안전운전불이행,건조,맑음,교차로 - 교차로부근,승용,남,36세,상해없음,승용,남,47세,경상
2012121300100599,2012년 12월 13일 23시,목요일,부산광역시 사상구 괘법동,경상사고,0,0,1,0,차대차 - 측면직각충돌,안전거리미확보,건조,맑음,교차로 - 교차로부근,승용,남,37세,상해없음,승용,남,47세,경상
2012121300100600,2012년 12월 13일 23시,목요일,부산광역시 강서구 대저1동,경상사고,0,0,1,0,차대차 - 측면직각충돌,안전운전불이행,건조,맑음,단일로 - 기타,승용,남,32세,상해없음,승용,남,32세,경상
2012121400100059,2012년 12월 14일 02시,금요일,부산광역시 연제구 연산동,경상사고,0,0,1,0,차대차 - 추돌 - 주정차중,안전거리미확보,건조,흐림,단일로 - 기타,승용,남,57세,상해없음,승용,남,64세,경상
2012121400100098,2012년 12월 14일 05시,금요일,부산광역시 해운대구 우동,부상신고사고,0,0,0,1,차대차 - 측면직각충돌,안전운전불이행,건조,맑음,교차로 - 교차로부근,승용,남,54세,상해없음,승용,남,57세,부상신고
2012121400100151,2012년 12월 14일 07시,금요일,부산광역시 부산진구 범천동,중상사고,0,1,0,0,차대사람 - 기타,안전운전불이행,건조,맑음,기타 - 기타,화물,남,45세,상해없음,보행자,남,54세,중상
2012121400100152,2012년 12월 14일 07시,금요일,부산광역시 사하구 다대동,중상사고,0,1,2,0,차대차 - 추돌 - 주정차중,안전운전불이행,건조,맑음,단일로 - 기타,승용,남,29세,상해없음,승용,남,57세,경상
2012121400100244,2012년 12월 14일 08시,금요일,부산광역시 남구 용호동,경상사고,0,0,1,0,차대사람 - 차도통행중,기타,건조,흐림,교차로 - 교차로안,승용,여,43세,상해없음,보행자,남,11세,경상
2012121400100245,2012년 12월 14일 08시,금요일,부산광역시 연제구 연산동,경상사고,0,0,1,0,차대사람 - 기타,안전운전불이행,건조,맑음,단일로 - 기타,승용,남,47세,상해없음,보행자,남,30세,경상
2012121400100377,2012년 12월 14일 09시,금요일,부산광역시 북구 덕천동,중상사고,0,2,1,1,차대차 - 추돌 - 주정차중,안전운전불이행,습기,비,교차로 - 교차로부근,승용,남,19세,상해없음,승용,여,54세,중상
2012121400100378,2012년 12월 14일 09시,금요일,부산광역시 부산진구 초읍동,경상사고,0,0,1,0,차대차 - 기타,안전운전불이행,건조,맑음,교차로 - 교차로안,승용,여,30세,상해없음,원동기,남,37세,경상
2012121400100436,2012년 12월 14일 10시,금요일,부산광역시 서구 토성동1가,중상사고,0,1,0,0,차대차 - 기타,안전운전불이행,습기,비,단일로 - 기타,승용,남,30세,상해없음,기타불명,여,73세,중상
2012121400100437,2012년 12월 14일 10시,금요일,부산광역시 해운대구 우동,중상사고,0,1,0,0,차대차 - 측면직각충돌,신호위반,건조,맑음,단일로 - 횡단보도상,승용,남,37세,상해없음,자전거,남,46세,중상
2012121400100438,2012년 12월 14일 10시,금요일,부산광역시 수영구 수영동,경상사고,0,0,1,0,차대차 - 추돌 - 진행중,안전운전불이행,습기,비,단일로 - 기타,화물,남,50세,상해없음,승용,남,49세,경상
2012121400100439,2012년 12월 14일 10시,금요일,부산광역시 사상구 엄궁동,경상사고,0,0,1,0,차대차 - 기타,안전운전불이행,습기,비,교차로 - 교차로부근,승용,여,44세,상해없음,승용,여,56세,경상
2012121400100502,2012년 12월 14일 13시,금요일,부산광역시 남구 대연동,중상사고,0,1,1,0,차대차 - 측면직각충돌,안전운전불이행,건조,맑음,단일로 - 기타,화물,남,39세,상해없음,승용,남,52세,중상
2012121400100503,2012년 12월 14일 13시,금요일,부산광역시 강서구 송정동,중상사고,0,1,0,0,차대차 - 추돌 - 진행중,차로위반,습기,비,교차로 - 교차로부근,승합,남,60세,상해없음,승용,여,44세,중상
2012121400100522,2012년 12월 14일 14시,금요일,부산광역시 북구 화명동,경상사고,0,0,2,0,차대차 - 정면충돌,안전운전불이행,습기,비,교차로 - 교차로안,승용,여,36세,상해없음,승용,여,38세,경상
2012121400100569,2012년 12월 14일 16시,금요일,부산광역시 사상구 학장동,중상사고,0,1,0,0,차대사람 - 기타,기타,습기,비,기타 - 기타,승합,남,55세,상해없음,보행자,남,43세,중상
2012121400100602,2012년 12월 14일 17시,금요일,부산광역시 동구 범일동,중상사고,0,1,0,0,차대차 - 측면직각충돌,안전운전불이행,습기,비,단일로 - 기타,승용,여,57세,상해없음,이륜,여,45세,중상
2012121400100603,2012년 12월 14일 17시,금요일,부산광역시 해운대구 중동,중상사고,0,1,0,0,차대사람 - 보도통행중,신호위반,습기,비,단일로 - 횡단보도상,이륜,남,30세,상해없음,보행자,남,60세,중상
2012121400100604,2012년 12월 14일 17시,금요일,부산광역시 부산진구 개금동,경상사고,0,0,1,0,차대사람 - 기타,보행자보호의무위반,습기,비,단일로 - 횡단보도상,승용,여,49세,상해없음,보행자,여,12세,경상
2012121400100605,2012년 12월 14일 17시,금요일,부산광역시 금정구 장전동,부상신고사고,0,0,0,1,차대사람 - 차도통행중,안전운전불이행,건조,맑음,단일로 - 기타,기타불명,기타불명,기타불명,기타불명,보행자,여,39세,부상신고
2012121400100606,2012년 12월 14일 17시,금요일,부산광역시 사상구 감전동,중상사고,0,1,0,0,차대차 - 기타,중앙선침범,습기,비,단일로 - 기타,승용,남,47세,상해없음,승용,남,52세,중상
2012121400100646,2012년 12월 14일 18시,금요일,부산광역시 해운대구 재송동,경상사고,0,0,1,0,차대차 - 기타,안전운전불이행,습기,비,단일로 - 기타,승용,여,44세,상해없음,승용,여,37세,경상
2012121400100647,2012년 12월 14일 18시,금요일,부산광역시 사하구 하단동,경상사고,0,0,1,0,차대차 - 추돌 - 진행중,안전운전불이행,습기,비,단일로 - 횡단보도상,이륜,남,37세,상해없음,승용,남,54세,경상
2012121400100648,2012년 12월 14일 18시,금요일,부산광역시 사하구 신평동,경상사고,0,0,1,0,차대사람 - 기타,중앙선침범,습기,비,교차로 - 교차로부근,승합,남,67세,상해없음,보행자,남,20세,경상
2012121400100649,2012년 12월 14일 18시,금요일,부산광역시 사상구 엄궁동,경상사고,0,0,1,0,차대차 - 측면직각충돌,신호위반,습기,흐림,단일로 - 기타,승용,남,39세,상해없음,승용,남,42세,경상
2012121400100650,2012년 12월 14일 18시,금요일,부산광역시 사상구 덕포동,경상사고,0,0,1,0,차대사람 - 보도통행중,안전운전불이행,습기,비,단일로 - 기타,화물,남,31세,상해없음,보행자,남,41세,경상
2012121400100708,2012년 12월 14일 19시,금요일,부산광역시 남구 대연동,경상사고,0,0,1,0,차대사람 - 기타,안전운전불이행,습기,흐림,단일로 - 기타,승용,여,57세,상해없음,보행자,남,61세,경상
2012121400100709,2012년 12월 14일 19시,금요일,부산광역시 해운대구 반여동,경상사고,0,0,3,0,차대차 - 기타,신호위반,습기,비,교차로 - 교차로안,화물,남,32세,상해없음,승용,남,59세,경상
2012121400100710,2012년 12월 14일 19시,금요일,부산광역시 금정구 부곡동,경상사고,0,0,1,0,차대사람 - 보도통행중,보행자보호의무위반,습기,비,단일로 - 횡단보도상,승용,남,64세,상해없음,보행자,여,48세,경상
2012121400100711,2012년 12월 14일 19시,금요일,부산광역시 기장군 정관면,중상사고,0,1,0,0,차대차 - 측면직각충돌,신호위반,습기,맑음,교차로 - 교차로안,승용,남,44세,상해없음,승용,여,29세,상해없음
2012121400100791,2012년 12월 14일 21시,금요일,부산광역시 해운대구 송정동,중상사고,0,1,0,0,차대사람 - 차도통행중,안전운전불이행,습기,흐림,교차로 - 교차로부근,승용,여,28세,상해없음,보행자,여,56세,중상
2012121400100792,2012년 12월 14일 21시,금요일,부산광역시 사하구 당리동,중상사고,0,1,1,1,차대차 - 기타,안전운전불이행,건조,맑음,교차로 - 교차로부근,승용,남,57세,상해없음,승용,남,65세,상해없음
2012121400100835,2012년 12월 14일 22시,금요일,부산광역시 남구 문현동,경상사고,0,0,1,0,차량단독 - 공작물충돌,안전운전불이행,습기,흐림,단일로 - 기타,승용,남,50세,상해없음,,,,
2012121400100869,2012년 12월 14일 23시,금요일,부산광역시 금정구 서동,경상사고,0,0,1,0,차대사람 - 기타,안전운전불이행,건조,맑음,단일로 - 기타,승용,남,56세,상해없음,보행자,남,36세,경상
2012121500100013,2012년 12월 15일 00시,토요일,부산광역시 동래구 사직동,경상사고,0,0,1,0,차대차 - 측면직각충돌,교차로운행방법위반,건조,맑음,교차로 - 교차로안,승용,남,62세,상해없음,승용,남,48세,상해없음
2012121500100014,2012년 12월 15일 00시,토요일,부산광역시 해운대구 중동,중상사고,0,2,2,0,차대차 - 기타,신호위반,습기,비,교차로 - 교차로안,승용,남,37세,상해없음,승용,남,60세,경상
2012121500100015,2012년 12월 15일 00시,토요일,부산광역시 사하구 감천동,경상사고,0,0,1,0,차대차 - 기타,안전거리미확보,습기,비,단일로 - 기타,승용,남,39세,상해없음,이륜,남,40세,경상
2012121500100057,2012년 12월 15일 01시,토요일,부산광역시 사상구 모라동,중상사고,0,1,1,0,차대차 - 추돌 - 주정차중,안전운전불이행,건조,흐림,단일로 - 기타,승용,남,34세,상해없음,승용,남,64세,경상
2012121500100094,2012년 12월 15일 02시,토요일,부산광역시 서구 아미동1가,중상사고,0,2,0,0,차대차 - 정면충돌,중앙선침범,기타,비,단일로 - 기타,승용,여,24세,상해없음,승용,남,55세,중상
2012121500100095,2012년 12월 15일 02시,토요일,부산광역시 수영구 광안동,중상사고,0,1,0,0,차대사람 - 횡단중,보행자보호의무위반,습기,흐림,단일로 - 횡단보도상,승합,남,25세,상해없음,보행자,남,56세,중상
2012121500100126,2012년 12월 15일 04시,토요일,부산광역시 강서구 대저2동,중상사고,0,1,0,0,차량단독 - 전도전복,안전운전불이행,습기,안개,단일로 - 기타,승용,남,64세,상해없음,,,,
2012121500100143,2012년 12월 15일 05시,토요일,부산광역시 서구 남부민동,사망사고,1,0,0,0,차대차 - 측면직각충돌,안전운전불이행,건조,맑음,단일로 - 기타,이륜,남,80세,사망,승용,남,57세,상해없음
2012121500100144,2012년 12월 15일 05시,토요일,부산광역시 사하구 괴정동,중상사고,0,1,0,0,차대사람 - 차도통행중,안전운전불이행,건조,맑음,단일로 - 기타,승용,남,48세,상해없음,보행자,남,34세,중상
2012121500100145,2012년 12월 15일 05시,토요일,부산광역시 사하구 괴정동,경상사고,0,0,2,0,차대차 - 기타,안전거리미확보,습기,흐림,단일로 - 기타,승용,남,62세,상해없음,승용,여,52세,경상
2012121500100174,2012년 12월 15일 07시,토요일,부산광역시 기장군 기장읍,경상사고,0,0,1,0,차대차 - 측면직각충돌,안전거리미확보,건조,맑음,단일로 - 기타,승용,남,34세,상해없음,승용,여,33세,경상
2012121500100215,2012년 12월 15일 09시,토요일,부산광역시 사상구 모라동,중상사고,0,1,1,0,차량단독 - 공작물충돌,안전운전불이행,습기,안개,단일로 - 교량,화물,남,44세,중상,,,,
2012121500100252,2012년 12월 15일 11시,토요일,부산광역시 부산진구 범천동,경상사고,0,0,1,0,차대차 - 추돌 - 진행중,안전거리미확보,건조,흐림,교차로 - 교차로부근,승용,남,31세,기타불명,승용,남,55세,경상
2012121500100253,2012년 12월 15일 11시,토요일,부산광역시 수영구 망미동,중상사고,0,1,0,0,차대차 - 추돌 - 진행중,안전운전불이행,건조,맑음,교차로 - 교차로안,승용,여,39세,상해없음,자전거,남,55세,중상
2012121500100254,2012년 12월 15일 11시,토요일,부산광역시 기장군 기장읍,경상사고,0,0,1,0,차대차 - 측면직각충돌,신호위반,건조,맑음,교차로 - 교차로안,승용,여,58세,상해없음,승용,남,56세,경상
2012121500100273,2012년 12월 15일 12시,토요일,부산광역시 강서구 죽동동,사망사고,1,0,0,0,차대차 - 추돌 - 진행중,안전운전불이행,습기,흐림,단일로 - 기타,화물,남,62세,상해없음,자전거,남,86세,사망
2012121500100274,2012년 12월 15일 12시,토요일,부산광역시 사상구 주례동,중상사고,0,1,0,0,차대차 - 측면직각충돌,안전운전불이행,습기,흐림,단일로 - 기타,자전거,여,64세,중상,화물,남,34세,상해없음
2012121500100296,2012년 12월 15일 13시,토요일,부산광역시 사상구 감전동,중상사고,0,1,1,0,차대차 - 측면직각충돌,교차로운행방법위반,습기,흐림,교차로 - 교차로안,승용,남,41세,중상,승용,남,53세,경상
2012121500100314,2012년 12월 15일 14시,토요일,부산광역시 수영구 남천동,경상사고,0,0,1,0,차대사람 - 기타,안전운전불이행,건조,맑음,단일로 - 기타,승용,남,38세,상해없음,보행자,남,42세,경상
2012121500100315,2012년 12월 15일 14시,토요일,부산광역시 해운대구 좌동,경상사고,0,0,3,0,차대차 - 측면직각충돌,안전운전불이행,건조,흐림,단일로 - 기타,승용,여,51세,상해없음,승용,여,31세,경상
2012121500100316,2012년 12월 15일 14시,토요일,부산광역시 사상구 주례동,부상신고사고,0,0,0,1,차대차 - 추돌 - 진행중,안전운전불이행,건조,맑음,단일로 - 기타,화물,남,66세,상해없음,이륜,남,62세,부상신고
2012121500100317,2012년 12월 15일 14시,토요일,부산광역시 사상구 괘법동,중상사고,0,1,4,0,차대차 - 추돌 - 진행중,안전거리미확보,건조,맑음,단일로 - 기타,승용,여,44세,상해없음,승용,여,41세,경상
2012121500100360,2012년 12월 15일 16시,토요일,부산광역시 남구 용호동,경상사고,0,0,1,0,차대차 - 정면충돌,중앙선침범,건조,맑음,단일로 - 기타,승용,남,47세,상해없음,승합,남,51세,경상
2012121500100361,2012년 12월 15일 16시,토요일,부산광역시 해운대구 우동,중상사고,0,1,0,0,차대차 - 측면직각충돌,교차로운행방법위반,건조,맑음,교차로 - 교차로안,승용,남,42세,상해없음,승용,남,60세,중상
2012121500100410,2012년 12월 15일 18시,토요일,부산광역시 동래구 사직동,경상사고,0,0,1,0,차대차 - 측면직각충돌,안전거리미확보,건조,맑음,단일로 - 기타,승용,남,48세,상해없음,원동기,남,17세,경상
2012121500100411,2012년 12월 15일 18시,토요일,부산광역시 부산진구 양정동,경상사고,0,0,1,0,차대사람 - 기타,안전운전불이행,건조,맑음,단일로 - 기타,승용,남,59세,상해없음,보행자,여,55세,경상
2012121500100446,2012년 12월 15일 19시,토요일,부산광역시 북구 구포동,경상사고,0,0,1,0,차대차 - 측면직각충돌,안전운전불이행,건조,맑음,단일로 - 기타,승용,남,50세,상해없음,원동기,남,20세,경상
2012121500100447,2012년 12월 15일 19시,토요일,부산광역시 동래구 온천동,중상사고,0,1,0,0,차대사람 - 기타,안전운전불이행,건조,맑음,단일로 - 기타,승용,남,32세,상해없음,보행자,여,62세,중상
2012121500100448,2012년 12월 15일 19시,토요일,부산광역시 동래구 안락동,중상사고,0,1,0,0,차대차 - 측면직각충돌,교차로운행방법위반,건조,맑음,교차로 - 교차로부근,승용,남,54세,상해없음,승용,남,43세,중상
2012121500100449,2012년 12월 15일 19시,토요일,부산광역시 부산진구 부전동,중상사고,0,1,0,0,차대사람 - 기타,안전운전불이행,건조,맑음,단일로 - 기타,승용,남,32세,상해없음,보행자,남,38세,중상
2012121500100450,2012년 12월 15일 19시,토요일,부산광역시 부산진구 부전동,중상사고,0,1,0,0,차대사람 - 기타,안전운전불이행,기타,맑음,단일로 - 기타,승용,여,32세,상해없음,보행자,남,26세,중상
2012121500100451,2012년 12월 15일 19시,토요일,부산광역시 강서구 생곡동,사망사고,1,0,1,0,차대차 - 추돌 - 주정차중,안전운전불이행,건조,맑음,단일로 - 기타,승용,남,68세,사망,특수,남,62세,경상
2012121500100477,2012년 12월 15일 20시,토요일,부산광역시 동래구 수안동,중상사고,0,1,0,0,차대사람 - 차도통행중,안전운전불이행,건조,맑음,단일로 - 기타,승용,여,50세,상해없음,보행자,여,77세,중상
2012121500100478,2012년 12월 15일 20시,토요일,부산광역시 영도구 대교동1가,경상사고,0,0,1,0,차대사람 - 기타,안전운전불이행,건조,맑음,단일로 - 기타,승용,여,34세,상해없음,보행자,남,53세,경상
2012121500100479,2012년 12월 15일 20시,토요일,부산광역시 해운대구 반송동,경상사고,0,0,1,0,차대사람 - 횡단중,안전운전불이행,습기,맑음,단일로 - 기타,화물,남,32세,상해없음,보행자,남,22세,경상
2012121500100480,2012년 12월 15일 20시,토요일,부산광역시 해운대구 우동,중상사고,0,1,0,0,차대차 - 기타,안전운전불이행,건조,맑음,단일로 - 기타,화물,남,44세,상해없음,원동기,남,56세,중상
2012121500100481,2012년 12월 15일 20시,토요일,부산광역시 부산진구 부전동,경상사고,0,0,1,0,차대사람 - 기타,안전운전불이행,건조,맑음,단일로 - 기타,승용,남,32세,상해없음,보행자,여,19세,경상
2012121500100482,2012년 12월 15일 20시,토요일,부산광역시 사하구 하단동,부상신고사고,0,0,0,1,차대차 - 측면직각충돌,안전거리미확보,건조,맑음,단일로 - 기타,승용,남,39세,상해없음,원동기,남,23세,부상신고
2012121500100512,2012년 12월 15일 21시,토요일,부산광역시 남구 용당동,중상사고,0,1,1,0,차대차 - 측면직각충돌,신호위반,건조,맑음,교차로 - 교차로안,화물,남,65세,상해없음,화물,남,43세,중상
2012121500100513,2012년 12월 15일 21시,토요일,부산광역시 금정구 서동,경상사고,0,0,2,0,차대차 - 측면직각충돌,안전운전불이행,습기,비,교차로 - 교차로부근,승용,남,63세,상해없음,승용,남,25세,경상
2012121500100540,2012년 12월 15일 22시,토요일,부산광역시 연제구 거제동,경상사고,0,0,1,0,차대차 - 추돌 - 진행중,안전거리미확보,건조,흐림,단일로 - 기타,승용,남,29세,상해없음,승용,남,38세,경상
2012121500100576,2012년 12월 15일 23시,토요일,부산광역시 남구 대연동,경상사고,0,0,1,1,차대사람 - 길가장자리구역통행중,안전운전불이행,건조,맑음,단일로 - 기타,승용,남,22세,상해없음,보행자,남,25세,부상신고
2012121500100577,2012년 12월 15일 23시,토요일,부산광역시 해운대구 우동,경상사고,0,0,1,0,차대차 - 측면직각충돌,신호위반,건조,맑음,교차로 - 교차로안,원동기,남,29세,상해없음,승용,남,52세,경상
2012121500100578,2012년 12월 15일 23시,토요일,부산광역시 부산진구 당감동,경상사고,0,0,1,0,차대사람 - 기타,안전운전불이행,건조,맑음,단일로 - 횡단보도상,승용,남,34세,상해없음,보행자,여,55세,경상
2012121500100579,2012년 12월 15일 23시,토요일,부산광역시 금정구 장전동,중상사고,0,1,0,2,차대차 - 측면직각충돌,교차로운행방법위반,습기,맑음,교차로 - 교차로안,승용,남,51세,상해없음,승용,남,51세,상해없음
2012121500100580,2012년 12월 15일 23시,토요일,부산광역시 사하구 신평동,경상사고,0,0,1,0,차대사람 - 횡단중,안전운전불이행,건조,맑음,단일로 - 횡단보도상,승용,남,56세,상해없음,보행자,남,15세,경상
2012121600100045,2012년 12월 16일 01시,일요일,부산광역시 사하구 하단동,경상사고,0,0,1,0,차대차 - 추돌 - 주정차중,안전운전불이행,건조,맑음,교차로 - 교차로부근,승용,남,33세,상해없음,승용,여,29세,경상
2012121600100079,2012년 12월 16일 02시,일요일,부산광역시 남구 대연동,중상사고,0,1,0,0,차대사람 - 기타,안전운전불이행,건조,맑음,단일로 - 기타,승용,남,22세,상해없음,보행자,남,23세,중상
2012121600100080,2012년 12월 16일 02시,일요일,부산광역시 해운대구 반여동,중상사고,0,6,0,0,차대차 - 측면직각충돌,신호위반,건조,맑음,교차로 - 교차로안,승용,남,28세,상해없음,승용,남,59세,중상
2012121600100145,2012년 12월 16일 06시,일요일,부산광역시 동구 초량동,사망사고,1,1,0,0,차대사람 - 횡단중,안전운전불이행,건조,맑음,단일로 - 기타,승용,남,35세,상해없음,보행자,남,55세,사망
2012121600100198,2012년 12월 16일 08시,일요일,부산광역시 남구 대연동,중상사고,0,1,0,0,차대차 - 기타,안전운전불이행,건조,맑음,단일로 - 터널,승용,남,62세,상해없음,건설기계,남,34세,상해없음
2012121600100199,2012년 12월 16일 08시,일요일,부산광역시 사하구 장림동,중상사고,0,1,0,0,차대사람 - 기타,교차로운행방법위반,건조,맑음,단일로 - 기타,승용,남,41세,상해없음,보행자,여,62세,중상
2012121600100254,2012년 12월 16일 10시,일요일,부산광역시 남구 문현동,경상사고,0,0,1,0,차대차 - 측면직각충돌,안전운전불이행,건조,맑음,교차로 - 교차로부근,승용,여,23세,상해없음,승용,여,49세,경상
2012121600100255,2012년 12월 16일 10시,일요일,부산광역시 기장군 정관면,경상사고,0,0,4,0,차대차 - 기타,안전운전불이행,결빙,맑음,단일로 - 기타,승용,여,60세,상해없음,승용,남,44세,경상
2012121600100271,2012년 12월 16일 11시,일요일,부산광역시 금정구 노포동,중상사고,0,1,2,0,차대차 - 추돌 - 주정차중,안전운전불이행,건조,맑음,단일로 - 기타,승용,남,52세,상해없음,승용,여,33세,중상
2012121600100285,2012년 12월 16일 12시,일요일,부산광역시 부산진구 가야동,중상사고,0,1,0,0,차대차 - 기타,안전운전불이행,기타,맑음,단일로 - 기타,원동기,남,13세,상해없음,승용,남,50세,기타불명
2012121600100286,2012년 12월 16일 12시,일요일,부산광역시 사하구 다대동,중상사고,0,1,0,0,차대차 - 기타,교차로운행방법위반,건조,맑음,교차로 - 교차로안,승용,남,35세,상해없음,이륜,남,53세,중상
2012121600100287,2012년 12월 16일 12시,일요일,부산광역시 강서구 송정동,중상사고,0,1,0,0,차대차 - 추돌 - 주정차중,안전운전불이행,건조,맑음,단일로 - 기타,승용,남,57세,상해없음,승합,남,58세,상해없음
2012121600100302,2012년 12월 16일 13시,일요일,부산광역시 북구 구포동,경상사고,0,0,1,0,차대사람 - 기타,보행자보호의무위반,건조,맑음,기타 - 기타,승용,여,45세,상해없음,보행자,여,4세,경상
2012121600100303,2012년 12월 16일 13시,일요일,부산광역시 금정구 금성동,경상사고,0,0,1,0,차량단독 - 도로외이탈 - 추락,안전운전불이행,건조,맑음,단일로 - 기타,승용,남,30세,경상,,,,
2012121600100318,2012년 12월 16일 14시,일요일,부산광역시 동래구 복천동,중상사고,0,1,0,0,차대차 - 측면직각충돌,안전운전불이행,건조,맑음,단일로 - 횡단보도상,승용,여,30세,상해없음,자전거,여,68세,중상
2012121600100319,2012년 12월 16일 14시,일요일,부산광역시 부산진구 부암동,중상사고,0,1,0,0,차대사람 - 차도통행중,안전운전불이행,건조,맑음,단일로 - 횡단보도부근,승용,남,28세,상해없음,보행자,여,75세,중상
2012121600100320,2012년 12월 16일 14시,일요일,부산광역시 금정구 장전동,경상사고,0,0,1,0,차대차 - 기타,안전운전불이행,건조,맑음,단일로 - 기타,승용,남,27세,상해없음,승용,남,33세,경상
2012121600100321,2012년 12월 16일 14시,일요일,부산광역시 사하구 괴정동,경상사고,0,0,1,0,차대차 - 기타,안전운전불이행,건조,맑음,단일로 - 기타,승합,남,58세,상해없음,승용,남,39세,경상
2012121600100322,2012년 12월 16일 14시,일요일,부산광역시 기장군 철마면,경상사고,0,0,1,0,차량단독 - 공작물충돌,안전운전불이행,건조,맑음,교차로 - 교차로안,원동기,남,75세,경상,,,,
2012121600100345,2012년 12월 16일 15시,일요일,부산광역시 금정구 서동,중상사고,0,1,0,0,차대사람 - 기타,보행자보호의무위반,건조,맑음,단일로 - 횡단보도상,화물,남,55세,상해없음,보행자,남,50세,중상
2012121600100367,2012년 12월 16일 16시,일요일,부산광역시 부산진구 개금동,중상사고,0,2,0,0,차대차 - 측면직각충돌,안전거리미확보,건조,맑음,단일로 - 기타,승용,남,47세,상해없음,이륜,남,58세,중상
2012121600100368,2012년 12월 16일 16시,일요일,부산광역시 기장군 장안읍,경상사고,0,0,3,0,차대차 - 기타,안전운전불이행,건조,맑음,교차로 - 교차로안,승용,여,49세,상해없음,승용,남,50세,경상
2012121600100390,2012년 12월 16일 17시,일요일,부산광역시 영도구 대교동1가,중상사고,0,1,0,0,차대사람 - 기타,안전운전불이행,건조,맑음,단일로 - 기타,승합,남,22세,상해없음,보행자,여,60세,중상
2012121600100417,2012년 12월 16일 18시,일요일,부산광역시 사상구 주례동,부상신고사고,0,0,0,1,차대차 - 기타,안전운전불이행,건조,맑음,단일로 - 기타,승용,남,35세,상해없음,승합,남,53세,상해없음
2012121600100446,2012년 12월 16일 19시,일요일,부산광역시 수영구 광안동,경상사고,0,0,1,0,차대차 - 기타,안전운전불이행,건조,맑음,단일로 - 기타,승합,남,66세,상해없음,승용,여,51세,경상
2012121600100448,2012년 12월 16일 19시,일요일,부산광역시 강서구 신호동,중상사고,0,1,2,0,차대차 - 추돌 - 주정차중,안전운전불이행,건조,맑음,단일로 - 기타,승용,남,33세,상해없음,승용,남,28세,경상
2012121600100483,2012년 12월 16일 21시,일요일,부산광역시 사상구 학장동,중상사고,0,1,0,1,차대차 - 추돌 - 주정차중,안전운전불이행,건조,맑음,단일로 - 기타,원동기,남,17세,부상신고,승용,여,52세,상해없음
2012121600100522,2012년 12월 16일 23시,일요일,부산광역시 북구 화명동,중상사고,0,3,2,0,차대차 - 측면직각충돌,신호위반,건조,맑음,교차로 - 교차로안,승용,남,57세,상해없음,승용,남,27세,경상
2012121600100523,2012년 12월 16일 23시,일요일,부산광역시 해운대구 우동,경상사고,0,0,1,0,차대차 - 추돌 - 진행중,안전거리미확보,건조,맑음,단일로 - 기타,승용,남,60세,상해없음,승용,남,23세,상해없음
2012121600100524,2012년 12월 16일 23시,일요일,부산광역시 해운대구 재송동,중상사고,0,1,0,0,차대사람 - 길가장자리구역통행중,안전운전불이행,건조,맑음,단일로 - 기타,기타불명,기타불명,기타불명,기타불명,보행자,남,44세,중상
2012121700100019,2012년 12월 17일 01시,월요일,부산광역시 동래구 명장동,중상사고,0,1,0,0,차대사람 - 기타,안전운전불이행,건조,맑음,단일로 - 기타,승용,남,32세,상해없음,보행자,남,47세,중상
2012121700100031,2012년 12월 17일 03시,월요일,부산광역시 북구 구포동,경상사고,0,0,2,0,차대차 - 추돌 - 주정차중,안전운전불이행,건조,맑음,단일로 - 기타,승용,남,19세,상해없음,승용,남,32세,경상
2012121700100037,2012년 12월 17일 04시,월요일,부산광역시 남구 문현동,경상사고,0,0,1,0,차대차 - 기타,안전운전불이행,건조,맑음,단일로 - 기타,승용,남,71세,상해없음,승용,남,52세,경상
2012121700100076,2012년 12월 17일 07시,월요일,부산광역시 북구 만덕동,경상사고,0,0,1,0,차대사람 - 횡단중,안전운전불이행,건조,맑음,단일로 - 기타,화물,남,31세,상해없음,보행자,여,16세,경상
2012121700100077,2012년 12월 17일 07시,월요일,부산광역시 해운대구 재송동,경상사고,0,0,1,0,차대사람 - 기타,안전운전불이행,건조,맑음,단일로 - 기타,승용,남,29세,상해없음,보행자,남,47세,경상