사고번호,사고일시,요일,시군구,사고내용,사망자수,중상자수,경상자수,부상신고자수,사고유형,법규위반,노면상태,기상상태,도로형태,가해운전자 차종,가해운전자 성별,가해운전자 연령,가해운전자 상해정도,피해운전자 차종,피해운전자 성별,피해운전자 연령,피해운전자 상해정도
2012122100100352,2012년 12월 21일 13시,금요일,부산광역시 연제구 거제동,중상사고,0,1,6,0,차대차 - 추돌 - 진행중,안전거리미확보,습기,비,단일로 - 기타,승용,여,53세,상해없음,승합,남,54세,경상
2012122100100400,2012년 12월 21일 15시,금요일,부산광역시 북구 금곡동,중상사고,0,3,0,0,차대차 - 추돌 - 주정차중,안전운전불이행,습기,비,단일로 - 기타,화물,남,56세,상해없음,승용,여,55세,중상
2012122100100420,2012년 12월 21일 16시,금요일,부산광역시 해운대구 우동,경상사고,0,0,1,0,차대사람 - 횡단중,보행자보호의무위반,습기,비,단일로 - 횡단보도상,원동기,남,38세,상해없음,보행자,남,11세,경상
2012122100100436,2012년 12월 21일 17시,금요일,부산광역시 남구 용당동,경상사고,0,0,2,0,차대차 - 측면직각충돌,교차로운행방법위반,건조,맑음,교차로 - 교차로안,특수,남,44세,상해없음,승용,여,47세,경상
2012122100100437,2012년 12월 21일 17시,금요일,부산광역시 북구 금곡동,중상사고,0,1,0,0,차대차 - 기타,중앙선침범,습기,비,단일로 - 기타,승용,남,44세,상해없음,승용,남,54세,중상
2012122100100438,2012년 12월 21일 17시,금요일,부산광역시 해운대구 반여동,경상사고,0,0,1,0,차대사람 - 횡단중,보행자보호의무위반,습기,비,단일로 - 횡단보도상,화물,남,32세,상해없음,보행자,남,67세,경상
2012122100100439,2012년 12월 21일 17시,금요일,부산광역시 금정구 남산동,중상사고,0,2,1,0,차대차 - 측면직각충돌,교차로운행방법위반,습기,비,교차로 - 교차로부근,승용,남,50세,상해없음,승용,여,47세,중상
2012122100100440,2012년 12월 21일 17시,금요일,부산광역시 연제구 연산동,경상사고,0,0,1,0,차대차 - 추돌 - 진행중,안전거리미확보,건조,기타,단일로 - 기타,승용,남,52세,상해없음,승용,여,28세,경상
2012122100100441,2012년 12월 21일 17시,금요일,부산광역시 강서구 지사동,중상사고,0,1,0,0,차대차 - 측면직각충돌,안전운전불이행,습기,비,교차로 - 교차로안,승합,남,59세,상해없음,승용,남,50세,중상
2012122100100442,2012년 12월 21일 17시,금요일,부산광역시 강서구 송정동,중상사고,0,2,4,0,차대차 - 기타,교차로운행방법위반,습기,비,교차로 - 교차로안,승용,여,58세,상해없음,승합,남,52세,경상
2012122100100443,2012년 12월 21일 17시,금요일,부산광역시 사상구 주례동,경상사고,0,0,1,0,차대사람 - 횡단중,신호위반,습기,비,단일로 - 횡단보도상,승용,남,58세,상해없음,보행자,남,35세,경상
2012122100100444,2012년 12월 21일 17시,금요일,부산광역시 기장군 기장읍,경상사고,0,0,1,0,차대차 - 추돌 - 주정차중,안전운전불이행,습기,비,단일로 - 기타,승용,남,63세,상해없음,승용,여,30세,경상
2012122100100470,2012년 12월 21일 18시,금요일,부산광역시 남구 우암동,경상사고,0,0,1,0,차대차 - 추돌 - 진행중,차로위반,습기,비,교차로 - 교차로부근,화물,남,42세,상해없음,승용,남,30세,경상
2012122100100471,2012년 12월 21일 18시,금요일,부산광역시 해운대구 중동,중상사고,0,2,0,0,차대사람 - 차도통행중,안전운전불이행,습기,비,교차로 - 교차로안,승용,남,46세,상해없음,보행자,여,53세,중상
2012122100100472,2012년 12월 21일 18시,금요일,부산광역시 금정구 노포동,사망사고,1,0,0,0,차대사람 - 횡단중,안전운전불이행,습기,비,단일로 - 횡단보도부근,승합,남,62세,상해없음,보행자,여,74세,사망
2012122100100473,2012년 12월 21일 18시,금요일,부산광역시 사하구 감천동,중상사고,0,1,0,0,차대차 - 추돌 - 주정차중,안전운전불이행,건조,맑음,교차로 - 교차로부근,승용,남,53세,상해없음,승합,남,38세,중상
2012122100100474,2012년 12월 21일 18시,금요일,부산광역시 강서구 명지동,경상사고,0,0,2,0,차대차 - 기타,안전운전불이행,습기,비,미분류 - 미분류,승용,남,32세,상해없음,화물,남,55세,경상
2012122100100475,2012년 12월 21일 18시,금요일,부산광역시 사상구 학장동,경상사고,0,0,1,1,차대차 - 기타,안전운전불이행,습기,비,교차로 - 교차로안,승용,남,50세,경상,승용,남,59세,부상신고
2012122100100476,2012년 12월 21일 18시,금요일,부산광역시 기장군 정관면,중상사고,0,2,0,0,차대차 - 측면직각충돌,신호위반,습기,비,교차로 - 교차로안,승용,남,30세,상해없음,화물,남,52세,중상
2012122100100503,2012년 12월 21일 19시,금요일,부산광역시 북구 화명동,중상사고,0,1,0,0,차대차 - 기타,안전운전불이행,습기,흐림,단일로 - 기타,승용,남,29세,상해없음,이륜,남,27세,중상
2012122100100504,2012년 12월 21일 19시,금요일,부산광역시 해운대구 재송동,경상사고,0,0,3,0,차대차 - 추돌 - 주정차중,안전거리미확보,습기,비,미분류 - 미분류,승용,남,39세,상해없음,승용,남,55세,상해없음
2012122100100505,2012년 12월 21일 19시,금요일,부산광역시 부산진구 부전동,중상사고,0,1,0,0,차대차 - 기타,안전운전불이행,습기,비,교차로 - 교차로안,승합,남,51세,상해없음,승용,여,44세,중상
2012122100100506,2012년 12월 21일 19시,금요일,부산광역시 사하구 신평동,경상사고,0,0,2,0,차대차 - 기타,신호위반,습기,비,교차로 - 교차로안,승용,남,29세,상해없음,승용,남,44세,경상
2012122100100507,2012년 12월 21일 19시,금요일,부산광역시 강서구 신호동,중상사고,0,1,0,0,차대차 - 기타,안전운전불이행,습기,비,교차로 - 교차로부근,승용,여,34세,상해없음,이륜,남,23세,중상
2012122100100508,2012년 12월 21일 19시,금요일,부산광역시 기장군 정관면,중상사고,0,1,0,0,차대사람 - 횡단중,보행자보호의무위반,습기,비,단일로 - 횡단보도상,승용,여,45세,상해없음,보행자,여,36세,중상
2012122100100509,2012년 12월 21일 19시,금요일,부산광역시 기장군 기장읍,중상사고,0,3,1,0,차대차 - 측면직각충돌,신호위반,습기,비,교차로 - 교차로안,승용,여,40세,상해없음,승용,여,31세,중상
2012122100100536,2012년 12월 21일 20시,금요일,부산광역시 남구 대연동,경상사고,0,0,1,0,차대사람 - 보도통행중,보행자보호의무위반,습기,비,단일로 - 횡단보도상,승용,남,69세,상해없음,보행자,여,12세,경상
2012122100100537,2012년 12월 21일 20시,금요일,부산광역시 북구 화명동,경상사고,0,0,1,0,차대차 - 측면직각충돌,중앙선침범,습기,흐림,단일로 - 기타,승용,남,45세,상해없음,이륜,남,46세,경상
2012122100100538,2012년 12월 21일 20시,금요일,부산광역시 사상구 모라동,경상사고,0,0,2,0,차대차 - 기타,안전운전불이행,습기,비,교차로 - 교차로부근,승용,남,58세,상해없음,승용,여,32세,상해없음
2012122100100568,2012년 12월 21일 21시,금요일,부산광역시 북구 화명동,경상사고,0,0,1,0,차대차 - 기타,교차로운행방법위반,습기,비,단일로 - 기타,승용,남,53세,상해없음,이륜,남,27세,경상
2012122100100569,2012년 12월 21일 21시,금요일,부산광역시 동래구 수안동,부상신고사고,0,0,0,1,차대사람 - 차도통행중,안전운전불이행,건조,맑음,단일로 - 기타,이륜,남,17세,상해없음,보행자,남,53세,부상신고
2012122100100571,2012년 12월 21일 21시,금요일,부산광역시 금정구 구서동,경상사고,0,0,1,0,차대차 - 추돌 - 진행중,안전거리미확보,습기,비,단일로 - 기타,승용,남,28세,상해없음,승용,남,56세,경상
2012122100100572,2012년 12월 21일 21시,금요일,부산광역시 금정구 구서동,중상사고,0,3,2,0,차대차 - 추돌 - 주정차중,안전거리미확보,습기,비,단일로 - 기타,승용,남,49세,경상,승용,남,35세,경상
2012122100100573,2012년 12월 21일 21시,금요일,부산광역시 금정구 구서동,중상사고,0,3,0,0,차대차 - 추돌 - 진행중,안전거리미확보,습기,비,단일로 - 기타,승용,남,47세,상해없음,승용,남,49세,중상
2012122100100641,2012년 12월 21일 23시,금요일,부산광역시 영도구 봉래동1가,중상사고,0,1,0,0,차대사람 - 차도통행중,안전운전불이행,건조,흐림,단일로 - 기타,승용,남,42세,상해없음,보행자,남,45세,중상
2012122100100642,2012년 12월 21일 23시,금요일,부산광역시 사상구 학장동,경상사고,0,0,1,0,차대사람 - 차도통행중,안전운전불이행,습기,흐림,단일로 - 기타,승용,남,29세,상해없음,보행자,남,25세,경상
2012122200100009,2012년 12월 22일 00시,토요일,부산광역시 남구 대연동,경상사고,0,0,2,0,차대차 - 추돌 - 주정차중,안전운전불이행,습기,흐림,교차로 - 교차로부근,승용,남,29세,상해없음,승용,남,59세,경상
2012122200100010,2012년 12월 22일 00시,토요일,부산광역시 북구 화명동,경상사고,0,0,1,0,차대차 - 추돌 - 주정차중,안전운전불이행,건조,맑음,단일로 - 기타,승용,남,43세,상해없음,승용,남,63세,경상
2012122200100039,2012년 12월 22일 01시,토요일,부산광역시 동래구 명륜동,부상신고사고,0,0,0,1,차대사람 - 기타,안전운전불이행,건조,맑음,교차로 - 교차로안,승용,남,60세,상해없음,보행자,남,17세,부상신고
2012122200100040,2012년 12월 22일 01시,토요일,부산광역시 동래구 온천동,경상사고,0,0,1,0,차대차 - 측면직각충돌,신호위반,건조,맑음,단일로 - 횡단보도부근,승용,남,60세,상해없음,자전거,남,21세,경상
2012122200100041,2012년 12월 22일 01시,토요일,부산광역시 사상구 엄궁동,중상사고,0,3,0,0,차대차 - 정면충돌,신호위반,습기,비,교차로 - 교차로안,승용,남,28세,상해없음,승용,남,53세,중상
2012122200100066,2012년 12월 22일 02시,토요일,부산광역시 금정구 구서동,경상사고,0,0,1,0,차대사람 - 횡단중,안전운전불이행,건조,맑음,단일로 - 기타,기타불명,기타불명,기타불명,기타불명,보행자,여,25세,경상
2012122200100161,2012년 12월 22일 08시,토요일,부산광역시 동구 초량동,중상사고,0,1,1,1,차대차 - 정면충돌,중앙선침범,건조,맑음,단일로 - 기타,승용,남,24세,부상신고,승용,남,50세,경상
2012122200100162,2012년 12월 22일 08시,토요일,부산광역시 동구 범일동,중상사고,0,2,0,0,차대차 - 기타,중앙선침범,건조,맑음,미분류 - 미분류,화물,남,73세,상해없음,화물,남,51세,중상
2012122200100181,2012년 12월 22일 09시,토요일,부산광역시 남구 용당동,사망사고,1,0,0,0,차량단독 - 공작물충돌,안전운전불이행,건조,맑음,단일로 - 기타,승합,남,74세,사망,,,,
2012122200100182,2012년 12월 22일 09시,토요일,부산광역시 북구 구포동,경상사고,0,0,1,0,차대차 - 기타,안전운전불이행,건조,맑음,단일로 - 기타,승용,남,57세,기타불명,승용,여,51세,경상
2012122200100183,2012년 12월 22일 09시,토요일,부산광역시 기장군 장안읍,경상사고,0,0,4,0,차대차 - 추돌 - 주정차중,안전거리미확보,건조,맑음,단일로 - 기타,승용,남,61세,상해없음,승용,남,46세,경상
2012122200100204,2012년 12월 22일 10시,토요일,부산광역시 서구 토성동1가,중상사고,0,1,0,0,차대차 - 기타,안전거리미확보,건조,맑음,단일로 - 기타,승합,남,60세,상해없음,승용,남,49세,상해없음
2012122200100205,2012년 12월 22일 10시,토요일,부산광역시 수영구 광안동,경상사고,0,0,1,0,차대차 - 측면직각충돌,안전운전불이행,건조,맑음,단일로 - 기타,승용,남,55세,상해없음,화물,남,50세,경상
2012122200100206,2012년 12월 22일 10시,토요일,부산광역시 금정구 남산동,경상사고,0,0,1,0,차대차 - 추돌 - 진행중,안전운전불이행,건조,맑음,교차로 - 교차로부근,승용,여,62세,상해없음,승용,남,56세,경상
2012122200100217,2012년 12월 22일 11시,토요일,부산광역시 금정구 남산동,중상사고,0,1,0,0,차대차 - 기타,안전운전불이행,건조,맑음,단일로 - 기타,승용,남,73세,상해없음,원동기,남,21세,중상
2012122200100218,2012년 12월 22일 11시,토요일,부산광역시 금정구 구서동,중상사고,0,1,0,0,차량단독 - 기타,안전운전불이행,건조,맑음,단일로 - 기타,승합,남,40세,상해없음,,,,
2012122200100251,2012년 12월 22일 13시,토요일,부산광역시 사상구 괘법동,경상사고,0,0,3,0,차대차 - 추돌 - 주정차중,안전운전불이행,건조,맑음,단일로 - 기타,화물,남,52세,상해없음,승용,남,50세,경상
2012122200100276,2012년 12월 22일 14시,토요일,부산광역시 동래구 온천동,경상사고,0,0,4,0,차대차 - 추돌 - 진행중,안전거리미확보,건조,맑음,단일로 - 기타,승용,남,40세,상해없음,승용,남,25세,경상
2012122200100277,2012년 12월 22일 14시,토요일,부산광역시 동래구 명륜동,경상사고,0,0,1,0,차대차 - 추돌 - 주정차중,안전운전불이행,건조,맑음,단일로 - 기타,승용,남,62세,상해없음,승용,여,30세,경상
2012122200100278,2012년 12월 22일 14시,토요일,부산광역시 영도구 대교동1가,중상사고,0,1,0,0,차대사람 - 횡단중,신호위반,건조,맑음,단일로 - 횡단보도상,원동기,남,56세,상해없음,보행자,여,47세,중상
2012122200100279,2012년 12월 22일 14시,토요일,부산광역시 부산진구 부암동,중상사고,0,1,0,0,차대차 - 기타,교차로운행방법위반,기타,맑음,교차로 - 교차로안,승용,여,52세,상해없음,이륜,남,28세,중상
2012122200100299,2012년 12월 22일 15시,토요일,부산광역시 남구 문현동,경상사고,0,0,1,0,차대차 - 측면직각충돌,교차로운행방법위반,건조,맑음,교차로 - 교차로안,승용,남,37세,상해없음,이륜,남,46세,경상
2012122200100300,2012년 12월 22일 15시,토요일,부산광역시 해운대구 우동,중상사고,0,1,0,0,차대사람 - 횡단중,안전운전불이행,건조,맑음,단일로 - 기타,승용,남,31세,상해없음,보행자,남,30세,중상
2012122200100301,2012년 12월 22일 15시,토요일,부산광역시 부산진구 전포동,경상사고,0,0,2,0,차대차 - 측면직각충돌,신호위반,건조,맑음,단일로 - 기타,승용,남,47세,상해없음,승용,여,27세,경상
2012122200100324,2012년 12월 22일 16시,토요일,부산광역시 연제구 연산동,중상사고,0,1,0,0,차대사람 - 횡단중,안전운전불이행,건조,맑음,기타 - 기타,승용,여,34세,상해없음,보행자,남,14세,중상
2012122200100325,2012년 12월 22일 16시,토요일,부산광역시 기장군 기장읍,중상사고,0,2,2,0,차대차 - 기타,안전운전불이행,건조,맑음,단일로 - 기타,승용,남,51세,상해없음,승용,남,32세,경상
2012122200100343,2012년 12월 22일 17시,토요일,부산광역시 해운대구 송정동,경상사고,0,0,2,0,차대차 - 추돌 - 주정차중,안전거리미확보,건조,맑음,단일로 - 기타,승용,남,32세,상해없음,승용,남,42세,상해없음
2012122200100358,2012년 12월 22일 18시,토요일,부산광역시 서구 서대신동1가,경상사고,0,0,1,0,차대차 - 기타,안전거리미확보,건조,맑음,교차로 - 교차로안,승용,남,48세,상해없음,승용,남,50세,경상
2012122200100359,2012년 12월 22일 18시,토요일,부산광역시 동래구 안락동,경상사고,0,0,2,0,차대차 - 기타,안전운전불이행,건조,맑음,단일로 - 기타,승합,남,50세,상해없음,원동기,남,73세,경상
2012122200100360,2012년 12월 22일 18시,토요일,부산광역시 사하구 하단동,경상사고,0,0,1,2,차대차 - 기타,안전거리미확보,건조,맑음,단일로 - 기타,승용,남,42세,상해없음,승용,남,64세,경상
2012122200100390,2012년 12월 22일 19시,토요일,부산광역시 해운대구 중동,경상사고,0,0,1,0,차대차 - 측면직각충돌,안전운전불이행,건조,맑음,단일로 - 기타,승용,남,50세,상해없음,승용,남,26세,경상
2012122200100391,2012년 12월 22일 19시,토요일,부산광역시 사하구 장림동,중상사고,0,1,0,0,차대사람 - 기타,안전운전불이행,건조,맑음,교차로 - 교차로부근,승용,남,47세,상해없음,보행자,여,64세,중상
2012122200100392,2012년 12월 22일 19시,토요일,부산광역시 사상구 학장동,중상사고,0,1,0,0,차대사람 - 횡단중,신호위반,건조,맑음,교차로 - 교차로부근,승용,남,62세,상해없음,보행자,남,28세,중상
2012122200100414,2012년 12월 22일 20시,토요일,부산광역시 남구 대연동,중상사고,0,1,0,0,차대차 - 측면직각충돌,차로위반,건조,맑음,단일로 - 기타,승용,남,30세,상해없음,원동기,남,45세,중상
2012122200100415,2012년 12월 22일 20시,토요일,부산광역시 연제구 거제동,중상사고,0,1,0,0,차대사람 - 횡단중,안전운전불이행,건조,맑음,교차로 - 교차로안,승용,남,52세,상해없음,보행자,남,6세,중상
2012122200100445,2012년 12월 22일 21시,토요일,부산광역시 부산진구 개금동,경상사고,0,0,1,0,차대사람 - 횡단중,신호위반,건조,맑음,단일로 - 횡단보도상,승용,남,50세,상해없음,보행자,여,44세,경상
2012122300100006,2012년 12월 23일 00시,일요일,부산광역시 중구 창선동1가,중상사고,0,1,0,0,차대사람 - 차도통행중,안전운전불이행,건조,맑음,교차로 - 교차로안,승용,남,28세,상해없음,보행자,남,33세,중상
2012122300100007,2012년 12월 23일 00시,일요일,부산광역시 동구 범일동,부상신고사고,0,0,0,1,차대차 - 기타,안전운전불이행,건조,맑음,단일로 - 기타,승용,남,35세,상해없음,승용,남,57세,상해없음
2012122300100008,2012년 12월 23일 00시,일요일,부산광역시 북구 덕천동,경상사고,0,0,1,0,차대사람 - 차도통행중,안전운전불이행,건조,맑음,기타 - 기타,기타불명,기타불명,기타불명,기타불명,보행자,남,27세,경상
2012122300100009,2012년 12월 23일 00시,일요일,부산광역시 금정구 남산동,경상사고,0,0,2,0,차대차 - 측면직각충돌,교차로운행방법위반,건조,맑음,교차로 - 교차로안,승용,남,69세,상해없음,이륜,남,51세,경상
2012122300100010,2012년 12월 23일 00시,일요일,부산광역시 강서구 대저2동,중상사고,0,1,0,0,차대차 - 추돌 - 주정차중,안전운전불이행,건조,맑음,교차로 - 교차로부근,승용,기타불명,기타불명,기타불명,승용,여,44세,중상
2012122300100073,2012년 12월 23일 03시,일요일,부산광역시 수영구 남천동,경상사고,0,0,2,0,차대차 - 기타,안전운전불이행,건조,맑음,단일로 - 기타,승용,남,25세,상해없음,승용,남,58세,상해없음
2012122300100074,2012년 12월 23일 03시,일요일,부산광역시 수영구 민락동,경상사고,0,0,2,0,차대차 - 기타,안전운전불이행,건조,맑음,교차로 - 교차로부근,승용,남,23세,상해없음,승용,남,52세,경상
2012122300100075,2012년 12월 23일 03시,일요일,부산광역시 해운대구 반여동,중상사고,0,1,3,0,차대차 - 정면충돌,신호위반,건조,맑음,교차로 - 교차로안,승용,남,28세,상해없음,승용,남,49세,경상
2012122300100076,2012년 12월 23일 03시,일요일,부산광역시 부산진구 부암동,중상사고,0,1,0,0,차대차 - 기타,안전운전불이행,기타,맑음,교차로 - 교차로안,승용,남,40세,상해없음,승용,여,35세,중상
2012122300100088,2012년 12월 23일 04시,일요일,부산광역시 동래구 온천동,중상사고,0,1,0,0,차대사람 - 횡단중,안전운전불이행,건조,맑음,교차로 - 교차로안,승용,남,46세,상해없음,보행자,남,46세,중상
2012122300100089,2012년 12월 23일 04시,일요일,부산광역시 부산진구 범전동,중상사고,0,1,0,0,차대차 - 기타,안전운전불이행,기타,맑음,단일로 - 기타,화물,남,39세,상해없음,이륜,남,32세,중상
2012122300100098,2012년 12월 23일 05시,일요일,부산광역시 서구 서대신동2가,중상사고,0,1,1,0,차대사람 - 길가장자리구역통행중,안전운전불이행,기타,흐림,단일로 - 기타,승용,남,54세,상해없음,보행자,남,39세,경상
2012122300100108,2012년 12월 23일 06시,일요일,부산광역시 금정구 두구동,경상사고,0,0,2,0,차대차 - 기타,안전운전불이행,건조,맑음,단일로 - 기타,승용,남,48세,상해없음,승용,남,36세,경상
2012122300100117,2012년 12월 23일 07시,일요일,부산광역시 사하구 장림동,경상사고,0,0,1,0,차대차 - 측면직각충돌,신호위반,건조,맑음,단일로 - 기타,승용,남,39세,상해없음,승용,남,42세,경상
2012122300100132,2012년 12월 23일 09시,일요일,부산광역시 금정구 부곡동,부상신고사고,0,0,0,1,차대차 - 추돌 - 주정차중,안전운전불이행,건조,맑음,교차로 - 교차로부근,화물,남,64세,상해없음,승용,남,33세,부상신고
2012122300100133,2012년 12월 23일 09시,일요일,부산광역시 수영구 망미동,중상사고,0,1,0,0,차대차 - 측면직각충돌,안전운전불이행,건조,맑음,단일로 - 기타,승용,남,53세,상해없음,승용,남,57세,중상
2012122300100154,2012년 12월 23일 10시,일요일,부산광역시 강서구 대저1동,중상사고,0,1,3,0,차대차 - 측면직각충돌,신호위반,건조,맑음,교차로 - 교차로안,승용,남,57세,상해없음,승용,남,45세,중상
2012122300100162,2012년 12월 23일 11시,일요일,부산광역시 사상구 감전동,경상사고,0,0,1,1,차대차 - 측면직각충돌,신호위반,건조,맑음,교차로 - 교차로부근,승용,남,68세,부상신고,승합,남,46세,경상
2012122300100193,2012년 12월 23일 13시,일요일,부산광역시 남구 용호동,중상사고,0,1,0,0,차대차 - 추돌 - 주정차중,안전거리미확보,건조,맑음,단일로 - 기타,자전거,남,51세,중상,승용,남,58세,상해없음
2012122300100228,2012년 12월 23일 15시,일요일,부산광역시 동래구 사직동,중상사고,0,1,1,0,차대차 - 측면직각충돌,교차로운행방법위반,건조,맑음,교차로 - 교차로안,승합,남,28세,상해없음,승용,남,51세,상해없음
2012122300100229,2012년 12월 23일 15시,일요일,부산광역시 해운대구 반송동,중상사고,0,1,0,0,차대사람 - 기타,안전운전불이행,건조,맑음,단일로 - 기타,승용,남,26세,상해없음,보행자,남,72세,중상
2012122300100230,2012년 12월 23일 15시,일요일,부산광역시 금정구 남산동,중상사고,0,1,2,0,차대차 - 추돌 - 주정차중,안전운전불이행,건조,맑음,교차로 - 교차로안,화물,여,44세,중상,승용,남,39세,경상
2012122300100261,2012년 12월 23일 16시,일요일,부산광역시 해운대구 반여동,경상사고,0,0,1,0,차대차 - 측면직각충돌,안전운전불이행,건조,맑음,단일로 - 기타,승용,남,37세,상해없음,이륜,남,28세,경상
2012122300100283,2012년 12월 23일 17시,일요일,부산광역시 기장군 정관면,중상사고,0,1,0,0,차량단독 - 도로외이탈 - 추락,안전운전불이행,건조,맑음,기타 - 기타,승용,남,24세,중상,,,,
2012122300100331,2012년 12월 23일 19시,일요일,부산광역시 영도구 청학동,경상사고,0,0,1,0,차대차 - 측면직각충돌,신호위반,건조,맑음,교차로 - 교차로안,승용,남,31세,상해없음,승용,남,28세,경상
2012122300100380,2012년 12월 23일 21시,일요일,부산광역시 남구 대연동,경상사고,0,0,1,0,차대차 - 측면직각충돌,교차로운행방법위반,건조,맑음,교차로 - 교차로안,승용,남,37세,상해없음,승용,남,51세,경상
2012122300100400,2012년 12월 23일 22시,일요일,부산광역시 연제구 연산동,중상사고,0,1,0,0,차대사람 - 길가장자리구역통행중,안전운전불이행,결빙,맑음,단일로 - 기타,이륜,남,16세,상해없음,보행자,여,33세,중상
2012122400100003,2012년 12월 24일 00시,월요일,부산광역시 중구 중앙동4가,중상사고,0,1,1,0,차대차 - 추돌 - 진행중,안전거리미확보,건조,맑음,단일로 - 기타,승용,남,65세,상해없음,승용,남,31세,중상
2012122400100004,2012년 12월 24일 00시,월요일,부산광역시 북구 구포동,중상사고,0,1,0,0,차대사람 - 횡단중,신호위반,건조,맑음,교차로 - 교차로부근,승용,남,51세,상해없음,보행자,남,28세,중상
2012122400100009,2012년 12월 24일 01시,월요일,부산광역시 동구 초량동,경상사고,0,0,1,0,차대차 - 측면직각충돌,안전거리미확보,건조,맑음,교차로 - 교차로부근,승용,남,47세,상해없음,승용,남,43세,상해없음
2012122400100034,2012년 12월 24일 05시,월요일,부산광역시 연제구 연산동,중상사고,0,1,1,0,차대차 - 추돌 - 진행중,신호위반,건조,흐림,교차로 - 교차로안,승용,남,53세,상해없음,승용,남,54세,경상
2012122400100035,2012년 12월 24일 05시,월요일,부산광역시 연제구 연산동,중상사고,0,1,0,0,차대차 - 측면직각충돌,신호위반,건조,흐림,교차로 - 교차로안,승용,여,28세,상해없음,승용,남,47세,중상
2012122400100048,2012년 12월 24일 06시,월요일,부산광역시 사상구 모라동,중상사고,0,1,1,0,차대사람 - 기타,불법유턴,건조,맑음,교차로 - 교차로안,화물,남,23세,상해없음,보행자,남,33세,경상
2012122400100060,2012년 12월 24일 07시,월요일,부산광역시 사상구 괘법동,경상사고,0,0,1,0,차대차 - 기타,안전운전불이행,건조,맑음,단일로 - 기타,화물,남,62세,상해없음,승용,여,23세,경상
2012122400100081,2012년 12월 24일 08시,월요일,부산광역시 수영구 망미동,경상사고,0,0,2,0,차대차 - 기타,차로위반,건조,맑음,단일로 - 기타,승합,남,68세,상해없음,원동기,남,16세,경상
2012122400100108,2012년 12월 24일 09시,월요일,부산광역시 해운대구 우동,경상사고,0,0,1,0,차대차 - 측면직각충돌,안전거리미확보,건조,맑음,교차로 - 교차로부근,원동기,남,72세,상해없음,승용,남,30세,경상
2012122400100124,2012년 12월 24일 10시,월요일,부산광역시 동래구 온천동,중상사고,0,1,0,0,차대사람 - 횡단중,안전운전불이행,건조,맑음,단일로 - 기타,승용,여,47세,상해없음,보행자,남,83세,중상
2012122400100125,2012년 12월 24일 10시,월요일,부산광역시 사하구 괴정동,경상사고,0,0,1,0,차대사람 - 차도통행중,안전운전불이행,건조,맑음,단일로 - 기타,승용,남,38세,상해없음,보행자,남,71세,경상
2012122400100146,2012년 12월 24일 11시,월요일,부산광역시 중구 중앙동4가,중상사고,0,1,0,0,차대사람 - 기타,안전운전불이행,건조,맑음,교차로 - 교차로안,화물,남,33세,상해없음,보행자,여,68세,중상
2012122400100147,2012년 12월 24일 11시,월요일,부산광역시 수영구 광안동,중상사고,0,3,1,0,차대차 - 추돌 - 진행중,안전운전불이행,건조,맑음,단일로 - 교량,승용,남,62세,상해없음,화물,남,45세,중상
2012122400100148,2012년 12월 24일 11시,월요일,부산광역시 부산진구 전포동,중상사고,0,1,0,0,차대사람 - 기타,보행자보호의무위반,기타,맑음,교차로 - 교차로부근,승용,여,48세,상해없음,보행자,남,40세,중상
2012122400100149,2012년 12월 24일 11시,월요일,부산광역시 사상구 괘법동,중상사고,0,1,0,0,차대차 - 추돌 - 진행중,안전운전불이행,건조,맑음,교차로 - 교차로안,승용,남,30세,상해없음,승용,남,33세,중상
2012122400100196,2012년 12월 24일 13시,월요일,부산광역시 부산진구 전포동,경상사고,0,0,1,0,차대차 - 기타,신호위반,건조,맑음,교차로 - 교차로안,원동기,남,30세,경상,화물,남,34세,상해없음
2012122400100197,2012년 12월 24일 13시,월요일,부산광역시 금정구 장전동,경상사고,0,0,1,0,차대차 - 측면직각충돌,불법유턴,건조,맑음,단일로 - 횡단보도상,자전거,여,43세,경상,승용,여,40세,상해없음
2012122400100198,2012년 12월 24일 13시,월요일,부산광역시 기장군 정관면,부상신고사고,0,0,0,1,차대차 - 기타,신호위반,건조,맑음,교차로 - 교차로안,이륜,남,41세,부상신고,화물,남,44세,상해없음
2012122400100256,2012년 12월 24일 15시,월요일,부산광역시 해운대구 좌동,경상사고,0,0,1,0,차대사람 - 차도통행중,안전운전불이행,건조,맑음,교차로 - 교차로안,승용,남,33세,상해없음,보행자,여,62세,경상
2012122400100257,2012년 12월 24일 15시,월요일,부산광역시 사하구 감천동,경상사고,0,0,1,0,차대차 - 측면직각충돌,안전운전불이행,건조,맑음,교차로 - 교차로부근,화물,남,44세,상해없음,승합,여,56세,경상
2012122400100291,2012년 12월 24일 16시,월요일,부산광역시 동구 좌천동,경상사고,0,0,1,0,차대차 - 추돌 - 진행중,안전거리미확보,건조,맑음,교차로 - 교차로안,특수,남,53세,상해없음,승용,여,27세,경상
2012122400100292,2012년 12월 24일 16시,월요일,부산광역시 남구 대연동,경상사고,0,0,2,0,차대차 - 추돌 - 진행중,안전운전불이행,건조,맑음,단일로 - 터널,승용,여,42세,상해없음,승용,남,37세,경상