사고번호,사고일시,요일,시군구,사고내용,사망자수,중상자수,경상자수,부상신고자수,사고유형,법규위반,노면상태,기상상태,도로형태,가해운전자 차종,가해운전자 성별,가해운전자 연령,가해운전자 상해정도,피해운전자 차종,피해운전자 성별,피해운전자 연령,피해운전자 상해정도
2012122400100293,2012년 12월 24일 16시,월요일,부산광역시 동래구 온천동,경상사고,0,0,2,0,차대차 - 추돌 - 진행중,안전거리미확보,건조,맑음,단일로 - 터널,승용,남,21세,상해없음,승용,남,27세,경상
2012122400100294,2012년 12월 24일 16시,월요일,부산광역시 부산진구 전포동,중상사고,0,1,0,0,차대사람 - 기타,보행자보호의무위반,건조,맑음,교차로 - 교차로안,화물,남,38세,상해없음,보행자,여,73세,중상
2012122400100295,2012년 12월 24일 16시,월요일,부산광역시 사하구 장림동,경상사고,0,0,1,0,차대차 - 측면직각충돌,직진우회전진행방해,건조,맑음,교차로 - 교차로안,승용,남,35세,상해없음,승용,남,31세,경상
2012122400100322,2012년 12월 24일 17시,월요일,부산광역시 중구 남포동3가,경상사고,0,0,2,0,차대차 - 측면직각충돌,안전거리미확보,건조,맑음,단일로 - 기타,화물,남,32세,상해없음,승용,남,28세,경상
2012122400100323,2012년 12월 24일 17시,월요일,부산광역시 남구 대연동,중상사고,0,2,0,0,차대차 - 측면직각충돌,중앙선침범,건조,맑음,단일로 - 기타,승용,남,43세,상해없음,승용,남,43세,중상
2012122400100356,2012년 12월 24일 18시,월요일,부산광역시 북구 만덕동,경상사고,0,0,1,0,차대차 - 추돌 - 진행중,안전운전불이행,건조,맑음,단일로 - 기타,화물,여,58세,상해없음,화물,남,55세,상해없음
2012122400100357,2012년 12월 24일 18시,월요일,부산광역시 동래구 사직동,부상신고사고,0,0,0,1,차대차 - 기타,안전운전불이행,건조,맑음,교차로 - 교차로부근,승용,남,24세,상해없음,자전거,남,69세,부상신고
2012122400100358,2012년 12월 24일 18시,월요일,부산광역시 부산진구 당감동,경상사고,0,0,1,0,차대사람 - 기타,신호위반,건조,맑음,단일로 - 횡단보도상,화물,남,60세,상해없음,보행자,남,80세,경상
2012122400100359,2012년 12월 24일 18시,월요일,부산광역시 사상구 모라동,중상사고,0,1,0,0,차대차 - 추돌 - 주정차중,안전운전불이행,건조,맑음,단일로 - 기타,화물,남,51세,상해없음,승용,여,59세,중상
2012122400100412,2012년 12월 24일 19시,월요일,부산광역시 중구 중앙동2가,경상사고,0,0,5,0,차대차 - 추돌 - 진행중,안전운전불이행,건조,맑음,교차로 - 교차로부근,승용,남,54세,상해없음,승용,남,23세,경상
2012122400100413,2012년 12월 24일 19시,월요일,부산광역시 남구 대연동,중상사고,0,1,0,0,차대사람 - 횡단중,안전운전불이행,건조,맑음,단일로 - 횡단보도상,승합,남,55세,상해없음,보행자,여,39세,중상
2012122400100451,2012년 12월 24일 20시,월요일,부산광역시 금정구 장전동,경상사고,0,0,1,0,차대차 - 추돌 - 주정차중,안전운전불이행,건조,맑음,단일로 - 기타,이륜,남,24세,상해없음,승용,남,28세,경상
2012122400100452,2012년 12월 24일 20시,월요일,부산광역시 금정구 부곡동,중상사고,0,1,0,0,차대사람 - 기타,안전운전불이행,건조,맑음,단일로 - 기타,승용,남,23세,상해없음,보행자,남,16세,중상
2012122400100453,2012년 12월 24일 20시,월요일,부산광역시 사하구 장림동,경상사고,0,0,1,0,차대차 - 기타,교차로운행방법위반,건조,맑음,교차로 - 교차로안,승용,남,43세,상해없음,승용,남,31세,경상
2012122400100454,2012년 12월 24일 20시,월요일,부산광역시 강서구 대저1동,경상사고,0,0,1,0,차대차 - 측면직각충돌,신호위반,건조,맑음,교차로 - 교차로안,승용,여,61세,상해없음,승용,남,45세,경상
2012122400100491,2012년 12월 24일 21시,월요일,부산광역시 남구 용호동,경상사고,0,0,1,0,차대차 - 측면직각충돌,안전운전불이행,건조,맑음,단일로 - 기타,승용,남,47세,상해없음,승용,남,38세,경상
2012122400100492,2012년 12월 24일 21시,월요일,부산광역시 금정구 서동,경상사고,0,0,1,0,차대차 - 측면직각충돌,안전운전불이행,건조,맑음,교차로 - 교차로안,승용,남,55세,상해없음,이륜,남,17세,경상
2012122400100493,2012년 12월 24일 21시,월요일,부산광역시 사하구 감천동,경상사고,0,0,2,0,차대사람 - 기타,불법유턴,건조,맑음,단일로 - 기타,승용,남,32세,상해없음,보행자,여,34세,경상
2012122400100515,2012년 12월 24일 22시,월요일,부산광역시 남구 감만동,중상사고,0,1,0,0,차대사람 - 길가장자리구역통행중,안전운전불이행,건조,맑음,단일로 - 기타,승용,여,26세,상해없음,보행자,여,53세,중상
2012122400100516,2012년 12월 24일 22시,월요일,부산광역시 북구 덕천동,중상사고,0,1,0,0,차대사람 - 기타,안전운전불이행,결빙,맑음,단일로 - 기타,원동기,남,18세,상해없음,보행자,여,57세,중상
2012122400100517,2012년 12월 24일 22시,월요일,부산광역시 강서구 대저2동,중상사고,0,3,0,0,차대차 - 추돌 - 진행중,안전운전불이행,건조,맑음,단일로 - 횡단보도부근,화물,남,54세,상해없음,승용,남,39세,중상
2012122400100548,2012년 12월 24일 23시,월요일,부산광역시 해운대구 우동,경상사고,0,0,1,0,차대차 - 추돌 - 주정차중,안전거리미확보,건조,맑음,단일로 - 기타,승용,여,56세,상해없음,승용,남,54세,경상
2012122400100549,2012년 12월 24일 23시,월요일,부산광역시 강서구 범방동,중상사고,0,2,0,0,차대차 - 추돌 - 진행중,안전운전불이행,건조,맑음,단일로 - 기타,특수,남,44세,상해없음,승용,여,48세,중상
2012122500100006,2012년 12월 25일 00시,화요일,부산광역시 북구 덕천동,경상사고,0,0,1,1,차대차 - 정면충돌,신호위반,건조,맑음,교차로 - 교차로안,승용,남,22세,상해없음,승용,남,27세,경상
2012122500100023,2012년 12월 25일 01시,화요일,부산광역시 중구 보수동1가,중상사고,0,1,0,0,차대사람 - 차도통행중,안전운전불이행,건조,맑음,단일로 - 기타,승용,남,39세,상해없음,보행자,남,53세,중상
2012122500100024,2012년 12월 25일 01시,화요일,부산광역시 남구 문현동,중상사고,0,1,0,0,차대사람 - 기타,안전운전불이행,건조,맑음,단일로 - 기타,승용,남,40세,상해없음,보행자,남,53세,중상
2012122500100025,2012년 12월 25일 01시,화요일,부산광역시 사상구 감전동,부상신고사고,0,0,0,1,차대차 - 추돌 - 진행중,안전운전불이행,건조,맑음,교차로 - 교차로안,자전거,남,30세,부상신고,화물,남,29세,상해없음
2012122500100066,2012년 12월 25일 03시,화요일,부산광역시 남구 문현동,경상사고,0,0,1,0,차대차 - 추돌 - 주정차중,안전운전불이행,건조,맑음,교차로 - 교차로부근,승용,남,55세,상해없음,승용,남,54세,경상
2012122500100146,2012년 12월 25일 09시,화요일,부산광역시 서구 암남동,중상사고,0,1,0,0,차대차 - 측면직각충돌,신호위반,건조,맑음,교차로 - 교차로안,승용,남,65세,상해없음,이륜,남,51세,중상
2012122500100201,2012년 12월 25일 13시,화요일,부산광역시 북구 화명동,경상사고,0,0,4,0,차대사람 - 기타,안전운전불이행,건조,맑음,단일로 - 기타,승용,여,51세,상해없음,보행자,여,59세,경상
2012122500100202,2012년 12월 25일 13시,화요일,부산광역시 부산진구 가야동,중상사고,0,2,4,0,차대차 - 측면직각충돌,신호위반,건조,맑음,교차로 - 교차로안,승용,여,41세,상해없음,승용,남,59세,중상
2012122500100203,2012년 12월 25일 13시,화요일,부산광역시 연제구 거제동,중상사고,0,1,0,0,차대차 - 측면직각충돌,신호위반,건조,맑음,단일로 - 기타,이륜,남,30세,중상,승용,남,51세,상해없음
2012122500100204,2012년 12월 25일 13시,화요일,부산광역시 사상구 엄궁동,중상사고,0,1,0,0,차대차 - 추돌 - 진행중,안전거리미확보,건조,맑음,단일로 - 기타,승용,여,36세,상해없음,승용,남,49세,중상
2012122500100216,2012년 12월 25일 14시,화요일,부산광역시 남구 문현동,경상사고,0,0,1,0,차대차 - 기타,차로위반,건조,맑음,교차로 - 교차로부근,화물,남,49세,경상,승합,남,53세,상해없음
2012122500100217,2012년 12월 25일 14시,화요일,부산광역시 강서구 명지동,경상사고,0,0,1,0,차대차 - 측면직각충돌,중앙선침범,건조,맑음,교차로 - 교차로안,승용,여,52세,상해없음,원동기,남,24세,경상
2012122500100261,2012년 12월 25일 16시,화요일,부산광역시 사하구 하단동,중상사고,0,1,0,0,차대차 - 측면직각충돌,신호위반,건조,맑음,교차로 - 교차로안,승합,남,62세,상해없음,원동기,남,24세,중상
2012122500100292,2012년 12월 25일 17시,화요일,부산광역시 사하구 괴정동,경상사고,0,0,1,0,차대차 - 기타,안전운전불이행,건조,맑음,단일로 - 기타,승합,남,43세,상해없음,원동기,남,37세,상해없음
2012122500100293,2012년 12월 25일 17시,화요일,부산광역시 사상구 엄궁동,경상사고,0,0,3,0,차대차 - 측면직각충돌,안전운전불이행,건조,맑음,단일로 - 기타,승용,여,49세,상해없음,승용,남,35세,경상
2012122500100320,2012년 12월 25일 18시,화요일,부산광역시 연제구 연산동,중상사고,0,1,0,0,차대사람 - 횡단중,신호위반,건조,맑음,단일로 - 횡단보도부근,화물,남,54세,상해없음,보행자,여,15세,중상
2012122500100341,2012년 12월 25일 19시,화요일,부산광역시 사상구 주례동,중상사고,0,1,0,1,차대사람 - 횡단중,안전운전불이행,건조,맑음,교차로 - 교차로부근,원동기,남,18세,상해없음,보행자,여,14세,부상신고
2012122500100367,2012년 12월 25일 20시,화요일,부산광역시 기장군 기장읍,중상사고,0,1,1,0,차대사람 - 차도통행중,안전운전불이행,건조,맑음,교차로 - 교차로부근,이륜,남,18세,경상,보행자,여,73세,중상
2012122500100390,2012년 12월 25일 21시,화요일,부산광역시 사상구 모라동,중상사고,0,1,0,0,차대차 - 측면직각충돌,안전운전불이행,건조,맑음,단일로 - 기타,승용,남,65세,상해없음,원동기,남,45세,중상
2012122500100414,2012년 12월 25일 22시,화요일,부산광역시 부산진구 당감동,경상사고,0,0,1,0,차대차 - 기타,안전운전불이행,기타,맑음,단일로 - 기타,승용,남,68세,상해없음,승용,남,49세,경상
2012122600100075,2012년 12월 26일 07시,수요일,부산광역시 사하구 감천동,경상사고,0,0,2,0,차대차 - 측면직각충돌,안전거리미확보,건조,맑음,교차로 - 교차로부근,승용,남,56세,상해없음,승용,남,60세,경상
2012122600100109,2012년 12월 26일 08시,수요일,부산광역시 중구 남포동2가,중상사고,0,1,1,0,차대차 - 측면직각충돌,신호위반,건조,맑음,교차로 - 교차로안,승용,남,65세,상해없음,승용,남,64세,상해없음
2012122600100110,2012년 12월 26일 08시,수요일,부산광역시 북구 화명동,중상사고,0,1,0,0,차대차 - 추돌 - 진행중,안전거리미확보,건조,맑음,교차로 - 교차로안,화물,남,27세,상해없음,승용,남,75세,중상
2012122600100148,2012년 12월 26일 09시,수요일,부산광역시 동래구 명장동,중상사고,0,1,0,0,차대사람 - 차도통행중,안전운전불이행,건조,맑음,교차로 - 교차로부근,승용,남,63세,상해없음,보행자,여,72세,중상
2012122600100174,2012년 12월 26일 10시,수요일,부산광역시 사상구 괘법동,경상사고,0,0,1,0,차대차 - 추돌 - 진행중,안전거리미확보,건조,맑음,교차로 - 교차로부근,승용,남,19세,상해없음,승용,남,43세,경상
2012122600100209,2012년 12월 26일 11시,수요일,부산광역시 수영구 광안동,중상사고,0,1,0,0,차량단독 - 공작물충돌,안전운전불이행,건조,맑음,단일로 - 기타,승용,남,42세,기타불명,,,,
2012122600100244,2012년 12월 26일 12시,수요일,부산광역시 북구 만덕동,경상사고,0,0,1,0,차대차 - 측면직각충돌,안전거리미확보,건조,맑음,교차로 - 교차로부근,화물,남,48세,상해없음,승용,남,50세,경상
2012122600100245,2012년 12월 26일 12시,수요일,부산광역시 사하구 장림동,경상사고,0,0,1,0,차량단독 - 기타,안전운전불이행,건조,맑음,단일로 - 기타,승합,남,49세,상해없음,,,,
2012122600100246,2012년 12월 26일 12시,수요일,부산광역시 강서구 명지동,경상사고,0,0,1,0,차대차 - 기타,안전거리미확보,건조,맑음,교차로 - 교차로안,승용,남,60세,상해없음,화물,남,51세,경상
2012122600100298,2012년 12월 26일 14시,수요일,부산광역시 부산진구 연지동,중상사고,0,1,0,0,차대사람 - 횡단중,신호위반,건조,맑음,단일로 - 횡단보도부근,승용,여,51세,상해없음,보행자,여,33세,중상
2012122600100327,2012년 12월 26일 15시,수요일,부산광역시 사하구 신평동,경상사고,0,0,1,0,차대사람 - 기타,안전운전불이행,건조,맑음,단일로 - 기타,승용,기타불명,기타불명,기타불명,보행자,남,17세,경상
2012122600100355,2012년 12월 26일 16시,수요일,부산광역시 동래구 온천동,중상사고,0,1,0,0,차대차 - 측면직각충돌,안전거리미확보,건조,맑음,단일로 - 기타,승용,남,30세,상해없음,이륜,남,18세,중상
2012122600100357,2012년 12월 26일 16시,수요일,부산광역시 사상구 괘법동,경상사고,0,0,2,0,차대차 - 기타,안전운전불이행,건조,맑음,단일로 - 기타,승합,남,55세,상해없음,화물,남,26세,경상
2012122600100404,2012년 12월 26일 17시,수요일,부산광역시 중구 남포동1가,경상사고,0,0,1,0,차대차 - 측면직각충돌,안전운전불이행,건조,맑음,단일로 - 기타,승합,남,63세,상해없음,승용,남,66세,경상
2012122600100405,2012년 12월 26일 17시,수요일,부산광역시 사상구 감전동,경상사고,0,0,1,0,차대차 - 기타,안전거리미확보,건조,맑음,단일로 - 기타,승용,남,27세,상해없음,승용,여,31세,경상
2012122600100438,2012년 12월 26일 18시,수요일,부산광역시 남구 대연동,경상사고,0,0,2,0,차대차 - 추돌 - 진행중,신호위반,건조,맑음,단일로 - 기타,승용,남,55세,상해없음,원동기,남,26세,경상
2012122600100440,2012년 12월 26일 18시,수요일,부산광역시 해운대구 우동,중상사고,0,1,0,0,차대차 - 추돌 - 진행중,차로위반,건조,맑음,단일로 - 기타,승용,여,22세,상해없음,이륜,남,32세,중상
2012122600100441,2012년 12월 26일 18시,수요일,부산광역시 사하구 신평동,중상사고,0,1,0,0,차대사람 - 기타,안전운전불이행,건조,맑음,단일로 - 기타,승용,남,60세,상해없음,보행자,남,58세,중상
2012122600100487,2012년 12월 26일 19시,수요일,부산광역시 동래구 온천동,중상사고,0,1,0,0,차대차 - 기타,안전운전불이행,건조,맑음,교차로 - 교차로안,승용,남,63세,상해없음,승용,남,32세,중상
2012122600100594,2012년 12월 26일 22시,수요일,부산광역시 금정구 남산동,부상신고사고,0,0,0,1,차대사람 - 기타,안전운전불이행,건조,맑음,단일로 - 기타,승용,남,32세,상해없음,보행자,남,56세,부상신고
2012122600100632,2012년 12월 26일 23시,수요일,부산광역시 동구 초량동,중상사고,0,1,0,0,차대사람 - 기타,안전운전불이행,건조,맑음,단일로 - 기타,승용,남,68세,상해없음,보행자,남,31세,중상
2012122600100633,2012년 12월 26일 23시,수요일,부산광역시 연제구 연산동,부상신고사고,0,0,0,1,차대차 - 측면직각충돌,교차로운행방법위반,건조,맑음,교차로 - 교차로부근,승용,남,36세,상해없음,승용,남,27세,부상신고
2012122700100009,2012년 12월 27일 00시,목요일,부산광역시 동구 범일동,중상사고,0,1,0,0,차대차 - 측면직각충돌,신호위반,건조,맑음,교차로 - 교차로안,승용,남,40세,상해없음,승용,남,28세,중상
2012122700100010,2012년 12월 27일 00시,목요일,부산광역시 수영구 민락동,중상사고,0,1,0,0,차대사람 - 기타,안전운전불이행,건조,맑음,단일로 - 기타,승용,남,46세,상해없음,보행자,남,20세,중상
2012122700100011,2012년 12월 27일 00시,목요일,부산광역시 동래구 사직동,경상사고,0,0,1,0,차대차 - 추돌 - 주정차중,안전운전불이행,건조,맑음,단일로 - 횡단보도부근,승용,남,45세,상해없음,승용,남,55세,상해없음
2012122700100038,2012년 12월 27일 01시,목요일,부산광역시 중구 중앙동2가,중상사고,0,1,1,0,차대차 - 측면직각충돌,신호위반,건조,맑음,교차로 - 교차로안,화물,남,26세,상해없음,승용,남,48세,경상
2012122700100039,2012년 12월 27일 01시,목요일,부산광역시 동래구 안락동,경상사고,0,0,1,0,차대차 - 추돌 - 주정차중,안전운전불이행,건조,맑음,단일로 - 기타,승용,남,34세,상해없음,승용,남,27세,상해없음
2012122700100040,2012년 12월 27일 01시,목요일,부산광역시 부산진구 부전동,중상사고,0,1,0,0,차대사람 - 기타,안전운전불이행,건조,맑음,단일로 - 횡단보도부근,승용,남,71세,상해없음,보행자,남,50세,중상
2012122700100091,2012년 12월 27일 05시,목요일,부산광역시 연제구 연산동,경상사고,0,0,1,0,차대차 - 기타,안전운전불이행,건조,맑음,단일로 - 기타,승용,남,36세,상해없음,승용,남,59세,상해없음
2012122700100102,2012년 12월 27일 06시,목요일,부산광역시 동래구 온천동,경상사고,0,0,1,0,차대차 - 측면직각충돌,중앙선침범,건조,맑음,단일로 - 기타,승용,기타불명,기타불명,기타불명,승합,남,56세,상해없음
2012122700100139,2012년 12월 27일 08시,목요일,부산광역시 부산진구 부전동,경상사고,0,0,2,1,차대차 - 측면직각충돌,차로위반,건조,맑음,단일로 - 기타,화물,남,67세,상해없음,승용,남,22세,경상
2012122700100140,2012년 12월 27일 08시,목요일,부산광역시 강서구 화전동,경상사고,0,0,2,0,차대차 - 측면직각충돌,신호위반,건조,맑음,교차로 - 교차로안,승용,남,23세,상해없음,화물,남,40세,경상
2012122700100163,2012년 12월 27일 09시,목요일,부산광역시 부산진구 부전동,경상사고,0,0,1,0,차대차 - 기타,안전운전불이행,건조,맑음,단일로 - 기타,승용,남,52세,상해없음,원동기,남,22세,경상
2012122700100164,2012년 12월 27일 09시,목요일,부산광역시 사상구 감전동,경상사고,0,0,1,0,차대차 - 측면직각충돌,안전운전불이행,건조,맑음,단일로 - 기타,화물,기타불명,기타불명,기타불명,승용,남,23세,경상
2012122700100207,2012년 12월 27일 11시,목요일,부산광역시 사하구 다대동,경상사고,0,0,1,0,차대차 - 측면직각충돌,안전운전불이행,건조,맑음,교차로 - 교차로안,이륜,남,29세,상해없음,이륜,여,43세,경상
2012122700100262,2012년 12월 27일 13시,목요일,부산광역시 금정구 부곡동,경상사고,0,0,2,0,차량단독 - 기타,안전운전불이행,건조,맑음,단일로 - 기타,승합,남,47세,상해없음,,,,
2012122700100320,2012년 12월 27일 15시,목요일,부산광역시 부산진구 당감동,중상사고,0,1,0,0,차대사람 - 기타,신호위반,건조,맑음,단일로 - 기타,승용,여,43세,상해없음,보행자,여,57세,중상
2012122700100321,2012년 12월 27일 15시,목요일,부산광역시 사하구 신평동,중상사고,0,1,1,0,차대차 - 기타,안전운전불이행,건조,맑음,단일로 - 기타,화물,남,53세,상해없음,승용,남,35세,중상
2012122700100322,2012년 12월 27일 15시,목요일,부산광역시 사상구 감전동,중상사고,0,1,0,0,차대사람 - 보도통행중,보행자보호의무위반,건조,맑음,교차로 - 교차로부근,화물,남,22세,상해없음,보행자,여,56세,중상
2012122700100349,2012년 12월 27일 16시,목요일,부산광역시 서구 동대신동1가,중상사고,0,1,1,0,차대차 - 추돌 - 진행중,안전거리미확보,건조,맑음,단일로 - 기타,승용,남,53세,상해없음,승용,여,55세,경상
2012122700100376,2012년 12월 27일 17시,목요일,부산광역시 서구 아미동1가,경상사고,0,0,2,0,차대차 - 추돌 - 진행중,안전거리미확보,건조,맑음,단일로 - 기타,승용,남,56세,상해없음,승용,남,36세,경상
2012122700100377,2012년 12월 27일 17시,목요일,부산광역시 남구 감만동,중상사고,0,1,0,0,차량단독 - 기타,안전운전불이행,건조,맑음,단일로 - 기타,승합,남,39세,상해없음,,,,
2012122700100378,2012년 12월 27일 17시,목요일,부산광역시 금정구 구서동,경상사고,0,0,1,0,차대차 - 측면직각충돌,안전운전불이행,건조,맑음,교차로 - 교차로안,승용,남,22세,상해없음,이륜,남,29세,경상
2012122700100380,2012년 12월 27일 17시,목요일,부산광역시 사상구 학장동,중상사고,0,1,0,0,차대차 - 추돌 - 진행중,안전운전불이행,건조,맑음,단일로 - 기타,승용,남,55세,상해없음,이륜,남,39세,중상
2012122700100412,2012년 12월 27일 18시,목요일,부산광역시 중구 남포동1가,중상사고,0,1,0,0,차대사람 - 횡단중,보행자보호의무위반,건조,맑음,단일로 - 횡단보도상,승합,남,49세,상해없음,보행자,남,29세,중상
2012122700100413,2012년 12월 27일 18시,목요일,부산광역시 수영구 남천동,경상사고,0,0,1,0,차대차 - 추돌 - 주정차중,안전운전불이행,건조,맑음,교차로 - 교차로부근,승용,남,66세,상해없음,승용,남,30세,경상
2012122700100414,2012년 12월 27일 18시,목요일,부산광역시 동래구 복천동,중상사고,0,1,0,0,차대사람 - 차도통행중,안전운전불이행,건조,맑음,단일로 - 횡단보도부근,승용,남,66세,상해없음,보행자,여,66세,중상
2012122700100415,2012년 12월 27일 18시,목요일,부산광역시 동래구 사직동,경상사고,0,0,1,0,차대차 - 측면직각충돌,교차로운행방법위반,건조,맑음,교차로 - 교차로안,승용,여,42세,상해없음,승용,남,55세,경상
2012122700100416,2012년 12월 27일 18시,목요일,부산광역시 금정구 구서동,경상사고,0,0,1,0,차대사람 - 횡단중,안전운전불이행,건조,맑음,교차로 - 교차로안,승용,남,67세,상해없음,보행자,여,66세,경상
2012122700100417,2012년 12월 27일 18시,목요일,부산광역시 사하구 신평동,경상사고,0,0,1,0,차대차 - 기타,안전운전불이행,건조,맑음,기타 - 기타,건설기계,남,57세,상해없음,자전거,남,54세,경상
2012122700100418,2012년 12월 27일 18시,목요일,부산광역시 사하구 하단동,경상사고,0,0,1,0,차대사람 - 기타,안전운전불이행,건조,맑음,단일로 - 기타,기타불명,기타불명,기타불명,기타불명,보행자,여,47세,경상
2012122700100419,2012년 12월 27일 18시,목요일,부산광역시 기장군 철마면,중상사고,0,1,0,0,차대차 - 기타,신호위반,건조,맑음,교차로 - 교차로안,승용,여,26세,상해없음,자전거,남,29세,중상
2012122700100469,2012년 12월 27일 19시,목요일,부산광역시 기장군 기장읍,경상사고,0,0,1,0,차대차 - 측면직각충돌,직진우회전진행방해,건조,맑음,교차로 - 교차로안,승용,남,47세,상해없음,이륜,남,53세,경상
2012122700100493,2012년 12월 27일 20시,목요일,부산광역시 부산진구 양정동,경상사고,0,0,1,0,차대차 - 기타,교차로운행방법위반,건조,맑음,교차로 - 교차로안,승용,남,40세,상해없음,자전거,여,47세,경상
2012122700100494,2012년 12월 27일 20시,목요일,부산광역시 부산진구 부암동,경상사고,0,0,1,0,차대차 - 기타,안전운전불이행,건조,맑음,단일로 - 기타,승용,남,32세,상해없음,승용,남,38세,상해없음
2012122700100526,2012년 12월 27일 21시,목요일,부산광역시 북구 화명동,경상사고,0,0,1,0,차대차 - 측면직각충돌,신호위반,건조,맑음,교차로 - 교차로안,화물,남,37세,상해없음,원동기,남,18세,경상
2012122700100527,2012년 12월 27일 21시,목요일,부산광역시 사상구 덕포동,중상사고,0,1,0,0,차대사람 - 기타,안전운전불이행,건조,흐림,교차로 - 교차로부근,승용,남,29세,상해없음,보행자,남,53세,중상
2012122700100560,2012년 12월 27일 22시,목요일,부산광역시 사하구 괴정동,중상사고,0,1,3,0,차대차 - 측면직각충돌,교차로운행방법위반,건조,맑음,교차로 - 교차로안,승용,여,22세,상해없음,승용,남,36세,경상
2012122700100561,2012년 12월 27일 22시,목요일,부산광역시 사상구 괘법동,중상사고,0,2,0,0,차량단독 - 기타,기타,건조,맑음,단일로 - 기타,승합,남,37세,상해없음,,,,
2012122800100008,2012년 12월 28일 00시,금요일,부산광역시 서구 충무동1가,중상사고,0,1,0,0,차대사람 - 기타,안전운전불이행,건조,맑음,단일로 - 기타,승용,남,48세,상해없음,보행자,남,61세,중상
2012122800100009,2012년 12월 28일 00시,금요일,부산광역시 동래구 명장동,경상사고,0,0,2,0,차대차 - 측면직각충돌,안전거리미확보,건조,맑음,교차로 - 교차로안,승용,남,52세,기타불명,승용,남,35세,경상
2012122800100058,2012년 12월 28일 02시,금요일,부산광역시 동래구 온천동,중상사고,0,1,0,0,차대사람 - 횡단중,안전운전불이행,습기,맑음,단일로 - 기타,승용,여,31세,상해없음,보행자,여,22세,중상
2012122800100071,2012년 12월 28일 03시,금요일,부산광역시 부산진구 개금동,경상사고,0,0,1,0,차대차 - 기타,안전운전불이행,적설,눈,단일로 - 기타,승용,남,42세,상해없음,이륜,남,42세,경상
2012122800100084,2012년 12월 28일 04시,금요일,부산광역시 연제구 연산동,경상사고,0,0,3,0,차대차 - 추돌 - 진행중,안전거리미확보,적설,눈,단일로 - 횡단보도부근,승용,남,34세,상해없음,승용,남,56세,경상
2012122800100085,2012년 12월 28일 04시,금요일,부산광역시 사상구 학장동,중상사고,0,2,0,0,차대차 - 측면직각충돌,안전운전불이행,적설,눈,단일로 - 기타,승용,남,53세,중상,승용,남,58세,기타불명
2012122800100086,2012년 12월 28일 04시,금요일,부산광역시 사상구 학장동,경상사고,0,0,1,0,차량단독 - 기타,안전운전불이행,적설,맑음,단일로 - 기타,승용,남,58세,상해없음,,,,
2012122800100095,2012년 12월 28일 05시,금요일,부산광역시 강서구 봉림동,중상사고,0,1,0,0,차대차 - 기타,신호위반,적설,눈,교차로 - 교차로안,승합,남,54세,상해없음,승용,남,32세,중상
2012122800100096,2012년 12월 28일 05시,금요일,부산광역시 기장군 철마면,경상사고,0,0,1,0,차대차 - 추돌 - 진행중,안전운전불이행,결빙,비,단일로 - 기타,승용,여,27세,상해없음,승용,남,42세,경상
2012122800100097,2012년 12월 28일 05시,금요일,부산광역시 기장군 철마면,경상사고,0,0,1,0,차대차 - 추돌 - 주정차중,안전운전불이행,결빙,눈,단일로 - 기타,기타불명,기타불명,기타불명,기타불명,승용,남,42세,경상
2012122800100112,2012년 12월 28일 06시,금요일,부산광역시 동래구 명륜동,중상사고,0,1,0,0,차대사람 - 차도통행중,안전운전불이행,적설,눈,단일로 - 기타,승용,남,31세,상해없음,보행자,남,70세,중상
2012122800100203,2012년 12월 28일 09시,금요일,부산광역시 부산진구 부암동,경상사고,0,0,3,0,차대차 - 추돌 - 진행중,안전운전불이행,습기,눈,단일로 - 기타,승용,남,28세,상해없음,승용,남,50세,경상
2012122800100246,2012년 12월 28일 11시,금요일,부산광역시 동래구 온천동,경상사고,0,0,1,0,차대차 - 측면직각충돌,안전운전불이행,건조,맑음,단일로 - 기타,승용,남,52세,상해없음,승용,여,52세,경상
2012122800100287,2012년 12월 28일 13시,금요일,부산광역시 서구 서대신동1가,경상사고,0,0,1,0,차대차 - 측면직각충돌,교차로운행방법위반,습기,흐림,교차로 - 교차로안,화물,남,62세,상해없음,승용,여,60세,경상
2012122800100303,2012년 12월 28일 14시,금요일,부산광역시 영도구 대교동1가,경상사고,0,0,1,0,차대차 - 기타,안전운전불이행,건조,맑음,단일로 - 기타,승용,남,58세,상해없음,승용,남,60세,경상
2012122800100304,2012년 12월 28일 14시,금요일,부산광역시 부산진구 부전동,중상사고,0,1,0,0,차대사람 - 기타,기타,건조,맑음,기타 - 기타,화물,남,37세,상해없음,보행자,남,44세,중상
2012122800100305,2012년 12월 28일 14시,금요일,부산광역시 기장군 일광면,경상사고,0,0,2,0,차량단독 - 전도전복,안전운전불이행,건조,맑음,단일로 - 기타,승용,남,47세,상해없음,,,,
2012122800100334,2012년 12월 28일 16시,금요일,부산광역시 남구 용당동,중상사고,0,1,0,0,차대차 - 측면직각충돌,신호위반,습기,흐림,교차로 - 교차로안,특수,남,50세,상해없음,특수,남,43세,중상
2012122800100335,2012년 12월 28일 16시,금요일,부산광역시 사하구 괴정동,경상사고,0,0,1,0,차대사람 - 기타,안전운전불이행,건조,맑음,단일로 - 기타,승용,여,38세,상해없음,보행자,남,9세,경상